sample,time,s1_ax,s1_ay,s1_az,s1_gx,s1_gy,s1_gz,s2_ax,s2_ay,s2_az,s2_gx,s2_gy,s2_gz
1,1779653067.0639687,-0.949951171875,0.080078125,-0.099365234375,-3.198473282442748,-0.6564885496183206,-2.2290076335877864,-0.0849609375,-0.985595703125,0.12841796875,-0.366412213740458,-1.1755725190839694,0.44274809160305345
2,1779653067.0753295,-0.947998046875,0.081298828125,-0.094970703125,-3.3053435114503817,-0.8702290076335878,-2.1603053435114505,-0.093994140625,-0.991943359375,0.12060546875,-0.3282442748091603,-1.9312977099236641,0.48854961832061067
3,1779653067.0864105,-0.95166015625,0.084716796875,-0.0947265625,-4.282442748091603,-0.2595419847328244,-2.381679389312977,-0.103759765625,-0.982177734375,0.1123046875,-0.022900763358778626,-2.801526717557252,0.44274809160305345
4,1779653067.097469,-0.94873046875,0.088134765625,-0.09716796875,-4.923664122137405,-0.10687022900763359,-2.3053435114503817,-0.1015625,-0.990234375,0.124755859375,0.48854961832061067,-2.8931297709923665,0.6335877862595419
5,1779653067.1085598,-0.950927734375,0.086181640625,-0.092041015625,-4.938931297709924,0.030534351145038167,-2.6564885496183206,-0.100341796875,-0.9853515625,0.12353515625,0.24427480916030533,-2.6717557251908395,0.4580152671755725
6,1779653067.1196496,-0.951904296875,0.080322265625,-0.103515625,-4.977099236641221,-0.08396946564885496,-2.519083969465649,-0.09521484375,-0.985107421875,0.108154296875,0.1984732824427481,-2.519083969465649,0.6412213740458015
7,1779653067.1307096,-0.94775390625,0.080078125,-0.101806640625,-4.633587786259542,-0.6946564885496184,-2.2442748091603053,-0.091064453125,-0.999755859375,0.112060546875,0.015267175572519083,-1.984732824427481,0.5648854961832062
8,1779653067.14182,-0.955078125,0.08251953125,-0.0947265625,-3.687022900763359,-0.7251908396946565,-2.351145038167939,-0.096435546875,-0.9833984375,0.12890625,-0.21374045801526717,-0.9618320610687023,0.5419847328244275
9,1779653067.1528935,-0.953369140625,0.077392578125,-0.09228515625,-3.015267175572519,-0.732824427480916,-2.3435114503816794,-0.104736328125,-0.98681640625,0.1240234375,1.9389312977099236,-0.5190839694656488,0.6030534351145038
10,1779653067.163968,-0.944091796875,0.084716796875,-0.087890625,-3.0,-0.4351145038167939,-2.450381679389313,-0.0986328125,-0.986328125,0.12744140625,0.2748091603053435,-0.45038167938931295,0.37404580152671757
11,1779653067.1750329,-0.9443359375,0.064697265625,-0.10302734375,-2.885496183206107,-0.2824427480916031,-2.5419847328244276,-0.09619140625,-0.99267578125,0.12890625,0.3435114503816794,-0.4122137404580153,0.22137404580152673
12,1779653067.1861103,-0.950927734375,0.093017578125,-0.107177734375,-2.564885496183206,-0.16793893129770993,-2.519083969465649,-0.10693359375,-0.990966796875,0.138916015625,0.17557251908396945,1.9389312977099236,0.24427480916030533
13,1779653067.1971703,-0.956787109375,0.084716796875,-0.091064453125,-2.183206106870229,-0.3282442748091603,-2.6106870229007635,-0.099853515625,-0.986328125,0.141845703125,-0.07633587786259542,-0.3435114503816794,0.1297709923664122
14,1779653067.2082553,-0.948974609375,0.086181640625,-0.0927734375,-2.4580152671755724,-0.3893129770992366,-2.4122137404580153,-0.0986328125,-0.991943359375,0.141357421875,-0.022900763358778626,-1.0229007633587786,0.3282442748091603
15,1779653067.219348,-0.95166015625,0.08203125,-0.099365234375,-3.4122137404580153,-1.9236641221374047,-2.6030534351145036,-0.1005859375,-0.98876953125,0.140625,0.11450381679389313,-1.9312977099236641,0.4580152671755725
16,1779653067.230406,-0.965576171875,0.0869140625,-0.080078125,-4.091603053435114,0.25190839694656486,-2.4732824427480917,-0.087890625,-0.971923828125,0.128173828125,0.3282442748091603,-2.480916030534351,0.42748091603053434
17,1779653067.241465,-0.967529296875,0.080810546875,-0.109130859375,-3.931297709923664,0.33587786259541985,-2.427480916030534,-0.082763671875,-0.992919921875,0.109619140625,0.183206106870229,-1.9770992366412214,0.6412213740458015
18,1779653067.2525296,-0.949951171875,0.065673828125,-0.0986328125,-3.8473282442748094,0.2595419847328244,-2.045801526717557,-0.088134765625,-0.994384765625,0.112548828125,-0.0916030534351145,-3.8702290076335877,0.7480916030534351
19,1779653067.2636216,-0.959228515625,0.0859375,-0.096435546875,-4.0,-0.1450381679389313,-2.404580152671756,-0.0966796875,-0.99072265625,0.1064453125,-0.4351145038167939,-1.8854961832061068,0.7862595419847328
20,1779653067.2746804,-0.951904296875,0.086181640625,-0.095947265625,-4.0,-0.3435114503816794,-2.2977099236641223,-0.109375,-0.991943359375,0.121337890625,-0.6641221374045801,-1.6870229007633588,0.4198473282442748
21,1779653067.285766,-0.9482421875,0.089111328125,-0.0908203125,-3.931297709923664,-0.366412213740458,-2.4656488549618323,-0.10693359375,-0.991943359375,0.10986328125,-0.31297709923664124,-1.6793893129770991,0.3893129770992366
22,1779653067.296833,-0.939208984375,0.080322265625,-0.07958984375,-4.183206106870229,-0.1984732824427481,-2.595419847328244,-0.106201171875,-0.99169921875,0.130859375,-0.10687022900763359,-1.83206106870229,0.26717557251908397
23,1779653067.3078837,-0.950439453125,0.070556640625,-0.079833984375,-4.00763358778626,-0.09923664122137404,-2.618320610687023,-0.105224609375,-0.984375,0.127197265625,0.06870229007633588,-1.4351145038167938,0.16030534351145037
24,1779653067.3189461,-0.949951171875,0.083251953125,-0.0986328125,-3.404580152671756,0.10687022900763359,-2.435114503816794,-0.094970703125,-0.99560546875,0.11669921875,-0.10687022900763359,-0.5572519083969466,0.24427480916030533
25,1779653067.3300242,-0.958740234375,0.081787109375,-0.1025390625,-2.648854961832061,-0.16793893129770993,-2.900763358778626,-0.10009765625,-0.986083984375,0.1162109375,0.007633587786259542,-0.3282442748091603,-0.07633587786259542
26,1779653067.3410897,-0.953369140625,0.0810546875,-0.091064453125,-2.351145038167939,-0.2366412213740458,-2.6030534351145036,-0.102783203125,-0.992431640625,0.130859375,-0.0916030534351145,-0.42748091603053434,-0.04580152671755725
27,1779653067.3521554,-0.94921875,0.081787109375,-0.099609375,-2.519083969465649,-0.26717557251908397,-2.480916030534351,-0.0869140625,-0.99072265625,0.112548828125,0.061068702290076333,-0.5038167938931297,0.1450381679389313
28,1779653067.3632112,-0.939453125,0.091552734375,-0.10400390625,-2.6564885496183206,-0.366412213740458,-2.5572519083969465,-0.1025390625,-0.991455078125,0.119384765625,0.32061068702290074,-0.549618320610687,0.2824427480916031
29,1779653067.3742707,-0.955078125,0.06298828125,-0.108642578125,-2.5267175572519083,-0.03816793893129771,-2.6106870229007635,-0.099853515625,-0.986083984375,0.11865234375,0.2824427480916031,-0.6793893129770993,0.10687022900763359
30,1779653067.3853228,-0.950927734375,0.0830078125,-0.08984375,-2.9083969465648853,-0.2900763358778626,-2.8473282442748094,-0.09619140625,-0.991943359375,0.12646484375,1.9312977099236641,-1.1374045801526718,0.08396946564885496
31,1779653067.396381,-0.950927734375,0.087158203125,-0.09423828125,-3.763358778625954,-0.29770992366412213,-3.1297709923664123,-0.106689453125,-0.99755859375,0.128662109375,0.12213740458015267,-2.0610687022900764,0.15267175572519084
32,1779653067.407457,-0.95654296875,0.086181640625,-0.091064453125,-4.1603053435114505,-0.24427480916030533,-2.900763358778626,-0.107177734375,-0.985107421875,0.12548828125,-0.05343511450381679,-3.900763358778626,0.183206106870229
33,1779653067.418506,-0.950927734375,0.077880859375,-0.0986328125,-4.0458015267175576,-0.4961832061068702,-2.9083969465648853,-0.08837890625,-0.989501953125,0.113525390625,1.9465648854961832,-1.7633587786259541,0.17557251908396945
34,1779653067.4295607,-0.95458984375,0.06640625,-0.1005859375,-3.8702290076335877,-0.24427480916030533,-2.6259541984732824,-0.07861328125,-0.983642578125,0.115234375,1.9465648854961832,-0.9236641221374046,0.22137404580152673
35,1779653067.440606,-0.938232421875,0.08740234375,-0.098388671875,-2.8396946564885495,-0.42748091603053434,-2.6106870229007635,-0.08447265625,-0.98779296875,0.132080078125,-1.9465648854961832,-0.44274809160305345,0.2748091603053435
36,1779653067.4516544,-0.9560546875,0.082275390625,-0.099609375,-2.877862595419847,-0.6259541984732825,-2.6030534351145036,-0.078369140625,-0.98486328125,0.129150390625,0.04580152671755725,-0.7938931297709924,0.3435114503816794
37,1779653067.462904,-0.954345703125,0.0791015625,-0.09619140625,-2.9083969465648853,-0.44274809160305345,-2.3206106870229006,-0.1064453125,-0.98486328125,0.13671875,0.16030534351145037,-0.9465648854961832,0.3053435114503817
38,1779653067.474039,-0.954345703125,0.08154296875,-0.096923828125,-3.2748091603053435,0.12213740458015267,-2.480916030534351,-0.1064453125,-0.98828125,0.12939453125,0.2900763358778626,-1.366412213740458,0.20610687022900764
39,1779653067.4850926,-0.9638671875,0.0810546875,-0.080078125,-3.595419847328244,0.2748091603053435,-2.8396946564885495,-0.097900390625,-0.98876953125,0.128662109375,0.2900763358778626,-1.534351145038168,0.48091603053435117
40,1779653067.4961367,-0.965087890625,0.07958984375,-0.0947265625,-3.83206106870229,0.08396946564885496,-2.6259541984732824,-0.080810546875,-0.991943359375,0.12744140625,0.17557251908396945,-1.6717557251908397,0.4580152671755725
41,1779653067.507179,-0.956787109375,0.06396484375,-0.094970703125,-3.7938931297709924,1.9236641221374047,-2.5343511450381677,-0.084228515625,-0.985107421875,0.12353515625,-0.10687022900763359,-1.4580152671755726,0.35877862595419846
42,1779653067.518228,-0.95556640625,0.074462890625,-0.09423828125,-3.4122137404580153,-0.4351145038167939,-2.1908396946564888,-0.09326171875,-0.9873046875,0.125732421875,-0.1450381679389313,-1.0534351145038168,0.4732824427480916
43,1779653067.5293097,-0.953369140625,0.07763671875,-0.099365234375,-3.183206106870229,-0.25190839694656486,-2.33587786259542,-0.08984375,-0.993896484375,0.130126953125,0.1450381679389313,-1.2595419847328244,0.48854961832061067
44,1779653067.540357,-0.949951171875,0.08203125,-0.093505859375,-3.4427480916030535,0.061068702290076333,-2.519083969465649,-0.100341796875,-0.989990234375,0.12744140625,0.11450381679389313,-0.7938931297709924,0.32061068702290074
45,1779653067.5514028,-0.96875,0.08740234375,-0.095947265625,-3.213740458015267,0.1297709923664122,-2.3969465648854964,-0.100830078125,-0.989013671875,0.12109375,-0.16793893129770993,-0.7480916030534351,0.3435114503816794
46,1779653067.5624688,-0.951171875,0.068359375,-0.09228515625,-3.282442748091603,-0.35877862595419846,-2.4885496183206106,-0.10302734375,-0.9853515625,0.130859375,-0.4580152671755725,-0.7786259541984732,0.48091603053435117
47,1779653067.5735111,-0.953857421875,0.076171875,-0.098388671875,-3.16793893129771,-0.3511450381679389,-2.3893129770992365,-0.08935546875,-0.988037109375,0.136474609375,-0.5343511450381679,-0.3053435114503817,0.3053435114503817
48,1779653067.5874648,-0.954345703125,0.08349609375,-0.0791015625,-2.450381679389313,-0.3053435114503817,-2.236641221374046,-0.08447265625,-0.98388671875,0.12841796875,-0.31297709923664124,0.10687022900763359,0.42748091603053434
49,1779653067.598587,-0.954833984375,0.076416015625,-0.087158203125,-2.1755725190839694,-0.16030534351145037,-2.2061068702290076,-0.086669921875,-0.988525390625,0.142578125,-0.2824427480916031,0.10687022900763359,0.6030534351145038
50,1779653067.6096766,-0.95556640625,0.07861328125,-0.09375,-1.9770992366412214,0.2824427480916031,-2.053435114503817,-0.104736328125,-0.986572265625,0.142822265625,-0.16030534351145037,-0.6870229007633588,0.7480916030534351
51,1779653067.6207545,-0.951904296875,0.083740234375,-0.084716796875,-3.0229007633587788,0.45038167938931295,-2.0839694656488548,-0.1083984375,-0.994873046875,0.13671875,-1.9389312977099236,-1.786259541984733,0.9770992366412213
52,1779653067.6317859,-0.9521484375,0.079345703125,-0.089599609375,-4.244274809160306,0.8244274809160306,-2.213740458015267,-0.100830078125,-0.995849609375,0.12890625,0.007633587786259542,-2.9083969465648853,0.9236641221374046
53,1779653067.6428208,-0.9560546875,0.06689453125,-0.088623046875,-4.633587786259542,0.7175572519083969,-2.2442748091603053,-0.099853515625,-0.989990234375,0.12646484375,-0.09923664122137404,-3.0076335877862594,0.9007633587786259
54,1779653067.653899,-0.956298828125,0.08349609375,-0.097900390625,-4.6106870229007635,0.4580152671755725,-2.2213740458015265,-0.0927734375,-0.986328125,0.1142578125,-0.5572519083969466,-2.816793893129771,0.816793893129771
55,1779653067.6649382,-0.948486328125,0.08154296875,-0.09765625,-5.022900763358779,0.15267175572519084,-2.236641221374046,-0.096435546875,-0.98974609375,0.12109375,-0.8473282442748091,-3.1068702290076335,1.1374045801526718
56,1779653067.6759872,-0.94970703125,0.080810546875,-0.096435546875,-5.511450381679389,0.2366412213740458,-2.0916030534351147,-0.09326171875,-0.994140625,0.12451171875,-0.9847328244274809,-3.030534351145038,1.0381679389312977
57,1779653067.687034,-0.95849609375,0.0810546875,-0.08447265625,-5.396946564885496,0.29770992366412213,-0.03816793893129771,-0.08935546875,-0.98486328125,0.11279296875,-0.46564885496183206,-2.2213740458015265,1.0458015267175573
58,1779653067.698217,-0.953857421875,0.073974609375,-0.09619140625,-4.213740458015267,0.2595419847328244,-0.0916030534351145,-0.099853515625,-0.984619140625,0.12451171875,-0.2900763358778626,-1.465648854961832,1.099236641221374
59,1779653067.7092881,-0.9677734375,0.078369140625,-0.083740234375,-3.3969465648854964,0.2595419847328244,-1.7557251908396947,-0.0986328125,-0.98291015625,0.126220703125,-0.32061068702290074,-1.5419847328244274,1.1908396946564885
60,1779653067.7203755,-0.9560546875,0.081298828125,-0.091552734375,-3.854961832061069,0.26717557251908397,-1.9923664122137406,-0.108154296875,-0.98291015625,0.1279296875,-0.42748091603053434,-2.267175572519084,1.1526717557251909
61,1779653067.7314434,-0.945556640625,0.090087890625,-0.093994140625,-4.641221374045801,0.25190839694656486,-0.015267175572519083,-0.099853515625,-0.99365234375,0.12255859375,-0.33587786259541985,-2.763358778625954,1.1603053435114503
62,1779653067.742503,-0.95751953125,0.08056640625,-0.099609375,-4.633587786259542,-0.0916030534351145,-2.1297709923664123,-0.10400390625,-0.993408203125,0.12255859375,-0.6564885496183206,-2.4885496183206106,1.0229007633587786
63,1779653067.7535608,-0.95166015625,0.07861328125,-0.09716796875,-4.519083969465649,0.21374045801526717,-1.9236641221374047,-0.09716796875,-0.9921875,0.13232421875,-0.5725190839694656,-2.648854961832061,1.2595419847328244
64,1779653067.7646196,-0.953857421875,0.0830078125,-0.09423828125,-4.648854961832061,0.4122137404580153,-2.0839694656488548,-0.102294921875,-0.986328125,0.1201171875,-0.16030534351145037,-2.595419847328244,1.099236641221374
65,1779653067.7756755,-0.953857421875,0.080810546875,-0.079345703125,-4.702290076335878,0.33587786259541985,-1.9083969465648856,-0.0947265625,-0.99072265625,0.13330078125,-0.3511450381679389,-2.3969465648854964,1.083969465648855
66,1779653067.7867138,-0.955078125,0.077392578125,-0.10791015625,-4.396946564885496,0.21374045801526717,-2.030534351145038,-0.098388671875,-0.98779296875,0.11962890625,-0.5877862595419847,-2.122137404580153,0.9923664122137404
67,1779653067.7978022,-0.958251953125,0.082763671875,-0.09326171875,-4.244274809160306,-1.916030534351145,-3.854961832061069,-0.09423828125,-0.9892578125,0.13427734375,-0.8320610687022901,-1.7328244274809161,0.8702290076335878
68,1779653067.8088713,-0.9619140625,0.085205078125,-0.09619140625,-4.145038167938932,-0.12213740458015267,-2.145038167938931,-0.1044921875,-0.990478515625,0.132080078125,-0.9312977099236641,-1.3282442748091603,0.6946564885496184
69,1779653067.8199136,-0.949462890625,0.066162109375,-0.091796875,-3.984732824427481,-1.9083969465648856,-2.2748091603053435,-0.10302734375,-0.98291015625,0.138671875,-0.6030534351145038,-1.2290076335877862,0.549618320610687
70,1779653067.8309753,-0.9521484375,0.078125,-0.087646484375,-3.717557251908397,0.40458015267175573,-2.1755725190839694,-0.09814453125,-0.990966796875,0.12646484375,-0.5190839694656488,-1.5954198473282444,0.6564885496183206
71,1779653067.842039,-0.948486328125,0.080078125,-0.0810546875,-3.6030534351145036,0.6259541984732825,-2.0381679389312977,-0.1083984375,-0.986328125,0.130126953125,-0.2366412213740458,-1.816793893129771,0.5725190839694656
72,1779653067.853096,-0.94921875,0.076171875,-0.107421875,-3.8091603053435112,0.6183206106870229,-2.145038167938931,-0.101806640625,-0.988037109375,0.1142578125,-0.12213740458015267,-1.5190839694656488,0.6259541984732825
73,1779653067.8643107,-0.9501953125,0.0810546875,-0.103271484375,-3.4427480916030535,0.6335877862595419,-2.3969465648854964,-0.105712890625,-0.98681640625,0.118408203125,-1.9465648854961832,-1.6412213740458015,0.6335877862595419
74,1779653067.8754125,-0.955322265625,0.0810546875,-0.092529296875,-3.633587786259542,0.5877862595419847,-2.381679389312977,-0.111328125,-0.99365234375,0.12744140625,-0.3435114503816794,-1.9389312977099236,0.6106870229007634
75,1779653067.8864832,-0.9658203125,0.082763671875,-0.10302734375,-4.0534351145038165,0.4580152671755725,-2.435114503816794,-0.1083984375,-0.98291015625,0.13037109375,-0.4961832061068702,-2.49618320610687,0.5801526717557252
76,1779653067.8975425,-0.938720703125,0.079833984375,-0.09765625,-4.427480916030534,0.366412213740458,-2.595419847328244,-0.09521484375,-0.991455078125,0.11865234375,-0.6412213740458015,-2.0763358778625953,0.6106870229007634
77,1779653067.908601,-0.9521484375,0.078857421875,-0.09228515625,-4.0458015267175576,0.08396946564885496,-2.2290076335877864,-0.0869140625,-0.985595703125,0.123779296875,-0.5114503816793893,-1.534351145038168,0.46564885496183206
78,1779653067.919656,-0.952880859375,0.08349609375,-0.092529296875,-3.49618320610687,-0.07633587786259542,-2.381679389312977,-0.0849609375,-0.98876953125,0.12060546875,-0.3893129770992366,-0.9083969465648855,0.4122137404580153
79,1779653067.9307303,-0.951904296875,0.078369140625,-0.099609375,-3.053435114503817,-0.16793893129770993,-2.351145038167939,-0.099853515625,-0.988525390625,0.11669921875,-0.2748091603053435,-0.22900763358778625,0.45038167938931295
80,1779653067.941785,-0.953125,0.0791015625,-0.0888671875,-2.5343511450381677,-0.1984732824427481,-2.312977099236641,-0.10791015625,-0.989013671875,0.122802734375,-0.5725190839694656,-0.1984732824427481,0.3816793893129771
81,1779653067.9528754,-0.966064453125,0.086669921875,-0.088134765625,-2.717557251908397,-0.32061068702290074,-2.50381679389313,-0.12451171875,-0.99853515625,0.114501953125,-0.1297709923664122,-0.5801526717557252,0.4122137404580153
82,1779653067.9639595,-0.949462890625,0.081787109375,-0.08935546875,-3.2595419847328246,0.1984732824427481,-2.4885496183206106,-0.10888671875,-0.986083984375,0.11767578125,-0.061068702290076333,-0.9236641221374046,0.6335877862595419
83,1779653067.9750345,-0.947998046875,0.07666015625,-0.086181640625,-3.16793893129771,0.22900763358778625,-2.572519083969466,-0.10205078125,-0.989013671875,0.122802734375,0.3053435114503817,-0.9770992366412213,0.3511450381679389
84,1779653067.9861114,-0.953857421875,0.0791015625,-0.103759765625,-2.6793893129770994,0.12213740458015267,-2.549618320610687,-0.08642578125,-0.988525390625,0.11767578125,0.19083969465648856,-0.5343511450381679,0.4198473282442748
85,1779653067.9971952,-0.953369140625,0.0791015625,-0.09130859375,-2.1755725190839694,-0.05343511450381679,-2.366412213740458,-0.0634765625,-0.9931640625,0.121337890625,0.3511450381679389,-0.3053435114503817,0.5343511450381679
86,1779653068.0082786,-0.94921875,0.0908203125,-0.0908203125,-2.1526717557251906,-0.21374045801526717,-2.114503816793893,-0.07080078125,-0.97021484375,0.1376953125,0.015267175572519083,-0.061068702290076333,0.732824427480916
87,1779653068.019338,-0.9384765625,0.080810546875,-0.099609375,-1.9618320610687023,-0.48091603053435117,-2.068702290076336,-0.08935546875,-0.989501953125,0.13330078125,-0.22900763358778625,-0.22900763358778625,0.7480916030534351
88,1779653068.030397,-0.957275390625,0.082763671875,-0.096923828125,-2.7480916030534353,-0.44274809160305345,-1.9770992366412214,-0.089599609375,-0.988037109375,0.1259765625,-0.04580152671755725,-0.6946564885496184,0.8625954198473282
89,1779653068.0414639,-0.95361328125,0.075927734375,-0.091064453125,-3.2748091603053435,-0.3053435114503817,-1.748091603053435,-0.09912109375,-0.988037109375,0.137939453125,-0.44274809160305345,-1.0610687022900764,0.8244274809160306
90,1779653068.0525317,-0.95556640625,0.080810546875,-0.091064453125,-3.717557251908397,0.10687022900763359,-2.0381679389312977,-0.09326171875,-0.97705078125,0.131591796875,-0.32061068702290074,-1.450381679389313,0.8931297709923665
91,1779653068.0636091,-0.94482421875,0.0771484375,-0.090087890625,-3.8091603053435112,-0.0916030534351145,-2.1068702290076335,-0.10302734375,-0.986572265625,0.1220703125,-0.5114503816793893,-1.3587786259541985,0.8473282442748091
92,1779653068.0746806,-0.94921875,0.07763671875,-0.09814453125,-3.5572519083969465,-0.13740458015267176,-1.900763358778626,-0.09912109375,-0.988037109375,0.123046875,-0.5343511450381679,-1.5801526717557253,0.9312977099236641
93,1779653068.085764,-0.940185546875,0.085693359375,-0.098388671875,-3.7480916030534353,-0.022900763358778626,-2.0,-0.111328125,-0.986328125,0.13623046875,-0.5648854961832062,-1.8091603053435115,0.9083969465648855
94,1779653068.0968251,-0.953369140625,0.08642578125,-0.0908203125,-5.8320610687022905,0.40458015267175573,-2.1297709923664123,-0.104736328125,-0.984130859375,0.134033203125,-0.31297709923664124,-1.8931297709923665,0.916030534351145
95,1779653068.107887,-0.951416015625,0.082763671875,-0.095458984375,-3.946564885496183,0.5954198473282443,-2.1374045801526718,-0.109130859375,-0.985107421875,0.139404296875,-0.21374045801526717,-1.717557251908397,0.9465648854961832
96,1779653068.118937,-0.94873046875,0.088623046875,-0.099609375,-3.519083969465649,0.5572519083969466,-2.1755725190839694,-0.098388671875,-0.9912109375,0.114013671875,-0.05343511450381679,-1.465648854961832,0.8320610687022901
97,1779653068.1299949,-0.96875,0.08251953125,-0.095703125,-3.2442748091603053,0.7251908396946565,-1.9923664122137406,-0.100830078125,-0.974609375,0.133544921875,-0.10687022900763359,-1.4427480916030535,0.8396946564885496
98,1779653068.1410425,-0.93896484375,0.08544921875,-0.100830078125,-3.2519083969465647,0.5419847328244275,-1.9083969465648856,-0.097412109375,-0.986083984375,0.1259765625,-0.5267175572519084,-1.7709923664122138,0.9389312977099237
99,1779653068.1520917,-0.950439453125,0.0751953125,-0.0986328125,-3.931297709923664,0.17557251908396945,-1.9083969465648856,-0.095947265625,-0.989990234375,0.125244140625,-0.6870229007633588,-1.9389312977099236,0.8320610687022901
100,1779653068.1631346,-0.951416015625,0.078125,-0.093994140625,-4.297709923664122,0.32061068702290074,-2.236641221374046,-0.10791015625,-0.99267578125,0.11767578125,-0.4732824427480916,-2.0916030534351147,0.8702290076335878
101,1779653068.1742997,-0.9560546875,0.08203125,-0.09814453125,-4.412213740458015,1.9465648854961832,-2.0763358778625953,-0.0966796875,-0.990966796875,0.12353515625,-0.6106870229007634,-2.122137404580153,0.8320610687022901
102,1779653068.1854389,-0.9384765625,0.0791015625,-0.090087890625,-4.473282442748092,0.11450381679389313,-2.2595419847328246,-0.101318359375,-0.987548828125,0.1181640625,-0.31297709923664124,-2.2595419847328246,0.6641221374045801
103,1779653068.1965144,-0.968017578125,0.0625,-0.103515625,-4.3816793893129775,-0.015267175572519083,-2.282442748091603,-0.097900390625,-0.983154296875,0.112060546875,-0.22900763358778625,-1.8244274809160306,0.8931297709923665
104,1779653068.2076116,-0.968505859375,0.093017578125,-0.09814453125,-4.0534351145038165,-0.16793893129770993,-2.16793893129771,-0.10400390625,-0.993408203125,0.12109375,-0.5572519083969466,-1.465648854961832,0.7862595419847328
105,1779653068.2186897,-0.957763671875,0.08154296875,-0.10546875,-3.7480916030534353,-0.4198473282442748,-2.2900763358778624,-0.09619140625,-0.9892578125,0.115234375,-0.5038167938931297,-1.1984732824427482,0.7557251908396947
106,1779653068.2297952,-0.9541015625,0.075439453125,-0.096435546875,-3.435114503816794,-0.2900763358778626,-2.312977099236641,-0.1005859375,-0.969970703125,0.12060546875,-0.21374045801526717,-1.297709923664122,0.732824427480916
107,1779653068.2408664,-0.955078125,0.08349609375,-0.102294921875,-3.5114503816793894,-0.04580152671755725,-2.49618320610687,-0.099365234375,-0.98779296875,0.127685546875,0.07633587786259542,-1.6030534351145038,0.6946564885496184
108,1779653068.2519474,-0.95263671875,0.077880859375,-0.10009765625,-3.717557251908397,-1.9465648854961832,-2.198473282442748,-0.094970703125,-0.993408203125,0.127197265625,0.2366412213740458,-1.3740458015267176,0.6793893129770993
109,1779653068.263186,-0.966552734375,0.079345703125,-0.07958984375,-3.4656488549618323,0.1297709923664122,-2.1297709923664123,-0.09423828125,-0.99072265625,0.119140625,1.900763358778626,-1.2061068702290076,0.732824427480916
110,1779653068.2742717,-0.953857421875,0.07861328125,-0.092529296875,-3.2900763358778624,-0.3053435114503817,-3.9083969465648853,-0.100341796875,-0.984619140625,0.126220703125,-0.15267175572519084,-0.9389312977099237,0.8091603053435115
111,1779653068.2853324,-0.955078125,0.082275390625,-0.093505859375,-3.33587786259542,-0.29770992366412213,-2.0,-0.0966796875,-0.988525390625,0.12890625,-0.4122137404580153,-0.9389312977099237,0.7633587786259542
112,1779653068.2963939,-0.95263671875,0.083251953125,-0.097900390625,-3.3893129770992365,-0.15267175572519084,-2.145038167938931,-0.098876953125,-0.989013671875,0.1376953125,-0.31297709923664124,-1.1450381679389312,0.9389312977099237
113,1779653068.3074727,-0.94921875,0.083251953125,-0.0947265625,-3.3893129770992365,-0.06870229007633588,-0.015267175572519083,-0.09228515625,-0.98681640625,0.130859375,-0.03816793893129771,-0.816793893129771,0.8396946564885496
114,1779653068.318549,-0.9482421875,0.071533203125,-0.09326171875,-2.8931297709923665,-0.030534351145038167,-1.9312977099236641,-0.080322265625,-0.989501953125,0.12158203125,-0.08396946564885496,-0.7480916030534351,0.9083969465648855
115,1779653068.3296113,-0.952880859375,0.087890625,-0.106689453125,-3.0,-1.9465648854961832,-2.0763358778625953,-0.10302734375,-0.982666015625,0.12548828125,-0.2366412213740458,-1.0381679389312977,0.8396946564885496
116,1779653068.340664,-0.951904296875,0.083984375,-0.096435546875,-3.366412213740458,-1.9541984732824427,-1.9923664122137406,-0.10302734375,-0.982421875,0.1328125,-0.48091603053435117,-1.3206106870229009,0.8320610687022901
117,1779653068.3517203,-0.95361328125,0.08544921875,-0.08935546875,-3.717557251908397,0.061068702290076333,-2.267175572519084,-0.099853515625,-0.98876953125,0.1298828125,-0.5648854961832062,-1.6793893129770991,0.8396946564885496
118,1779653068.3627832,-0.950927734375,0.085205078125,-0.088134765625,-3.8091603053435112,0.19083969465648856,-2.282442748091603,-0.09814453125,-0.990234375,0.138916015625,-0.5038167938931297,-1.7251908396946565,0.8473282442748091
119,1779653068.3738232,-0.947021484375,0.07958984375,-0.093017578125,-3.7938931297709924,0.2824427480916031,-2.1908396946564888,-0.100830078125,-0.985595703125,0.123779296875,-0.09923664122137404,-1.6030534351145038,0.7633587786259542
120,1779653068.3848896,-0.96875,0.08154296875,-0.080078125,-3.519083969465649,0.3816793893129771,-2.16793893129771,-0.103515625,-0.98779296875,0.1357421875,-0.33587786259541985,-1.6793893129770991,0.6793893129770993
121,1779653068.3959641,-0.940673828125,0.087158203125,-0.102783203125,-3.6106870229007635,0.5419847328244275,-2.114503816793893,-0.099609375,-0.9833984375,0.129150390625,-0.35877862595419846,-1.7404580152671756,0.6106870229007634
122,1779653068.4070246,-0.95361328125,0.0869140625,-0.102294921875,-3.816793893129771,0.5267175572519084,-2.49618320610687,-0.1025390625,-0.987060546875,0.125,-0.4351145038167939,-1.8549618320610688,0.5038167938931297
123,1779653068.4181018,-0.949462890625,0.077392578125,-0.096435546875,-3.854961832061069,0.4122137404580153,-2.381679389312977,-0.100830078125,-0.986328125,0.11669921875,-0.35877862595419846,-1.549618320610687,0.5954198473282443
124,1779653068.4291337,-0.952880859375,0.080810546875,-0.09716796875,-3.3740458015267176,0.45038167938931295,-2.4732824427480917,-0.096435546875,-0.98876953125,0.12255859375,-0.37404580152671757,-1.4809160305343512,0.4580152671755725
125,1779653068.440194,-0.94921875,0.0849609375,-0.096923828125,-3.633587786259542,0.549618320610687,-2.450381679389313,-0.102783203125,-0.97412109375,0.125732421875,-0.19083969465648856,-1.7404580152671756,0.5190839694656488
126,1779653068.4512439,-0.9384765625,0.08203125,-0.099365234375,-3.7709923664122136,0.2748091603053435,-2.404580152671756,-0.10693359375,-0.9853515625,0.11376953125,-0.48091603053435117,-2.3206106870229006,0.5114503816793893
127,1779653068.4622893,-0.9677734375,0.089599609375,-0.10107421875,-4.3893129770992365,0.26717557251908397,-2.183206106870229,-0.103759765625,-0.98681640625,0.1279296875,-0.3893129770992366,-2.717557251908397,0.4961832061068702
128,1779653068.473343,-0.94873046875,0.088134765625,-0.08447265625,-4.549618320610687,0.20610687022900764,-2.5114503816793894,-0.10595703125,-0.98779296875,0.119384765625,-0.2366412213740458,-2.3206106870229006,0.2748091603053435
129,1779653068.4844158,-0.9541015625,0.080078125,-0.09912109375,-4.694656488549619,0.007633587786259542,-2.5572519083969465,-0.10205078125,-0.993408203125,0.117431640625,-0.5343511450381679,-2.2748091603053435,0.37404580152671757
130,1779653068.4954932,-0.956298828125,0.08154296875,-0.104248046875,-4.236641221374046,-0.04580152671755725,-2.572519083969466,-0.0947265625,-0.98974609375,0.120361328125,-0.6259541984732825,-3.9083969465648853,0.3435114503816794
131,1779653068.5065653,-0.939453125,0.076171875,-0.098876953125,-4.083969465648855,-0.1297709923664122,-2.549618320610687,-0.09521484375,-0.988037109375,0.13818359375,-0.5267175572519084,-1.5267175572519085,0.3053435114503817
132,1779653068.5176108,-0.96435546875,0.08203125,-0.08056640625,-3.9236641221374047,-0.1450381679389313,-2.4732824427480917,-0.099365234375,-0.983642578125,0.12158203125,-0.3053435114503817,-1.534351145038168,0.15267175572519084
133,1779653068.5286648,-0.952880859375,0.082275390625,-0.08544921875,-3.633587786259542,0.030534351145038167,-2.5877862595419847,-0.10791015625,-0.988037109375,0.122314453125,1.9465648854961832,-1.4809160305343512,0.3435114503816794
134,1779653068.5397162,-0.95263671875,0.084228515625,-0.08056640625,-3.4732824427480917,0.16030534351145037,-2.595419847328244,-0.103759765625,-0.982666015625,0.119873046875,0.22137404580152673,-1.1526717557251909,0.1450381679389313
135,1779653068.5507727,-0.94921875,0.08740234375,-0.09228515625,-3.33587786259542,0.0916030534351145,-2.6412213740458017,-0.097900390625,-0.98876953125,0.112060546875,0.04580152671755725,-1.366412213740458,0.08396946564885496
136,1779653068.5618155,-0.9482421875,0.080810546875,-0.098388671875,-3.450381679389313,0.03816793893129771,-2.83206106870229,-0.09912109375,-0.9921875,0.1162109375,-0.05343511450381679,-1.4885496183206106,0.29770992366412213
137,1779653068.5728598,-0.956787109375,0.07861328125,-0.09326171875,-3.3740458015267176,-0.15267175572519084,-2.6793893129770994,-0.093994140625,-0.994384765625,0.11376953125,-0.06870229007633588,-1.0229007633587786,0.03816793893129771
138,1779653068.586958,-0.94677734375,0.065673828125,-0.097412109375,-2.9236641221374047,-0.24427480916030533,-2.5419847328244276,-0.104736328125,-0.990478515625,0.129150390625,-0.11450381679389313,-0.6870229007633588,0.183206106870229
139,1779653068.5981467,-0.950439453125,0.081298828125,-0.100341796875,-3.0610687022900764,-0.2366412213740458,-2.717557251908397,-0.099609375,-0.9873046875,0.137939453125,0.022900763358778626,-1.0534351145038168,0.0
140,1779653068.6092758,-0.955810546875,0.08056640625,-0.091552734375,-3.213740458015267,-0.4351145038167939,-3.0076335877862594,-0.0966796875,-0.972412109375,0.120361328125,-0.22900763358778625,-1.3358778625954197,0.26717557251908397
141,1779653068.620326,-0.947998046875,0.0830078125,-0.088134765625,-5.8320610687022905,-0.22900763358778625,-2.9083969465648853,-0.08935546875,-0.988525390625,0.132568359375,-0.15267175572519084,-1.4274809160305344,0.183206106870229
142,1779653068.631388,-0.9384765625,0.081787109375,-0.095947265625,-3.450381679389313,-0.21374045801526717,-2.816793893129771,-0.08837890625,-0.98779296875,0.121826171875,0.04580152671755725,-1.2213740458015268,0.15267175572519084
143,1779653068.6424308,-0.942138671875,0.0830078125,-0.10791015625,-3.0916030534351147,-0.26717557251908397,-2.519083969465649,-0.09716796875,-0.98876953125,0.121826171875,0.022900763358778626,-1.0,0.07633587786259542
144,1779653068.6534603,-0.959716796875,0.08203125,-0.108154296875,-3.49618320610687,-0.3816793893129771,-2.816793893129771,-0.114013671875,-0.991455078125,0.12158203125,-0.030534351145038167,-1.2290076335877862,0.19083969465648856
145,1779653068.6646423,-0.95947265625,0.08251953125,-0.084228515625,-3.3206106870229006,-0.40458015267175573,-2.8244274809160306,-0.087646484375,-1.0,0.1162109375,-1.9083969465648856,-0.9236641221374046,0.21374045801526717
146,1779653068.6757195,-0.9541015625,0.080322265625,-0.106689453125,-2.8702290076335877,-0.6793893129770993,-2.6259541984732824,-0.094970703125,-0.99853515625,0.128173828125,0.17557251908396945,-0.26717557251908397,0.2748091603053435
147,1779653068.6867652,-0.956787109375,0.078857421875,-0.09033203125,-2.183206106870229,-0.6030534351145038,-2.519083969465649,-0.099853515625,-0.9892578125,0.13427734375,0.19083969465648856,0.19083969465648856,0.13740458015267176
148,1779653068.6978161,-0.954833984375,0.080078125,-0.093017578125,-1.7557251908396947,-0.8015267175572519,-2.4580152671755724,-0.100830078125,-0.981201171875,0.125,0.2824427480916031,0.4961832061068702,0.1297709923664122
149,1779653068.7089024,-0.93896484375,0.07666015625,-0.091064453125,-2.0381679389312977,-0.366412213740458,-2.6259541984732824,-0.097900390625,-0.986083984375,0.13330078125,0.3511450381679389,0.31297709923664124,0.13740458015267176
150,1779653068.7199616,-0.96875,0.066650390625,-0.10693359375,-1.9923664122137406,-0.45038167938931295,-2.572519083969466,-0.109130859375,-0.987548828125,0.11767578125,0.20610687022900764,0.16030534351145037,1.9312977099236641
151,1779653068.7310598,-0.949951171875,0.082275390625,-0.088134765625,-2.099236641221374,-0.33587786259541985,-2.5572519083969465,-0.095947265625,-0.990234375,0.125732421875,0.2366412213740458,0.16793893129770993,0.10687022900763359
152,1779653068.7421174,-0.953857421875,0.080810546875,-0.09326171875,-1.916030534351145,-0.3816793893129771,-2.549618320610687,-0.09619140625,-0.98583984375,0.130126953125,0.08396946564885496,0.549618320610687,0.1297709923664122
153,1779653068.7531893,-0.957275390625,0.0771484375,-0.08837890625,-1.5267175572519085,-0.5343511450381679,-2.618320610687023,-0.104736328125,-0.988525390625,0.134521484375,0.0916030534351145,0.13740458015267176,0.06870229007633588
154,1779653068.764246,-0.947998046875,0.08349609375,-0.098388671875,-2.114503816793893,-0.25190839694656486,-2.4885496183206106,-0.103271484375,-0.989013671875,0.13818359375,-0.1297709923664122,-0.33587786259541985,0.0916030534351145
155,1779653068.7753048,-0.964111328125,0.086669921875,-0.1025390625,-2.7251908396946565,0.03816793893129771,-2.6412213740458017,-0.100830078125,-0.9775390625,0.13671875,0.07633587786259542,-0.9465648854961832,0.3053435114503817
156,1779653068.7863593,-0.952880859375,0.079345703125,-0.09130859375,-3.404580152671756,0.12213740458015267,-2.877862595419847,-0.100830078125,-0.98876953125,0.126708984375,0.29770992366412213,-1.381679389312977,0.2824427480916031
157,1779653068.7974086,-0.95556640625,0.080078125,-0.097900390625,-3.49618320610687,0.2595419847328244,-2.5267175572519083,-0.09375,-0.988525390625,0.12060546875,0.030534351145038167,-1.6412213740458015,0.4198473282442748
158,1779653068.8084466,-0.95263671875,0.074951171875,-0.093017578125,-3.4198473282442747,0.22900763358778625,-2.435114503816794,-0.083251953125,-0.985595703125,0.117431640625,-0.07633587786259542,-1.5419847328244274,0.5190839694656488
159,1779653068.819502,-0.96142578125,0.079345703125,-0.1005859375,-3.366412213740458,-0.22137404580152673,-2.49618320610687,-0.09326171875,-0.9912109375,0.121826171875,-0.26717557251908397,-1.3358778625954197,0.5725190839694656
160,1779653068.8305814,-0.951171875,0.077392578125,-0.09814453125,-3.5114503816793894,-0.31297709923664124,-2.3587786259541983,-0.09521484375,-0.990966796875,0.11669921875,-0.37404580152671757,-1.1603053435114503,0.45038167938931295
161,1779653068.8416226,-0.955078125,0.08203125,-0.108642578125,-3.4885496183206106,-0.3816793893129771,-2.351145038167939,-0.10693359375,-0.97265625,0.130126953125,-0.25190839694656486,-1.5419847328244274,0.40458015267175573
162,1779653068.852672,-0.94921875,0.093017578125,-0.08984375,-3.9770992366412212,-0.2824427480916031,-2.366412213740458,-0.097900390625,-0.991943359375,0.132568359375,0.030534351145038167,-1.8854961832061068,0.4351145038167939
163,1779653068.8637264,-0.957763671875,0.08447265625,-0.08935546875,-4.038167938931298,0.09923664122137404,-2.572519083969466,-0.09130859375,-0.9814453125,0.12109375,0.12213740458015267,-1.7938931297709924,0.5877862595419847
164,1779653068.8747694,-0.952392578125,0.08154296875,-0.090576171875,-3.9770992366412212,-0.09923664122137404,-2.4580152671755724,-0.094970703125,-0.987060546875,0.124267578125,0.17557251908396945,-1.900763358778626,0.6717557251908397
165,1779653068.885828,-0.950439453125,0.083984375,-0.090087890625,-4.015267175572519,-0.3435114503816794,-2.50381679389313,-0.09912109375,-0.99462890625,0.112060546875,-0.12213740458015267,-1.4961832061068703,0.549618320610687
166,1779653068.8968813,-0.951904296875,0.07861328125,-0.10107421875,-3.3206106870229006,-0.3435114503816794,-2.381679389312977,-0.091552734375,-0.98291015625,0.113037109375,-0.13740458015267176,-1.4274809160305344,0.6183206106870229
167,1779653068.9079564,-0.9482421875,0.084228515625,-0.07861328125,-3.7099236641221376,-0.4122137404580153,-2.2290076335877864,-0.11376953125,-0.98974609375,0.12890625,-0.16030534351145037,-1.633587786259542,0.5801526717557252
168,1779653068.9190328,-0.949951171875,0.0810546875,-0.091796875,-3.6564885496183206,-0.3816793893129771,-2.2977099236641223,-0.093017578125,-0.98876953125,0.126220703125,-0.04580152671755725,-1.381679389312977,0.6106870229007634
169,1779653068.930118,-0.951416015625,0.081298828125,-0.089111328125,-3.5419847328244276,-0.2595419847328244,-2.572519083969466,-0.10107421875,-0.98486328125,0.1337890625,0.16030534351145037,-0.7938931297709924,0.35877862595419846
170,1779653068.9411895,-0.95703125,0.079833984375,-0.09228515625,-3.0076335877862594,0.05343511450381679,-2.366412213740458,-0.086669921875,-0.986083984375,0.122802734375,0.2366412213740458,-0.4580152671755725,0.5038167938931297
171,1779653068.952259,-0.959228515625,0.0791015625,-0.0947265625,-2.7251908396946565,-0.183206106870229,-2.3053435114503817,-0.09130859375,-0.9892578125,0.12451171875,0.3816793893129771,-0.42748091603053434,0.45038167938931295
172,1779653068.96332,-0.95068359375,0.081298828125,-0.09130859375,-2.5572519083969465,-0.21374045801526717,-2.427480916030534,-0.105712890625,-0.985107421875,0.1318359375,0.31297709923664124,-0.3816793893129771,0.549618320610687
173,1779653068.9743724,-0.95703125,0.064453125,-0.099609375,-2.549618320610687,-0.2748091603053435,-2.4580152671755724,-0.09814453125,-0.9931640625,0.130126953125,-0.13740458015267176,-1.0305343511450382,0.3816793893129771
174,1779653068.9854302,-0.950927734375,0.06640625,-0.093017578125,-3.2519083969465647,-0.22137404580152673,-2.2290076335877864,-0.098388671875,-0.98046875,0.13232421875,-0.16793893129770993,-1.5877862595419847,0.7022900763358778
175,1779653068.9965043,-0.952880859375,0.078125,-0.101806640625,-3.854961832061069,-0.05343511450381679,-2.267175572519084,-0.082763671875,-0.99169921875,0.140625,-0.22900763358778625,-2.0610687022900764,0.6793893129770993
176,1779653069.007584,-0.954833984375,0.08203125,-0.09228515625,-4.3893129770992365,0.1297709923664122,-2.198473282442748,-0.099853515625,-0.9736328125,0.11083984375,-0.08396946564885496,-0.030534351145038167,0.9465648854961832
177,1779653069.018638,-0.9599609375,0.0830078125,-0.090087890625,-4.030534351145038,0.0,-2.0839694656488548,-0.094482421875,-0.98876953125,0.12841796875,-0.2595419847328244,-1.8778625954198473,0.8931297709923665
178,1779653069.029687,-0.940185546875,0.0751953125,-0.08740234375,-3.7709923664122136,-0.06870229007633588,-2.099236641221374,-0.099365234375,-0.98876953125,0.121826171875,-0.3893129770992366,-1.4274809160305344,0.6870229007633588
179,1779653069.0407586,-0.952392578125,0.089599609375,-0.097412109375,-3.3587786259541983,-0.10687022900763359,-2.0076335877862594,-0.0966796875,-0.989990234375,0.12548828125,-0.4580152671755725,-1.3358778625954197,0.6564885496183206
180,1779653069.051831,-0.9482421875,0.082763671875,-0.109375,-3.7099236641221376,-0.061068702290076333,-2.3282442748091605,-0.095458984375,-0.9833984375,0.140869140625,-0.4580152671755725,-1.6717557251908397,0.8320610687022901
181,1779653069.063052,-0.953125,0.07861328125,-0.090087890625,-4.038167938931298,-1.916030534351145,-2.2442748091603053,-0.103759765625,-0.99267578125,0.115234375,-0.08396946564885496,-1.702290076335878,0.7480916030534351
182,1779653069.0741282,-0.951416015625,0.080322265625,-0.09423828125,-3.83206106870229,0.4198473282442748,-2.2290076335877864,-0.095458984375,-0.98876953125,0.130859375,-0.16030534351145037,-1.6488549618320612,0.7022900763358778
183,1779653069.0852208,-0.951171875,0.081787109375,-0.09326171875,-3.595419847328244,0.42748091603053434,-2.312977099236641,-0.08837890625,-0.988525390625,0.12548828125,-0.2748091603053435,-1.3740458015267176,0.6793893129770993
184,1779653069.0962644,-0.95263671875,0.092529296875,-0.10888671875,-3.4885496183206106,0.09923664122137404,-2.198473282442748,-0.08837890625,-0.995361328125,0.131591796875,-0.33587786259541985,-1.3740458015267176,0.7557251908396947
185,1779653069.107321,-0.956787109375,0.09326171875,-0.08984375,-3.435114503816794,0.061068702290076333,-2.183206106870229,-0.08349609375,-0.986328125,0.1162109375,-0.6641221374045801,-1.4045801526717556,0.648854961832061
186,1779653069.1183496,-0.954833984375,0.091552734375,-0.080810546875,-3.6030534351145036,0.2824427480916031,-2.122137404580153,-0.10888671875,-0.988525390625,0.14013671875,-0.48091603053435117,-1.7328244274809161,0.8091603053435115
187,1779653069.129411,-0.954833984375,0.079345703125,-0.09423828125,-3.9160305343511452,0.1450381679389313,-2.1068702290076335,-0.100830078125,-0.9931640625,0.135498046875,-0.6412213740458015,-1.7251908396946565,0.6870229007633588
188,1779653069.1404626,-0.95068359375,0.082275390625,-0.0908203125,-4.015267175572519,0.37404580152671757,-3.877862595419847,-0.093994140625,-0.985107421875,0.12451171875,-0.4580152671755725,-1.816793893129771,0.9083969465648855
189,1779653069.1515107,-0.95654296875,0.081298828125,-0.09619140625,-4.061068702290076,0.3053435114503817,-2.053435114503817,-0.105224609375,-0.98681640625,0.127685546875,-0.648854961832061,-1.5038167938931297,0.816793893129771
190,1779653069.1625812,-0.952392578125,0.09033203125,-0.092529296875,-3.618320610687023,0.03816793893129771,-2.3587786259541983,-0.09912109375,-0.99951171875,0.115234375,-0.5114503816793893,-0.8625954198473282,0.6335877862595419
191,1779653069.1736448,-0.968017578125,0.09130859375,-0.09814453125,-3.213740458015267,0.2595419847328244,-2.053435114503817,-0.093505859375,-0.98486328125,0.1357421875,-0.6030534351145038,-0.7404580152671756,0.7099236641221374
192,1779653069.1846886,-0.9521484375,0.075439453125,-0.065185546875,-2.9236641221374047,0.10687022900763359,-2.1526717557251906,-0.097412109375,-1.0,0.129150390625,-0.6030534351145038,-0.8091603053435115,0.8702290076335878
193,1779653069.1957273,-0.94970703125,0.08203125,-0.09423828125,-3.366412213740458,0.26717557251908397,-2.122137404580153,-0.0888671875,-0.991455078125,0.135009765625,-0.33587786259541985,-1.2595419847328244,0.7786259541984732
194,1779653069.206806,-0.948486328125,0.078125,-0.09375,-3.6030534351145036,0.5190839694656488,-2.213740458015267,-0.100341796875,-0.989501953125,0.120849609375,-0.1984732824427481,-1.8854961832061068,0.8015267175572519
195,1779653069.2178588,-0.9462890625,0.084716796875,-0.096435546875,-3.9923664122137406,0.6793893129770993,-0.03816793893129771,-0.102294921875,-0.9931640625,0.118408203125,-0.35877862595419846,-1.8625954198473282,0.9465648854961832
196,1779653069.2289205,-0.95751953125,0.083740234375,-0.094970703125,-3.7099236641221376,0.3053435114503817,-2.030534351145038,-0.0966796875,-0.9853515625,0.139404296875,-0.48091603053435117,-1.7786259541984732,0.9923664122137404
197,1779653069.2399745,-0.953857421875,0.083251953125,-0.10107421875,-4.0,0.13740458015267176,-2.0381679389312977,-0.09912109375,-0.990234375,0.110107421875,-0.6412213740458015,-2.2519083969465647,0.916030534351145
198,1779653069.2510273,-0.952392578125,0.067626953125,-0.07861328125,-4.343511450381679,0.16793893129770993,-2.0839694656488548,-0.1083984375,-0.987548828125,0.118408203125,-0.8549618320610687,-2.4885496183206106,0.8931297709923665
199,1779653069.262108,-0.95361328125,0.08056640625,-0.094482421875,-5.061068702290076,0.3511450381679389,-2.2595419847328246,-0.104248046875,-0.9873046875,0.122314453125,-0.7557251908396947,-2.068702290076336,0.8854961832061069
200,1779653069.273167,-0.955322265625,0.081298828125,-0.0986328125,-4.564885496183206,0.4198473282442748,-2.3053435114503817,-0.1044921875,-0.981689453125,0.12255859375,-0.31297709923664124,-1.816793893129771,0.6259541984732825
201,1779653069.2843406,-0.9658203125,0.07763671875,-0.095947265625,-3.7251908396946565,0.16793893129770993,-2.480916030534351,-0.103759765625,-0.989501953125,0.139404296875,-0.549618320610687,-1.0229007633587786,0.7175572519083969
202,1779653069.2955322,-0.951171875,0.083251953125,-0.093994140625,-3.3435114503816794,0.1297709923664122,-2.2442748091603053,-0.092529296875,-0.98291015625,0.114990234375,-0.5954198473282443,-0.8854961832061069,0.6946564885496184
203,1779653069.3065972,-0.950927734375,0.06298828125,-0.109130859375,-3.1374045801526718,0.21374045801526717,-2.3282442748091605,-0.104736328125,-0.98974609375,0.121826171875,-0.732824427480916,-0.8702290076335878,0.7480916030534351
204,1779653069.3176475,-0.950439453125,0.07958984375,-0.092041015625,-3.030534351145038,0.08396946564885496,-2.3969465648854964,-0.109375,-0.989990234375,0.129638671875,-0.45038167938931295,-0.9694656488549618,0.5877862595419847
205,1779653069.328744,-0.952880859375,0.079345703125,-0.095458984375,-3.236641221374046,0.2824427480916031,-2.282442748091603,-0.0908203125,-0.9716796875,0.1552734375,-0.2900763358778626,-1.3893129770992367,0.6717557251908397
206,1779653069.3398435,-0.9521484375,0.079345703125,-0.09033203125,-3.717557251908397,0.48091603053435117,-2.3282442748091605,-0.098876953125,-0.99169921875,0.136962890625,-0.12213740458015267,-1.7404580152671756,0.6870229007633588
207,1779653069.350918,-0.950439453125,0.078369140625,-0.10107421875,-3.8244274809160306,0.2824427480916031,-2.2290076335877864,-0.095703125,-0.98779296875,0.1142578125,-0.22900763358778625,-1.7328244274809161,0.7786259541984732
208,1779653069.361994,-0.942626953125,0.07861328125,-0.09619140625,-3.816793893129771,0.11450381679389313,-2.1526717557251906,-0.09814453125,-0.986572265625,0.123291015625,-0.1297709923664122,-1.3893129770992367,0.8778625954198473
209,1779653069.3730426,-0.953369140625,0.076904296875,-0.097412109375,-3.3435114503816794,-0.22900763358778625,-2.213740458015267,-0.08154296875,-0.996337890625,0.1201171875,-0.16030534351145037,-1.1450381679389312,0.7862595419847328
210,1779653069.3841085,-0.952392578125,0.08251953125,-0.0966796875,-3.4885496183206106,-0.2748091603053435,-1.9083969465648856,-0.09326171875,-0.9912109375,0.119140625,-0.1297709923664122,-1.0916030534351144,0.7557251908396947
211,1779653069.395168,-0.953125,0.078857421875,-0.083740234375,-3.3969465648854964,-0.42748091603053434,-2.0229007633587788,-0.08203125,-0.99267578125,0.114990234375,-0.03816793893129771,-0.9389312977099237,0.8473282442748091
212,1779653069.4062405,-0.9560546875,0.078857421875,-0.091796875,-3.2519083969465647,-0.4961832061068702,-1.8778625954198473,-0.091552734375,-0.989990234375,0.12744140625,0.05343511450381679,-0.6259541984732825,1.0381679389312977
213,1779653069.417318,-0.948486328125,0.06298828125,-0.099365234375,-3.1374045801526718,-0.5190839694656488,-1.9694656488549618,-0.09375,-0.990234375,0.126953125,0.04580152671755725,-0.5877862595419847,0.8549618320610687
214,1779653069.4284043,-0.9541015625,0.091552734375,-0.08447265625,-2.763358778625954,-0.7709923664122137,-1.6946564885496183,-0.09228515625,-0.98583984375,0.12451171875,1.8778625954198473,-0.6793893129770993,1.0076335877862594
215,1779653069.4394803,-0.953857421875,0.0859375,-0.08447265625,-3.198473282442748,-0.5725190839694656,-1.9541984732824427,-0.095458984375,-0.994384765625,0.1298828125,0.06870229007633588,-1.6564885496183206,1.0381679389312977
216,1779653069.4505682,-0.949462890625,0.08349609375,-0.087158203125,-4.083969465648855,-0.45038167938931295,-1.9465648854961832,-0.10498046875,-0.98681640625,0.127197265625,-0.07633587786259542,-1.8396946564885497,0.9236641221374046
217,1779653069.46181,-0.95361328125,0.080810546875,-0.08935546875,-3.8702290076335877,-0.08396946564885496,-2.0610687022900764,-0.106689453125,-0.98681640625,0.132080078125,-0.061068702290076333,-1.7709923664122138,1.1984732824427482
218,1779653069.4728868,-0.953369140625,0.064208984375,-0.087646484375,-4.030534351145038,-0.1984732824427481,-0.022900763358778626,-0.09423828125,-0.973876953125,0.129150390625,0.03816793893129771,-1.6259541984732824,0.9618320610687023
219,1779653069.4839697,-0.953125,0.079345703125,-0.106689453125,-3.786259541984733,-0.12213740458015267,-3.8931297709923665,-0.102294921875,-0.989501953125,0.126220703125,-0.16030534351145037,-1.1526717557251909,0.7633587786259542
220,1779653069.495023,-0.955810546875,0.080322265625,-0.09619140625,-2.9923664122137406,-0.22900763358778625,-2.045801526717557,-0.096923828125,-0.97705078125,0.12548828125,-0.183206106870229,-0.366412213740458,0.6335877862595419
221,1779653069.5060713,-0.955322265625,0.080078125,-0.0859375,-2.7404580152671754,-0.20610687022900764,-2.114503816793893,-0.105224609375,-0.991943359375,0.129638671875,-0.2824427480916031,-0.21374045801526717,0.7862595419847328
222,1779653069.5171204,-0.9501953125,0.080078125,-0.092041015625,-2.4122137404580153,-0.22137404580152673,-2.1755725190839694,-0.1181640625,-0.986328125,0.144775390625,-0.16793893129770993,-0.40458015267175573,0.4580152671755725
223,1779653069.5281584,-0.950439453125,0.09033203125,-0.0947265625,-2.7480916030534353,-0.04580152671755725,-2.183206106870229,-0.10986328125,-0.985595703125,0.133544921875,-0.2366412213740458,-0.8702290076335878,0.5267175572519084
224,1779653069.5392072,-0.952392578125,0.091552734375,-0.0859375,-3.198473282442748,0.2595419847328244,-2.687022900763359,-0.118408203125,-0.983154296875,0.13671875,-0.1450381679389313,-1.9541984732824427,0.4198473282442748
225,1779653069.5502539,-0.93994140625,0.085693359375,-0.092529296875,-4.343511450381679,0.6946564885496184,-2.8091603053435112,-0.09912109375,-0.99951171875,0.130126953125,-0.4351145038167939,-2.4656488549618323,0.3282442748091603
226,1779653069.561328,-0.958984375,0.082763671875,-0.095947265625,-4.641221374045801,0.7022900763358778,-2.83206106870229,-0.104736328125,-0.98486328125,0.1240234375,-0.42748091603053434,-2.4656488549618323,0.32061068702290074
227,1779653069.572395,-0.95458984375,0.074462890625,-0.08642578125,-4.412213740458015,0.6870229007633588,-2.717557251908397,-0.0888671875,-0.98583984375,0.120849609375,-0.5419847328244275,-1.9618320610687023,0.44274809160305345
228,1779653069.5864666,-0.96875,0.063720703125,-0.08984375,-3.8091603053435112,0.5572519083969466,-2.4580152671755724,-0.094482421875,-0.989501953125,0.125,-0.5648854961832062,-1.900763358778626,0.45038167938931295
229,1779653069.5976949,-0.9482421875,0.08203125,-0.1044921875,-3.450381679389313,0.5267175572519084,-2.6030534351145036,-0.10009765625,-0.989501953125,0.1123046875,-0.4122137404580153,-1.9389312977099236,0.366412213740458
230,1779653069.608756,-0.951416015625,0.084716796875,-0.078369140625,-3.854961832061069,0.6717557251908397,-2.717557251908397,-0.1083984375,-0.9853515625,0.12109375,-0.2595419847328244,-1.748091603053435,0.21374045801526717
231,1779653069.6198285,-0.958740234375,0.0810546875,-0.10205078125,-3.877862595419847,0.5572519083969466,-2.7786259541984735,-0.1123046875,-0.985595703125,0.11572265625,-0.0916030534351145,-1.8091603053435115,0.17557251908396945
232,1779653069.6308863,-0.950927734375,0.080810546875,-0.0927734375,-3.9083969465648853,0.40458015267175573,-2.9618320610687023,-0.093505859375,-0.98583984375,0.115478515625,-0.3511450381679389,-1.7328244274809161,0.12213740458015267
233,1779653069.641954,-0.960693359375,0.08154296875,-0.09716796875,-1.9770992366412214,0.26717557251908397,-2.854961832061069,-0.08935546875,-0.99267578125,0.11474609375,-0.2595419847328244,-1.8396946564885497,0.1984732824427481
234,1779653069.653057,-0.939697265625,0.077392578125,-0.079345703125,-5.816793893129771,-0.007633587786259542,-2.5801526717557253,-0.0693359375,-0.99462890625,0.109375,-0.20610687022900764,-0.9541984732824428,0.35877862595419846
235,1779653069.6649868,-0.968017578125,0.074462890625,-0.09326171875,-2.801526717557252,-0.05343511450381679,-2.2519083969465647,-0.0751953125,-0.979736328125,0.122314453125,0.25190839694656486,0.2595419847328244,0.3969465648854962
236,1779653069.6760564,-0.943115234375,0.080078125,-0.106201171875,-2.183206106870229,-0.3969465648854962,-2.3282442748091605,-0.08642578125,-0.99072265625,0.120361328125,0.16793893129770993,0.2366412213740458,0.24427480916030533
237,1779653069.6871302,-0.95263671875,0.079345703125,-0.10009765625,-1.6564885496183206,-0.48091603053435117,-2.2290076335877864,-0.0966796875,-0.980712890625,0.124267578125,0.1297709923664122,-0.32061068702290074,0.3435114503816794
238,1779653069.698208,-0.949951171875,0.08984375,-0.102783203125,-3.16793893129771,-0.35877862595419846,-2.5419847328244276,-0.110107421875,-0.986328125,0.13330078125,-1.916030534351145,-1.2061068702290076,0.4198473282442748
239,1779653069.7093675,-0.95458984375,0.082763671875,-0.096923828125,-3.4885496183206106,-0.21374045801526717,-2.595419847328244,-0.1064453125,-0.99365234375,0.13525390625,0.366412213740458,-1.465648854961832,0.48854961832061067
240,1779653069.7204235,-0.9404296875,0.086669921875,-0.0908203125,-3.7480916030534353,-0.35877862595419846,-2.6412213740458017,-0.091796875,-0.986328125,0.115234375,0.5343511450381679,-0.8549618320610687,0.32061068702290074
241,1779653069.7315085,-0.950927734375,0.09228515625,-0.0810546875,-2.969465648854962,-0.4351145038167939,-2.4656488549618323,-0.080322265625,-1.000732421875,0.117919921875,0.5038167938931297,-0.7022900763358778,0.31297709923664124
242,1779653069.742589,-0.9541015625,0.067626953125,-0.108642578125,-2.4198473282442747,-0.7175572519083969,-2.381679389312977,-0.08837890625,-0.992431640625,0.12353515625,0.20610687022900764,-0.8091603053435115,0.366412213740458
243,1779653069.753663,-0.9501953125,0.08056640625,-0.096923828125,-2.6717557251908395,-0.7175572519083969,-2.3893129770992365,-0.100830078125,-0.99267578125,0.109619140625,0.07633587786259542,-0.32061068702290074,0.33587786259541985
244,1779653069.7647352,-0.95703125,0.073974609375,-0.095703125,-2.4198473282442747,-0.916030534351145,-2.4732824427480917,-0.10888671875,-0.988037109375,0.13427734375,0.0916030534351145,-1.9541984732824427,0.48091603053435117
245,1779653069.7758305,-0.955810546875,0.0830078125,-0.094482421875,-2.0,-0.6641221374045801,-2.030534351145038,-0.112548828125,-0.987548828125,0.120849609375,0.24427480916030533,0.2595419847328244,0.2366412213740458
246,1779653069.7869089,-0.953857421875,0.08349609375,-0.08203125,-2.053435114503817,-0.4961832061068702,-2.435114503816794,-0.096923828125,-0.986328125,0.137451171875,0.24427480916030533,0.1450381679389313,0.3282442748091603
247,1779653069.797977,-0.947998046875,0.08544921875,-0.096923828125,-2.6946564885496183,-0.09923664122137404,-2.564885496183206,-0.100341796875,-0.9833984375,0.140625,0.1297709923664122,-0.5954198473282443,0.1984732824427481
248,1779653069.8090422,-0.953857421875,0.082763671875,-0.099365234375,-2.7480916030534353,-0.09923664122137404,-2.572519083969466,-0.10400390625,-0.99169921875,0.12548828125,0.13740458015267176,-0.9541984732824428,0.20610687022900764
249,1779653069.8201046,-0.950439453125,0.08203125,-0.09521484375,-3.1908396946564888,-0.05343511450381679,-2.5419847328244276,-0.101318359375,-0.98486328125,0.146728515625,0.022900763358778626,-1.0,0.37404580152671757
250,1779653069.831145,-0.95458984375,0.081787109375,-0.095458984375,-3.2213740458015265,0.25190839694656486,-2.50381679389313,-0.087646484375,-0.984130859375,0.110107421875,-0.22137404580152673,-0.9694656488549618,0.12213740458015267
251,1779653069.8422236,-0.954833984375,0.084716796875,-0.10107421875,-2.931297709923664,0.37404580152671757,-2.6412213740458017,-0.10302734375,-0.98193359375,0.130615234375,-0.21374045801526717,-1.015267175572519,0.3053435114503817
252,1779653069.8532867,-0.965087890625,0.086181640625,-0.0927734375,-2.8931297709923665,0.0916030534351145,-2.7557251908396947,-0.10791015625,-0.98876953125,0.1416015625,-0.44274809160305345,-1.3282442748091603,0.2366412213740458
253,1779653069.8644836,-0.948486328125,0.07861328125,-0.109375,-3.732824427480916,0.48091603053435117,-2.9083969465648853,-0.108642578125,-0.979736328125,0.13525390625,-0.44274809160305345,-1.6412213740458015,0.2366412213740458
254,1779653069.875603,-0.951904296875,0.08203125,-0.0888671875,-3.6412213740458017,0.40458015267175573,-2.8931297709923665,-0.089599609375,-0.984619140625,0.138427734375,-0.32061068702290074,-1.5267175572519085,0.19083969465648856
255,1779653069.8866842,-0.951171875,0.08056640625,-0.087158203125,-3.6946564885496183,0.3435114503816794,-2.595419847328244,-0.086669921875,-0.9814453125,0.125732421875,-0.5419847328244275,-1.534351145038168,0.030534351145038167
256,1779653069.897772,-0.953857421875,0.075439453125,-0.093994140625,-3.6030534351145036,0.5725190839694656,-2.7709923664122136,-0.093017578125,-0.9873046875,0.129150390625,-0.3893129770992366,-1.7099236641221374,0.4198473282442748
257,1779653069.9088225,-0.941162109375,0.08154296875,-0.08203125,-3.8702290076335877,0.40458015267175573,-2.66412213740458,-0.080322265625,-0.994384765625,0.1279296875,-0.4122137404580153,-2.198473282442748,0.32061068702290074
258,1779653069.919884,-0.9521484375,0.082275390625,-0.092529296875,-4.480916030534351,0.48854961832061067,-2.66412213740458,-0.099365234375,-0.98681640625,0.139404296875,-0.5877862595419847,-2.3587786259541983,0.40458015267175573
259,1779653069.9309328,-0.95556640625,0.08251953125,-0.09765625,-4.458015267175573,0.366412213740458,-2.366412213740458,-0.107177734375,-0.988037109375,0.125244140625,-0.6717557251908397,-2.1068702290076335,0.5877862595419847
260,1779653069.9420059,-0.95654296875,0.083251953125,-0.08935546875,-4.1603053435114505,0.29770992366412213,-2.931297709923664,-0.09375,-0.989990234375,0.126953125,-0.6412213740458015,-2.053435114503817,0.32061068702290074
261,1779653069.9530635,-0.954833984375,0.080810546875,-0.09033203125,-4.267175572519084,0.3282442748091603,-2.8091603053435112,-0.097412109375,-0.99169921875,0.115478515625,-0.5648854961832062,-1.8854961832061068,0.22137404580152673
262,1779653069.9641073,-0.947998046875,0.076171875,-0.096923828125,-4.038167938931298,0.3816793893129771,-2.6030534351145036,-0.0810546875,-0.9921875,0.115478515625,-0.48854961832061067,-1.251908396946565,0.48854961832061067
263,1779653069.9751513,-0.953369140625,0.063232421875,-0.10009765625,-3.3282442748091605,1.9083969465648856,-2.5801526717557253,-0.07666015625,-0.98828125,0.12060546875,-0.29770992366412213,-0.20610687022900764,0.31297709923664124
264,1779653069.986236,-0.95751953125,0.091796875,-0.0908203125,-2.4427480916030535,-0.12213740458015267,-2.3053435114503817,-0.086181640625,-0.9892578125,0.130126953125,-0.3053435114503817,0.07633587786259542,0.13740458015267176
265,1779653069.99731,-0.953369140625,0.079833984375,-0.109130859375,-1.9694656488549618,-0.19083969465648856,-2.4427480916030535,-0.098876953125,-0.98486328125,0.134033203125,-0.3435114503816794,-0.40458015267175573,0.366412213740458
266,1779653070.0083687,-0.960205078125,0.0859375,-0.0888671875,-3.053435114503817,0.061068702290076333,-2.3893129770992365,-0.103515625,-0.98681640625,0.130615234375,-0.2824427480916031,-0.7480916030534351,0.32061068702290074
267,1779653070.0194132,-0.95068359375,0.08544921875,-0.091064453125,-3.198473282442748,0.03816793893129771,-2.5114503816793894,-0.10546875,-0.98681640625,0.125732421875,-0.2595419847328244,-1.251908396946565,0.22137404580152673
268,1779653070.0304792,-0.955810546875,0.0771484375,-0.090087890625,-3.5877862595419847,0.061068702290076333,-2.7099236641221376,-0.09765625,-0.989501953125,0.13671875,-0.2824427480916031,-1.1450381679389312,0.2824427480916031
269,1779653070.0415373,-0.96533203125,0.072998046875,-0.109130859375,-3.404580152671756,0.061068702290076333,-2.595419847328244,-0.0966796875,-0.998291015625,0.124267578125,-0.15267175572519084,-0.9541984732824428,0.17557251908396945
270,1779653070.0525868,-0.937744140625,0.076904296875,-0.101806640625,-3.1603053435114505,0.10687022900763359,-2.6412213740458017,-0.084228515625,-0.988525390625,0.1298828125,-0.2900763358778626,-0.7480916030534351,0.31297709923664124
271,1779653070.0636384,-0.95361328125,0.07568359375,-0.0947265625,-2.717557251908397,-0.03816793893129771,-2.4198473282442747,-0.08837890625,-0.989013671875,0.12255859375,-0.16030534351145037,-0.3893129770992366,0.2824427480916031
272,1779653070.0747015,-0.948974609375,0.081298828125,-0.0908203125,-2.3587786259541983,0.09923664122137404,-2.312977099236641,-0.10009765625,-0.98828125,0.119140625,-1.9465648854961832,-0.25190839694656486,0.29770992366412213
273,1779653070.0857832,-0.9541015625,0.074951171875,-0.090087890625,-2.50381679389313,1.9083969465648856,-2.6106870229007635,-0.084716796875,-0.995849609375,0.11474609375,0.08396946564885496,-0.5038167938931297,0.26717557251908397
274,1779653070.0968592,-0.956787109375,0.081298828125,-0.09375,-2.900763358778626,-0.05343511450381679,-2.480916030534351,-0.107421875,-0.99072265625,0.135986328125,-0.20610687022900764,-0.7480916030534351,0.37404580152671757
275,1779653070.1079018,-0.93994140625,0.09326171875,-0.10595703125,-3.030534351145038,-0.183206106870229,-2.572519083969466,-0.090087890625,-0.98974609375,0.13134765625,-0.16030534351145037,-1.213740458015267,0.3053435114503817
276,1779653070.1190085,-0.953369140625,0.083984375,-0.100341796875,-3.6106870229007635,0.1450381679389313,-2.83206106870229,-0.094482421875,-0.991943359375,0.1337890625,-0.11450381679389313,-1.5190839694656488,0.5114503816793893
277,1779653070.1300611,-0.947265625,0.077392578125,-0.107177734375,-3.648854961832061,0.1984732824427481,-2.8702290076335877,-0.089111328125,-0.986328125,0.126220703125,0.1450381679389313,-1.6946564885496183,0.4961832061068702
278,1779653070.1411057,-0.953369140625,0.0810546875,-0.08642578125,-3.885496183206107,0.16030534351145037,-2.50381679389313,-0.086669921875,-0.992919921875,0.119384765625,0.25190839694656486,-1.4351145038167938,0.44274809160305345
279,1779653070.1521544,-0.954833984375,0.07763671875,-0.0908203125,-3.1603053435114505,1.916030534351145,-2.2519083969465647,-0.08642578125,-0.98974609375,0.126708984375,0.1297709923664122,-0.6412213740458015,0.5343511450381679
280,1779653070.1631956,-0.9521484375,0.07568359375,-0.0947265625,-2.4732824427480917,-0.20610687022900764,-2.1526717557251906,-0.0849609375,-0.988525390625,0.13720703125,-0.0916030534351145,-0.4961832061068702,0.5267175572519084
281,1779653070.174242,-0.96826171875,0.091552734375,-0.092041015625,-2.5267175572519083,-0.33587786259541985,-2.366412213740458,-0.087890625,-0.98876953125,0.12451171875,-0.11450381679389313,-0.6793893129770993,0.5572519083969466
282,1779653070.1853223,-0.951171875,0.0791015625,-0.09228515625,-3.0763358778625953,-0.3816793893129771,-2.198473282442748,-0.099609375,-0.990234375,0.13330078125,0.007633587786259542,-0.9236641221374046,0.6335877862595419
283,1779653070.196396,-0.959228515625,0.0634765625,-0.10400390625,-3.351145038167939,-0.19083969465648856,-2.549618320610687,-0.103515625,-0.989013671875,0.1279296875,0.05343511450381679,-1.3511450381679388,0.549618320610687
284,1779653070.2074854,-0.95263671875,0.082763671875,-0.08154296875,-3.8396946564885495,-0.32061068702290074,-2.3282442748091605,-0.0966796875,-0.990234375,0.13037109375,0.05343511450381679,-1.8091603053435115,0.5648854961832062
285,1779653070.2185292,-0.950927734375,0.086669921875,-0.099365234375,-4.114503816793893,-0.05343511450381679,-2.480916030534351,-0.091796875,-0.969970703125,0.13916015625,-0.24427480916030533,-0.030534351145038167,0.48091603053435117
286,1779653070.2295804,-0.967529296875,0.07861328125,-0.0927734375,-4.061068702290076,-0.2900763358778626,-2.3969465648854964,-0.09375,-0.997314453125,0.126220703125,-0.44274809160305345,-1.8549618320610688,0.7251908396946565
287,1779653070.240646,-0.95458984375,0.09228515625,-0.10546875,-4.068702290076335,-0.22900763358778625,-2.404580152671756,-0.092041015625,-0.991455078125,0.1318359375,-0.20610687022900764,-1.6488549618320612,0.5725190839694656
288,1779653070.2517042,-0.955078125,0.063232421875,-0.0791015625,-3.7251908396946565,-0.24427480916030533,-2.3053435114503817,-0.09375,-0.9912109375,0.12451171875,0.022900763358778626,-1.450381679389313,0.6106870229007634
289,1779653070.2629075,-0.957763671875,0.076904296875,-0.088623046875,-3.267175572519084,-0.24427480916030533,-2.3053435114503817,-0.09521484375,-0.98779296875,0.129638671875,0.061068702290076333,-1.1374045801526718,0.7938931297709924
290,1779653070.2740073,-0.954345703125,0.079345703125,-0.087646484375,-3.3053435114503817,-0.061068702290076333,-2.33587786259542,-0.089599609375,-0.98876953125,0.1103515625,-0.007633587786259542,-1.0763358778625953,0.7557251908396947
291,1779653070.285078,-0.9404296875,0.080810546875,-0.088623046875,-3.114503816793893,-0.15267175572519084,-2.068702290076336,-0.09033203125,-0.98779296875,0.12646484375,0.17557251908396945,-0.7557251908396947,0.7251908396946565
292,1779653070.2961404,-0.95361328125,0.091552734375,-0.08203125,-3.0076335877862594,-0.5038167938931297,-2.1526717557251906,-0.09423828125,-0.99462890625,0.129150390625,0.04580152671755725,-0.7633587786259542,0.5725190839694656
293,1779653070.307194,-0.952880859375,0.06396484375,-0.098388671875,-2.5419847328244276,-0.10687022900763359,-2.0229007633587788,-0.09521484375,-0.98779296875,0.129638671875,-0.08396946564885496,-0.8320610687022901,0.732824427480916
294,1779653070.3182502,-0.956787109375,0.09033203125,-0.085205078125,-3.198473282442748,-0.33587786259541985,-2.1374045801526718,-0.099853515625,-0.98828125,0.135498046875,-0.1450381679389313,-0.916030534351145,0.6946564885496184
295,1779653070.3293316,-0.954833984375,0.080078125,-0.0908203125,-3.427480916030534,-0.24427480916030533,-2.236641221374046,-0.08935546875,-0.993408203125,0.14013671875,-0.1297709923664122,-0.5954198473282443,0.7709923664122137
296,1779653070.3403995,-0.95947265625,0.076904296875,-0.094482421875,-3.099236641221374,-0.40458015267175573,-2.099236641221374,-0.088134765625,-0.989990234375,0.12646484375,-0.26717557251908397,-0.24427480916030533,0.6793893129770993
297,1779653070.3514667,-0.94970703125,0.07666015625,-0.09228515625,-2.4580152671755724,-0.45038167938931295,-1.8396946564885497,-0.095458984375,-0.994140625,0.134033203125,-0.2900763358778626,-0.3053435114503817,0.8244274809160306
298,1779653070.3625104,-0.953369140625,0.065185546875,-0.091552734375,-2.648854961832061,-0.29770992366412213,-3.885496183206107,-0.078369140625,-0.998291015625,0.126708984375,-0.183206106870229,-0.3893129770992366,0.8244274809160306
299,1779653070.3735578,-0.95166015625,0.0859375,-0.1005859375,-2.9160305343511452,-0.1297709923664122,-2.0763358778625953,-0.095703125,-0.98583984375,0.128662109375,0.06870229007633588,-1.0610687022900764,0.6946564885496184
300,1779653070.3846061,-0.951171875,0.091552734375,-0.083740234375,-3.4122137404580153,0.0916030534351145,-2.5114503816793894,-0.101806640625,-0.980224609375,0.1357421875,0.15267175572519084,-1.5725190839694656,0.6793893129770993
301,1779653070.395779,-0.955810546875,0.0849609375,-0.08984375,-3.885496183206107,0.5877862595419847,-2.49618320610687,-0.104736328125,-0.984375,0.12890625,0.2595419847328244,-3.885496183206107,0.6564885496183206
302,1779653070.4069521,-0.954345703125,0.0810546875,-0.09228515625,-3.618320610687023,0.32061068702290074,-2.2900763358778624,-0.087646484375,-0.99072265625,0.12646484375,0.015267175572519083,-1.4351145038167938,0.7404580152671756
303,1779653070.418015,-0.940673828125,0.07421875,-0.098388671875,-3.267175572519084,-0.16793893129770993,-2.3282442748091605,-0.09521484375,-0.995849609375,0.112060546875,-0.1984732824427481,-0.9770992366412213,0.6183206106870229
304,1779653070.4290583,-0.9677734375,0.073486328125,-0.091552734375,-2.9770992366412212,-0.19083969465648856,-2.366412213740458,-0.08251953125,-0.993896484375,0.13134765625,-0.24427480916030533,-0.8320610687022901,0.5190839694656488
305,1779653070.440127,-0.962890625,0.063232421875,-0.0927734375,-2.8091603053435112,-0.5267175572519084,-2.183206106870229,-0.09130859375,-0.9833984375,0.124755859375,0.030534351145038167,-0.9312977099236641,0.5572519083969466
306,1779653070.4511971,-0.956787109375,0.086669921875,-0.091064453125,-3.2290076335877864,-0.24427480916030533,-2.4122137404580153,-0.098876953125,-0.983154296875,0.123291015625,-0.04580152671755725,-0.9389312977099237,0.4351145038167939
307,1779653070.462251,-0.94873046875,0.08349609375,-0.094970703125,-3.213740458015267,-0.19083969465648856,-2.519083969465649,-0.10302734375,-0.985595703125,0.131103515625,-0.26717557251908397,-1.0458015267175573,0.48091603053435117
308,1779653070.4733305,-0.953369140625,0.0830078125,-0.099609375,-3.4656488549618323,-0.22900763358778625,-2.6259541984732824,-0.100341796875,-0.999267578125,0.13623046875,-0.24427480916030533,-1.2442748091603053,0.4580152671755725
309,1779653070.4843833,-0.955810546875,0.076416015625,-0.095947265625,-3.7099236641221376,-0.1984732824427481,-2.6564885496183206,-0.105224609375,-0.985107421875,0.114990234375,-0.1984732824427481,-1.4809160305343512,0.4198473282442748
310,1779653070.4954607,-0.952392578125,0.064453125,-0.1083984375,-3.618320610687023,0.03816793893129771,-2.6946564885496183,-0.092041015625,-0.98779296875,0.140380859375,-0.2595419847328244,-1.2366412213740459,0.4198473282442748
311,1779653070.5065033,-0.954833984375,0.08056640625,-0.093505859375,-3.213740458015267,-0.2900763358778626,-2.7099236641221376,-0.091796875,-0.98876953125,0.132080078125,0.06870229007633588,-1.2366412213740459,0.24427480916030533
312,1779653070.517542,-0.952880859375,0.076416015625,-0.079833984375,-2.931297709923664,0.022900763358778626,-2.5419847328244276,-0.099853515625,-0.988525390625,0.134521484375,-0.04580152671755725,-1.0305343511450382,0.1450381679389313
313,1779653070.528594,-0.94873046875,0.076416015625,-0.0859375,-3.0076335877862594,0.16030534351145037,-2.7099236641221376,-0.096435546875,-0.98291015625,0.1416015625,-0.183206106870229,-1.4427480916030535,0.17557251908396945
314,1779653070.5396535,-0.951904296875,0.076171875,-0.088623046875,-3.5877862595419847,0.13740458015267176,-2.6259541984732824,-0.108154296875,-0.97412109375,0.14013671875,-0.03816793893129771,-0.007633587786259542,0.22137404580152673
315,1779653070.5507011,-0.951904296875,0.0810546875,-0.099609375,-4.068702290076335,0.2824427480916031,-2.8625954198473282,-0.09912109375,-0.998046875,0.1328125,-0.5801526717557252,-1.984732824427481,0.183206106870229
316,1779653070.5617573,-0.951171875,0.083251953125,-0.088623046875,-4.068702290076335,0.1450381679389313,-2.801526717557252,-0.09033203125,-0.99169921875,0.12939453125,-0.31297709923664124,-3.9083969465648853,-0.07633587786259542
317,1779653070.572796,-0.95068359375,0.08203125,-0.090087890625,-4.0,0.19083969465648856,-2.9618320610687023,-0.084228515625,-0.98388671875,0.1201171875,-0.5038167938931297,-1.748091603053435,0.015267175572519083
318,1779653070.5869365,-0.951904296875,0.080322265625,-0.087890625,-3.763358778625954,0.24427480916030533,-2.717557251908397,-0.10009765625,-0.97607421875,0.11669921875,-0.10687022900763359,-1.2900763358778626,-1.9312977099236641
319,1779653070.5981336,-0.957275390625,0.07080078125,-0.095703125,-3.49618320610687,0.08396946564885496,-2.687022900763359,-0.084716796875,-0.995361328125,0.118896484375,-0.19083969465648856,-0.7251908396946565,1.8473282442748091
320,1779653070.609225,-0.967529296875,0.07470703125,-0.092041015625,-2.6946564885496183,0.015267175572519083,-2.5419847328244276,-0.096435546875,-0.988037109375,0.134765625,-1.9312977099236641,-0.5725190839694656,0.22900763358778625
321,1779653070.620284,-0.9560546875,0.0771484375,-0.095703125,-2.351145038167939,-0.2595419847328244,-2.763358778625954,-0.096923828125,-0.989990234375,0.12548828125,-0.17557251908396945,-0.2595419847328244,0.1297709923664122
322,1779653070.6313505,-0.94873046875,0.0634765625,-0.090576171875,-2.4122137404580153,-0.17557251908396945,-2.4580152671755724,-0.101806640625,-0.9853515625,0.133056640625,0.0916030534351145,-0.32061068702290074,0.31297709923664124
323,1779653070.6424057,-0.951904296875,0.071044921875,-0.091552734375,-2.480916030534351,-0.022900763358778626,-2.595419847328244,-0.098876953125,-0.987548828125,0.1494140625,0.16793893129770993,-0.6335877862595419,-0.03816793893129771
324,1779653070.653447,-0.950927734375,0.075927734375,-0.096923828125,-2.6717557251908395,1.9236641221374047,-2.854961832061069,-0.08642578125,-0.990478515625,0.12451171875,0.32061068702290074,-0.9541984732824428,0.183206106870229
325,1779653070.6646695,-0.960205078125,0.08154296875,-0.094482421875,-3.114503816793893,-0.0916030534351145,-2.816793893129771,-0.086181640625,-0.993896484375,0.131591796875,0.183206106870229,-1.2442748091603053,0.25190839694656486
326,1779653070.675737,-0.961181640625,0.09130859375,-0.080810546875,-3.282442748091603,-0.25190839694656486,-2.8244274809160306,-0.0888671875,-0.988037109375,0.12451171875,-0.10687022900763359,-1.3282442748091603,0.3053435114503817
327,1779653070.6867867,-0.9541015625,0.0634765625,-0.10400390625,-3.549618320610687,-0.19083969465648856,-2.5267175572519083,-0.0927734375,-0.98828125,0.122802734375,-0.29770992366412213,-1.3129770992366412,0.33587786259541985
328,1779653070.6978407,-0.959228515625,0.083984375,-0.091796875,-3.282442748091603,-0.3969465648854962,-2.564885496183206,-0.07958984375,-0.98974609375,0.1220703125,-0.08396946564885496,-1.1221374045801527,0.4122137404580153
329,1779653070.7089226,-0.9541015625,0.0791015625,-0.095458984375,-3.2595419847328246,-0.45038167938931295,-2.4656488549618323,-0.0908203125,-0.985595703125,0.127685546875,0.061068702290076333,-0.7404580152671756,0.11450381679389313
330,1779653070.7199912,-0.955322265625,0.0810546875,-0.092041015625,-2.9770992366412212,-0.4198473282442748,-2.4885496183206106,-0.09619140625,-0.986572265625,0.13916015625,-0.03816793893129771,-0.6717557251908397,0.22137404580152673
331,1779653070.731046,-0.9521484375,0.07080078125,-0.08642578125,-3.045801526717557,-0.37404580152671757,-2.480916030534351,-0.094970703125,-0.9921875,0.13232421875,-0.05343511450381679,-0.3282442748091603,0.1450381679389313
332,1779653070.7421374,-0.954345703125,0.09228515625,-0.07861328125,-2.282442748091603,-0.4198473282442748,-2.50381679389313,-0.098876953125,-0.985595703125,0.1318359375,0.10687022900763359,0.16030534351145037,0.16793893129770993
333,1779653070.7532086,-0.952392578125,0.08837890625,-0.08349609375,-1.7557251908396947,-0.5801526717557252,-2.687022900763359,-0.10205078125,-0.971435546875,0.136474609375,0.030534351145038167,-0.08396946564885496,0.13740458015267176
334,1779653070.7642837,-0.947021484375,0.080810546875,-0.087158203125,-2.3435114503816794,-0.3053435114503817,-2.519083969465649,-0.09228515625,-0.981201171875,0.134033203125,0.2595419847328244,-0.40458015267175573,0.25190839694656486
335,1779653070.7753358,-0.95166015625,0.080322265625,-0.08544921875,-2.7557251908396947,0.03816793893129771,-2.717557251908397,-0.08837890625,-0.985595703125,0.1435546875,0.37404580152671757,-0.9541984732824428,0.3511450381679389
336,1779653070.7863922,-0.957275390625,0.078125,-0.09326171875,-3.1908396946564888,0.1984732824427481,-2.5801526717557253,-0.08203125,-0.98681640625,0.12548828125,0.31297709923664124,-1.2213740458015268,0.35877862595419846
337,1779653070.7974422,-0.958251953125,0.091796875,-0.094482421875,-3.0610687022900764,0.030534351145038167,-2.33587786259542,-0.064453125,-0.99755859375,0.128173828125,1.916030534351145,-0.9694656488549618,0.33587786259541985
338,1779653070.8085282,-0.953369140625,0.090576171875,-0.09130859375,-3.0076335877862594,-0.17557251908396945,-2.4732824427480917,-0.089111328125,-0.990966796875,0.138427734375,-0.13740458015267176,-0.9541984732824428,0.6106870229007634
339,1779653070.8196096,-0.958251953125,0.073486328125,-0.0908203125,-3.0763358778625953,-0.3435114503816794,-2.3587786259541983,-0.093017578125,-0.98876953125,0.134521484375,-0.6412213740458015,-0.9236641221374046,0.5114503816793893
340,1779653070.830683,-0.9541015625,0.076904296875,-0.093994140625,-3.0916030534351147,-0.45038167938931295,-2.3893129770992365,-0.09423828125,-0.98193359375,0.1259765625,-0.6412213740458015,-0.7633587786259542,0.4198473282442748
341,1779653070.8417552,-0.955810546875,0.076171875,-0.09033203125,-3.2442748091603053,-0.31297709923664124,-2.351145038167939,-0.093505859375,-0.99169921875,0.141357421875,-0.3053435114503817,-1.1297709923664123,0.48854961832061067
342,1779653070.8527775,-0.953369140625,0.077880859375,-0.085205078125,-1.9694656488549618,0.19083969465648856,-2.5801526717557253,-0.098388671875,-1.0,0.133056640625,-0.13740458015267176,-1.3206106870229009,0.5267175572519084
343,1779653070.8638442,-0.966796875,0.0751953125,-0.089111328125,-3.8091603053435112,0.35877862595419846,-2.3969465648854964,-0.08447265625,-0.984130859375,0.129150390625,-0.022900763358778626,-1.5038167938931297,0.4732824427480916
344,1779653070.874925,-0.958740234375,0.0732421875,-0.084716796875,-3.648854961832061,0.33587786259541985,-2.267175572519084,-0.08740234375,-0.985107421875,0.12890625,-0.12213740458015267,-1.2900763358778626,0.5801526717557252
345,1779653070.885957,-0.954345703125,0.07373046875,-0.08935546875,-3.312977099236641,0.16030534351145037,-2.0916030534351147,-0.091796875,-0.986328125,0.122802734375,-0.48854961832061067,-1.3129770992366412,0.5190839694656488
346,1779653070.8970227,-0.953857421875,0.0751953125,-0.093505859375,-3.351145038167939,-0.007633587786259542,-2.381679389312977,-0.08837890625,-0.98974609375,0.125244140625,-0.6717557251908397,-1.7099236641221374,0.6870229007633588
347,1779653070.9080784,-0.94580078125,0.082275390625,-0.085693359375,-4.038167938931298,0.48091603053435117,-2.282442748091603,-0.109375,-0.99609375,0.132568359375,-0.5114503816793893,-2.351145038167939,0.7709923664122137
348,1779653070.919151,-0.957763671875,0.08056640625,-0.08837890625,-4.312977099236641,0.8320610687022901,-2.5572519083969465,-0.096435546875,-0.998046875,0.13134765625,-0.33587786259541985,-2.381679389312977,0.5725190839694656
349,1779653070.9302309,-0.968017578125,0.07177734375,-0.0888671875,-4.282442748091603,0.7099236641221374,-2.0916030534351147,-0.09228515625,-0.993408203125,0.130615234375,-0.21374045801526717,-2.183206106870229,0.6870229007633588
350,1779653070.941314,-0.951416015625,0.07861328125,-0.08544921875,-4.419847328244275,0.3511450381679389,-2.1374045801526718,-0.09619140625,-0.982177734375,0.1240234375,-0.33587786259541985,-2.2900763358778624,0.5801526717557252
351,1779653070.9523664,-0.955322265625,0.07666015625,-0.078369140625,-4.267175572519084,0.26717557251908397,-2.450381679389313,-0.090087890625,-0.988037109375,0.12890625,-0.5267175572519084,-2.0839694656488548,0.6106870229007634
352,1779653070.9634216,-0.947998046875,0.071044921875,-0.093505859375,-3.816793893129771,0.37404580152671757,-2.366412213740458,-0.078369140625,-0.991455078125,0.126220703125,-0.32061068702290074,-1.7251908396946565,0.6183206106870229
353,1779653070.9747992,-0.952880859375,0.08349609375,-0.087646484375,-3.480916030534351,1.9465648854961832,-2.2900763358778624,-0.0791015625,-0.98681640625,0.1201171875,-0.11450381679389313,-1.717557251908397,0.6564885496183206
354,1779653070.986754,-0.953857421875,0.078125,-0.087890625,-3.7557251908396947,0.16030534351145037,-2.0381679389312977,-0.08740234375,-0.993896484375,0.123046875,0.022900763358778626,-1.6564885496183206,0.7022900763358778
355,1779653070.9986906,-0.937744140625,0.063232421875,-0.083251953125,-3.7557251908396947,0.0,-2.0839694656488548,-0.093505859375,-0.98486328125,0.121337890625,-0.03816793893129771,-1.7786259541984732,0.8396946564885496
356,1779653071.0106401,-0.958740234375,0.07470703125,-0.093994140625,-4.106870229007634,0.16793893129770993,-2.198473282442748,-0.078369140625,-0.98828125,0.11572265625,1.9083969465648856,-1.7786259541984732,0.7633587786259542
357,1779653071.022607,-0.95263671875,0.077880859375,-0.09130859375,-4.114503816793893,-0.2824427480916031,-2.2213740458015265,-0.092529296875,-0.99853515625,0.1298828125,-0.35877862595419846,-1.984732824427481,0.7022900763358778
358,1779653071.0345755,-0.95263671875,0.09130859375,-0.087646484375,-3.931297709923664,-0.3893129770992366,-2.0763358778625953,-0.10302734375,-0.987548828125,0.12890625,-0.4351145038167939,-1.6870229007633588,0.4732824427480916
359,1779653071.0465581,-0.95068359375,0.080322265625,-0.0859375,-4.00763358778626,-0.44274809160305345,-2.099236641221374,-0.092529296875,-0.986083984375,0.119140625,-0.19083969465648856,-1.717557251908397,0.732824427480916
360,1779653071.058492,-0.952392578125,0.07470703125,-0.086181640625,-4.145038167938932,-0.16793893129770993,-2.2213740458015265,-0.091796875,-0.990478515625,0.13134765625,-0.3282442748091603,-1.9923664122137406,0.6641221374045801
361,1779653071.0706737,-0.953857421875,0.0771484375,-0.085205078125,-4.320610687022901,-0.015267175572519083,-2.3053435114503817,-0.087646484375,-0.984130859375,0.13720703125,0.0,-2.053435114503817,0.6946564885496184
362,1779653071.082682,-0.949462890625,0.074462890625,-0.091064453125,-4.213740458015267,1.9236641221374047,-2.2519083969465647,-0.094482421875,-0.990478515625,0.138427734375,0.13740458015267176,-1.5725190839694656,0.6641221374045801
363,1779653071.0946357,-0.95263671875,0.073486328125,-0.0810546875,-3.435114503816794,0.061068702290076333,-2.2977099236641223,-0.08740234375,-0.993896484375,0.130126953125,0.19083969465648856,-0.44274809160305345,0.4732824427480916
364,1779653071.1066003,-0.95263671875,0.064453125,-0.089599609375,-2.366412213740458,-0.42748091603053434,-2.068702290076336,-0.09765625,-0.989990234375,0.1162109375,0.007633587786259542,-0.2366412213740458,0.4122137404580153
365,1779653071.1185696,-0.939208984375,0.07861328125,-0.09228515625,-2.3435114503816794,-0.4351145038167939,-2.2213740458015265,-0.09521484375,-0.99169921875,0.13720703125,-0.08396946564885496,-0.648854961832061,0.6717557251908397
366,1779653071.1305115,-0.941162109375,0.06591796875,-0.08642578125,-3.015267175572519,-0.31297709923664124,-2.435114503816794,-0.089111328125,-0.989501953125,0.1318359375,0.04580152671755725,-0.6717557251908397,0.5343511450381679
367,1779653071.142454,-0.954345703125,0.073486328125,-0.093994140625,-2.8396946564885495,-0.16030534351145037,-2.3587786259541983,-0.087646484375,-0.990234375,0.136962890625,0.15267175572519084,-0.5419847328244275,0.46564885496183206
368,1779653071.1544683,-0.951416015625,0.08056640625,-0.082763671875,-2.5877862595419847,-0.183206106870229,-2.16793893129771,-0.09912109375,-0.98388671875,0.13623046875,-0.07633587786259542,-0.8549618320610687,0.6717557251908397
369,1779653071.1664512,-0.947509765625,0.079345703125,-0.1083984375,-3.4885496183206106,-0.11450381679389313,-2.2519083969465647,-0.0908203125,-0.989990234375,0.13525390625,-0.20610687022900764,-1.4885496183206106,0.8549618320610687
370,1779653071.1784737,-0.956787109375,0.078125,-0.08837890625,-4.183206106870229,-0.015267175572519083,-2.3893129770992365,-0.0888671875,-0.969970703125,0.13427734375,-0.35877862595419846,-1.748091603053435,0.7557251908396947
371,1779653071.1904647,-0.9521484375,0.0791015625,-0.09326171875,-3.9083969465648853,-0.12213740458015267,-2.312977099236641,-0.081787109375,-1.0,0.13134765625,-0.16030534351145037,-1.8625954198473282,0.5725190839694656
372,1779653071.2024918,-0.948974609375,0.072998046875,-0.089599609375,-3.9618320610687023,0.1450381679389313,-2.2595419847328246,-0.093017578125,-0.9921875,0.135498046875,-0.3053435114503817,-3.900763358778626,0.5038167938931297
373,1779653071.2144668,-0.9521484375,0.079345703125,-0.092041015625,-4.221374045801527,0.05343511450381679,-2.4198473282442747,-0.09765625,-0.991455078125,0.13134765625,-0.061068702290076333,-1.5038167938931297,0.549618320610687
374,1779653071.2264621,-0.95849609375,0.07666015625,-0.08740234375,-3.2290076335877864,0.05343511450381679,-2.2748091603053435,-0.08837890625,-0.991455078125,0.13134765625,0.12213740458015267,-0.9389312977099237,0.5572519083969466
375,1779653071.2384796,-0.948974609375,0.07373046875,-0.07958984375,-3.015267175572519,1.8778625954198473,-2.3206106870229006,-0.091552734375,-0.99072265625,0.11669921875,-0.05343511450381679,-0.7251908396946565,0.5343511450381679
376,1779653071.2504926,-0.94970703125,0.07666015625,-0.09375,-2.877862595419847,-0.11450381679389313,-2.1526717557251906,-0.087646484375,-0.985595703125,0.1259765625,-0.05343511450381679,-0.816793893129771,0.3282442748091603
377,1779653071.262461,-0.941650390625,0.074951171875,-0.096435546875,-3.0916030534351147,-0.20610687022900764,-2.6259541984732824,-0.10205078125,-0.98681640625,0.136474609375,-0.061068702290076333,-0.5648854961832062,0.3435114503816794
378,1779653071.274517,-0.94970703125,0.080810546875,-0.0908203125,-2.801526717557252,-0.26717557251908397,-2.732824427480916,-0.103271484375,-0.9921875,0.140380859375,-0.11450381679389313,-0.8244274809160306,0.08396946564885496
379,1779653071.286509,-0.951171875,0.07958984375,-0.096923828125,-3.0916030534351147,-0.32061068702290074,-2.5877862595419847,-0.10693359375,-1.0,0.131591796875,-0.0916030534351145,-1.1908396946564885,0.06870229007633588
380,1779653071.2985005,-0.951171875,0.07958984375,-0.08837890625,-3.66412213740458,-0.26717557251908397,-2.9160305343511452,-0.094482421875,-0.986328125,0.13232421875,0.04580152671755725,-1.7633587786259541,0.183206106870229
381,1779653071.310473,-0.94921875,0.080322265625,-0.0927734375,-4.00763358778626,0.07633587786259542,-2.7709923664122136,-0.09521484375,-0.989990234375,0.130859375,0.1297709923664122,-1.8702290076335877,0.3053435114503817
382,1779653071.3224685,-0.9521484375,0.0791015625,-0.0966796875,-3.633587786259542,-0.007633587786259542,-2.8625954198473282,-0.086669921875,-0.988525390625,0.129150390625,0.061068702290076333,-1.5038167938931297,0.015267175572519083
383,1779653071.3344853,-0.953125,0.07470703125,-0.083984375,-3.2900763358778624,-0.16030534351145037,-2.618320610687023,-0.089111328125,-0.984375,0.12451171875,-0.015267175572519083,-1.297709923664122,0.007633587786259542
384,1779653071.3464382,-0.939208984375,0.07177734375,-0.08056640625,-3.2748091603053435,-0.4198473282442748,-2.877862595419847,-0.096435546875,-0.99267578125,0.139404296875,-0.08396946564885496,-1.381679389312977,1.8931297709923665
385,1779653071.3584487,-0.9482421875,0.09228515625,-0.080810546875,-3.5267175572519083,-0.3969465648854962,-2.8396946564885495,-0.097412109375,-0.99267578125,0.111328125,-0.0916030534351145,-1.1908396946564885,0.07633587786259542
386,1779653071.3703887,-0.9541015625,0.08203125,-0.08642578125,-3.2061068702290076,-0.45038167938931295,-2.9083969465648853,-0.095703125,-0.991943359375,0.130859375,-0.007633587786259542,-1.0763358778625953,1.9465648854961832
387,1779653071.382311,-0.94873046875,0.074462890625,-0.093505859375,-2.9389312977099236,-0.1984732824427481,-2.9923664122137406,-0.09130859375,-0.993408203125,0.132080078125,0.2595419847328244,-0.46564885496183206,-0.007633587786259542
388,1779653071.3942504,-0.948486328125,0.076904296875,-0.0908203125,-2.50381679389313,-0.366412213740458,-2.8702290076335877,-0.085205078125,-0.990234375,0.130126953125,0.12213740458015267,-0.2366412213740458,-0.20610687022900764
389,1779653071.4061728,-0.9521484375,0.069091796875,-0.091796875,-2.366412213740458,-0.3969465648854962,-2.9389312977099236,-0.08544921875,-0.99951171875,0.12890625,0.1450381679389313,0.22137404580152673,0.05343511450381679
390,1779653071.4180996,-0.95361328125,0.076171875,-0.089111328125,-1.8549618320610688,-0.45038167938931295,-2.801526717557252,-0.079833984375,-0.971435546875,0.15185546875,0.03816793893129771,0.16030534351145037,-0.1450381679389313
391,1779653071.4300585,-0.957275390625,0.07470703125,-0.0810546875,-1.816793893129771,-0.5572519083969466,-2.786259541984733,-0.089111328125,-0.9921875,0.13134765625,0.2595419847328244,-0.03816793893129771,0.04580152671755725
392,1779653071.4420621,-0.951171875,0.074951171875,-0.07958984375,-2.3740458015267176,-0.16030534351145037,-2.83206106870229,-0.089599609375,-0.98779296875,0.13525390625,0.25190839694656486,-0.46564885496183206,0.16030534351145037
393,1779653071.4540415,-0.956298828125,0.0673828125,-0.08251953125,-2.9236641221374047,-0.09923664122137404,-2.6946564885496183,-0.08740234375,-0.9814453125,0.1328125,1.9236641221374047,-1.0458015267175573,0.2900763358778626
394,1779653071.4660294,-0.9501953125,0.079833984375,-0.09228515625,-3.3969465648854964,-0.17557251908396945,-2.7022900763358777,-0.081298828125,-0.994873046875,0.1474609375,-0.16793893129770993,-1.0916030534351144,0.0916030534351145
395,1779653071.478066,-0.960205078125,0.074951171875,-0.087646484375,-3.236641221374046,-0.22137404580152673,-2.6717557251908395,-0.0859375,-0.991455078125,0.126953125,-0.26717557251908397,-1.381679389312977,0.44274809160305345
396,1779653071.4900708,-0.952880859375,0.077392578125,-0.0791015625,-3.5877862595419847,-0.4198473282442748,-2.549618320610687,-0.086669921875,-0.970458984375,0.113037109375,-0.10687022900763359,-1.1755725190839694,0.35877862595419846
397,1779653071.5022473,-0.943115234375,0.06884765625,-0.09326171875,-3.33587786259542,-0.11450381679389313,-2.564885496183206,-0.08984375,-0.989990234375,0.13134765625,-0.3053435114503817,-1.1755725190839694,0.31297709923664124
398,1779653071.5142043,-0.9677734375,0.075927734375,-0.103515625,-3.450381679389313,-0.2748091603053435,-2.4427480916030535,-0.0888671875,-0.989501953125,0.131103515625,-1.9541984732824427,-0.9923664122137404,0.3893129770992366
399,1779653071.526112,-0.95166015625,0.088623046875,-0.086669921875,-2.9923664122137406,-0.05343511450381679,-2.4198473282442747,-0.078369140625,-0.9912109375,0.135009765625,0.03816793893129771,-0.40458015267175573,0.5038167938931297
400,1779653071.5380647,-0.95263671875,0.07275390625,-0.082275390625,-2.6259541984732824,-0.1984732824427481,-2.4122137404580153,-0.078125,-0.9931640625,0.125244140625,-0.08396946564885496,-0.29770992366412213,0.48854961832061067
401,1779653071.5502067,-0.955322265625,0.072509765625,-0.089599609375,-2.1374045801526718,-0.3282442748091603,-2.053435114503817,-0.08544921875,-0.988037109375,0.138427734375,0.15267175572519084,0.2595419847328244,0.6412213740458015
402,1779653071.562263,-0.954833984375,0.07568359375,-0.0859375,-1.5267175572519085,-0.3511450381679389,-2.0229007633587788,-0.091064453125,-0.9853515625,0.132568359375,-0.061068702290076333,0.37404580152671757,0.7099236641221374
403,1779653071.5742445,-0.938232421875,0.073486328125,-0.1025390625,-2.099236641221374,-0.31297709923664124,-1.9236641221374047,-0.08837890625,-0.988525390625,0.143798828125,-0.26717557251908397,-0.42748091603053434,0.6183206106870229
404,1779653071.5896347,-0.958251953125,0.077880859375,-0.084716796875,-3.1374045801526718,-0.3053435114503817,-2.2213740458015265,-0.08203125,-0.989501953125,0.153564453125,-0.3893129770992366,-1.2061068702290076,0.6641221374045801
405,1779653071.601623,-0.954345703125,0.069580078125,-0.0908203125,-3.633587786259542,-0.03816793893129771,-2.0381679389312977,-0.083740234375,-0.97119140625,0.125,-0.3435114503816794,-1.618320610687023,0.916030534351145
406,1779653071.6135833,-0.95263671875,0.078125,-0.082275390625,-4.236641221374046,0.33587786259541985,-3.8931297709923665,-0.092529296875,-0.99267578125,0.126708984375,-0.22137404580152673,-1.633587786259542,1.0763358778625953
407,1779653071.625516,-0.955078125,0.0751953125,-0.084716796875,-4.083969465648855,0.25190839694656486,-1.83206106870229,-0.07861328125,-0.994384765625,0.1318359375,-0.3282442748091603,-1.7251908396946565,0.8931297709923665
408,1779653071.6374087,-0.9541015625,0.075439453125,-0.09228515625,-3.6030534351145036,0.33587786259541985,-1.6717557251908397,-0.08251953125,-0.9892578125,0.141357421875,-0.5648854961832062,-1.3435114503816794,1.0534351145038168
409,1779653071.6493893,-0.955810546875,0.07275390625,-0.08642578125,-3.5267175572519083,0.19083969465648856,-1.748091603053435,-0.093994140625,-0.989501953125,0.13232421875,-0.5725190839694656,-1.2595419847328244,1.0916030534351144
410,1779653071.6612957,-0.950439453125,0.0751953125,-0.0830078125,-3.3587786259541983,0.5954198473282443,-1.83206106870229,-0.0869140625,-0.992919921875,0.141357421875,-0.4961832061068702,-1.1908396946564885,1.1145038167938932
411,1779653071.673222,-0.96044921875,0.076416015625,-0.083740234375,-3.450381679389313,0.31297709923664124,-1.8244274809160306,-0.09619140625,-0.9814453125,0.139404296875,-0.29770992366412213,-1.5648854961832062,1.1068702290076335
412,1779653071.684978,-0.9482421875,0.07666015625,-0.08056640625,-3.8091603053435112,0.6412213740458015,-1.8931297709923665,-0.094482421875,-0.969970703125,0.131103515625,-0.45038167938931295,-2.0381679389312977,1.3282442748091603
413,1779653071.6966307,-0.95068359375,0.076171875,-0.089599609375,-4.6183206106870225,0.6641221374045801,-1.7251908396946565,-0.08203125,-0.974609375,0.138916015625,-0.40458015267175573,-2.8931297709923665,1.381679389312977
414,1779653071.7083542,-0.967529296875,0.078125,-0.09130859375,-5.251908396946565,0.8473282442748091,-1.7557251908396947,-0.080322265625,-0.9892578125,0.11279296875,-0.6793893129770993,-3.1755725190839694,1.2748091603053435
415,1779653071.7200303,-0.9404296875,0.071533203125,-0.093017578125,-5.206106870229007,0.5267175572519084,-1.5801526717557253,-0.0888671875,-0.990966796875,0.131103515625,-0.648854961832061,-3.0,1.4732824427480915
416,1779653071.7317066,-0.955078125,0.076171875,-0.09228515625,-5.099236641221374,0.19083969465648856,-1.6488549618320612,-0.092041015625,-0.986572265625,0.116455078125,-1.0458015267175573,-2.572519083969466,1.2900763358778626
417,1779653071.7433753,-0.96337890625,0.07177734375,-0.08984375,-4.33587786259542,0.24427480916030533,-1.6488549618320612,-0.091796875,-0.990234375,0.13525390625,-1.015267175572519,-2.5877862595419847,1.4809160305343512
418,1779653071.7550445,-0.9482421875,0.0654296875,-0.10302734375,-5.221374045801527,0.2748091603053435,-1.702290076335878,-0.1083984375,-0.981689453125,0.133544921875,-0.7557251908396947,-2.633587786259542,1.4122137404580153
419,1779653071.7667134,-0.94921875,0.07763671875,-0.08447265625,-4.862595419847328,0.6717557251908397,-1.7251908396946565,-0.090087890625,-0.99267578125,0.128173828125,-0.5267175572519084,-2.4580152671755724,1.2900763358778626
420,1779653071.7784874,-0.95751953125,0.07275390625,-0.08642578125,-4.809160305343512,0.8320610687022901,-1.7251908396946565,-0.10498046875,-0.987548828125,0.135498046875,-0.3893129770992366,-1.8625954198473282,1.2061068702290076
421,1779653071.7905037,-0.93798828125,0.07470703125,-0.087646484375,-3.648854961832061,0.2824427480916031,-1.8396946564885497,-0.083251953125,-0.990966796875,0.1298828125,-0.5725190839694656,-1.3206106870229009,1.0763358778625953
422,1779653071.8024375,-0.947998046875,0.0927734375,-0.099365234375,-3.5267175572519083,0.22137404580152673,-1.8396946564885497,-0.08984375,-0.986572265625,0.13134765625,-0.6793893129770993,-1.3435114503816794,1.1526717557251909
423,1779653071.8144183,-0.9501953125,0.07373046875,-0.10009765625,-3.6564885496183206,0.25190839694656486,-1.984732824427481,-0.09521484375,-0.9853515625,0.130615234375,-0.4732824427480916,-1.4351145038167938,1.0458015267175573
424,1779653071.8263671,-0.9677734375,0.0771484375,-0.08642578125,-3.648854961832061,0.3893129770992366,-1.83206106870229,-0.10107421875,-0.990234375,0.12060546875,-0.16793893129770993,-1.4045801526717556,1.0381679389312977
425,1779653071.8383052,-0.95654296875,0.078369140625,-0.0810546875,-3.595419847328244,0.366412213740458,-2.1068702290076335,-0.090087890625,-0.98876953125,0.133544921875,-0.12213740458015267,-1.4045801526717556,0.8244274809160306
426,1779653071.8502223,-0.947509765625,0.077392578125,-0.08349609375,-3.49618320610687,0.3816793893129771,-0.07633587786259542,-0.0908203125,-0.986083984375,0.11962890625,-0.2366412213740458,-1.2290076335877862,0.916030534351145
427,1779653071.8621674,-0.9541015625,0.085205078125,-0.086181640625,-3.366412213740458,1.8702290076335877,-1.8702290076335877,-0.08837890625,-0.990234375,0.123291015625,-0.35877862595419846,-1.0534351145038168,0.8625954198473282
428,1779653071.8741124,-0.9560546875,0.076171875,-0.09375,-3.427480916030534,-0.2595419847328244,-1.83206106870229,-0.094482421875,-0.972900390625,0.126953125,-0.4198473282442748,-1.2213740458015268,1.1374045801526718
429,1779653071.8860583,-0.95556640625,0.078125,-0.093505859375,-3.717557251908397,-0.2900763358778626,-1.9694656488549618,-0.08544921875,-0.99267578125,0.125,-0.2824427480916031,-1.5801526717557253,0.8473282442748091
430,1779653071.8980405,-0.95166015625,0.077392578125,-0.083740234375,-3.8396946564885495,-0.022900763358778626,-2.053435114503817,-0.107421875,-0.999755859375,0.13916015625,-0.183206106870229,-1.7786259541984732,0.8778625954198473
431,1779653071.9100428,-0.960205078125,0.080322265625,-0.087158203125,-4.0458015267175576,0.06870229007633588,-2.4732824427480917,-0.0908203125,-0.988525390625,0.12841796875,-0.1450381679389313,-2.0,0.8320610687022901
432,1779653071.9220448,-0.968505859375,0.07275390625,-0.091552734375,-4.1679389312977095,0.1450381679389313,-2.1526717557251906,-0.09228515625,-0.98828125,0.134033203125,-0.12213740458015267,-1.5725190839694656,0.5801526717557252
433,1779653071.934243,-0.96875,0.093017578125,-0.08203125,-3.6717557251908395,-0.04580152671755725,-2.0610687022900764,-0.09619140625,-0.983154296875,0.13232421875,-0.0916030534351145,-1.3053435114503817,0.5572519083969466
434,1779653071.9462223,-0.956787109375,0.0751953125,-0.090576171875,-3.015267175572519,-0.15267175572519084,-2.3053435114503817,-0.097412109375,-0.98828125,0.134765625,0.022900763358778626,-1.2213740458015268,0.5954198473282443
435,1779653071.9581718,-0.94775390625,0.07763671875,-0.0986328125,-3.0916030534351147,0.13740458015267176,-2.122137404580153,-0.088134765625,-0.991455078125,0.127197265625,0.2595419847328244,-1.282442748091603,0.5267175572519084
436,1779653071.9701242,-0.957763671875,0.078369140625,-0.09228515625,-3.3206106870229006,0.13740458015267176,-2.198473282442748,-0.109130859375,-0.985595703125,0.12158203125,0.24427480916030533,-1.0305343511450382,0.6183206106870229
437,1779653071.9821072,-0.9521484375,0.070556640625,-0.089111328125,-2.801526717557252,-0.022900763358778626,-2.351145038167939,-0.10693359375,-0.97705078125,0.120849609375,0.022900763358778626,-0.6259541984732825,0.5343511450381679
438,1779653071.9940808,-0.955078125,0.0751953125,-0.100341796875,-2.595419847328244,-0.3969465648854962,-2.198473282442748,-0.089599609375,-0.98486328125,0.109375,-0.17557251908396945,-0.5572519083969466,0.5114503816793893
439,1779653072.006065,-0.953369140625,0.07666015625,-0.099609375,-2.816793893129771,-0.48091603053435117,-2.3053435114503817,-0.091796875,-0.98974609375,0.134033203125,-0.13740458015267176,-1.0763358778625953,0.6793893129770993
440,1779653072.018041,-0.9560546875,0.081787109375,-0.0947265625,-3.4656488549618323,-0.40458015267175573,-2.099236641221374,-0.085205078125,-0.990234375,0.12646484375,1.9465648854961832,-1.1984732824427482,0.8778625954198473
441,1779653072.0300415,-0.9599609375,0.078125,-0.0869140625,-3.595419847328244,-0.32061068702290074,-2.351145038167939,-0.091064453125,-0.98095703125,0.13232421875,-0.10687022900763359,-1.2671755725190839,0.7786259541984732
442,1779653072.04203,-0.939208984375,0.069580078125,-0.083984375,-3.381679389312977,-0.2595419847328244,-2.0,-0.0927734375,-0.99072265625,0.13427734375,-0.22137404580152673,-1.3893129770992367,0.8244274809160306
443,1779653072.054024,-0.9677734375,0.077392578125,-0.0849609375,-3.519083969465649,-0.1984732824427481,-2.1297709923664123,-0.100830078125,-0.9873046875,0.13671875,-0.46564885496183206,-1.4351145038167938,0.8473282442748091
444,1779653072.0660355,-0.95703125,0.078125,-0.07861328125,-1.984732824427481,-0.2595419847328244,-2.3587786259541983,-0.099365234375,-0.986572265625,0.1318359375,-0.183206106870229,-1.786259541984733,0.6717557251908397
445,1779653072.0780616,-0.950927734375,0.085693359375,-0.078857421875,-4.412213740458015,0.13740458015267176,-2.435114503816794,-0.0927734375,-0.972900390625,0.1552734375,-0.06870229007633588,-1.9312977099236641,0.7938931297709924
446,1779653072.090026,-0.949462890625,0.07666015625,-0.0849609375,-3.9236641221374047,0.0916030534351145,-2.068702290076336,-0.091552734375,-0.987548828125,0.130126953125,-0.04580152671755725,-1.6259541984732824,0.6259541984732825
447,1779653072.1020389,-0.95654296875,0.07666015625,-0.09228515625,-3.3587786259541983,0.20610687022900764,-2.2290076335877864,-0.091552734375,-0.98681640625,0.1240234375,-0.1450381679389313,-0.9389312977099237,0.6335877862595419
448,1779653072.1140513,-0.958740234375,0.074951171875,-0.088623046875,-2.687022900763359,1.9389312977099236,-2.068702290076336,-0.0947265625,-0.987548828125,0.12890625,-0.4351145038167939,-0.732824427480916,0.7862595419847328
449,1779653072.126041,-0.94873046875,0.080078125,-0.1015625,-2.885496183206107,-0.183206106870229,-2.145038167938931,-0.086181640625,-0.98681640625,0.12939453125,-0.4351145038167939,-1.0305343511450382,0.6793893129770993
450,1779653072.1380334,-0.94921875,0.077392578125,-0.088134765625,-3.33587786259542,0.19083969465648856,-2.1603053435114505,-0.10791015625,-0.983642578125,0.154052734375,-0.3969465648854962,-1.534351145038168,0.9389312977099237
451,1779653072.1500375,-0.949951171875,0.081787109375,-0.081298828125,-3.8702290076335877,0.26717557251908397,-2.198473282442748,-0.081298828125,-0.998779296875,0.137451171875,-0.2595419847328244,-2.045801526717557,0.7938931297709924
452,1779653072.1620507,-0.938720703125,0.090576171875,-0.085205078125,-4.3893129770992365,0.5267175572519084,-2.099236641221374,-0.08447265625,-0.97412109375,0.1201171875,-0.20610687022900764,-2.3053435114503817,0.816793893129771
453,1779653072.174077,-0.949462890625,0.09326171875,-0.090087890625,-4.526717557251908,0.31297709923664124,-2.3740458015267176,-0.087890625,-0.987060546875,0.12158203125,-0.4732824427480916,-2.6259541984732824,0.9007633587786259
454,1779653072.1860752,-0.9501953125,0.063720703125,-0.08447265625,-4.732824427480916,0.3969465648854962,-2.1603053435114505,-0.1005859375,-0.99267578125,0.123291015625,-0.5190839694656488,-2.50381679389313,0.9312977099236641
455,1779653072.1980624,-0.951416015625,0.077880859375,-0.092041015625,-4.549618320610687,0.08396946564885496,-2.1374045801526718,-0.096435546875,-0.99072265625,0.132080078125,-0.7938931297709924,-2.015267175572519,0.8244274809160306
456,1779653072.210057,-0.9541015625,0.069580078125,-0.087646484375,-3.732824427480916,0.04580152671755725,-2.183206106870229,-0.091796875,-0.988037109375,0.12353515625,-0.6793893129770993,-1.297709923664122,0.7633587786259542
457,1779653072.2220373,-0.952392578125,0.071044921875,-0.08642578125,-3.5801526717557253,-0.0916030534351145,-2.1297709923664123,-0.10498046875,-0.98681640625,0.13623046875,-0.44274809160305345,-0.9923664122137404,0.7175572519083969
458,1779653072.2340531,-0.947021484375,0.07763671875,-0.087890625,-3.1526717557251906,0.030534351145038167,-2.2519083969465647,-0.102294921875,-0.971923828125,0.14306640625,-0.20610687022900764,-0.8015267175572519,0.6793893129770993
459,1779653072.246056,-0.95751953125,0.063232421875,-0.089111328125,-2.9389312977099236,0.1450381679389313,-2.2595419847328246,-0.09228515625,-0.98486328125,0.12646484375,-0.12213740458015267,-0.5267175572519084,0.4580152671755725
460,1779653072.2580528,-0.938232421875,0.080078125,-0.1015625,-2.4580152671755724,-0.03816793893129771,-2.33587786259542,-0.10693359375,-0.98974609375,0.118408203125,-0.12213740458015267,-0.08396946564885496,0.40458015267175573
461,1779653072.2700384,-0.9658203125,0.07763671875,-0.078369140625,-0.061068702290076333,-0.12213740458015267,-2.1908396946564888,-0.095947265625,-0.98388671875,0.130615234375,-0.16030534351145037,-0.4961832061068702,0.5419847328244275
462,1779653072.2820692,-0.939208984375,0.092041015625,-0.08837890625,-3.2442748091603053,-0.13740458015267176,-2.3053435114503817,-0.090576171875,-0.9921875,0.13525390625,-0.2595419847328244,-1.534351145038168,0.5114503816793893
463,1779653072.294067,-0.94921875,0.0830078125,-0.085205078125,-3.687022900763359,0.33587786259541985,-2.282442748091603,-0.099853515625,-0.98681640625,0.128662109375,-0.15267175572519084,-1.5877862595419847,0.5801526717557252
464,1779653072.3060646,-0.952880859375,0.080078125,-0.0947265625,-3.732824427480916,0.22900763358778625,-2.2213740458015265,-0.103515625,-0.99169921875,0.13671875,-0.4198473282442748,-1.3435114503816794,0.7633587786259542
465,1779653072.3180363,-0.953369140625,0.071533203125,-0.0947265625,-3.6946564885496183,0.0916030534351145,-2.015267175572519,-0.078857421875,-0.987548828125,0.118408203125,-0.6259541984732825,-1.7709923664122138,0.7099236641221374
466,1779653072.3300483,-0.959716796875,0.078125,-0.0927734375,-4.145038167938932,-0.030534351145038167,-2.4122137404580153,-0.08349609375,-0.989501953125,0.131591796875,-0.4961832061068702,-2.0763358778625953,0.7022900763358778
467,1779653072.342015,-0.951171875,0.081787109375,-0.095947265625,-4.374045801526718,0.19083969465648856,-2.2595419847328246,-0.094970703125,-0.993408203125,0.130859375,-0.6030534351145038,-2.0229007633587788,0.6641221374045801
468,1779653072.3540385,-0.96826171875,0.066650390625,-0.091796875,-4.450381679389313,0.061068702290076333,-2.4732824427480917,-0.102294921875,-0.9912109375,0.123779296875,-0.3053435114503817,-1.7633587786259541,0.4961832061068702
469,1779653072.3662596,-0.956298828125,0.0673828125,-0.08837890625,-4.106870229007634,0.0916030534351145,-2.49618320610687,-0.082275390625,-0.999755859375,0.1357421875,-0.2824427480916031,-3.9083969465648853,0.549618320610687
470,1779653072.3783226,-0.95849609375,0.078857421875,-0.086669921875,-4.244274809160306,0.31297709923664124,-2.435114503816794,-0.08642578125,-0.989990234375,0.136962890625,-0.11450381679389313,-2.0610687022900764,0.4122137404580153
471,1779653072.3902469,-0.958251953125,0.070556640625,-0.086669921875,-3.2595419847328246,0.015267175572519083,-2.5572519083969465,-0.085205078125,-0.99072265625,0.120849609375,-0.11450381679389313,-0.9312977099236641,0.2748091603053435
472,1779653072.4022112,-0.955810546875,0.072998046875,-0.078857421875,-3.0916030534351147,0.05343511450381679,-2.4885496183206106,-0.101318359375,-0.987548828125,0.140380859375,0.015267175572519083,-0.9236641221374046,0.2595419847328244
473,1779653072.4141386,-0.952880859375,0.075439453125,-0.091796875,-2.7709923664122136,-0.26717557251908397,-2.480916030534351,-0.089599609375,-0.987060546875,0.123046875,-0.1297709923664122,-0.6641221374045801,0.4198473282442748
474,1779653072.4261606,-0.952880859375,0.0791015625,-0.09521484375,-3.0763358778625953,-0.16030534351145037,-2.3435114503816794,-0.091796875,-0.99462890625,0.12353515625,-0.08396946564885496,-0.7022900763358778,0.2824427480916031
475,1779653072.4381201,-0.951416015625,0.077880859375,-0.09912109375,-2.6717557251908395,-0.1297709923664122,-2.450381679389313,-0.097412109375,-0.994140625,0.1328125,-0.2366412213740458,-0.2748091603053435,0.11450381679389313
476,1779653072.4500844,-0.954833984375,0.08154296875,-0.081787109375,-2.3435114503816794,-0.48854961832061067,-2.6412213740458017,-0.095947265625,-0.9873046875,0.140869140625,-0.13740458015267176,-0.4580152671755725,0.17557251908396945
477,1779653072.4620502,-0.962158203125,0.07958984375,-0.0869140625,-2.969465648854962,-0.10687022900763359,-2.8625954198473282,-0.092529296875,-0.994384765625,0.134521484375,0.061068702290076333,-1.0229007633587786,0.2748091603053435
478,1779653072.4740543,-0.967041015625,0.07666015625,-0.081787109375,-3.5572519083969465,-0.11450381679389313,-2.5801526717557253,-0.10546875,-0.988525390625,0.1142578125,-0.0916030534351145,-1.534351145038168,0.32061068702290074
479,1779653072.4860475,-0.966796875,0.0625,-0.085205078125,-3.8473282442748094,-0.030534351145038167,-2.6793893129770994,-0.08447265625,-0.9970703125,0.1279296875,-0.15267175572519084,-1.549618320610687,0.29770992366412213
480,1779653072.498048,-0.951416015625,0.074462890625,-0.0927734375,-3.6793893129770994,-0.12213740458015267,-2.549618320610687,-0.107421875,-0.98486328125,0.13037109375,-0.366412213740458,-1.5877862595419847,0.22900763358778625
481,1779653072.5100467,-0.949462890625,0.079345703125,-0.08740234375,-3.8396946564885495,-0.183206106870229,-2.885496183206107,-0.09814453125,-0.986572265625,0.126220703125,-0.32061068702290074,-1.6793893129770991,0.366412213740458
482,1779653072.52211,-0.955322265625,0.0703125,-0.0888671875,-3.6412213740458017,0.08396946564885496,-2.6564885496183206,-0.103271484375,-0.990966796875,0.1357421875,-0.3435114503816794,-1.6564885496183206,0.3053435114503817
483,1779653072.5341363,-0.953369140625,0.08203125,-0.089599609375,-3.5267175572519083,-0.22137404580152673,-2.480916030534351,-0.093017578125,-0.990966796875,0.133056640625,-0.25190839694656486,-0.7633587786259542,0.030534351145038167
484,1779653072.5460966,-0.952392578125,0.080078125,-0.089111328125,-2.946564885496183,1.9389312977099236,-2.7786259541984735,-0.094970703125,-0.98779296875,0.1337890625,-0.183206106870229,-0.26717557251908397,0.0916030534351145
485,1779653072.5580316,-0.951171875,0.07568359375,-0.083984375,-2.618320610687023,-0.07633587786259542,-2.7251908396946565,-0.0849609375,-0.9775390625,0.134521484375,-0.04580152671755725,0.12213740458015267,-0.10687022900763359
486,1779653072.570013,-0.961181640625,0.0732421875,-0.084228515625,-1.8396946564885497,-0.22137404580152673,-2.7022900763358777,-0.0859375,-0.99462890625,0.126953125,-0.09923664122137404,0.5343511450381679,0.022900763358778626
487,1779653072.582012,-0.939453125,0.066650390625,-0.087646484375,-1.748091603053435,-1.9236641221374047,-2.7099236641221376,-0.09814453125,-0.970947265625,0.125244140625,0.07633587786259542,-0.2824427480916031,0.06870229007633588
488,1779653072.5978484,-0.949951171875,0.07861328125,-0.0869140625,-2.687022900763359,0.35877862595419846,-2.9770992366412212,-0.098876953125,-0.999755859375,0.13916015625,0.21374045801526717,-1.1908396946564885,0.16793893129770993
489,1779653072.6097639,-0.94140625,0.077392578125,-0.0849609375,-3.16793893129771,0.44274809160305345,-3.0610687022900764,-0.10107421875,-0.976318359375,0.130126953125,0.030534351145038167,-1.1603053435114503,0.030534351145038167
490,1779653072.6216679,-0.958251953125,0.077880859375,-0.096923828125,-3.1068702290076335,0.2366412213740458,-2.9160305343511452,-0.09130859375,-0.991455078125,0.1279296875,-0.06870229007633588,-1.1755725190839694,0.06870229007633588
491,1779653072.633595,-0.9541015625,0.072021484375,-0.09423828125,-3.198473282442748,-1.8854961832061068,-2.7557251908396947,-0.088623046875,-0.9833984375,0.113037109375,-0.549618320610687,-0.9770992366412213,0.13740458015267176
492,1779653072.645531,-0.9404296875,0.075927734375,-0.09033203125,-3.427480916030534,-0.09923664122137404,-2.8244274809160306,-0.091796875,-0.9833984375,0.1201171875,-0.5725190839694656,-1.1603053435114503,0.183206106870229
493,1779653072.6575189,-0.940673828125,0.07373046875,-0.09033203125,-3.4656488549618323,1.9389312977099236,-2.6717557251908395,-0.093994140625,-0.989013671875,0.13671875,-0.5343511450381679,-1.183206106870229,0.09923664122137404
494,1779653072.6695232,-0.958984375,0.07177734375,-0.09228515625,-3.8244274809160306,-1.900763358778626,-3.030534351145038,-0.09619140625,-0.98486328125,0.126953125,-0.44274809160305345,-1.450381679389313,0.03816793893129771
495,1779653072.6815016,-0.950927734375,0.07666015625,-0.0849609375,-3.7709923664122136,0.3282442748091603,-2.7022900763358777,-0.08837890625,-0.99462890625,0.133544921875,-0.05343511450381679,-1.366412213740458,0.16030534351145037
496,1779653072.6934817,-0.959228515625,0.078857421875,-0.097412109375,-3.49618320610687,0.4198473282442748,-2.816793893129771,-0.0986328125,-0.991455078125,0.126220703125,1.9312977099236641,-1.3893129770992367,0.09923664122137404
497,1779653072.705521,-0.95556640625,0.0732421875,-0.095947265625,-3.2595419847328246,0.3511450381679389,-2.687022900763359,-0.081298828125,-0.98828125,0.132080078125,0.11450381679389313,-1.0687022900763359,0.16030534351145037
498,1779653072.7175064,-0.951416015625,0.06982421875,-0.091552734375,-2.816793893129771,0.1984732824427481,-2.7480916030534353,-0.083740234375,-0.992919921875,0.1201171875,0.15267175572519084,-0.8473282442748091,0.3435114503816794
499,1779653072.7295074,-0.953369140625,0.07275390625,-0.093994140625,-2.7709923664122136,-0.13740458015267176,-2.564885496183206,-0.087158203125,-0.99072265625,0.1240234375,0.06870229007633588,-0.8702290076335878,0.20610687022900764
500,1779653072.7414846,-0.95166015625,0.091796875,-0.0791015625,-3.145038167938931,0.015267175572519083,-2.4656488549618323,-0.080078125,-0.98583984375,0.138671875,-0.1297709923664122,-0.9083969465648855,0.6030534351145038
501,1779653072.7536073,-0.968505859375,0.0791015625,-0.085205078125,-3.122137404580153,-0.5114503816793893,-2.427480916030534,-0.082275390625,-0.98779296875,0.112060546875,-0.12213740458015267,-0.6793893129770993,0.48854961832061067
502,1779653072.7661126,-0.95458984375,0.076171875,-0.095458984375,-3.114503816793893,-0.48854961832061067,-2.404580152671756,-0.0966796875,-0.98193359375,0.12548828125,-0.3816793893129771,-1.2442748091603053,0.32061068702290074
503,1779653072.7780905,-0.95751953125,0.089599609375,-0.079345703125,-3.8702290076335877,-0.3435114503816794,-2.381679389312977,-0.08447265625,-0.991455078125,0.1259765625,-0.22900763358778625,-1.6793893129770991,0.48854961832061067
504,1779653072.7900937,-0.966552734375,0.073486328125,-0.09130859375,-5.862595419847328,-0.19083969465648856,-2.351145038167939,-0.087646484375,-0.989013671875,0.13232421875,-0.22137404580152673,-1.3435114503816794,0.7709923664122137
505,1779653072.8022892,-0.956787109375,0.064453125,-0.084716796875,-3.213740458015267,-0.26717557251908397,-2.015267175572519,-0.083984375,-0.99267578125,0.14794921875,-0.22137404580152673,-0.7557251908396947,0.6259541984732825
506,1779653072.814321,-0.947998046875,0.0771484375,-0.08984375,-2.717557251908397,-0.2824427480916031,-2.0916030534351147,-0.0810546875,-0.97314453125,0.155517578125,-0.29770992366412213,-0.8320610687022901,0.8091603053435115
507,1779653072.8262691,-0.950927734375,0.076171875,-0.088623046875,-2.931297709923664,-0.17557251908396945,-2.1068702290076335,-0.100341796875,-0.986328125,0.135009765625,-0.42748091603053434,-1.16793893129771,0.7099236641221374
508,1779653072.8381717,-0.953125,0.081298828125,-0.093505859375,-3.633587786259542,0.13740458015267176,-2.1603053435114505,-0.093505859375,-0.99072265625,0.145263671875,-0.13740458015267176,-1.7328244274809161,0.9389312977099237
509,1779653072.8501139,-0.952880859375,0.07275390625,-0.092529296875,-4.213740458015267,0.5343511450381679,-3.8091603053435112,-0.09423828125,-0.987060546875,0.14111328125,-0.26717557251908397,-1.9618320610687023,0.8702290076335878
510,1779653072.8620906,-0.9580078125,0.073974609375,-0.090087890625,-4.1603053435114505,0.5267175572519084,-3.854961832061069,-0.093505859375,-0.9912109375,0.13427734375,-0.35877862595419846,-0.08396946564885496,0.8931297709923665
511,1779653072.8740537,-0.954833984375,0.078125,-0.0927734375,-4.137404580152672,0.5572519083969466,-2.068702290076336,-0.07763671875,-0.986083984375,0.135498046875,-0.4961832061068702,-2.33587786259542,1.1526717557251909
512,1779653072.886054,-0.946533203125,0.069580078125,-0.0869140625,-4.244274809160306,0.5648854961832062,-1.9083969465648856,-0.091064453125,-0.98583984375,0.130859375,-0.5877862595419847,-2.3282442748091605,1.282442748091603
513,1779653072.8980598,-0.95263671875,0.083984375,-0.1025390625,-4.587786259541985,0.7404580152671756,-1.8549618320610688,-0.08154296875,-0.98828125,0.125732421875,-0.7099236641221374,-2.183206106870229,1.083969465648855
514,1779653072.9100459,-0.953125,0.072998046875,-0.0810546875,-4.351145038167939,0.6106870229007634,-0.007633587786259542,-0.083984375,-0.986083984375,0.1337890625,-0.5572519083969466,-2.1603053435114505,1.1908396946564885
515,1779653072.922028,-0.968017578125,0.091796875,-0.108642578125,-4.534351145038168,0.6717557251908397,-0.030534351145038167,-0.092041015625,-0.986328125,0.132568359375,-0.6717557251908397,-2.2290076335877864,1.083969465648855
516,1779653072.9339905,-0.95751953125,0.075927734375,-0.094482421875,-4.351145038167939,0.3893129770992366,-1.7786259541984732,-0.092041015625,-0.98974609375,0.129638671875,-0.6564885496183206,-2.435114503816794,1.1755725190839694
517,1779653072.9460266,-0.958251953125,0.073486328125,-0.095703125,-4.702290076335878,0.4732824427480916,-1.8396946564885497,-0.088623046875,-0.990966796875,0.129638671875,-0.7557251908396947,-2.1755725190839694,0.9847328244274809
518,1779653072.9580264,-0.952392578125,0.06982421875,-0.08935546875,-4.396946564885496,0.366412213740458,-1.8931297709923665,-0.099365234375,-0.9873046875,0.136962890625,-0.7175572519083969,-1.9923664122137406,1.1984732824427482
519,1779653072.970039,-0.953125,0.071533203125,-0.08984375,-4.1679389312977095,0.3282442748091603,-1.8778625954198473,-0.094482421875,-0.98779296875,0.13134765625,-0.648854961832061,-1.6793893129770991,1.213740458015267
520,1779653072.9820323,-0.951904296875,0.07568359375,-0.09228515625,-3.7557251908396947,0.09923664122137404,-1.8091603053435115,-0.091064453125,-0.98583984375,0.129150390625,-0.45038167938931295,-1.5725190839694656,1.0305343511450382
521,1779653072.994057,-0.951904296875,0.07080078125,-0.086181640625,-3.83206106870229,0.3893129770992366,-1.7938931297709924,-0.079345703125,-0.986083984375,0.1220703125,-0.4961832061068702,-1.4198473282442747,1.2595419847328244
522,1779653073.0060034,-0.953857421875,0.083740234375,-0.09521484375,-3.8931297709923665,0.4351145038167939,-1.7786259541984732,-0.103515625,-0.98681640625,0.122802734375,-0.3969465648854962,-1.5801526717557253,0.9770992366412213
523,1779653073.0180013,-0.961669921875,0.073974609375,-0.0927734375,-3.9160305343511452,0.2900763358778626,-1.8549618320610688,-0.10498046875,-0.984130859375,0.140380859375,-0.6259541984732825,-1.1145038167938932,1.0458015267175573
524,1779653073.0300312,-0.953857421875,0.078125,-0.09765625,-3.3206106870229006,-1.9083969465648856,-0.04580152671755725,-0.101318359375,-0.98193359375,0.129150390625,-0.5419847328244275,-0.9236641221374046,1.0610687022900764
525,1779653073.0420318,-0.947998046875,0.072509765625,-0.0966796875,-3.0916030534351147,-0.19083969465648856,-1.7099236641221374,-0.100341796875,-0.994140625,0.134521484375,-0.5877862595419847,-0.4961832061068702,0.9007633587786259
526,1779653073.054034,-0.957763671875,0.07470703125,-0.086181640625,-2.885496183206107,0.0916030534351145,-2.1755725190839694,-0.101318359375,-0.988037109375,0.12841796875,-0.5343511450381679,-0.7175572519083969,0.9083969465648855
527,1779653073.0660496,-0.953369140625,0.072509765625,-0.093505859375,-3.2900763358778624,0.3893129770992366,-2.145038167938931,-0.102294921875,-0.97265625,0.133544921875,-0.2824427480916031,-0.6946564885496184,0.7404580152671756
528,1779653073.0780547,-0.95458984375,0.078125,-0.091796875,-3.099236641221374,0.42748091603053434,-0.007633587786259542,-0.103515625,-1.0,0.1376953125,-0.17557251908396945,-0.9847328244274809,0.8015267175572519
529,1779653073.0900514,-0.95263671875,0.068359375,-0.092041015625,-3.3282442748091605,0.24427480916030533,-2.122137404580153,-0.087890625,-0.990966796875,0.1328125,-0.366412213740458,-1.2900763358778626,0.816793893129771
530,1779653073.1020546,-0.937744140625,0.076904296875,-0.083740234375,-3.633587786259542,0.3435114503816794,-2.3206106870229006,-0.102783203125,-0.98681640625,0.130615234375,-0.6641221374045801,-1.534351145038168,0.6946564885496184
531,1779653073.1140635,-0.947509765625,0.080322265625,-0.0927734375,-3.732824427480916,0.3053435114503817,-2.1603053435114505,-0.100830078125,-0.98779296875,0.12548828125,-0.8931297709923665,-1.916030534351145,0.5954198473282443
532,1779653073.1260526,-0.9677734375,0.0830078125,-0.091064453125,-4.175572519083969,0.46564885496183206,-2.3740458015267176,-0.10107421875,-0.983154296875,0.129638671875,-0.7480916030534351,-2.7786259541984735,0.648854961832061
533,1779653073.1380403,-0.967041015625,0.07763671875,-0.088134765625,-5.4961832061068705,0.7862595419847328,-2.595419847328244,-0.09619140625,-0.9833984375,0.137451171875,-0.6717557251908397,-3.0381679389312977,0.5954198473282443
534,1779653073.1500354,-0.95703125,0.07666015625,-0.08740234375,-5.351145038167939,0.7786259541984732,-2.3893129770992365,-0.083740234375,-0.989501953125,0.12158203125,-0.7404580152671756,-2.7251908396946565,0.6870229007633588
535,1779653073.1620502,-0.951416015625,0.069580078125,-0.093505859375,-4.580152671755725,0.648854961832061,-2.236641221374046,-0.105712890625,-0.9912109375,0.12841796875,-0.6946564885496184,-1.9694656488549618,0.4961832061068702
536,1779653073.1740496,-0.950439453125,0.076171875,-0.091552734375,-3.763358778625954,0.366412213740458,-2.2442748091603053,-0.107666015625,-0.988037109375,0.125732421875,-1.1374045801526718,-1.8015267175572518,0.7557251908396947
537,1779653073.1860893,-0.951171875,0.077880859375,-0.07958984375,-4.198473282442748,0.6259541984732825,-2.427480916030534,-0.09423828125,-0.98486328125,0.128662109375,-1.0687022900763359,-1.8931297709923665,0.6946564885496184
538,1779653073.198066,-0.953857421875,0.073486328125,-0.1044921875,-4.175572519083969,0.8091603053435115,-2.687022900763359,-0.1025390625,-0.98779296875,0.135986328125,-0.8549618320610687,-2.1603053435114505,0.4732824427480916
539,1779653073.2100585,-0.967529296875,0.073486328125,-0.107666015625,-4.6106870229007635,0.7786259541984732,-2.8931297709923665,-0.094970703125,-0.984130859375,0.127685546875,-0.7786259541984732,-2.0229007633587788,0.4351145038167939
540,1779653073.2220595,-0.953125,0.06591796875,-0.087646484375,-3.6946564885496183,0.8320610687022901,-2.66412213740458,-0.083984375,-0.989501953125,0.135009765625,-0.7633587786259542,-1.5725190839694656,0.6564885496183206
541,1779653073.2342696,-0.9521484375,0.0703125,-0.09716796875,-3.5572519083969465,0.732824427480916,-2.404580152671756,-0.088134765625,-1.0,0.1376953125,-0.6793893129770993,-1.6717557251908397,0.5419847328244275
542,1779653073.2462397,-0.954833984375,0.07861328125,-0.09375,-3.572519083969466,0.8396946564885496,-2.3740458015267176,-0.08349609375,-0.991455078125,0.123046875,-0.9007633587786259,-1.7251908396946565,0.7557251908396947
543,1779653073.258159,-0.952392578125,0.072509765625,-0.0888671875,-3.763358778625954,0.816793893129771,-2.33587786259542,-0.090087890625,-0.993408203125,0.129150390625,-0.549618320610687,-1.8854961832061068,0.648854961832061
544,1779653073.2701151,-0.952880859375,0.08349609375,-0.08935546875,-3.7557251908396947,0.7251908396946565,-2.351145038167939,-0.104736328125,-0.9912109375,0.12451171875,-0.5877862595419847,-2.236641221374046,0.7938931297709924
545,1779653073.2820885,-0.947998046875,0.0791015625,-0.090087890625,-4.641221374045801,0.5877862595419847,-2.480916030534351,-0.0966796875,-0.99267578125,0.12939453125,-0.5419847328244275,-2.3282442748091605,0.6946564885496184
546,1779653073.2940671,-0.9521484375,0.07763671875,-0.09033203125,-4.900763358778626,0.37404580152671757,-2.3893129770992365,-0.08544921875,-0.992919921875,0.129150390625,-0.7175572519083969,-2.312977099236641,0.8015267175572519
547,1779653073.3060513,-0.957275390625,0.07666015625,-0.094970703125,-4.580152671755725,0.04580152671755725,-2.183206106870229,-0.0859375,-0.985595703125,0.122802734375,-0.9847328244274809,-2.2290076335877864,0.8091603053435115
548,1779653073.318053,-0.957275390625,0.0673828125,-0.08544921875,-4.480916030534351,0.07633587786259542,-2.282442748091603,-0.079345703125,-0.985107421875,0.129150390625,-0.8778625954198473,-2.068702290076336,0.8702290076335878
549,1779653073.330002,-0.954345703125,0.066650390625,-0.097412109375,-4.305343511450381,0.25190839694656486,-2.045801526717557,-0.091064453125,-0.98828125,0.132080078125,-0.8473282442748091,-1.7328244274809161,0.9694656488549618
550,1779653073.3420184,-0.95361328125,0.09326171875,-0.107177734375,-4.00763358778626,0.19083969465648856,-1.9770992366412214,-0.102294921875,-0.999755859375,0.1123046875,-0.3969465648854962,-1.702290076335878,0.9236641221374046
551,1779653073.3540149,-0.95361328125,0.076171875,-0.09326171875,-4.137404580152672,0.32061068702290074,-2.015267175572519,-0.109130859375,-0.990966796875,0.11328125,-0.48091603053435117,-1.7251908396946565,0.8854961832061069
552,1779653073.3660257,-0.9482421875,0.07763671875,-0.093505859375,-3.83206106870229,0.2748091603053435,-2.2748091603053435,-0.0859375,-0.982421875,0.13330078125,-0.5267175572519084,-1.5190839694656488,0.816793893129771
553,1779653073.3780193,-0.950927734375,0.07373046875,-0.08935546875,-3.381679389312977,0.07633587786259542,-2.2977099236641223,-0.093017578125,-0.985107421875,0.129150390625,-0.549618320610687,-1.0687022900763359,0.648854961832061
554,1779653073.3900685,-0.95263671875,0.07275390625,-0.093994140625,-3.0839694656488548,0.2366412213740458,-2.053435114503817,-0.092041015625,-0.990234375,0.12890625,-0.5267175572519084,-0.7404580152671756,0.8702290076335878
555,1779653073.4020274,-0.957275390625,0.078125,-0.0908203125,-3.122137404580153,0.09923664122137404,-1.9923664122137406,-0.080810546875,-0.988037109375,0.130615234375,-0.5038167938931297,-0.9923664122137404,0.8549618320610687
556,1779653073.4140046,-0.951904296875,0.08203125,-0.091552734375,-3.9618320610687023,0.42748091603053434,-2.0839694656488548,-0.078857421875,-0.993896484375,0.133544921875,-0.40458015267175573,-1.8549618320610688,0.7862595419847328
557,1779653073.4260108,-0.967529296875,0.0751953125,-0.08740234375,-4.129770992366412,0.5114503816793893,-2.0763358778625953,-0.094970703125,-0.99462890625,0.13134765625,-0.5190839694656488,-2.145038167938931,0.6870229007633588
558,1779653073.4380014,-0.96044921875,0.07861328125,-0.09228515625,-4.106870229007634,0.33587786259541985,-2.2290076335877864,-0.093017578125,-0.990478515625,0.13232421875,-0.3816793893129771,-2.351145038167939,0.6793893129770993
559,1779653073.4500628,-0.952392578125,0.07861328125,-0.081298828125,-4.534351145038168,0.5267175572519084,-2.3282442748091605,-0.088623046875,-0.99560546875,0.116943359375,-0.2366412213740458,-2.427480916030534,0.8320610687022901
560,1779653073.4620352,-0.951904296875,0.074462890625,-0.094970703125,-4.603053435114504,0.6183206106870229,-2.1526717557251906,-0.095703125,-0.9912109375,0.11376953125,-0.35877862595419846,-2.2061068702290076,0.8015267175572519
561,1779653073.4740317,-0.953125,0.07861328125,-0.1044921875,-4.015267175572519,0.1297709923664122,-2.1603053435114505,-0.086669921875,-0.986328125,0.1083984375,-0.35877862595419846,-1.4274809160305344,0.4961832061068702
562,1779653073.4860225,-0.953125,0.07568359375,-0.0986328125,-3.4885496183206106,-0.11450381679389313,-2.2290076335877864,-0.095703125,-0.990478515625,0.1220703125,-0.4122137404580153,-1.0381679389312977,0.7633587786259542
563,1779653073.4980404,-0.95458984375,0.082275390625,-0.09130859375,-3.4198473282442747,-0.061068702290076333,-2.236641221374046,-0.09814453125,-0.985595703125,0.10986328125,-0.2366412213740458,-0.916030534351145,0.46564885496183206
564,1779653073.5100405,-0.95263671875,0.076904296875,-0.085693359375,-3.2061068702290076,-0.183206106870229,-2.3740458015267176,-0.1025390625,-0.996337890625,0.132080078125,-0.2900763358778626,-0.8320610687022901,0.6259541984732825
565,1779653073.5220492,-0.943115234375,0.09130859375,-0.09375,-3.50381679389313,0.030534351145038167,-2.3740458015267176,-0.103271484375,-0.99560546875,0.129638671875,-0.31297709923664124,-1.0534351145038168,0.7557251908396947
566,1779653073.534013,-0.9677734375,0.078857421875,-0.08984375,-3.5877862595419847,1.9236641221374047,-2.3435114503816794,-0.083984375,-0.989990234375,0.123779296875,-0.1297709923664122,-1.5190839694656488,0.7099236641221374
567,1779653073.5460007,-0.9521484375,0.065673828125,-0.092529296875,-3.648854961832061,0.015267175572519083,-2.3740458015267176,-0.0830078125,-0.978759765625,0.117431640625,0.022900763358778626,-1.4198473282442747,0.5877862595419847
568,1779653073.5579817,-0.95068359375,0.073974609375,-0.09619140625,-3.198473282442748,0.0916030534351145,-2.1526717557251906,-0.084228515625,-0.991943359375,0.115966796875,0.2748091603053435,-1.1297709923664123,0.5877862595419847
569,1779653073.5699384,-0.954833984375,0.07421875,-0.089599609375,-3.122137404580153,-0.030534351145038167,-2.3435114503816794,-0.086181640625,-0.983154296875,0.115966796875,-0.22137404580152673,-0.8778625954198473,0.6946564885496184
570,1779653073.5818744,-0.95458984375,0.073486328125,-0.091552734375,-2.8625954198473282,-0.3511450381679389,-2.351145038167939,-0.100341796875,-0.98876953125,0.13134765625,-0.2748091603053435,-0.5877862595419847,0.5725190839694656
571,1779653073.5947506,-0.949951171875,0.081298828125,-0.090576171875,-2.6259541984732824,-0.5190839694656488,-2.404580152671756,-0.102294921875,-0.98876953125,0.1357421875,-0.4351145038167939,-0.6030534351145038,0.31297709923664124
572,1779653073.6066265,-0.95458984375,0.08154296875,-0.082763671875,-2.954198473282443,-0.32061068702290074,-2.7099236641221376,-0.096435546875,-0.989013671875,0.123779296875,-0.12213740458015267,-0.7480916030534351,0.3816793893129771
573,1779653073.6184893,-0.954833984375,0.068359375,-0.0908203125,-3.3893129770992365,0.07633587786259542,-2.549618320610687,-0.089111328125,-0.999755859375,0.131591796875,-0.061068702290076333,-1.2290076335877862,0.4122137404580153
574,1779653073.6304116,-0.951904296875,0.08154296875,-0.09814453125,-3.6259541984732824,0.061068702290076333,-2.2748091603053435,-0.08154296875,-0.992919921875,0.13330078125,-0.22137404580152673,-1.183206106870229,0.6335877862595419
575,1779653073.6423748,-0.957275390625,0.069580078125,-0.091796875,-3.183206106870229,0.06870229007633588,-2.0916030534351147,-0.099365234375,-0.999267578125,0.136474609375,-0.09923664122137404,-1.4045801526717556,0.7480916030534351
576,1779653073.654303,-0.95166015625,0.081298828125,-0.092529296875,-3.732824427480916,0.13740458015267176,-2.3282442748091605,-0.080078125,-0.989501953125,0.12744140625,-0.2595419847328244,-1.9083969465648856,0.6946564885496184
577,1779653073.6664376,-0.947021484375,0.073974609375,-0.094970703125,-3.7557251908396947,0.26717557251908397,-2.2977099236641223,-0.095458984375,-0.9853515625,0.124755859375,-0.45038167938931295,-1.8549618320610688,0.5267175572519084
578,1779653073.678469,-0.939208984375,0.075927734375,-0.0869140625,-3.816793893129771,-1.8778625954198473,-2.3740458015267176,-0.09912109375,-0.993408203125,0.12939453125,-0.549618320610687,-1.6564885496183206,0.5038167938931297
579,1779653073.690446,-0.9541015625,0.092529296875,-0.0888671875,-3.8931297709923665,0.06870229007633588,-2.564885496183206,-0.092041015625,-0.99365234375,0.129638671875,-0.5038167938931297,-1.5877862595419847,0.3893129770992366
580,1779653073.7024136,-0.96875,0.078369140625,-0.07861328125,-3.66412213740458,0.17557251908396945,-2.450381679389313,-0.087890625,-0.9833984375,0.125,-0.3282442748091603,-1.1450381679389312,0.35877862595419846
581,1779653073.7143912,-0.937744140625,0.07421875,-0.0908203125,-3.282442748091603,0.32061068702290074,-2.572519083969466,-0.10888671875,-0.98779296875,0.12890625,-0.17557251908396945,-1.1755725190839694,0.40458015267175573
582,1779653073.726334,-0.952392578125,0.077392578125,-0.0908203125,-3.4198473282442747,0.26717557251908397,-2.404580152671756,-0.082275390625,-0.9873046875,0.1357421875,-0.10687022900763359,-1.618320610687023,0.5267175572519084
583,1779653073.7382753,-0.949462890625,0.08154296875,-0.07958984375,-3.687022900763359,0.3816793893129771,-2.5267175572519083,-0.107666015625,-0.9892578125,0.127685546875,-0.11450381679389313,-1.7251908396946565,0.5877862595419847
584,1779653073.7502139,-0.9560546875,0.07763671875,-0.095947265625,-3.8473282442748094,0.05343511450381679,-2.4580152671755724,-0.079345703125,-0.98876953125,0.115966796875,0.1450381679389313,-1.7328244274809161,0.5267175572519084
585,1779653073.762148,-0.94970703125,0.0751953125,-0.095947265625,-3.2900763358778624,0.07633587786259542,-2.2290076335877864,-0.08642578125,-0.99267578125,0.11181640625,-0.22137404580152673,-1.183206106870229,0.5343511450381679
586,1779653073.774119,-0.94775390625,0.07177734375,-0.087158203125,-3.0763358778625953,-0.183206106870229,-2.2748091603053435,-0.08251953125,-0.985107421875,0.12255859375,-0.3969465648854962,-0.549618320610687,0.6564885496183206
587,1779653073.7860773,-0.953125,0.067138671875,-0.10009765625,-3.0839694656488548,-0.4122137404580153,-2.2290076335877864,-0.08984375,-0.99072265625,0.120361328125,-0.48854961832061067,-0.33587786259541985,0.5343511450381679
588,1779653073.7980175,-0.95654296875,0.07568359375,-0.092529296875,-2.687022900763359,-0.7938931297709924,-2.1068702290076335,-0.099853515625,-0.9873046875,0.13232421875,-0.6183206106870229,-0.3282442748091603,0.7251908396946565
589,1779653073.810037,-0.950439453125,0.08056640625,-0.08837890625,-2.9923664122137406,-0.1984732824427481,-2.4427480916030535,-0.0986328125,-0.982421875,0.1298828125,-0.11450381679389313,0.12213740458015267,0.4351145038167939
590,1779653073.8220346,-0.9658203125,0.0634765625,-0.0888671875,-2.213740458015267,-0.37404580152671757,-2.2900763358778624,-0.09326171875,-0.98681640625,0.133056640625,0.022900763358778626,0.32061068702290074,0.3893129770992366
591,1779653073.8340158,-0.965087890625,0.06396484375,-0.08837890625,-2.1908396946564888,-0.16030534351145037,-2.2442748091603053,-0.090576171875,-0.98828125,0.134521484375,0.13740458015267176,0.03816793893129771,0.4198473282442748
592,1779653073.8460274,-0.958251953125,0.07275390625,-0.087890625,-2.030534351145038,0.19083969465648856,-2.3969465648854964,-0.100341796875,-0.971435546875,0.137939453125,0.19083969465648856,0.1984732824427481,0.44274809160305345
593,1779653073.8580306,-0.939208984375,0.073974609375,-0.087646484375,-1.534351145038168,0.08396946564885496,-2.3893129770992365,-0.091064453125,-0.985595703125,0.132568359375,0.15267175572519084,0.33587786259541985,0.32061068702290074
594,1779653073.8700213,-0.955322265625,0.073974609375,-0.103759765625,-1.2213740458015268,0.061068702290076333,-2.2519083969465647,-0.0947265625,-0.98583984375,0.13671875,-0.183206106870229,0.12213740458015267,0.2595419847328244
595,1779653073.8820264,-0.953369140625,0.083984375,-0.0927734375,-2.3435114503816794,0.13740458015267176,-2.2900763358778624,-0.1015625,-0.98828125,0.1337890625,-0.15267175572519084,-0.9847328244274809,0.48854961832061067
596,1779653073.8940523,-0.95751953125,0.07421875,-0.091796875,-3.4885496183206106,0.3816793893129771,-2.427480916030534,-0.109619140625,-0.99169921875,0.12744140625,-0.3969465648854962,-1.5801526717557253,0.3053435114503817
597,1779653073.9060354,-0.94970703125,0.072509765625,-0.088134765625,-3.7251908396946565,0.3816793893129771,-2.33587786259542,-0.104248046875,-0.98974609375,0.133056640625,-0.22900763358778625,-1.4274809160305344,0.5190839694656488
598,1779653073.9180293,-0.95703125,0.07861328125,-0.093017578125,-3.6717557251908395,0.3816793893129771,-2.564885496183206,-0.1005859375,-0.99072265625,0.119873046875,-0.5572519083969466,-1.5572519083969465,0.37404580152671757
599,1779653073.9300034,-0.9521484375,0.063232421875,-0.09326171875,-3.8931297709923665,0.15267175572519084,-2.6106870229007635,-0.09716796875,-0.9912109375,0.115966796875,-0.48091603053435117,-2.183206106870229,0.549618320610687
600,1779653073.942017,-0.95849609375,0.0771484375,-0.09619140625,-4.320610687022901,0.1450381679389313,-2.5114503816793894,-0.10791015625,-0.9912109375,0.13916015625,-0.4732824427480916,-2.0381679389312977,0.37404580152671757
601,1779653073.9541237,-0.95458984375,0.073974609375,-0.088623046875,-3.5877862595419847,-0.022900763358778626,-2.633587786259542,-0.091064453125,-0.9912109375,0.137939453125,-0.09923664122137404,-1.4274809160305344,0.5190839694656488
602,1779653073.9661498,-0.95703125,0.0732421875,-0.089111328125,-3.3893129770992365,0.0916030534351145,-2.6030534351145036,-0.095947265625,-0.989990234375,0.1220703125,0.061068702290076333,-1.9083969465648856,0.4580152671755725
603,1779653073.978104,-0.958740234375,0.08349609375,-0.09765625,-5.854961832061068,0.17557251908396945,-2.519083969465649,-0.0986328125,-0.9833984375,0.119873046875,0.20610687022900764,-2.030534351145038,0.48854961832061067
604,1779653073.9900923,-0.94873046875,0.076416015625,-0.090576171875,-3.946564885496183,0.09923664122137404,-2.4885496183206106,-0.099609375,-0.99267578125,0.119873046875,-0.1450381679389313,-1.8396946564885497,0.3282442748091603
605,1779653074.0020728,-0.95703125,0.07763671875,-0.09814453125,-4.206106870229007,-0.13740458015267176,-2.5343511450381677,-0.083251953125,-0.987060546875,0.119873046875,-0.25190839694656486,-1.7633587786259541,0.40458015267175573
606,1779653074.0140467,-0.953369140625,0.078125,-0.096435546875,-3.8702290076335877,-0.26717557251908397,-2.480916030534351,-0.08740234375,-0.97265625,0.11962890625,-0.20610687022900764,-1.183206106870229,0.3282442748091603
607,1779653074.0260518,-0.9501953125,0.071044921875,-0.099609375,-3.0076335877862594,-0.46564885496183206,-2.5114503816793894,-0.0927734375,-0.99072265625,0.130859375,-0.07633587786259542,-0.5954198473282443,0.09923664122137404
608,1779653074.0380342,-0.953857421875,0.071533203125,-0.097412109375,-3.1297709923664123,-0.4351145038167939,-2.4580152671755724,-0.088134765625,-0.98876953125,0.119384765625,1.9312977099236641,-0.5648854961832062,0.10687022900763359
609,1779653074.0500011,-0.949951171875,0.0751953125,-0.084716796875,-3.015267175572519,-0.1984732824427481,-2.7251908396946565,-0.10791015625,-0.9853515625,0.135498046875,-0.04580152671755725,-0.9770992366412213,0.25190839694656486
610,1779653074.061997,-0.9501953125,0.08056640625,-0.09375,-3.480916030534351,-0.20610687022900764,-2.7557251908396947,-0.1015625,-0.99609375,0.135009765625,0.07633587786259542,-1.3511450381679388,0.37404580152671757
611,1779653074.0740054,-0.966796875,0.06494140625,-0.092529296875,-3.8091603053435112,-0.22137404580152673,-2.6564885496183206,-0.098388671875,-0.991455078125,0.119384765625,0.07633587786259542,-1.5801526717557253,0.1450381679389313
612,1779653074.0860116,-0.950439453125,0.078369140625,-0.098876953125,-4.190839694656488,0.12213740458015267,-2.5343511450381677,-0.10107421875,-0.985107421875,0.128662109375,-0.13740458015267176,-2.4427480916030535,-0.0916030534351145
613,1779653074.0982494,-0.952392578125,0.080810546875,-0.0888671875,-4.541984732824427,-1.9465648854961832,-2.9923664122137406,-0.09033203125,-0.993408203125,0.136474609375,-0.3816793893129771,-2.7709923664122136,0.21374045801526717
614,1779653074.110209,-0.95361328125,0.07275390625,-0.09619140625,-5.190839694656488,0.21374045801526717,-2.687022900763359,-0.093994140625,-0.981689453125,0.135498046875,-0.2366412213740458,-2.8244274809160306,0.2595419847328244
615,1779653074.122128,-0.953369140625,0.076904296875,-0.108642578125,-4.694656488549619,0.08396946564885496,-2.8702290076335877,-0.100341796875,-0.99169921875,0.12841796875,-0.4122137404580153,-2.4122137404580153,0.2748091603053435
616,1779653074.1340883,-0.953125,0.07275390625,-0.0888671875,-4.129770992366412,-0.061068702290076333,-2.969465648854962,-0.10302734375,-0.990966796875,0.12255859375,-0.4122137404580153,-1.7328244274809161,-0.022900763358778626
617,1779653074.1460378,-0.95068359375,0.06982421875,-0.08154296875,-3.7099236641221376,-0.1450381679389313,-2.83206106870229,-0.099609375,-0.989013671875,0.119140625,-0.35877862595419846,-1.1450381679389312,-0.03816793893129771
618,1779653074.1580355,-0.953125,0.07421875,-0.105712890625,-3.2977099236641223,-0.25190839694656486,-2.854961832061069,-0.091552734375,-0.98876953125,0.11767578125,-0.17557251908396945,-0.26717557251908397,-1.8854961832061068
619,1779653074.1700282,-0.967529296875,0.0732421875,-0.091064453125,-2.6793893129770994,-0.15267175572519084,-2.931297709923664,-0.092041015625,-0.99365234375,0.126708984375,0.16030534351145037,0.45038167938931295,-0.3282442748091603
620,1779653074.1820285,-0.95703125,0.0712890625,-0.083740234375,-1.2748091603053435,-0.4198473282442748,-3.0229007633587788,-0.08935546875,-0.989501953125,0.13818359375,0.1297709923664122,0.732824427480916,-0.40458015267175573
621,1779653074.194057,-0.954833984375,0.07763671875,-0.095703125,-1.4961832061068703,-0.3282442748091603,-2.8931297709923665,-0.103759765625,-0.990478515625,0.13232421875,0.16030534351145037,0.46564885496183206,-0.3893129770992366
622,1779653074.206055,-0.9521484375,0.076904296875,-0.0830078125,-1.7404580152671756,-0.25190839694656486,-3.0610687022900764,-0.10205078125,-0.993896484375,0.13818359375,0.17557251908396945,-0.2366412213740458,-0.46564885496183206
623,1779653074.2181218,-0.951904296875,0.082763671875,-0.093017578125,-2.618320610687023,-0.1450381679389313,-3.145038167938931,-0.101806640625,-0.992919921875,0.13330078125,0.015267175572519083,-0.8396946564885496,-0.13740458015267176
624,1779653074.2300875,-0.954345703125,0.084716796875,-0.09033203125,-3.198473282442748,-0.09923664122137404,-3.282442748091603,-0.090576171875,-0.993896484375,0.125732421875,0.08396946564885496,-1.1908396946564885,-0.3893129770992366
625,1779653074.2420633,-0.9677734375,0.06884765625,-0.10302734375,-3.0839694656488548,-0.22137404580152673,-3.16793893129771,-0.08203125,-0.992431640625,0.12451171875,0.2824427480916031,-0.8625954198473282,-0.1984732824427481
626,1779653074.2540486,-0.95361328125,0.0634765625,-0.10888671875,-2.549618320610687,-0.183206106870229,-3.1374045801526718,-0.072509765625,-0.988525390625,0.11669921875,0.37404580152671757,-0.2366412213740458,-0.20610687022900764
627,1779653074.266049,-0.938232421875,0.0712890625,-0.08984375,-2.0229007633587788,-0.4122137404580153,-3.0763358778625953,-0.07275390625,-0.991943359375,0.124267578125,0.13740458015267176,-0.015267175572519083,0.16030534351145037
628,1779653074.2780592,-0.955810546875,0.075439453125,-0.07958984375,-3.900763358778626,-0.5725190839694656,-2.595419847328244,-0.07470703125,-0.99072265625,0.126708984375,0.3435114503816794,-0.17557251908396945,0.1297709923664122
629,1779653074.2900414,-0.954833984375,0.07373046875,-0.086181640625,-2.5267175572519083,-0.5343511450381679,-2.351145038167939,-0.081298828125,-0.99072265625,0.137939453125,0.33587786259541985,-0.45038167938931295,0.45038167938931295
630,1779653074.3020449,-0.955810546875,0.071533203125,-0.082275390625,-2.931297709923664,-0.5267175572519084,-2.236641221374046,-0.0859375,-0.997314453125,0.1357421875,0.5572519083969466,-0.8244274809160306,0.549618320610687
631,1779653074.3140445,-0.953857421875,0.072265625,-0.092529296875,-3.3053435114503817,-0.5419847328244275,-2.0,-0.07763671875,-0.984130859375,0.130859375,1.9465648854961832,-1.2748091603053435,0.8625954198473282
632,1779653074.3260264,-0.9560546875,0.075439453125,-0.087890625,-3.8091603053435112,-0.549618320610687,-1.9236641221374047,-0.080810546875,-0.9951171875,0.1298828125,-0.04580152671755725,-1.4885496183206106,0.9541984732824428
633,1779653074.3380332,-0.939697265625,0.0712890625,-0.091064453125,-3.4885496183206106,-0.6106870229007634,-1.7938931297709924,-0.06298828125,-0.990234375,0.14013671875,0.07633587786259542,-0.7022900763358778,1.0534351145038168
634,1779653074.350029,-0.94580078125,0.07470703125,-0.086181640625,-2.8625954198473282,-0.9236641221374046,-1.6717557251908397,-0.0869140625,-0.9931640625,0.12939453125,0.10687022900763359,-0.5038167938931297,0.9541984732824428
635,1779653074.3620265,-0.95361328125,0.0712890625,-0.08251953125,-2.6564885496183206,-0.7938931297709924,-1.717557251908397,-0.091552734375,-0.98779296875,0.12939453125,0.08396946564885496,-0.366412213740458,0.9083969465648855
636,1779653074.3740482,-0.951171875,0.077392578125,-0.107177734375,-2.5114503816793894,-0.6106870229007634,-1.6488549618320612,-0.082275390625,-0.969482421875,0.1396484375,0.2366412213740458,-0.4732824427480916,0.8931297709923665
637,1779653074.386063,-0.951416015625,0.078125,-0.08154296875,-3.0229007633587788,-0.33587786259541985,-1.9389312977099236,-0.09716796875,-0.9833984375,0.128173828125,0.3053435114503817,-1.213740458015267,0.8549618320610687
638,1779653074.3980706,-0.95703125,0.0810546875,-0.0888671875,-3.5572519083969465,-0.015267175572519083,-1.7786259541984732,-0.09619140625,-0.986083984375,0.13671875,0.40458015267175573,-1.4427480916030535,1.0076335877862594
639,1779653074.4100342,-0.951904296875,0.073486328125,-0.100830078125,-3.5343511450381677,-0.1450381679389313,-2.030534351145038,-0.1005859375,-0.9921875,0.1328125,-0.21374045801526717,-1.4732824427480915,0.9236641221374046
640,1779653074.4220536,-0.952880859375,0.081787109375,-0.095458984375,-5.847328244274809,-0.16793893129770993,-2.1068702290076335,-0.087646484375,-0.98828125,0.13525390625,-0.44274809160305345,-1.8396946564885497,0.916030534351145
641,1779653074.434041,-0.955322265625,0.076171875,-0.0859375,-4.068702290076335,-0.030534351145038167,-1.984732824427481,-0.092529296875,-0.974609375,0.13818359375,-0.5877862595419847,-1.900763358778626,1.015267175572519
642,1779653074.446029,-0.946533203125,0.076416015625,-0.09375,-4.0458015267175576,0.10687022900763359,-2.0381679389312977,-0.0986328125,-0.9892578125,0.14892578125,-0.46564885496183206,-1.5038167938931297,0.7404580152671756
643,1779653074.458022,-0.952880859375,0.0791015625,-0.102783203125,-3.6259541984732824,0.33587786259541985,-0.03816793893129771,-0.094482421875,-0.988037109375,0.12744140625,-0.3969465648854962,-1.7938931297709924,0.7786259541984732
644,1779653074.4700062,-0.94775390625,0.0751953125,-0.08984375,-5.854961832061068,0.5190839694656488,-2.114503816793893,-0.10888671875,-0.987060546875,0.13623046875,-0.1450381679389313,-2.877862595419847,0.6412213740458015
645,1779653074.4820032,-0.94140625,0.090576171875,-0.09130859375,-5.106870229007634,1.0229007633587786,-2.4198473282442747,-0.093505859375,-0.990966796875,0.126220703125,-0.26717557251908397,-3.2442748091603053,0.7786259541984732
646,1779653074.4939775,-0.943603515625,0.07080078125,-0.092529296875,-5.595419847328245,0.8702290076335878,-2.3053435114503817,-0.085693359375,-0.9853515625,0.126708984375,-0.5114503816793893,-3.2977099236641223,0.8778625954198473
647,1779653074.5059907,-0.955810546875,0.07666015625,-0.08642578125,-5.297709923664122,0.7099236641221374,-2.6030534351145036,-0.084716796875,-0.99072265625,0.1318359375,-0.7251908396946565,-3.2977099236641223,0.8091603053435115
648,1779653074.518005,-0.955810546875,0.07275390625,-0.093994140625,-5.366412213740458,0.4961832061068702,-2.351145038167939,-0.088134765625,-0.98876953125,0.118896484375,-0.6870229007633588,-3.1526717557251906,0.9312977099236641
649,1779653074.5301833,-0.959716796875,0.071044921875,-0.109130859375,-4.923664122137405,0.48854961832061067,-2.312977099236641,-0.091552734375,-0.97607421875,0.12890625,-0.7480916030534351,-2.66412213740458,0.8320610687022901
650,1779653074.542141,-0.955322265625,0.071533203125,-0.092529296875,-5.068702290076335,0.2748091603053435,-2.3740458015267176,-0.0830078125,-0.99169921875,0.118408203125,-0.7175572519083969,-2.450381679389313,0.7862595419847328
651,1779653074.5540984,-0.955322265625,0.071044921875,-0.08740234375,-4.603053435114504,0.4961832061068702,-2.5267175572519083,-0.094970703125,-0.989013671875,0.126220703125,-0.7251908396946565,-2.0610687022900764,0.7099236641221374
652,1779653074.5660594,-0.954345703125,0.075439453125,-0.086669921875,-4.419847328244275,0.22137404580152673,-2.2595419847328246,-0.095458984375,-0.98681640625,0.1181640625,-0.6412213740458015,-1.5419847328244274,0.6412213740458015
653,1779653074.5780082,-0.954833984375,0.07080078125,-0.0849609375,-3.6030534351145036,0.13740458015267176,-2.4198473282442747,-0.0869140625,-0.98828125,0.134765625,-0.3511450381679389,-1.2671755725190839,0.4580152671755725
654,1779653074.5936713,-0.94873046875,0.0693359375,-0.08203125,-3.50381679389313,0.48854961832061067,-2.381679389312977,-0.08837890625,-0.986083984375,0.12841796875,-0.13740458015267176,-1.366412213740458,0.5648854961832062
655,1779653074.6056495,-0.9404296875,0.07470703125,-0.09033203125,-3.4427480916030535,0.3053435114503817,-2.2977099236641223,-0.0947265625,-0.997802734375,0.130859375,-0.09923664122137404,-1.1908396946564885,0.7251908396946565
656,1779653074.61764,-0.9658203125,0.069580078125,-0.096435546875,-3.1908396946564888,1.9389312977099236,-2.2519083969465647,-0.0947265625,-0.98828125,0.12841796875,-0.1450381679389313,-1.1526717557251909,0.6946564885496184
657,1779653074.6295843,-0.96875,0.074462890625,-0.085693359375,-3.1908396946564888,-0.04580152671755725,-2.2442748091603053,-0.10888671875,-0.972412109375,0.140380859375,-0.2824427480916031,-1.099236641221374,0.3282442748091603
658,1779653074.6415236,-0.952880859375,0.07177734375,-0.084228515625,-2.969465648854962,-0.07633587786259542,-2.2519083969465647,-0.1083984375,-0.97216796875,0.126708984375,-0.5114503816793893,-0.5343511450381679,0.2595419847328244
659,1779653074.653465,-0.944580078125,0.07470703125,-0.102294921875,-2.984732824427481,-0.15267175572519084,-2.6259541984732824,-0.07861328125,-0.989013671875,0.129150390625,-0.32061068702290074,-0.6946564885496184,0.3282442748091603
660,1779653074.6654992,-0.957763671875,0.077880859375,-0.08740234375,-2.9618320610687023,-0.08396946564885496,-2.7251908396946565,-0.109375,-0.999755859375,0.1279296875,-0.11450381679389313,-0.48854961832061067,0.16793893129770993
661,1779653074.6775038,-0.94873046875,0.073974609375,-0.096923828125,-2.687022900763359,0.0,-2.6412213740458017,-0.0869140625,-0.989501953125,0.121826171875,-0.10687022900763359,-0.04580152671755725,0.12213740458015267
662,1779653074.6894913,-0.95703125,0.07080078125,-0.093505859375,-1.8549618320610688,-0.21374045801526717,-2.549618320610687,-0.08837890625,-0.985595703125,0.140869140625,0.06870229007633588,0.08396946564885496,-0.06870229007633588
663,1779653074.701531,-0.947998046875,0.075927734375,-0.09130859375,-1.83206106870229,-0.04580152671755725,-2.7251908396946565,-0.1005859375,-0.99072265625,0.1328125,-0.07633587786259542,-0.10687022900763359,1.9312977099236641
664,1779653074.7135112,-0.955810546875,0.073974609375,-0.089599609375,-2.4122137404580153,-0.05343511450381679,-2.595419847328244,-0.1064453125,-0.988037109375,0.132568359375,-0.07633587786259542,-0.9770992366412213,0.12213740458015267
665,1779653074.7255123,-0.9404296875,0.093017578125,-0.093505859375,-3.5114503816793894,0.21374045801526717,-2.7480916030534353,-0.095947265625,-0.985595703125,0.127685546875,-0.22900763358778625,-1.8931297709923665,0.10687022900763359
666,1779653074.7375073,-0.95556640625,0.078369140625,-0.09228515625,-4.190839694656488,0.4122137404580153,-2.8702290076335877,-0.093505859375,-0.9921875,0.1142578125,-0.0916030534351145,-2.2977099236641223,0.0916030534351145
667,1779653074.7495093,-0.96630859375,0.08984375,-0.092529296875,-4.5038167938931295,0.19083969465648856,-3.16793893129771,-0.101318359375,-0.996337890625,0.114013671875,-0.2900763358778626,-2.1603053435114505,1.8854961832061068
668,1779653074.7615209,-0.948974609375,0.0712890625,-0.093505859375,-4.145038167938932,-0.0916030534351145,-2.969465648854962,-0.09619140625,-0.9794921875,0.115234375,-0.20610687022900764,-1.9312977099236641,-1.916030534351145
669,1779653074.7735145,-0.955078125,0.077392578125,-0.099365234375,-2.0381679389312977,1.9389312977099236,-3.015267175572519,-0.094482421875,-0.991455078125,0.1318359375,-0.44274809160305345,-3.9083969465648853,-0.1984732824427481
670,1779653074.7855167,-0.9482421875,0.073486328125,-0.09619140625,-3.9389312977099236,-0.3282442748091603,-3.1603053435114505,-0.091552734375,-0.98583984375,0.125,1.9312977099236641,-1.9236641221374047,-1.9465648854961832
671,1779653074.7975426,-0.951904296875,0.078125,-0.09228515625,-2.0076335877862594,-0.11450381679389313,-2.9083969465648853,-0.090576171875,-0.9931640625,0.117919921875,0.48091603053435117,-1.8931297709923665,1.8625954198473282
672,1779653074.8095336,-0.956787109375,0.07568359375,-0.094970703125,-3.6030534351145036,-0.16793893129770993,-3.053435114503817,-0.078369140625,-0.985595703125,0.117431640625,0.26717557251908397,-1.748091603053435,-0.13740458015267176
673,1779653074.8214538,-0.941162109375,0.072265625,-0.080078125,-3.7557251908396947,-0.4351145038167939,-3.1603053435114505,-0.07861328125,-0.98876953125,0.119384765625,0.0916030534351145,-1.0916030534351144,-0.13740458015267176
674,1779653074.8334858,-0.952392578125,0.067626953125,-0.091064453125,-3.1068702290076335,-0.46564885496183206,-2.8931297709923665,-0.082275390625,-0.9775390625,0.12451171875,0.4351145038167939,-0.8320610687022901,-0.0916030534351145
675,1779653074.8455043,-0.9521484375,0.070556640625,-0.10888671875,-2.9236641221374047,-0.29770992366412213,-2.885496183206107,-0.082275390625,-0.984375,0.127197265625,0.42748091603053434,-0.7862595419847328,-0.11450381679389313
676,1779653074.8575296,-0.957275390625,0.0703125,-0.081298828125,-2.9389312977099236,-0.8091603053435115,-2.984732824427481,-0.088134765625,-0.989990234375,0.123046875,0.5267175572519084,-0.8015267175572519,1.9465648854961832
677,1779653074.8695211,-0.951416015625,0.072998046875,-0.087890625,-3.0381679389312977,-0.6030534351145038,-2.687022900763359,-0.08251953125,-0.987060546875,0.1357421875,0.19083969465648856,-1.0,0.015267175572519083
678,1779653074.8815007,-0.9521484375,0.074462890625,-0.088623046875,-3.3893129770992365,-0.6717557251908397,-2.7099236641221376,-0.069091796875,-0.9970703125,0.132080078125,0.5114503816793893,-0.8091603053435115,0.061068702290076333
679,1779653074.8935163,-0.953125,0.06787109375,-0.096923828125,-2.5572519083969465,-0.9083969465648855,-2.4656488549618323,-0.0830078125,-0.998779296875,0.132080078125,0.37404580152671757,-0.6641221374045801,0.4351145038167939
680,1779653074.9055357,-0.950927734375,0.07275390625,-0.091064453125,-3.5572519083969465,-0.6641221374045801,-2.519083969465649,-0.08154296875,-0.988037109375,0.137451171875,0.0916030534351145,-0.9465648854961832,0.33587786259541985
681,1779653074.9175131,-0.9658203125,0.069580078125,-0.10888671875,-3.2213740458015265,-0.6259541984732825,-2.4732824427480917,-0.1015625,-0.99365234375,0.137451171875,0.183206106870229,-0.9541984732824428,0.366412213740458
682,1779653074.9295197,-0.955078125,0.068359375,-0.103271484375,-3.068702290076336,-0.48854961832061067,-2.427480916030534,-0.0849609375,-0.98095703125,0.125732421875,0.0916030534351145,-0.3893129770992366,0.48091603053435117
683,1779653074.9415038,-0.953125,0.07177734375,-0.078857421875,-2.4885496183206106,-0.42748091603053434,-2.4656488549618323,-0.096923828125,-0.983154296875,0.131103515625,-0.03816793893129771,-0.13740458015267176,0.2900763358778626
684,1779653074.953428,-0.948486328125,0.068359375,-0.10888671875,-2.435114503816794,-0.2595419847328244,-2.381679389312977,-0.0908203125,-0.99072265625,0.143798828125,0.183206106870229,-0.2366412213740458,0.48854961832061067
685,1779653074.9656224,-0.954833984375,0.074462890625,-0.0869140625,-3.053435114503817,-0.04580152671755725,-2.3587786259541983,-0.08740234375,-0.990966796875,0.13671875,0.13740458015267176,-0.7404580152671756,0.732824427480916
686,1779653074.9775875,-0.95751953125,0.07080078125,-0.0908203125,-3.1374045801526718,0.12213740458015267,-2.312977099236641,-0.0732421875,-0.99658203125,0.119384765625,-0.07633587786259542,-0.4351145038167939,0.6870229007633588
687,1779653074.9895458,-0.947998046875,0.072509765625,-0.09033203125,-2.3053435114503817,-0.16030534351145037,-2.1068702290076335,-0.09375,-0.990234375,0.132080078125,0.007633587786259542,-0.22137404580152673,0.7099236641221374
688,1779653075.0015376,-0.950927734375,0.066162109375,-0.08056640625,-2.3053435114503817,-0.3053435114503817,-1.8244274809160306,-0.0830078125,-0.98486328125,0.135498046875,0.11450381679389313,-0.549618320610687,0.8549618320610687
689,1779653075.0135248,-0.9501953125,0.06982421875,-0.087890625,-2.6717557251908395,-0.1984732824427481,-1.8854961832061068,-0.09423828125,-0.99072265625,0.125,-0.16030534351145037,-0.8396946564885496,0.9770992366412213
690,1779653075.0255082,-0.950927734375,0.070068359375,-0.089599609375,-3.2748091603053435,-0.0916030534351145,-1.916030534351145,-0.0966796875,-0.987060546875,0.143310546875,-0.11450381679389313,-1.4122137404580153,1.015267175572519
691,1779653075.0375211,-0.939453125,0.07861328125,-0.0927734375,-4.0,-0.0916030534351145,-1.900763358778626,-0.093994140625,-0.98388671875,0.1259765625,-0.16793893129770993,-2.015267175572519,1.0687022900763359
692,1779653075.0495014,-0.952392578125,0.072509765625,-0.10791015625,-4.6106870229007635,0.1297709923664122,-1.748091603053435,-0.084716796875,-0.9873046875,0.13671875,-0.5267175572519084,-2.381679389312977,1.2671755725190839
693,1779653075.0615098,-0.95654296875,0.072998046875,-0.090576171875,-4.6183206106870225,0.08396946564885496,-1.8091603053435115,-0.092529296875,-0.983642578125,0.12939453125,-0.48091603053435117,-1.8091603053435115,1.3053435114503817
694,1779653075.0734968,-0.956298828125,0.067626953125,-0.088623046875,-3.7480916030534353,-0.09923664122137404,-1.6412213740458015,-0.083251953125,-0.98779296875,0.132568359375,-0.3816793893129771,-1.5114503816793894,1.3206106870229009
695,1779653075.0855076,-0.948486328125,0.072021484375,-0.08642578125,-3.595419847328244,-0.022900763358778626,-1.5419847328244274,-0.093505859375,-0.992919921875,0.131103515625,-0.11450381679389313,-1.213740458015267,1.2900763358778626
696,1779653075.0975468,-0.949462890625,0.074951171875,-0.0927734375,-3.2977099236641223,0.22137404580152673,-1.786259541984733,-0.097900390625,-0.986572265625,0.126220703125,-0.10687022900763359,-1.1145038167938932,1.4122137404580153
697,1779653075.1095395,-0.95849609375,0.074462890625,-0.0888671875,-3.450381679389313,0.33587786259541985,-1.5725190839694656,-0.099609375,-0.988525390625,0.13427734375,-0.31297709923664124,-1.3358778625954197,1.1145038167938932
698,1779653075.121509,-0.947265625,0.092041015625,-0.0830078125,-3.66412213740458,0.32061068702290074,-1.633587786259542,-0.097412109375,-0.98876953125,0.1298828125,-0.732824427480916,-1.534351145038168,1.2213740458015268
699,1779653075.1335065,-0.955810546875,0.07763671875,-0.084228515625,-3.877862595419847,0.12213740458015267,-1.8625954198473282,-0.08056640625,-0.989013671875,0.1357421875,-0.732824427480916,-1.7786259541984732,1.1068702290076335
700,1779653075.1455138,-0.951171875,0.0634765625,-0.084228515625,-4.152671755725191,0.3435114503816794,-1.5954198473282444,-0.08837890625,-0.991943359375,0.140380859375,-0.6717557251908397,-2.0076335877862594,1.450381679389313
701,1779653075.1576679,-0.947998046875,0.06982421875,-0.087646484375,-4.412213740458015,0.648854961832061,-1.4427480916030535,-0.089111328125,-0.986083984375,0.135986328125,-0.5419847328244275,-2.1603053435114505,1.3435114503816794
702,1779653075.1696842,-0.95458984375,0.075439453125,-0.0888671875,-4.221374045801527,0.7557251908396947,-1.6793893129770991,-0.106689453125,-0.98974609375,0.13330078125,-0.549618320610687,-2.0763358778625953,1.549618320610687
703,1779653075.1816223,-0.956787109375,0.068603515625,-0.088134765625,-3.984732824427481,0.40458015267175573,-1.6793893129770991,-0.094970703125,-0.993408203125,0.128173828125,-0.7862595419847328,-1.8625954198473282,1.3053435114503817
704,1779653075.1935544,-0.956787109375,0.071044921875,-0.085205078125,-4.129770992366412,0.2824427480916031,-1.7251908396946565,-0.105224609375,-0.9892578125,0.136962890625,-0.8244274809160306,-2.2061068702290076,1.297709923664122
705,1779653075.2055573,-0.9541015625,0.080322265625,-0.08740234375,-4.809160305343512,0.3816793893129771,-1.6793893129770991,-0.0830078125,-0.98828125,0.127197265625,-0.9083969465648855,-2.49618320610687,1.366412213740458
706,1779653075.2175484,-0.947021484375,0.077880859375,-0.0888671875,-4.526717557251908,0.7022900763358778,-1.9389312977099236,-0.093994140625,-0.985107421875,0.14453125,-0.7709923664122137,-2.1755725190839694,1.381679389312977
707,1779653075.2295115,-0.95361328125,0.0625,-0.108154296875,-4.267175572519084,0.816793893129771,-1.6641221374045803,-0.089599609375,-0.99267578125,0.132568359375,-0.7938931297709924,-0.022900763358778626,1.3893129770992367
708,1779653075.2414198,-0.94140625,0.07470703125,-0.086181640625,-4.259541984732825,0.8778625954198473,-1.618320610687023,-0.084716796875,-0.98876953125,0.134033203125,-0.5648854961832062,-1.6793893129770991,1.3587786259541985
709,1779653075.2533708,-0.949951171875,0.067626953125,-0.092529296875,-3.618320610687023,0.6412213740458015,-1.7786259541984732,-0.10009765625,-0.99072265625,0.13623046875,-0.7862595419847328,-1.2366412213740459,1.1755725190839694
710,1779653075.2653522,-0.939208984375,0.064208984375,-0.088134765625,-3.282442748091603,0.4122137404580153,-1.702290076335878,-0.0986328125,-0.999267578125,0.12841796875,-0.6870229007633588,-1.1450381679389312,1.0916030534351144
711,1779653075.2772908,-0.93798828125,0.066162109375,-0.08984375,-3.648854961832061,0.5038167938931297,-0.04580152671755725,-0.099853515625,-0.97021484375,0.1318359375,-0.5648854961832062,-1.549618320610687,1.1450381679389312
712,1779653075.2892506,-0.939208984375,0.090087890625,-0.0927734375,-3.786259541984733,0.7633587786259542,-0.015267175572519083,-0.104736328125,-0.989013671875,0.11767578125,-0.1450381679389313,-1.4580152671755726,1.1374045801526718
713,1779653075.3011963,-0.9541015625,0.07568359375,-0.091064453125,-3.6412213740458017,0.5572519083969466,-2.0763358778625953,-0.091064453125,-0.981201171875,0.124755859375,0.05343511450381679,-1.6412213740458015,1.2061068702290076
714,1779653075.313102,-0.95361328125,0.071533203125,-0.0830078125,-3.7938931297709924,0.6183206106870229,-1.9083969465648856,-0.093017578125,-0.9892578125,0.126708984375,-0.24427480916030533,-1.6030534351145038,1.0916030534351144
715,1779653075.3250513,-0.9677734375,0.07177734375,-0.09228515625,-3.8625954198473282,0.09923664122137404,-3.8931297709923665,-0.093017578125,-0.98974609375,0.116455078125,-0.7251908396946565,-1.4427480916030535,1.1603053435114503
716,1779653075.337014,-0.9599609375,0.08203125,-0.087890625,-3.6106870229007635,-0.11450381679389313,-1.702290076335878,-0.103271484375,-0.984619140625,0.12158203125,-0.732824427480916,-1.2671755725190839,0.8702290076335878
717,1779653075.3489828,-0.953369140625,0.07666015625,-0.08935546875,-3.6106870229007635,-0.21374045801526717,-2.030534351145038,-0.09619140625,-0.986083984375,0.124267578125,-0.7633587786259542,-0.8473282442748091,0.9083969465648855
718,1779653075.3609858,-0.953369140625,0.07275390625,-0.09423828125,-2.954198473282443,-0.2366412213740458,-1.8091603053435115,-0.10595703125,-0.98193359375,0.14453125,-0.6335877862595419,-0.8549618320610687,0.916030534351145
719,1779653075.372974,-0.954345703125,0.0712890625,-0.092529296875,-3.4198473282442747,-0.08396946564885496,-1.7938931297709924,-0.093994140625,-0.989501953125,0.133544921875,-0.3969465648854962,-0.9236641221374046,0.7786259541984732
720,1779653075.3849382,-0.954833984375,0.076904296875,-0.0927734375,-3.6030534351145036,0.3053435114503817,-1.9389312977099236,-0.104248046875,-0.990234375,0.14013671875,-0.16030534351145037,-0.916030534351145,0.8549618320610687
721,1779653075.3970728,-0.954833984375,0.07421875,-0.0830078125,-3.122137404580153,0.48091603053435117,-2.2061068702290076,-0.09912109375,-0.994140625,0.131591796875,-0.06870229007633588,-1.465648854961832,0.6717557251908397
722,1779653075.4090867,-0.952392578125,0.066650390625,-0.0830078125,-3.480916030534351,0.4732824427480916,-2.198473282442748,-0.092529296875,-0.98876953125,0.128662109375,-1.9389312977099236,-2.122137404580153,0.7557251908396947
723,1779653075.4210303,-0.953125,0.070068359375,-0.09130859375,-1.9694656488549618,0.2900763358778626,-2.2900763358778624,-0.085205078125,-0.98974609375,0.12548828125,-0.1984732824427481,-2.282442748091603,0.7404580152671756
724,1779653075.4329383,-0.953857421875,0.08056640625,-0.089111328125,-4.251908396946565,0.3282442748091603,-2.3893129770992365,-0.092529296875,-0.982177734375,0.12646484375,-0.21374045801526717,-1.7404580152671756,0.5648854961832062
725,1779653075.4449048,-0.953857421875,0.072265625,-0.0927734375,-3.4885496183206106,0.0,-2.122137404580153,-0.105224609375,-0.993896484375,0.12353515625,-0.37404580152671757,-1.549618320610687,0.5648854961832062
726,1779653075.4569008,-0.952392578125,0.077392578125,-0.095947265625,-3.648854961832061,-0.07633587786259542,-2.282442748091603,-0.079833984375,-0.998291015625,0.128662109375,-0.4122137404580153,-1.7633587786259541,0.5877862595419847
727,1779653075.4688282,-0.95703125,0.08154296875,-0.091064453125,-3.7099236641221376,0.08396946564885496,-2.5343511450381677,-0.10107421875,-0.98583984375,0.12841796875,-0.12213740458015267,-2.1755725190839694,0.37404580152671757
728,1779653075.4807386,-0.9521484375,0.078369140625,-0.0859375,-4.641221374045801,0.3053435114503817,-2.5801526717557253,-0.092041015625,-0.993408203125,0.136962890625,-0.17557251908396945,-2.404580152671756,0.6412213740458015
729,1779653075.4926631,-0.95361328125,0.078369140625,-0.094970703125,-4.557251908396947,0.19083969465648856,-2.480916030534351,-0.0859375,-0.99365234375,0.123291015625,0.1450381679389313,-2.1068702290076335,0.5190839694656488
730,1779653075.504607,-0.95458984375,0.06982421875,-0.08447265625,-4.305343511450381,-0.04580152671755725,-2.3435114503816794,-0.064208984375,-0.993408203125,0.1103515625,-1.9541984732824427,-1.6106870229007633,0.5267175572519084
731,1779653075.516549,-0.9580078125,0.07080078125,-0.0927734375,-3.282442748091603,-0.48854961832061067,-2.198473282442748,-0.08154296875,-0.99072265625,0.11767578125,-0.1297709923664122,-0.8473282442748091,0.5267175572519084
732,1779653075.5285118,-0.954345703125,0.0771484375,-0.092529296875,-2.9923664122137406,-0.6870229007633588,-2.068702290076336,-0.093994140625,-0.986083984375,0.12548828125,0.0,-0.3511450381679389,0.549618320610687
733,1779653075.5404904,-0.9521484375,0.071533203125,-0.086181640625,-2.3435114503816794,-0.7633587786259542,-2.2290076335877864,-0.0869140625,-0.988525390625,0.125732421875,-0.06870229007633588,0.09923664122137404,0.4198473282442748
734,1779653075.5524554,-0.96533203125,0.089111328125,-0.08837890625,-2.3587786259541983,-0.8854961832061069,-2.3969465648854964,-0.097900390625,-0.98388671875,0.1240234375,0.04580152671755725,0.2366412213740458,0.2595419847328244
735,1779653075.5643594,-0.951171875,0.080322265625,-0.089111328125,-2.213740458015267,-0.7404580152671756,-2.4580152671755724,-0.1083984375,-0.988037109375,0.140625,0.1450381679389313,0.07633587786259542,0.0916030534351145
736,1779653075.576276,-0.951416015625,0.062744140625,-0.091796875,-2.66412213740458,-0.3282442748091603,-2.5419847328244276,-0.097412109375,-0.99267578125,0.140380859375,0.12213740458015267,-0.40458015267175573,0.3893129770992366
737,1779653075.588533,-0.95849609375,0.075439453125,-0.089111328125,-2.7557251908396947,-0.3511450381679389,-2.595419847328244,-0.085205078125,-0.97509765625,0.131103515625,0.16793893129770993,-0.5954198473282443,0.2900763358778626
738,1779653075.6005561,-0.954345703125,0.0703125,-0.0869140625,-2.7709923664122136,-0.2900763358778626,-2.3969465648854964,-0.085205078125,-0.992919921875,0.13525390625,0.6717557251908397,-0.4351145038167939,0.40458015267175573
739,1779653075.612566,-0.9541015625,0.072265625,-0.09228515625,-1.9770992366412214,-0.2824427480916031,-2.3435114503816794,-0.0849609375,-0.98486328125,0.125732421875,0.2824427480916031,-1.9083969465648856,0.6335877862595419
740,1779653075.6245124,-0.956787109375,0.0771484375,-0.0908203125,-1.9618320610687023,-0.5572519083969466,-2.2290076335877864,-0.08544921875,-0.989013671875,0.141845703125,0.12213740458015267,-0.48854961832061067,0.7557251908396947
741,1779653075.6365378,-0.949951171875,0.078369140625,-0.091064453125,-2.66412213740458,-0.3282442748091603,-2.1297709923664123,-0.091064453125,-0.986328125,0.13916015625,0.15267175572519084,-0.5572519083969466,0.48854961832061067
742,1779653075.6486218,-0.951171875,0.063720703125,-0.099853515625,-3.4198473282442747,-0.4351145038167939,-2.16793893129771,-0.07861328125,-0.990478515625,0.125732421875,-0.16793893129770993,-0.8473282442748091,0.5572519083969466
743,1779653075.6616244,-0.957275390625,0.07373046875,-0.1025390625,-3.3435114503816794,-0.12213740458015267,-2.0,-0.093505859375,-0.998046875,0.1435546875,-0.3053435114503817,-0.31297709923664124,0.7175572519083969
744,1779653075.6736038,-0.952392578125,0.093017578125,-0.103759765625,-2.6564885496183206,-0.22900763358778625,-2.1526717557251906,-0.083740234375,-0.970458984375,0.126220703125,-0.2748091603053435,0.11450381679389313,0.8320610687022901
745,1779653075.6855893,-0.951904296875,0.074462890625,-0.089111328125,-2.114503816793893,-0.31297709923664124,-1.786259541984733,-0.067626953125,-0.996826171875,0.14013671875,-0.21374045801526717,1.1221374045801527,0.8931297709923665
746,1779653075.6975667,-0.955078125,0.064208984375,-0.08349609375,-0.8396946564885496,-0.2595419847328244,-1.6259541984732824,-0.083251953125,-0.984619140625,0.14501953125,-0.2824427480916031,0.7557251908396947,0.8931297709923665
747,1779653075.7096143,-0.950439453125,0.084228515625,-0.087646484375,-1.4427480916030535,0.09923664122137404,-1.8015267175572518,-0.09423828125,-0.988037109375,0.142822265625,-0.08396946564885496,1.9083969465648856,0.8549618320610687
748,1779653075.7215822,-0.94873046875,0.07958984375,-0.086181640625,-2.114503816793893,0.46564885496183206,-1.702290076335878,-0.098876953125,-0.992431640625,0.145263671875,-0.29770992366412213,-0.6412213740458015,0.9923664122137404
749,1779653075.7335289,-0.952880859375,0.085693359375,-0.09033203125,-3.404580152671756,0.48091603053435117,-1.8396946564885497,-0.1044921875,-0.990234375,0.144287109375,-0.32061068702290074,-1.4045801526717556,1.0916030534351144
750,1779653075.7455347,-0.95654296875,0.07373046875,-0.092041015625,-3.549618320610687,0.6870229007633588,-1.984732824427481,-0.101806640625,-0.993408203125,0.1337890625,-0.8320610687022901,-2.3435114503816794,1.1068702290076335
751,1779653075.7575307,-0.9541015625,0.08154296875,-0.08984375,-5.00763358778626,0.6793893129770993,-2.015267175572519,-0.09814453125,-0.9912109375,0.126953125,-0.7786259541984732,-3.16793893129771,1.0763358778625953
752,1779653075.7695198,-0.959716796875,0.075927734375,-0.084716796875,-5.229007633587786,1.1068702290076335,-1.8931297709923665,-0.105224609375,-0.986083984375,0.1259765625,-0.8396946564885496,-2.5877862595419847,0.9465648854961832
753,1779653075.781498,-0.956787109375,0.072998046875,-0.065185546875,-4.572519083969466,0.9541984732824428,-1.9541984732824427,-0.08447265625,-0.990478515625,0.11572265625,-0.6030534351145038,-1.83206106870229,0.9236641221374046
754,1779653075.79349,-0.9541015625,0.07373046875,-0.10205078125,-3.381679389312977,0.7938931297709924,-1.8625954198473282,-0.0791015625,-0.99072265625,0.12646484375,-0.6106870229007634,-1.4122137404580153,1.0305343511450382
755,1779653075.805533,-0.95703125,0.07958984375,-0.088134765625,-3.267175572519084,0.6717557251908397,-1.9083969465648856,-0.096923828125,-0.988525390625,0.118408203125,-0.2824427480916031,-1.2595419847328244,0.7709923664122137
756,1779653075.8174624,-0.956298828125,0.082763671875,-0.089111328125,-3.404580152671756,0.48091603053435117,-2.0229007633587788,-0.09033203125,-0.98779296875,0.123291015625,-0.22137404580152673,-1.1984732824427482,0.8625954198473282
757,1779653075.8297331,-0.947509765625,0.0732421875,-0.09765625,-3.267175572519084,0.2366412213740458,-2.122137404580153,-0.107177734375,-0.98974609375,0.123291015625,-0.5038167938931297,-1.3969465648854962,0.9618320610687023
758,1779653075.841722,-0.947998046875,0.0654296875,-0.088623046875,-3.8244274809160306,0.022900763358778626,-1.8244274809160306,-0.088623046875,-0.982177734375,0.132080078125,-0.5038167938931297,-1.282442748091603,0.9618320610687023
759,1779653075.853692,-0.967041015625,0.074462890625,-0.10107421875,-3.8702290076335877,0.07633587786259542,-1.9389312977099236,-0.07958984375,-0.99072265625,0.12255859375,-0.44274809160305345,-1.0534351145038168,0.8244274809160306
760,1779653075.8656452,-0.9482421875,0.07568359375,-0.0888671875,-3.1374045801526718,-0.08396946564885496,-1.6946564885496183,-0.091552734375,-0.995361328125,0.126220703125,-0.1297709923664122,-0.48091603053435117,0.9312977099236641
761,1779653075.877585,-0.968505859375,0.077880859375,-0.091796875,-2.687022900763359,-0.16793893129770993,-0.04580152671755725,-0.093505859375,-0.9814453125,0.12353515625,-0.05343511450381679,-0.7633587786259542,0.8549618320610687
762,1779653075.889542,-0.9658203125,0.079345703125,-0.107177734375,-3.0381679389312977,-0.10687022900763359,-2.045801526717557,-0.10546875,-0.988037109375,0.120849609375,-0.030534351145038167,-0.8778625954198473,0.7709923664122137
763,1779653075.9015617,-0.954345703125,0.07568359375,-0.093505859375,-3.1603053435114505,-0.33587786259541985,-2.0916030534351147,-0.100341796875,-0.9912109375,0.1318359375,-0.0916030534351145,-0.916030534351145,0.7938931297709924
764,1779653075.913537,-0.95556640625,0.084228515625,-0.1015625,-3.435114503816794,-0.13740458015267176,-2.1755725190839694,-0.08203125,-0.99462890625,0.1103515625,0.09923664122137404,-0.8396946564885496,0.7175572519083969
765,1779653075.9255195,-0.95263671875,0.07080078125,-0.08642578125,-3.1526717557251906,-0.0916030534351145,-2.068702290076336,-0.10302734375,-0.973388671875,0.127685546875,0.16030534351145037,-0.9236641221374046,0.6183206106870229
766,1779653075.9375162,-0.956298828125,0.079833984375,-0.091064453125,-3.3587786259541983,-0.1297709923664122,-2.2748091603053435,-0.097900390625,-0.98681640625,0.122802734375,0.26717557251908397,-0.7175572519083969,0.7404580152671756
767,1779653075.949521,-0.955078125,0.0732421875,-0.087890625,-2.7022900763358777,-0.5725190839694656,-2.3587786259541983,-0.104248046875,-0.98681640625,0.111083984375,0.03816793893129771,-0.2595419847328244,0.44274809160305345
768,1779653075.9615197,-0.937744140625,0.06298828125,-0.089599609375,-2.6106870229007635,-0.6946564885496184,-2.435114503816794,-0.099853515625,-0.985107421875,0.12939453125,-0.061068702290076333,-0.13740458015267176,0.33587786259541985
769,1779653075.9734888,-0.950927734375,0.079345703125,-0.087158203125,-2.7938931297709924,-0.6564885496183206,-2.282442748091603,-0.091552734375,-0.98291015625,0.131103515625,-0.007633587786259542,-0.16793893129770993,0.19083969465648856
770,1779653075.985514,-0.967529296875,0.091064453125,-0.09033203125,-2.450381679389313,-0.48854961832061067,-2.381679389312977,-0.10791015625,-0.986572265625,0.135498046875,0.06870229007633588,0.1984732824427481,0.3816793893129771
771,1779653075.997519,-0.954345703125,0.0634765625,-0.09033203125,-2.183206106870229,-0.5419847328244275,-2.2213740458015265,-0.087646484375,-0.985107421875,0.1259765625,0.44274809160305345,0.3969465648854962,0.3435114503816794
772,1779653076.0095155,-0.95556640625,0.063232421875,-0.08203125,-1.6106870229007633,-0.09923664122137404,-2.3206106870229006,-0.094970703125,-0.986083984375,0.13037109375,0.549618320610687,0.3053435114503817,0.22900763358778625
773,1779653076.0215049,-0.95361328125,0.078369140625,-0.090087890625,-1.816793893129771,-0.22137404580152673,-2.4885496183206106,-0.105224609375,-0.989013671875,0.135009765625,0.4580152671755725,-0.5343511450381679,0.09923664122137404
774,1779653076.0335069,-0.95556640625,0.083984375,-0.09033203125,-2.4885496183206106,-0.15267175572519084,-2.4122137404580153,-0.099365234375,-0.98828125,0.134033203125,0.16030534351145037,-1.5572519083969465,0.3282442748091603
775,1779653076.045501,-0.957275390625,0.0830078125,-0.08544921875,-4.206106870229007,0.12213740458015267,-2.49618320610687,-0.0908203125,-0.987548828125,0.134765625,0.2824427480916031,-2.4122137404580153,0.3053435114503817
776,1779653076.057453,-0.95849609375,0.0751953125,-0.090087890625,-4.442748091603053,-1.9541984732824427,-2.564885496183206,-0.093505859375,-0.981201171875,0.139892578125,-0.183206106870229,-2.8396946564885495,0.5725190839694656
777,1779653076.0694854,-0.968505859375,0.09130859375,-0.087646484375,-5.137404580152672,-0.06870229007633588,-2.4732824427480917,-0.095947265625,-0.98681640625,0.123779296875,-0.2748091603053435,-3.2442748091603053,0.4580152671755725
778,1779653076.081531,-0.93994140625,0.09033203125,-0.09228515625,-5.320610687022901,-0.2748091603053435,-2.595419847328244,-0.100830078125,-0.990234375,0.12744140625,-0.22900763358778625,-2.854961832061069,0.3816793893129771
779,1779653076.0935302,-0.957275390625,0.0703125,-0.108642578125,-4.847328244274809,-0.11450381679389313,-2.7786259541984735,-0.083251953125,-0.987548828125,0.1259765625,-0.46564885496183206,-2.099236641221374,0.24427480916030533
780,1779653076.1056051,-0.954345703125,0.07666015625,-0.085205078125,-4.122137404580153,-0.3282442748091603,-2.6564885496183206,-0.085693359375,-0.999755859375,0.13623046875,-0.20610687022900764,-1.3893129770992367,0.26717557251908397
781,1779653076.117565,-0.9521484375,0.07080078125,-0.0869140625,-3.2442748091603053,-0.24427480916030533,-2.6259541984732824,-0.090576171875,-0.98779296875,0.134033203125,-0.09923664122137404,-0.6946564885496184,0.21374045801526717
782,1779653076.12953,-0.958251953125,0.075927734375,-0.087890625,-2.66412213740458,-0.3282442748091603,-2.50381679389313,-0.089599609375,-0.98779296875,0.1259765625,0.15267175572519084,0.10687022900763359,-1.9389312977099236
783,1779653076.141532,-0.949951171875,0.076904296875,-0.083984375,-1.6564885496183206,-0.29770992366412213,-2.480916030534351,-0.106689453125,-0.9951171875,0.126953125,0.22900763358778625,0.04580152671755725,0.030534351145038167
784,1779653076.1535177,-0.953125,0.07763671875,-0.083251953125,-2.2977099236641223,0.0916030534351145,-2.6564885496183206,-0.10400390625,-0.991455078125,0.12890625,0.2824427480916031,-0.5954198473282443,0.061068702290076333
785,1779653076.1655142,-0.948974609375,0.081298828125,-0.0888671875,-3.267175572519084,-0.16030534351145037,-2.969465648854962,-0.098388671875,-0.982421875,0.136962890625,0.07633587786259542,-1.5038167938931297,0.11450381679389313
786,1779653076.1775072,-0.967041015625,0.0634765625,-0.090087890625,-3.732824427480916,-0.10687022900763359,-2.9770992366412212,-0.098388671875,-0.98876953125,0.13916015625,-0.2595419847328244,-1.8931297709923665,0.3053435114503817
787,1779653076.1895094,-0.9404296875,0.0751953125,-0.089599609375,-3.9770992366412212,-0.04580152671755725,-2.885496183206107,-0.087890625,-0.989013671875,0.1337890625,-0.24427480916030533,-1.6412213740458015,0.015267175572519083
788,1779653076.201489,-0.938720703125,0.089111328125,-0.09375,-3.5419847328244276,-0.1297709923664122,-2.8473282442748094,-0.090576171875,-0.991455078125,0.131591796875,-0.21374045801526717,-1.6106870229007633,0.2900763358778626
789,1779653076.213522,-0.939697265625,0.090576171875,-0.087890625,-3.648854961832061,-0.29770992366412213,-2.7099236641221376,-0.095458984375,-0.991455078125,0.1259765625,-0.31297709923664124,-1.366412213740458,-0.03816793893129771
790,1779653076.2255402,-0.952880859375,0.072998046875,-0.088134765625,-3.3053435114503817,-0.16030534351145037,-2.7786259541984735,-0.09228515625,-0.992919921875,0.133544921875,0.007633587786259542,-0.8015267175572519,0.030534351145038167
791,1779653076.2375758,-0.9521484375,0.07763671875,-0.088134765625,-2.9083969465648853,-0.2595419847328244,-2.519083969465649,-0.09521484375,-0.991943359375,0.123291015625,0.03816793893129771,-0.5877862595419847,0.1297709923664122
792,1779653076.2495346,-0.954833984375,0.077392578125,-0.088134765625,-2.351145038167939,-0.2595419847328244,-2.8091603053435112,-0.0947265625,-0.984619140625,0.11279296875,-0.183206106870229,0.05343511450381679,-0.09923664122137404
793,1779653076.261699,-0.959228515625,0.07666015625,-0.09228515625,-0.0916030534351145,-0.40458015267175573,-2.7709923664122136,-0.092529296875,-0.989990234375,0.128173828125,-0.3282442748091603,0.4122137404580153,-0.31297709923664124
794,1779653076.2736964,-0.955078125,0.06591796875,-0.092529296875,-1.83206106870229,-0.3893129770992366,-2.8473282442748094,-0.10546875,-0.98876953125,0.134033203125,-0.10687022900763359,-0.06870229007633588,-0.2366412213740458
795,1779653076.2856438,-0.947509765625,0.093505859375,-0.0869140625,-2.6946564885496183,0.030534351145038167,-2.8702290076335877,-0.0966796875,-0.992919921875,0.130615234375,0.25190839694656486,-0.7633587786259542,-0.10687022900763359
796,1779653076.2975888,-0.943115234375,0.075927734375,-0.078369140625,-2.9083969465648853,0.2900763358778626,-2.786259541984733,-0.088623046875,-0.993408203125,0.12841796875,0.5419847328244275,-0.6564885496183206,0.1450381679389313
797,1779653076.3095531,-0.9482421875,0.07421875,-0.0859375,-2.4732824427480917,0.29770992366412213,-2.7404580152671754,-0.087646484375,-0.985595703125,0.117919921875,0.2824427480916031,-0.022900763358778626,1.9236641221374047
798,1779653076.3215234,-0.944580078125,0.069091796875,-0.10693359375,-1.8778625954198473,-0.31297709923664124,-2.435114503816794,-0.092041015625,-0.9873046875,0.130859375,-0.21374045801526717,-0.16793893129770993,0.13740458015267176
799,1779653076.3335273,-0.956298828125,0.078125,-0.087646484375,-2.183206106870229,-0.648854961832061,-2.7251908396946565,-0.097900390625,-0.98193359375,0.131103515625,-0.5114503816793893,-0.8625954198473282,0.1984732824427481
800,1779653076.3455172,-0.947998046875,0.080810546875,-0.090087890625,-3.450381679389313,-0.3816793893129771,-2.6259541984732824,-0.104248046875,-0.9921875,0.142822265625,-0.3816793893129771,-1.4045801526717556,0.16793893129770993
801,1779653076.3576615,-0.937744140625,0.077880859375,-0.08740234375,-3.7404580152671754,0.09923664122137404,-2.6717557251908395,-0.093994140625,-0.991943359375,0.1416015625,-0.12213740458015267,-1.816793893129771,0.25190839694656486
802,1779653076.3697076,-0.94873046875,0.074951171875,-0.085205078125,-4.419847328244275,0.2824427480916031,-2.7251908396946565,-0.091064453125,-0.9873046875,0.14208984375,0.09923664122137404,-2.0610687022900764,0.09923664122137404
803,1779653076.3816433,-0.9560546875,0.069580078125,-0.082275390625,-4.030534351145038,0.31297709923664124,-2.6793893129770994,-0.077880859375,-0.988037109375,0.121826171875,0.030534351145038167,-1.366412213740458,-0.022900763358778626
804,1779653076.3935812,-0.967529296875,0.066162109375,-0.096923828125,-2.984732824427481,1.900763358778626,-2.763358778625954,-0.085205078125,-0.98486328125,0.128173828125,-0.20610687022900764,-0.5343511450381679,0.2900763358778626
805,1779653076.405533,-0.9521484375,0.073486328125,-0.098876953125,-2.7022900763358777,-0.2595419847328244,-2.5343511450381677,-0.09033203125,-0.98095703125,0.13232421875,-0.40458015267175573,-0.5648854961832062,0.030534351145038167
806,1779653076.4175417,-0.953857421875,0.075927734375,-0.085205078125,-2.6793893129770994,-0.0916030534351145,-2.6030534351145036,-0.085205078125,-0.994873046875,0.138916015625,0.030534351145038167,-0.6030534351145038,0.13740458015267176
807,1779653076.4295433,-0.95849609375,0.0791015625,-0.08447265625,-2.732824427480916,0.08396946564885496,-2.7557251908396947,-0.088134765625,-0.9892578125,0.131591796875,0.2748091603053435,-0.1984732824427481,-1.9465648854961832
808,1779653076.4415123,-0.958740234375,0.0712890625,-0.08837890625,-2.2900763358778624,0.13740458015267176,-2.7099236641221376,-0.087646484375,-0.99609375,0.121337890625,0.183206106870229,-0.2595419847328244,0.0916030534351145
809,1779653076.4534354,-0.949462890625,0.080810546875,-0.0966796875,-2.8244274809160306,-0.16030534351145037,-2.8931297709923665,-0.09033203125,-0.99072265625,0.12744140625,-0.09923664122137404,-0.8473282442748091,0.16030534351145037
810,1779653076.4653907,-0.953125,0.0771484375,-0.08447265625,-3.053435114503817,-0.2824427480916031,-2.6030534351145036,-0.082763671875,-0.985595703125,0.1259765625,-0.37404580152671757,-0.8015267175572519,0.19083969465648856
811,1779653076.477355,-0.954345703125,0.072021484375,-0.0869140625,-2.9236641221374047,-0.37404580152671757,-2.5801526717557253,-0.087158203125,-0.98486328125,0.127197265625,-0.2748091603053435,-0.4580152671755725,0.25190839694656486
812,1779653076.4893115,-0.94921875,0.0751953125,-0.09619140625,-2.564885496183206,-0.40458015267175573,-2.099236641221374,-0.07763671875,-0.980712890625,0.142822265625,-0.26717557251908397,-0.7633587786259542,0.5954198473282443
813,1779653076.501222,-0.955322265625,0.079833984375,-0.095458984375,-3.099236641221374,-0.1450381679389313,-2.4122137404580153,-0.083251953125,-0.992919921875,0.128662109375,-0.06870229007633588,-0.9770992366412213,0.3816793893129771
814,1779653076.5131786,-0.9462890625,0.06982421875,-0.09375,-3.3740458015267176,0.05343511450381679,-2.3053435114503817,-0.087646484375,-0.984130859375,0.13134765625,-0.1450381679389313,-0.916030534351145,0.3969465648854962
815,1779653076.5250816,-0.950927734375,0.0732421875,-0.083740234375,-3.1068702290076335,1.900763358778626,-2.3206106870229006,-0.093505859375,-0.985595703125,0.135498046875,-0.24427480916030533,-1.0687022900763359,0.48091603053435117
816,1779653076.5370464,-0.967529296875,0.0927734375,-0.08544921875,-2.9236641221374047,-0.04580152671755725,-2.3587786259541983,-0.09375,-0.994140625,0.138671875,-0.13740458015267176,-1.2213740458015268,0.46564885496183206
817,1779653076.5489905,-0.966796875,0.074951171875,-0.089111328125,-3.4656488549618323,0.04580152671755725,-2.3740458015267176,-0.090087890625,-0.987548828125,0.135986328125,-0.0916030534351145,-1.6717557251908397,0.7175572519083969
818,1779653076.5609508,-0.937744140625,0.07177734375,-0.08154296875,-4.099236641221374,0.22900763358778625,-2.236641221374046,-0.094970703125,-0.99072265625,0.145751953125,-0.05343511450381679,-2.267175572519084,0.6259541984732825
819,1779653076.572891,-0.96630859375,0.076171875,-0.08935546875,-4.4961832061068705,0.44274809160305345,-2.435114503816794,-0.08544921875,-0.99609375,0.125732421875,-0.07633587786259542,-2.83206106870229,0.648854961832061
820,1779653076.5849934,-0.958251953125,0.072265625,-0.090087890625,-4.854961832061068,0.4198473282442748,-2.2442748091603053,-0.082763671875,-0.98583984375,0.130615234375,-0.2748091603053435,-2.7480916030534353,0.6259541984732825
821,1779653076.5973902,-0.968017578125,0.070068359375,-0.08984375,-4.801526717557252,0.2748091603053435,-2.2519083969465647,-0.0888671875,-0.996826171875,0.125,-0.6030534351145038,-2.2900763358778624,0.8244274809160306
822,1779653076.609437,-0.951416015625,0.069580078125,-0.080322265625,-5.862595419847328,0.03816793893129771,-2.1755725190839694,-0.08837890625,-0.9853515625,0.13232421875,-0.6870229007633588,-1.8396946564885497,0.7175572519083969
823,1779653076.6214023,-0.94921875,0.072021484375,-0.091552734375,-3.8091603053435112,1.9236641221374047,-1.984732824427481,-0.085693359375,-0.97265625,0.12548828125,-0.48854961832061067,-1.5419847328244274,0.8091603053435115
824,1779653076.6333888,-0.950927734375,0.073974609375,-0.088134765625,-3.8244274809160306,0.0,-2.0839694656488548,-0.109375,-0.987548828125,0.153564453125,-0.366412213740458,-1.786259541984733,0.6793893129770993
825,1779653076.645336,-0.953125,0.078125,-0.092041015625,-3.8702290076335877,0.4198473282442748,-2.3587786259541983,-0.107666015625,-0.999755859375,0.129638671875,-0.12213740458015267,-1.2595419847328244,0.4122137404580153
826,1779653076.6573234,-0.966064453125,0.071044921875,-0.103759765625,-3.0916030534351147,0.22900763358778625,-2.4580152671755724,-0.091796875,-0.988525390625,0.13232421875,-0.2900763358778626,-0.6030534351145038,0.48854961832061067
827,1779653076.6692476,-0.951904296875,0.07421875,-0.0927734375,-2.687022900763359,1.9389312977099236,-2.2595419847328246,-0.0888671875,-0.994873046875,0.13134765625,-0.5267175572519084,-0.3435114503816794,0.5114503816793893
828,1779653076.6811883,-0.95751953125,0.081298828125,-0.09033203125,-2.7251908396946565,0.03816793893129771,-2.1603053435114505,-0.0869140625,-0.98779296875,0.128173828125,-0.4198473282442748,-0.7786259541984732,0.7251908396946565
829,1779653076.6933365,-0.94775390625,0.0712890625,-0.082763671875,-3.1374045801526718,0.10687022900763359,-2.2213740458015265,-0.087158203125,-0.99365234375,0.13232421875,-0.4122137404580153,-1.3206106870229009,0.6030534351145038
830,1779653076.705361,-0.9677734375,0.0625,-0.09033203125,-3.4885496183206106,0.183206106870229,-2.282442748091603,-0.083740234375,-0.988525390625,0.13134765625,-0.22137404580152673,-1.6412213740458015,0.9236641221374046
831,1779653076.7174497,-0.965576171875,0.075439453125,-0.08935546875,-4.022900763358779,0.3893129770992366,-2.2519083969465647,-0.081298828125,-0.987548828125,0.113037109375,-0.21374045801526717,-2.1068702290076335,0.7557251908396947
832,1779653076.729436,-0.95556640625,0.093017578125,-0.086669921875,-4.557251908396947,0.20610687022900764,-2.1374045801526718,-0.08349609375,-0.97900390625,0.13330078125,-0.32061068702290074,-2.267175572519084,0.7938931297709924
833,1779653076.7413754,-0.93896484375,0.0791015625,-0.08154296875,-4.33587786259542,0.1450381679389313,-2.351145038167939,-0.09375,-0.988037109375,0.12255859375,-0.6259541984732825,-1.900763358778626,0.7022900763358778
834,1779653076.7533596,-0.944091796875,0.07275390625,-0.09033203125,-5.816793893129771,-0.04580152671755725,-2.16793893129771,-0.09716796875,-0.980224609375,0.1279296875,-0.3511450381679389,-1.1068702290076335,0.6030534351145038
835,1779653076.7653542,-0.953369140625,0.066650390625,-0.087646484375,-3.450381679389313,0.0916030534351145,-2.1374045801526718,-0.088134765625,-0.997314453125,0.129150390625,-0.25190839694656486,-0.8549618320610687,0.5190839694656488
836,1779653076.7773433,-0.9482421875,0.07421875,-0.092041015625,-3.1374045801526718,-0.061068702290076333,-2.435114503816794,-0.08447265625,-0.986572265625,0.134521484375,-0.11450381679389313,-0.48091603053435117,0.5190839694656488
837,1779653076.789287,-0.95751953125,0.071533203125,-0.089111328125,-2.801526717557252,-0.15267175572519084,-2.198473282442748,-0.097900390625,-0.997314453125,0.13134765625,-0.33587786259541985,-0.31297709923664124,0.5190839694656488
838,1779653076.8012066,-0.95068359375,0.072265625,-0.0888671875,-2.801526717557252,1.9389312977099236,-2.2061068702290076,-0.100341796875,-0.99853515625,0.137451171875,-0.2900763358778626,-0.5954198473282443,0.5648854961832062
839,1779653076.813169,-0.95751953125,0.07421875,-0.082275390625,-2.9083969465648853,0.11450381679389313,-2.2900763358778624,-0.095703125,-0.98974609375,0.112548828125,-0.24427480916030533,-1.2213740458015268,0.6183206106870229
840,1779653076.8251107,-0.949462890625,0.072509765625,-0.084228515625,-3.900763358778626,0.183206106870229,-2.3740458015267176,-0.10595703125,-0.972900390625,0.134765625,-1.9541984732824427,-1.9312977099236641,0.5572519083969466
841,1779653076.8370442,-0.9521484375,0.080322265625,-0.086669921875,-4.0458015267175576,0.3282442748091603,-2.33587786259542,-0.100830078125,-0.99169921875,0.12744140625,-0.0916030534351145,-1.8854961832061068,0.4732824427480916
842,1779653076.849016,-0.95361328125,0.079833984375,-0.09033203125,-3.7251908396946565,0.0916030534351145,-2.1603053435114505,-0.08349609375,-0.990478515625,0.140380859375,-0.007633587786259542,-1.3587786259541985,0.5801526717557252
843,1779653076.8609934,-0.951171875,0.07275390625,-0.087158203125,-3.4656488549618323,-0.015267175572519083,-2.3435114503816794,-0.087890625,-0.983642578125,0.12646484375,-0.04580152671755725,-1.0687022900763359,0.6259541984732825
844,1779653076.8729372,-0.954345703125,0.065673828125,-0.092041015625,-3.312977099236641,-0.31297709923664124,-2.2595419847328246,-0.0849609375,-0.994873046875,0.12841796875,-0.17557251908396945,-0.8244274809160306,0.5801526717557252
845,1779653076.8848796,-0.94677734375,0.0703125,-0.089111328125,-3.015267175572519,-0.4351145038167939,-2.213740458015267,-0.08935546875,-0.9833984375,0.128662109375,0.061068702290076333,-0.3511450381679389,0.5114503816793893
846,1779653076.8968534,-0.955078125,0.07470703125,-0.0927734375,-2.7786259541984735,-0.3435114503816794,-2.33587786259542,-0.087646484375,-0.9833984375,0.126220703125,-0.10687022900763359,-0.7251908396946565,0.48091603053435117
847,1779653076.9088287,-0.94140625,0.0927734375,-0.082763671875,-3.0,-0.37404580152671757,-2.1297709923664123,-0.10546875,-0.986328125,0.135986328125,-0.183206106870229,-0.7862595419847328,0.33587786259541985
848,1779653076.9207733,-0.954833984375,0.07275390625,-0.08154296875,-3.2900763358778624,-0.3816793893129771,-2.1603053435114505,-0.092529296875,-0.9853515625,0.13037109375,-0.366412213740458,-0.8015267175572519,0.5343511450381679
849,1779653076.9327142,-0.958984375,0.07177734375,-0.088623046875,-3.0916030534351147,-0.40458015267175573,-2.450381679389313,-0.095947265625,-0.980712890625,0.140869140625,-0.35877862595419846,-1.2748091603053435,0.3511450381679389
850,1779653076.9446385,-0.958251953125,0.0810546875,-0.08642578125,-3.519083969465649,-0.366412213740458,-2.450381679389313,-0.09912109375,-0.996826171875,0.153076171875,-0.45038167938931295,-2.145038167938931,0.5877862595419847
851,1779653076.9565663,-0.9541015625,0.079833984375,-0.086181640625,-4.816793893129771,0.2595419847328244,-2.404580152671756,-0.0849609375,-0.99267578125,0.14404296875,-0.08396946564885496,-2.9083969465648853,0.648854961832061
852,1779653076.9685616,-0.953369140625,0.073486328125,-0.08642578125,-5.145038167938932,0.5954198473282443,-2.3587786259541983,-0.091064453125,-0.9765625,0.127685546875,1.9389312977099236,-3.2900763358778624,0.6030534351145038
853,1779653076.9805453,-0.94775390625,0.078369140625,-0.091796875,-5.305343511450381,0.8702290076335878,-2.648854961832061,-0.0888671875,-0.98583984375,0.1328125,-0.10687022900763359,-3.145038167938931,0.7022900763358778
854,1779653076.9925427,-0.961181640625,0.0751953125,-0.087158203125,-4.916030534351145,0.5190839694656488,-2.5114503816793894,-0.08544921875,-0.98486328125,0.12109375,-0.32061068702290074,-2.213740458015267,0.6183206106870229
855,1779653077.00454,-0.9541015625,0.0673828125,-0.084228515625,-3.7480916030534353,0.40458015267175573,-2.3893129770992365,-0.082275390625,-0.9921875,0.125244140625,-0.44274809160305345,-1.3206106870229009,0.46564885496183206
856,1779653077.0165396,-0.951904296875,0.072509765625,-0.09326171875,-3.183206106870229,-1.9083969465648856,-2.2290076335877864,-0.088623046875,-0.98583984375,0.13232421875,-0.48854961832061067,-1.1984732824427482,0.5648854961832062
857,1779653077.0285165,-0.93994140625,0.0693359375,-0.08251953125,-3.3740458015267176,0.20610687022900764,-2.1297709923664123,-0.097412109375,-0.972412109375,0.134765625,-0.2824427480916031,-1.213740458015267,0.5648854961832062
858,1779653077.0405335,-0.967529296875,0.062744140625,-0.082275390625,-3.854961832061069,0.48854961832061067,-2.3282442748091605,-0.0966796875,-0.9873046875,0.13037109375,-0.16030534351145037,-1.618320610687023,0.48091603053435117
859,1779653077.0524657,-0.9404296875,0.07470703125,-0.09326171875,-4.030534351145038,0.37404580152671757,-2.6106870229007635,-0.106689453125,-0.98681640625,0.13427734375,-0.29770992366412213,-1.8549618320610688,0.6641221374045801
860,1779653077.0644035,-0.938720703125,0.070068359375,-0.091064453125,-4.305343511450381,0.2595419847328244,-2.4732824427480917,-0.078857421875,-0.994384765625,0.13525390625,-0.3969465648854962,-1.6106870229007633,0.6717557251908397
861,1779653077.0763845,-0.957275390625,0.07275390625,-0.089599609375,-3.6564885496183206,-0.19083969465648856,-2.312977099236641,-0.080078125,-0.990966796875,0.128173828125,-0.4122137404580153,-1.0305343511450382,0.4580152671755725
862,1779653077.0883477,-0.95703125,0.06298828125,-0.08251953125,-2.9770992366412212,-0.366412213740458,-2.068702290076336,-0.073974609375,-0.985595703125,0.125244140625,-0.26717557251908397,-0.4961832061068702,0.5419847328244275
863,1779653077.100302,-0.957763671875,0.072509765625,-0.09375,-2.6717557251908395,-0.3893129770992366,-2.114503816793893,-0.086669921875,-0.986083984375,0.130126953125,-0.22900763358778625,-0.7557251908396947,0.5877862595419847
864,1779653077.1122382,-0.956787109375,0.077392578125,-0.09228515625,-3.0610687022900764,-0.05343511450381679,-2.122137404580153,-0.08447265625,-0.983154296875,0.140380859375,-0.17557251908396945,-1.2442748091603053,0.7633587786259542
865,1779653077.1243794,-0.954833984375,0.076416015625,-0.088623046875,-3.7786259541984735,0.10687022900763359,-2.0229007633587788,-0.098876953125,-0.986572265625,0.13232421875,-0.05343511450381679,-1.1297709923664123,0.6335877862595419
866,1779653077.1363728,-0.940185546875,0.072021484375,-0.08642578125,-3.0381679389312977,0.0,-2.2061068702290076,-0.107177734375,-0.98486328125,0.13037109375,-0.46564885496183206,-1.0076335877862594,0.5419847328244275
867,1779653077.1483529,-0.943115234375,0.073486328125,-0.0869140625,-3.3969465648854964,-0.07633587786259542,-2.1374045801526718,-0.0947265625,-0.9833984375,0.135498046875,-0.16030534351145037,-1.2748091603053435,0.5877862595419847
868,1779653077.1602929,-0.950439453125,0.089111328125,-0.107421875,-3.5572519083969465,-0.022900763358778626,-2.435114503816794,-0.09375,-0.989990234375,0.135498046875,-0.32061068702290074,-1.4351145038167938,0.7938931297709924
869,1779653077.1722322,-0.950927734375,0.074462890625,-0.083740234375,-3.7251908396946565,0.12213740458015267,-2.2061068702290076,-0.0927734375,-0.994140625,0.13330078125,-0.08396946564885496,-1.549618320610687,0.46564885496183206
870,1779653077.1841483,-0.954833984375,0.077392578125,-0.087890625,-3.50381679389313,0.11450381679389313,-2.5114503816793894,-0.088623046875,-0.990478515625,0.1259765625,-0.007633587786259542,-1.6793893129770991,0.5954198473282443
871,1779653077.1960816,-0.943359375,0.0625,-0.086669921875,-4.282442748091603,0.21374045801526717,-2.1526717557251906,-0.0791015625,-0.984130859375,0.124755859375,-0.030534351145038167,-2.045801526717557,0.7099236641221374
872,1779653077.2081027,-0.941650390625,0.07275390625,-0.088623046875,-4.030534351145038,1.9389312977099236,-2.2748091603053435,-0.087890625,-0.99169921875,0.12451171875,-0.1297709923664122,-1.6793893129770991,0.4961832061068702
873,1779653077.2200835,-0.958740234375,0.071533203125,-0.082275390625,-3.5267175572519083,-0.07633587786259542,-2.213740458015267,-0.093505859375,-0.987060546875,0.126953125,-0.31297709923664124,-1.251908396946565,0.5419847328244275
874,1779653077.2320497,-0.94677734375,0.07275390625,-0.09033203125,-3.2748091603053435,-0.40458015267175573,-2.351145038167939,-0.103271484375,-0.9990234375,0.138427734375,-0.4122137404580153,-1.3358778625954197,0.31297709923664124
875,1779653077.2440326,-0.959716796875,0.080810546875,-0.0810546875,-3.3893129770992365,-0.4732824427480916,-2.435114503816794,-0.09912109375,-0.98486328125,0.11865234375,-0.3893129770992366,-1.748091603053435,0.40458015267175573
876,1779653077.2560356,-0.950439453125,0.081298828125,-0.087158203125,-4.190839694656488,-0.1984732824427481,-2.7022900763358777,-0.0888671875,-0.989990234375,0.126953125,-0.06870229007633588,-1.6793893129770991,0.45038167938931295
877,1779653077.2680438,-0.9541015625,0.0732421875,-0.09228515625,-5.862595419847328,-1.9312977099236641,-2.435114503816794,-0.08837890625,-0.9912109375,0.134765625,0.16030534351145037,-1.618320610687023,0.4122137404580153
878,1779653077.280034,-0.957275390625,0.07421875,-0.082275390625,-3.7022900763358777,1.9465648854961832,-2.2977099236641223,-0.08056640625,-0.983154296875,0.109130859375,0.4122137404580153,-0.7480916030534351,0.4198473282442748
879,1779653077.2919729,-0.955322265625,0.07763671875,-0.10205078125,-2.633587786259542,-0.3053435114503817,-2.2595419847328246,-0.077880859375,-0.99169921875,0.13037109375,0.2595419847328244,-0.20610687022900764,0.3893129770992366
880,1779653077.3039236,-0.944091796875,0.076171875,-0.0859375,-2.351145038167939,-0.4122137404580153,-0.061068702290076333,-0.095458984375,-0.9912109375,0.12548828125,0.183206106870229,0.17557251908396945,0.1450381679389313
881,1779653077.3160167,-0.957275390625,0.07177734375,-0.0869140625,-1.6106870229007633,-0.5877862595419847,-2.366412213740458,-0.10986328125,-0.9931640625,0.14013671875,-0.21374045801526717,0.2900763358778626,0.1297709923664122
882,1779653077.328023,-0.949951171875,0.0810546875,-0.086181640625,-2.3206106870229006,-0.6870229007633588,-2.7557251908396947,-0.101318359375,-0.994873046875,0.125,-0.21374045801526717,0.1450381679389313,-0.07633587786259542
883,1779653077.3399808,-0.953857421875,0.07373046875,-0.083740234375,-2.404580152671756,-0.48091603053435117,-2.7709923664122136,-0.10498046875,-0.977294921875,0.14697265625,1.8854961832061068,-0.03816793893129771,0.07633587786259542
884,1779653077.3519633,-0.949462890625,0.074951171875,-0.082275390625,-2.6259541984732824,-0.015267175572519083,-3.030534351145038,-0.09375,-0.991943359375,0.14208984375,0.48854961832061067,-0.9770992366412213,0.3053435114503817
885,1779653077.3639548,-0.951904296875,0.07177734375,-0.084228515625,-3.2748091603053435,0.366412213740458,-2.732824427480916,-0.08642578125,-0.9873046875,0.13427734375,0.3969465648854962,-0.9694656488549618,0.09923664122137404
886,1779653077.375956,-0.9560546875,0.07666015625,-0.08642578125,-2.7099236641221376,0.4122137404580153,-2.931297709923664,-0.0927734375,-0.99072265625,0.13427734375,0.007633587786259542,-0.9770992366412213,0.2900763358778626
887,1779653077.3879445,-0.956298828125,0.06640625,-0.087890625,-3.1297709923664123,-0.10687022900763359,-2.450381679389313,-0.090087890625,-0.99267578125,0.13818359375,-0.5190839694656488,-2.2595419847328246,0.3511450381679389
888,1779653077.3999557,-0.94921875,0.07373046875,-0.08740234375,-4.732824427480916,0.0916030534351145,-2.648854961832061,-0.098388671875,-0.978515625,0.134765625,-0.6030534351145038,-3.2061068702290076,0.4732824427480916
889,1779653077.4119966,-0.9482421875,0.071533203125,-0.088134765625,-5.3893129770992365,0.09923664122137404,-2.5877862595419847,-0.084228515625,-0.990234375,0.137451171875,-0.5648854961832062,-2.618320610687023,0.4198473282442748
890,1779653077.4240222,-0.955322265625,0.069580078125,-0.087890625,-4.312977099236641,0.15267175572519084,-2.717557251908397,-0.096435546875,-0.991943359375,0.126220703125,-0.29770992366412213,-1.8091603053435115,0.183206106870229
891,1779653077.4360213,-0.951416015625,0.075927734375,-0.088134765625,-3.854961832061069,0.32061068702290074,-2.687022900763359,-0.086669921875,-0.989501953125,0.13623046875,-0.5114503816793893,-1.5801526717557253,0.3282442748091603
892,1779653077.448027,-0.953857421875,0.069580078125,-0.083251953125,-3.5877862595419847,0.061068702290076333,-2.7099236641221376,-0.084716796875,-0.99169921875,0.13330078125,-0.5267175572519084,-1.0458015267175573,0.24427480916030533
893,1779653077.4600384,-0.953369140625,0.07275390625,-0.09619140625,-3.236641221374046,0.3511450381679389,-2.7404580152671754,-0.0927734375,-0.986328125,0.139892578125,-0.3816793893129771,-0.7557251908396947,0.16030534351145037
894,1779653077.4720342,-0.9521484375,0.07470703125,-0.08349609375,-2.8625954198473282,0.3893129770992366,-2.549618320610687,-0.081298828125,-0.986083984375,0.1357421875,-0.2824427480916031,-1.1068702290076335,0.19083969465648856
895,1779653077.4840312,-0.947021484375,0.074462890625,-0.088623046875,-3.572519083969466,0.6564885496183206,-2.480916030534351,-0.107666015625,-0.98779296875,0.11669921875,-0.05343511450381679,-1.7557251908396947,0.35877862595419846
896,1779653077.496038,-0.955810546875,0.07373046875,-0.091552734375,-3.83206106870229,0.5343511450381679,-2.7404580152671754,-0.1025390625,-0.98974609375,0.1142578125,0.08396946564885496,-1.6259541984732824,0.16793893129770993
897,1779653077.508023,-0.965087890625,0.06640625,-0.100830078125,-3.6564885496183206,0.15267175572519084,-2.549618320610687,-0.1015625,-0.994384765625,0.12841796875,-0.42748091603053434,-1.465648854961832,0.183206106870229
898,1779653077.520055,-0.96728515625,0.070556640625,-0.081298828125,-3.381679389312977,-0.24427480916030533,-2.877862595419847,-0.087646484375,-0.986328125,0.126220703125,-0.6946564885496184,-1.3969465648854962,0.3053435114503817
899,1779653077.5320601,-0.95556640625,0.08642578125,-0.08984375,-3.7786259541984735,-0.29770992366412213,-2.763358778625954,-0.08740234375,-0.98779296875,0.12548828125,-0.5114503816793893,-1.4274809160305344,0.1984732824427481
900,1779653077.5440266,-0.952392578125,0.0732421875,-0.0908203125,-3.8244274809160306,-0.0916030534351145,-2.763358778625954,-0.0859375,-0.986328125,0.130615234375,-0.2824427480916031,-0.9770992366412213,0.22137404580152673
901,1779653077.5564015,-0.95849609375,0.072265625,-0.083984375,-3.16793893129771,-0.015267175572519083,-2.6793893129770994,-0.09375,-0.998046875,0.1279296875,-0.15267175572519084,-0.549618320610687,0.0916030534351145
902,1779653077.5686095,-0.9677734375,0.069580078125,-0.088134765625,-2.648854961832061,0.08396946564885496,-2.5572519083969465,-0.08984375,-0.98974609375,0.124755859375,0.061068702290076333,-0.31297709923664124,0.11450381679389313
903,1779653077.5805638,-0.964599609375,0.071533203125,-0.09033203125,-2.267175572519084,-0.2748091603053435,-2.5877862595419847,-0.084716796875,-0.98388671875,0.133056640625,-0.0916030534351145,-0.09923664122137404,0.13740458015267176
904,1779653077.5929613,-0.95068359375,0.0771484375,-0.0849609375,-2.3206106870229006,-0.32061068702290074,-2.8473282442748094,-0.10693359375,-0.9873046875,0.1337890625,-0.2824427480916031,-0.1297709923664122,1.916030534351145
905,1779653077.6049678,-0.948486328125,0.069091796875,-0.08837890625,-2.3740458015267176,-0.33587786259541985,-2.6412213740458017,-0.09033203125,-0.9921875,0.1337890625,0.08396946564885496,-0.19083969465648856,-0.061068702290076333
906,1779653077.6170845,-0.952880859375,0.0703125,-0.0830078125,-2.618320610687023,-0.12213740458015267,-2.6412213740458017,-0.075927734375,-0.985107421875,0.124267578125,0.5725190839694656,-1.9465648854961832,0.16030534351145037
907,1779653077.6290774,-0.95458984375,0.065185546875,-0.086669921875,-1.5954198473282444,-0.24427480916030533,-2.7557251908396947,-0.0947265625,-0.995849609375,0.127685546875,0.24427480916030533,-0.183206106870229,0.061068702290076333
908,1779653077.641041,-0.95361328125,0.080078125,-0.0830078125,-2.519083969465649,-0.3511450381679389,-2.564885496183206,-0.0859375,-0.98291015625,0.130126953125,0.33587786259541985,-0.5801526717557252,0.31297709923664124
909,1779653077.6530247,-0.95361328125,0.069580078125,-0.0869140625,-2.7099236641221376,-0.5572519083969466,-2.427480916030534,-0.091064453125,-0.9912109375,0.119384765625,-0.12213740458015267,-0.4732824427480916,0.10687022900763359
910,1779653077.6650383,-0.95654296875,0.0732421875,-0.089599609375,-2.648854961832061,-0.7938931297709924,-2.6793893129770994,-0.099853515625,-0.9833984375,0.1259765625,-0.15267175572519084,-0.5648854961832062,0.022900763358778626
911,1779653077.677053,-0.9521484375,0.078369140625,-0.091796875,-2.8625954198473282,-0.6717557251908397,-2.801526717557252,-0.093505859375,-0.9853515625,0.130126953125,-0.015267175572519083,-0.9007633587786259,0.32061068702290074
912,1779653077.689047,-0.955810546875,0.078125,-0.08154296875,-3.6259541984732824,-0.12213740458015267,-2.519083969465649,-0.075927734375,-0.99169921875,0.13232421875,0.1984732824427481,-0.9618320610687023,0.15267175572519084
913,1779653077.701039,-0.956298828125,0.04736328125,-0.0927734375,-3.2213740458015265,-0.3053435114503817,-2.3740458015267176,-0.074462890625,-0.98779296875,0.132080078125,0.40458015267175573,-0.31297709923664124,0.3435114503816794
914,1779653077.7131064,-0.951904296875,0.065185546875,-0.0927734375,-2.3053435114503817,-0.40458015267175573,-2.3206106870229006,-0.0810546875,-0.989501953125,0.125732421875,0.366412213740458,0.16793893129770993,0.48854961832061067
915,1779653077.7250586,-0.95458984375,0.073974609375,-0.107666015625,-1.8091603053435115,-0.5648854961832062,-2.1603053435114505,-0.0888671875,-0.988037109375,0.130615234375,0.12213740458015267,-1.9389312977099236,0.2824427480916031
916,1779653077.737057,-0.967529296875,0.063232421875,-0.08837890625,-2.4427480916030535,-0.9083969465648855,-2.198473282442748,-0.089599609375,-0.991943359375,0.13232421875,-0.022900763358778626,-0.7022900763358778,0.5114503816793893
917,1779653077.7490566,-0.9521484375,0.075439453125,-0.08837890625,-2.8625954198473282,-0.5419847328244275,-2.3587786259541983,-0.10546875,-0.998779296875,0.13623046875,0.061068702290076333,-0.7099236641221374,0.4580152671755725
918,1779653077.7610514,-0.957275390625,0.06640625,-0.090087890625,-2.969465648854962,-0.5801526717557252,-2.4656488549618323,-0.109130859375,-0.994873046875,0.15576171875,0.2748091603053435,-0.9847328244274809,0.4580152671755725
919,1779653077.7730527,-0.948486328125,0.0693359375,-0.08447265625,-3.572519083969466,-0.25190839694656486,-2.5267175572519083,-0.065673828125,-0.999267578125,0.14111328125,0.22900763358778625,-1.3206106870229009,0.3969465648854962
920,1779653077.7850544,-0.950927734375,0.07275390625,-0.08935546875,-3.4885496183206106,0.030534351145038167,-2.4427480916030535,-0.066650390625,-0.98583984375,0.128173828125,0.2595419847328244,-0.7633587786259542,0.4961832061068702
921,1779653077.7970126,-0.951416015625,0.06787109375,-0.09130859375,-2.66412213740458,-0.22137404580152673,-2.2595419847328246,-0.07568359375,-0.987060546875,0.1416015625,-0.07633587786259542,-0.17557251908396945,0.4580152671755725
922,1779653077.8090572,-0.96875,0.069580078125,-0.085693359375,-2.450381679389313,-0.549618320610687,-2.0763358778625953,-0.079833984375,-0.9873046875,0.13916015625,-0.3511450381679389,-0.29770992366412213,0.6717557251908397
923,1779653077.8210678,-0.953125,0.07275390625,-0.080810546875,-3.0229007633587788,-0.33587786259541985,-2.0610687022900764,-0.090576171875,-0.990478515625,0.144287109375,-0.6183206106870229,-1.4045801526717556,0.9389312977099237
924,1779653077.8330328,-0.939697265625,0.077392578125,-0.093505859375,-3.8625954198473282,0.2824427480916031,-1.8473282442748091,-0.092041015625,-0.9892578125,0.147705078125,-0.4351145038167939,-1.7328244274809161,0.8854961832061069
925,1779653077.8450072,-0.957275390625,0.074462890625,-0.0869140625,-5.8396946564885495,0.35877862595419846,-2.1526717557251906,-0.095947265625,-0.987548828125,0.129150390625,-0.13740458015267176,-1.7404580152671756,0.5419847328244275
926,1779653077.8570197,-0.9541015625,0.07666015625,-0.0849609375,-3.763358778625954,0.45038167938931295,-2.4732824427480917,-0.103759765625,-0.989990234375,0.131103515625,-0.2748091603053435,-2.0,0.6335877862595419
927,1779653077.868993,-0.952392578125,0.075439453125,-0.086669921875,-4.2748091603053435,0.42748091603053434,-2.618320610687023,-0.093994140625,-0.986572265625,0.135009765625,-0.3511450381679389,-2.687022900763359,0.7862595419847328
928,1779653077.8810077,-0.954833984375,0.069580078125,-0.08740234375,-4.770992366412214,0.7099236641221374,-2.7022900763358777,-0.08837890625,-0.98876953125,0.125,-0.42748091603053434,-2.717557251908397,0.7786259541984732
929,1779653077.8929749,-0.95361328125,0.074951171875,-0.0810546875,-4.488549618320611,0.6030534351145038,-2.480916030534351,-0.0712890625,-0.987060546875,0.1201171875,-0.4351145038167939,-1.8702290076335877,0.45038167938931295
930,1779653077.9050746,-0.95751953125,0.064208984375,-0.089111328125,-3.7251908396946565,0.3511450381679389,-2.4198473282442747,-0.085205078125,-0.985107421875,0.126220703125,-0.45038167938931295,-1.297709923664122,0.48854961832061067
931,1779653077.9170654,-0.95361328125,0.077880859375,-0.089599609375,-3.4122137404580153,0.10687022900763359,-2.122137404580153,-0.091064453125,-0.9892578125,0.12646484375,-0.6183206106870229,-1.1755725190839694,0.5419847328244275
932,1779653077.9290423,-0.950439453125,0.07470703125,-0.085205078125,-3.2442748091603053,-0.12213740458015267,-2.4198473282442747,-0.100830078125,-0.983154296875,0.13720703125,-0.5343511450381679,-1.297709923664122,0.35877862595419846
933,1779653077.9410157,-0.96875,0.0732421875,-0.072265625,-3.6793893129770994,0.2900763358778626,-2.3969465648854964,-0.106689453125,-0.990234375,0.1396484375,-0.5038167938931297,-1.8702290076335877,0.26717557251908397
934,1779653077.9530027,-0.9521484375,0.071533203125,-0.08935546875,-4.435114503816794,0.3511450381679389,-2.6564885496183206,-0.10205078125,-0.970458984375,0.153564453125,-0.5190839694656488,-2.7251908396946565,0.20610687022900764
935,1779653077.9649975,-0.949462890625,0.077392578125,-0.087646484375,-4.717557251908397,0.7938931297709924,-2.954198473282443,-0.087890625,-0.98779296875,0.13818359375,-0.5267175572519084,-2.7938931297709924,0.2366412213740458
936,1779653077.9769945,-0.95166015625,0.071044921875,-0.0849609375,-4.816793893129771,0.4732824427480916,-2.83206106870229,-0.08056640625,-0.985107421875,0.12548828125,-0.4198473282442748,-2.6946564885496183,0.08396946564885496
937,1779653077.9891713,-0.9521484375,0.06591796875,-0.0849609375,-4.015267175572519,0.648854961832061,-2.9770992366412212,-0.080078125,-0.986083984375,0.1298828125,-0.6870229007633588,-1.3511450381679388,-0.16793893129770993
938,1779653078.0011675,-0.958984375,0.06640625,-0.089111328125,-2.8473282442748094,0.45038167938931295,-2.9389312977099236,-0.104248046875,-0.986572265625,0.129150390625,-0.6641221374045801,-0.5267175572519084,-0.015267175572519083
939,1779653078.013095,-0.951171875,0.072998046875,-0.08056640625,-2.6564885496183206,0.21374045801526717,-3.1068702290076335,-0.0947265625,-0.98974609375,0.124267578125,-0.732824427480916,-0.3282442748091603,-0.26717557251908397
940,1779653078.0250669,-0.96875,0.071533203125,-0.08154296875,-2.618320610687023,0.183206106870229,-3.0229007633587788,-0.091796875,-0.989501953125,0.129638671875,-0.183206106870229,-0.7862595419847328,-0.16030534351145037
941,1779653078.0370293,-0.968505859375,0.072509765625,-0.09130859375,-2.9236641221374047,0.35877862595419846,-3.030534351145038,-0.072021484375,-0.994140625,0.13232421875,0.13740458015267176,-0.6183206106870229,0.0
942,1779653078.0489907,-0.96826171875,0.06640625,-0.0859375,-2.3893129770992365,0.46564885496183206,-2.8931297709923665,-0.07080078125,-0.99560546875,0.0986328125,0.48091603053435117,-0.21374045801526717,0.05343511450381679
943,1779653078.0608947,-0.95654296875,0.0673828125,-0.095458984375,-2.1297709923664123,0.05343511450381679,-2.4732824427480917,-0.06591796875,-0.99267578125,0.119384765625,0.40458015267175573,1.8549618320610688,0.366412213740458
944,1779653078.0728707,-0.955810546875,0.06884765625,-0.091064453125,-1.8854961832061068,-0.3893129770992366,-2.3206106870229006,-0.074462890625,-0.996826171875,0.109130859375,0.24427480916030533,0.24427480916030533,0.5343511450381679
945,1779653078.0848393,-0.95654296875,0.050048828125,-0.088134765625,-1.6946564885496183,-0.9923664122137404,-2.16793893129771,-0.06787109375,-0.991943359375,0.12890625,0.04580152671755725,0.5725190839694656,0.6106870229007634
946,1779653078.0967479,-0.939453125,0.072998046875,-0.08056640625,-1.7938931297709924,-1.1068702290076335,-1.9770992366412214,-0.08349609375,-0.99072265625,0.132568359375,-0.17557251908396945,-0.09923664122137404,0.6106870229007634
947,1779653078.1086938,-0.961669921875,0.07421875,-0.07958984375,-2.633587786259542,-1.1221374045801527,-2.0381679389312977,-0.0859375,-0.98681640625,0.148681640625,-0.33587786259541985,-0.6946564885496184,0.6259541984732825
948,1779653078.1206536,-0.951904296875,0.075439453125,-0.082275390625,-3.66412213740458,-1.0,-2.0839694656488548,-0.108642578125,-0.96923828125,0.14453125,-0.0916030534351145,-1.3129770992366412,0.7175572519083969
949,1779653078.132603,-0.947998046875,0.074462890625,-0.08642578125,-3.8702290076335877,-0.6641221374045801,-2.3435114503816794,-0.092041015625,-0.99072265625,0.1357421875,0.2595419847328244,-1.4732824427480915,0.6106870229007634
950,1779653078.1445403,-0.949951171875,0.071533203125,-0.092041015625,-3.3587786259541983,-0.030534351145038167,-2.1068702290076335,-0.093994140625,-0.9873046875,0.1396484375,0.5877862595419847,-0.2900763358778626,0.46564885496183206
951,1779653078.156534,-0.953857421875,0.06689453125,-0.089599609375,-1.748091603053435,-0.4580152671755725,-2.198473282442748,-0.103515625,-0.991455078125,0.12451171875,0.4961832061068702,0.5648854961832062,0.21374045801526717
952,1779653078.168517,-0.951416015625,0.07275390625,-0.083984375,-1.251908396946565,-0.7938931297709924,-2.5419847328244276,-0.0947265625,-0.987548828125,0.135986328125,0.42748091603053434,0.8549618320610687,0.0
953,1779653078.1805015,-0.954345703125,0.072265625,-0.086181640625,-1.1450381679389312,-1.0,-2.5572519083969465,-0.1044921875,-0.987060546875,0.144287109375,0.21374045801526717,0.8702290076335878,-0.06870229007633588
954,1779653078.192501,-0.949462890625,0.0751953125,-0.081787109375,-1.3969465648854962,-0.6793893129770993,-3.0839694656488548,-0.109375,-0.982421875,0.14208984375,0.16030534351145037,0.5419847328244275,-0.3969465648854962
955,1779653078.2045133,-0.951904296875,0.0732421875,-0.084716796875,-1.702290076335878,-0.3969465648854962,-3.2213740458015265,-0.106689453125,-0.987548828125,0.14990234375,-1.9541984732824427,-0.40458015267175573,-0.4351145038167939
956,1779653078.216552,-0.966552734375,0.080810546875,-0.090087890625,-3.2061068702290076,0.04580152671755725,-3.4732824427480917,-0.12109375,-0.99072265625,0.13232421875,-1.9541984732824427,-1.3206106870229009,-0.7633587786259542
957,1779653078.2285378,-0.939453125,0.072998046875,-0.080810546875,-3.549618320610687,0.2366412213740458,-3.5343511450381677,-0.099365234375,-0.995361328125,0.1298828125,0.13740458015267176,-0.7786259541984732,-0.5877862595419847
958,1779653078.2405362,-0.958251953125,0.062744140625,-0.0927734375,-2.7022900763358777,0.2595419847328244,-3.7480916030534353,-0.084716796875,-0.99072265625,0.116943359375,0.366412213740458,-0.1450381679389313,-0.9847328244274809
959,1779653078.2525444,-0.955810546875,0.064697265625,-0.085693359375,-1.4961832061068703,-0.31297709923664124,-3.7251908396946565,-0.07080078125,-0.99169921875,0.121337890625,0.04580152671755725,0.9770992366412213,-1.0916030534351144
960,1779653078.2645175,-0.95556640625,0.054443359375,-0.08544921875,-0.08396946564885496,-0.5190839694656488,-3.3740458015267176,-0.088134765625,-0.983154296875,0.135009765625,0.40458015267175573,1.5038167938931297,-0.9770992366412213
961,1779653078.2765207,-0.956298828125,0.06787109375,-0.08935546875,-0.12213740458015267,-0.6793893129770993,-3.4580152671755724,-0.090576171875,-0.989501953125,0.130126953125,0.8854961832061069,1.3053435114503817,-0.7938931297709924
962,1779653078.288507,-0.95703125,0.066650390625,-0.07958984375,-0.648854961832061,-0.061068702290076333,-3.49618320610687,-0.08251953125,-0.995849609375,0.1279296875,1.297709923664122,0.549618320610687,-0.8931297709923665
963,1779653078.3005164,-0.968505859375,0.070068359375,-0.085205078125,-1.7404580152671756,-0.3511450381679389,-3.5343511450381677,-0.072998046875,-0.974853515625,0.111328125,1.183206106870229,0.1450381679389313,-0.5267175572519084
964,1779653078.3124633,-0.95556640625,0.064697265625,-0.09033203125,-1.7404580152671756,-0.7786259541984732,-3.1526717557251906,-0.069580078125,-0.988037109375,0.111328125,0.7862595419847328,0.3511450381679389,-0.32061068702290074
965,1779653078.3245316,-0.961181640625,0.0673828125,-0.098388671875,-1.8778625954198473,-1.3969465648854962,-3.2519083969465647,-0.058349609375,-0.974609375,0.123046875,0.07633587786259542,0.7480916030534351,0.8091603053435115
966,1779653078.33652,-0.94677734375,0.076171875,-0.097900390625,-1.366412213740458,-2.2519083969465647,-3.6259541984732824,-0.079345703125,-0.988525390625,0.131591796875,-0.32061068702290074,0.2900763358778626,1.7557251908396947
967,1779653078.3485098,-0.959716796875,0.04736328125,-0.08642578125,-1.1221374045801527,-2.366412213740458,-4.1603053435114505,-0.111328125,-0.9794921875,0.138916015625,-0.3969465648854962,-0.06870229007633588,2.4656488549618323
968,1779653078.360527,-0.93896484375,0.09716796875,-0.071044921875,-4.4961832061068705,-1.5114503816793894,-4.587786259541985,-0.117919921875,-0.96142578125,0.16162109375,-0.29770992366412213,-1.381679389312977,3.0916030534351147
969,1779653078.3725333,-0.97705078125,0.060546875,-0.069580078125,-1.5725190839694656,-0.9541984732824428,-5.480916030534351,-0.088134765625,-1.012451171875,0.141845703125,-0.24427480916030533,-0.6259541984732825,4.366412213740458
970,1779653078.3845322,-0.93359375,0.070556640625,-0.09130859375,-3.2595419847328246,-0.8244274809160306,-6.221374045801527,-0.09228515625,-0.989501953125,0.16552734375,-0.007633587786259542,-1.8244274809160306,5.129770992366412
971,1779653078.3965225,-0.95654296875,0.07568359375,-0.07861328125,-4.297709923664122,-0.4580152671755725,-6.511450381679389,-0.086669921875,-0.984375,0.145263671875,-0.9236641221374046,-0.015267175572519083,5.305343511450381
972,1779653078.4084659,-0.943359375,0.057861328125,-0.064697265625,-4.374045801526718,0.030534351145038167,-6.33587786259542,-0.096923828125,-1.003662109375,0.145751953125,-0.5877862595419847,-3.9083969465648853,4.877862595419847
973,1779653078.4206314,-0.92333984375,0.048095703125,-0.067626953125,-4.1603053435114505,0.5343511450381679,-6.1603053435114505,-0.0830078125,-0.985595703125,0.163818359375,-0.1984732824427481,-3.8396946564885495,3.8625954198473282
974,1779653078.4326048,-0.95458984375,0.05419921875,-0.08935546875,-3.099236641221374,0.8091603053435115,-5.519083969465649,-0.086181640625,-0.968017578125,0.13623046875,0.183206106870229,-1.5954198473282444,3.0610687022900764
975,1779653078.4445548,-0.96337890625,0.056884765625,-0.067138671875,-3.351145038167939,1.1068702290076335,-4.511450381679389,-0.070068359375,-1.007568359375,0.143798828125,0.1450381679389313,-0.04580152671755725,1.4961832061068703
976,1779653078.4565804,-0.951416015625,0.051025390625,-0.080078125,-3.7557251908396947,0.9694656488549618,-3.2061068702290076,-0.07763671875,-0.999267578125,0.133056640625,0.24427480916030533,-1.4809160305343512,0.1984732824427481
977,1779653078.4685457,-0.95458984375,0.048828125,-0.0849609375,-2.1603053435114505,0.8854961832061069,-2.6259541984732824,-0.077392578125,-0.973388671875,0.12255859375,0.16793893129770993,-0.22137404580152673,0.20610687022900764
978,1779653078.4805346,-0.955810546875,0.06494140625,-0.08740234375,-2.145038167938931,0.5648854961832062,-2.4198473282442747,-0.0927734375,-0.98681640625,0.137451171875,-0.24427480916030533,0.030534351145038167,0.2748091603053435
979,1779653078.4925268,-0.950927734375,0.06005859375,-0.0869140625,-0.08396946564885496,0.2900763358778626,-2.4198473282442747,-0.0810546875,-0.997802734375,0.13330078125,-0.4580152671755725,-0.5725190839694656,0.4351145038167939
980,1779653078.5045264,-0.965576171875,0.063720703125,-0.083984375,-3.7786259541984735,0.4580152671755725,-2.145038167938931,-0.07373046875,-0.97509765625,0.1123046875,-0.7251908396946565,-1.8625954198473282,0.6717557251908397
981,1779653078.5165374,-0.956787109375,0.0654296875,-0.084716796875,-4.67175572519084,0.2595419847328244,-2.1603053435114505,-0.078369140625,-0.989990234375,0.134765625,-1.099236641221374,-2.33587786259542,0.816793893129771
982,1779653078.5285304,-0.940185546875,0.072998046875,-0.083740234375,-4.732824427480916,-0.183206106870229,-2.3282442748091605,-0.0830078125,-0.982177734375,0.13134765625,-1.1068702290076335,-0.007633587786259542,0.8091603053435115
983,1779653078.5405,-0.953369140625,0.07470703125,-0.08740234375,-4.114503816793893,-0.10687022900763359,-2.2290076335877864,-0.0810546875,-0.987548828125,0.140380859375,-1.0229007633587786,-1.6488549618320612,0.7862595419847328
984,1779653078.5524576,-0.94873046875,0.056884765625,-0.08203125,-3.618320610687023,0.16793893129770993,-2.366412213740458,-0.090087890625,-0.982666015625,0.14013671875,-0.7480916030534351,-1.6412213740458015,0.7709923664122137
985,1779653078.5643826,-0.951904296875,0.04736328125,-0.08056640625,-4.106870229007634,0.7709923664122137,-2.183206106870229,-0.096435546875,-0.98876953125,0.14990234375,-0.2824427480916031,-1.6717557251908397,0.6870229007633588
986,1779653078.5763333,-0.94873046875,0.059814453125,-0.090576171875,-3.9389312977099236,1.015267175572519,-2.2213740458015265,-0.09033203125,-0.988037109375,0.140869140625,-0.2824427480916031,-2.122137404580153,0.7862595419847328
987,1779653078.588606,-0.95361328125,0.059326171875,-0.08740234375,-4.312977099236641,1.0763358778625953,-2.3587786259541983,-0.08251953125,-0.98095703125,0.1357421875,-0.6870229007633588,-2.1603053435114505,0.8320610687022901
988,1779653078.6006095,-0.95703125,0.062744140625,-0.088134765625,-4.541984732824427,1.0687022900763359,-2.1297709923664123,-0.07861328125,-0.984375,0.1328125,-0.9618320610687023,-2.50381679389313,0.9541984732824428
989,1779653078.6125667,-0.9619140625,0.0478515625,-0.088134765625,-4.2748091603053435,0.7862595419847328,-0.08396946564885496,-0.082763671875,-0.984375,0.134521484375,-1.2213740458015268,-2.4427480916030535,1.0458015267175573
990,1779653078.624564,-0.957275390625,0.062744140625,-0.08837890625,-4.709923664122138,0.8091603053435115,-1.9694656488549618,-0.092529296875,-0.98583984375,0.141845703125,-1.0458015267175573,-2.6793893129770994,1.0229007633587786
991,1779653078.6365702,-0.953125,0.05078125,-0.080322265625,-4.969465648854962,0.8549618320610687,-2.045801526717557,-0.09765625,-0.982666015625,0.146240234375,-0.9541984732824428,-2.4427480916030535,0.8396946564885496
992,1779653078.6485412,-0.938720703125,0.048828125,-0.0830078125,-4.442748091603053,1.0916030534351144,-2.068702290076336,-0.10009765625,-0.987548828125,0.127197265625,-1.0687022900763359,-2.5572519083969465,0.8473282442748091
993,1779653078.6605303,-0.956298828125,0.06494140625,-0.0791015625,-4.99236641221374,1.1297709923664123,-2.2977099236641223,-0.081787109375,-0.986572265625,0.133544921875,-1.0534351145038168,-3.099236641221374,0.9770992366412213
994,1779653078.672558,-0.957763671875,0.0654296875,-0.087890625,-5.450381679389313,1.2290076335877862,-2.282442748091603,-0.104736328125,-0.986328125,0.15087890625,-1.0076335877862594,-3.9083969465648853,0.8702290076335878
995,1779653078.6845737,-0.954833984375,0.06103515625,-0.0810546875,-6.290076335877862,1.4732824427480915,-2.2061068702290076,-0.078125,-0.995361328125,0.130615234375,-0.9312977099236641,-4.122137404580153,1.1221374045801527
996,1779653078.6965437,-0.957275390625,0.056396484375,-0.090576171875,-6.259541984732825,1.5114503816793894,-2.1755725190839694,-0.089599609375,-0.9892578125,0.1318359375,-0.9083969465648855,-3.931297709923664,1.297709923664122
997,1779653078.7085268,-0.958740234375,0.059814453125,-0.087646484375,-5.778625954198473,1.2290076335877862,-2.030534351145038,-0.080078125,-0.992431640625,0.124267578125,-0.8778625954198473,-3.6946564885496183,1.16793893129771
998,1779653078.7205546,-0.93994140625,0.0771484375,-0.08349609375,-5.748091603053435,1.3587786259541985,-2.0916030534351147,-0.083984375,-0.99365234375,0.1181640625,-0.8549618320610687,-3.572519083969466,1.1374045801526718
999,1779653078.7325628,-0.937744140625,0.059814453125,-0.085693359375,-5.7251908396946565,1.1374045801526718,-1.9770992366412214,-0.078369140625,-0.99072265625,0.12060546875,-0.8473282442748091,-3.6564885496183206,1.1755725190839694
1000,1779653078.7445467,-0.955810546875,0.06005859375,-0.088134765625,-5.541984732824427,0.6564885496183206,-1.8778625954198473,-0.09033203125,-0.991943359375,0.121826171875,-0.8549618320610687,-2.7251908396946565,1.16793893129771
1001,1779653078.756687,-0.953369140625,0.056884765625,-0.082763671875,-4.816793893129771,0.5343511450381679,-1.717557251908397,-0.089111328125,-0.985107421875,0.118408203125,-0.6259541984732825,-2.183206106870229,1.1984732824427482
1002,1779653078.7687101,-0.95751953125,0.058349609375,-0.087890625,-4.145038167938932,0.31297709923664124,-1.7709923664122138,-0.087890625,-0.98291015625,0.117431640625,-0.5114503816793893,-1.6488549618320612,1.2748091603053435
1003,1779653078.780627,-0.953369140625,0.05908203125,-0.094482421875,-3.931297709923664,-0.030534351145038167,-1.816793893129771,-0.07861328125,-0.986328125,0.119873046875,-0.48091603053435117,-1.4122137404580153,1.0763358778625953
1004,1779653078.7925558,-0.953369140625,0.0615234375,-0.087158203125,-3.7709923664122136,-0.10687022900763359,-1.8091603053435115,-0.093017578125,-0.991943359375,0.124755859375,-0.3282442748091603,-1.465648854961832,1.213740458015267
1005,1779653078.804534,-0.957275390625,0.064208984375,-0.083984375,-2.0381679389312977,0.05343511450381679,-1.4885496183206106,-0.09033203125,-0.989013671875,0.11962890625,-0.21374045801526717,-1.4351145038167938,1.2213740458015268
1006,1779653078.8165233,-0.947998046875,0.060791015625,-0.096435546875,-3.595419847328244,-0.16030534351145037,-1.3969465648854962,-0.0927734375,-0.98681640625,0.13232421875,-0.3053435114503817,-1.2290076335877862,1.1526717557251909
1007,1779653078.8285677,-0.953369140625,0.06103515625,-0.08544921875,-3.3893129770992365,-0.48091603053435117,-1.4580152671755726,-0.0849609375,-0.994384765625,0.134033203125,-0.2900763358778626,-0.9847328244274809,1.1297709923664123
1008,1779653078.8405302,-0.952392578125,0.0634765625,-0.083740234375,-3.0839694656488548,-0.2366412213740458,-1.5114503816793894,-0.08447265625,-0.973388671875,0.137939453125,-0.5954198473282443,-0.7709923664122137,1.16793893129771
1009,1779653078.8527296,-0.9541015625,0.0634765625,-0.090087890625,-2.9770992366412212,-0.3282442748091603,-1.4198473282442747,-0.108642578125,-0.9931640625,0.144287109375,-0.48854961832061067,-0.8396946564885496,1.1603053435114503
1010,1779653078.8646932,-0.9521484375,0.063232421875,-0.090576171875,-3.450381679389313,-0.007633587786259542,-1.8091603053435115,-0.09619140625,-0.988037109375,0.1455078125,-0.5267175572519084,-1.0229007633587786,0.9541984732824428
1011,1779653078.8766346,-0.952392578125,0.068115234375,-0.08544921875,-3.66412213740458,0.5190839694656488,-1.8702290076335877,-0.095458984375,-0.984375,0.149169921875,-0.2900763358778626,-1.3282442748091603,1.1221374045801527
1012,1779653078.8885698,-0.961181640625,0.068359375,-0.07763671875,-3.7404580152671754,0.5954198473282443,-0.015267175572519083,-0.10498046875,-0.98681640625,0.1455078125,-0.29770992366412213,-1.7404580152671756,1.083969465648855
1013,1779653078.900559,-0.95751953125,0.066650390625,-0.087890625,-3.8625954198473282,0.8702290076335878,-1.7709923664122138,-0.0859375,-0.997314453125,0.132080078125,-0.3511450381679389,-0.007633587786259542,1.0916030534351144
1014,1779653078.9125133,-0.9541015625,0.060791015625,-0.08984375,-4.061068702290076,0.6641221374045801,-1.7633587786259541,-0.102783203125,-1.0,0.125244140625,-0.5114503816793893,-2.572519083969466,1.1068702290076335
1015,1779653078.9245393,-0.961669921875,0.0673828125,-0.08642578125,-4.641221374045801,0.9007633587786259,-1.8931297709923665,-0.101318359375,-0.97998046875,0.139404296875,-0.6717557251908397,-3.0610687022900764,1.2366412213740459
1016,1779653078.9365294,-0.957275390625,0.072509765625,-0.085205078125,-5.236641221374046,0.8091603053435115,-1.9694656488549618,-0.094482421875,-0.980224609375,0.135009765625,-0.8931297709923665,-3.236641221374046,1.0076335877862594
1017,1779653078.9485023,-0.93896484375,0.0673828125,-0.08837890625,-5.076335877862595,0.4351145038167939,-3.9083969465648853,-0.09375,-0.986328125,0.13037109375,-1.0,-2.984732824427481,1.099236641221374
1018,1779653078.9604442,-0.95849609375,0.06103515625,-0.0849609375,-5.32824427480916,0.7557251908396947,-2.1755725190839694,-0.097900390625,-0.987548828125,0.1279296875,-0.6793893129770993,-2.900763358778626,0.9236641221374046
1019,1779653078.9723842,-0.968017578125,0.073486328125,-0.09716796875,-4.900763358778626,0.6564885496183206,-2.3053435114503817,-0.0869140625,-0.98974609375,0.129150390625,-0.48854961832061067,-2.122137404580153,0.9312977099236641
1020,1779653078.9843369,-0.951904296875,0.059814453125,-0.10693359375,-3.816793893129771,0.3053435114503817,-2.2213740458015265,-0.090576171875,-0.986328125,0.1298828125,-0.6335877862595419,-1.3358778625954197,0.6106870229007634
1021,1779653078.9962623,-0.9541015625,0.05810546875,-0.089599609375,-3.0763358778625953,0.17557251908396945,-2.2595419847328246,-0.0986328125,-0.991455078125,0.13330078125,-0.7480916030534351,-0.7557251908396947,0.6412213740458015
1022,1779653079.0081825,-0.954345703125,0.064208984375,-0.0810546875,-3.0916030534351147,0.2595419847328244,-2.450381679389313,-0.094970703125,-0.98974609375,0.12939453125,-0.5954198473282443,-0.9694656488549618,0.7251908396946565
1023,1779653079.0200963,-0.941162109375,0.06591796875,-0.079345703125,-3.4885496183206106,0.2824427480916031,-2.2290076335877864,-0.097412109375,-0.9970703125,0.132568359375,-0.48854961832061067,-1.4274809160305344,0.6717557251908397
1024,1779653079.0320554,-0.95263671875,0.06201171875,-0.089111328125,-3.801526717557252,0.44274809160305345,-2.0610687022900764,-0.108642578125,-0.987548828125,0.1318359375,-0.40458015267175573,-1.9541984732824427,0.8702290076335878
1025,1779653079.0440123,-0.949951171875,0.06591796875,-0.09423828125,-4.129770992366412,0.6412213740458015,-2.3053435114503817,-0.108154296875,-0.988525390625,0.126220703125,-0.4732824427480916,-2.717557251908397,0.9541984732824428
1026,1779653079.0559542,-0.9541015625,0.0703125,-0.088623046875,-5.015267175572519,0.5038167938931297,-2.3893129770992365,-0.09912109375,-0.98876953125,0.12744140625,-0.4122137404580153,-3.068702290076336,0.6259541984732825
1027,1779653079.0679042,-0.956298828125,0.061279296875,-0.09521484375,-5.106870229007634,0.5038167938931297,-2.3435114503816794,-0.087890625,-0.988525390625,0.114990234375,-0.46564885496183206,-2.7404580152671754,0.648854961832061
1028,1779653079.0798347,-0.955322265625,0.0576171875,-0.08544921875,-4.320610687022901,0.2595419847328244,-2.366412213740458,-0.100341796875,-0.9853515625,0.116943359375,-0.21374045801526717,-2.1374045801526718,0.7938931297709924
1029,1779653079.0917592,-0.962646484375,0.062744140625,-0.088623046875,-2.0,0.1984732824427481,-2.267175572519084,-0.08544921875,-0.987548828125,0.110595703125,-0.16030534351145037,-1.618320610687023,0.6946564885496184
1030,1779653079.1036665,-0.955810546875,0.0673828125,-0.08251953125,-3.5343511450381677,0.06870229007633588,-2.053435114503817,-0.092041015625,-0.9912109375,0.116943359375,-0.20610687022900764,-1.0763358778625953,0.5648854961832062
1031,1779653079.1155844,-0.960693359375,0.060791015625,-0.09130859375,-3.2977099236641223,-0.2366412213740458,-2.045801526717557,-0.08837890625,-0.991943359375,0.122802734375,-0.2900763358778626,-0.916030534351145,0.6564885496183206
1032,1779653079.1275706,-0.959228515625,0.065185546875,-0.094482421875,-2.946564885496183,-0.46564885496183206,-2.122137404580153,-0.10205078125,-0.97900390625,0.126220703125,-0.05343511450381679,-0.9465648854961832,0.5267175572519084
1033,1779653079.1395185,-0.954345703125,0.062255859375,-0.0830078125,-3.5572519083969465,-0.22137404580152673,-2.1908396946564888,-0.096923828125,-0.98583984375,0.1318359375,0.0916030534351145,-1.282442748091603,0.6412213740458015
1034,1779653079.151458,-0.937744140625,0.076416015625,-0.09033203125,-3.2900763358778624,-0.16030534351145037,-2.099236641221374,-0.1025390625,-0.98828125,0.124267578125,0.24427480916030533,-1.0076335877862594,0.7709923664122137
1035,1779653079.1634202,-0.94189453125,0.066650390625,-0.08056640625,-3.1755725190839694,-0.3511450381679389,-2.1526717557251906,-0.09716796875,-0.986083984375,0.12841796875,0.08396946564885496,-1.1603053435114503,0.6793893129770993
1036,1779653079.1753664,-0.95654296875,0.0546875,-0.08642578125,-3.1068702290076335,-0.48091603053435117,-2.045801526717557,-0.095947265625,-0.983154296875,0.123779296875,0.25190839694656486,-1.099236641221374,0.6793893129770993
1037,1779653079.1872878,-0.960205078125,0.0693359375,-0.078369140625,-3.2595419847328246,-0.4122137404580153,-2.1068702290076335,-0.102783203125,-0.998291015625,0.114990234375,0.16793893129770993,-1.251908396946565,0.6412213740458015
1038,1779653079.1992028,-0.955322265625,0.06201171875,-0.10498046875,-3.114503816793893,-0.6259541984732825,-2.4427480916030535,-0.103271484375,-0.989501953125,0.127685546875,0.1297709923664122,-1.3587786259541985,0.5267175572519084
1039,1779653079.2111156,-0.956787109375,0.077880859375,-0.081787109375,-3.6564885496183206,-0.13740458015267176,-2.3435114503816794,-0.103759765625,-0.990478515625,0.109619140625,0.25190839694656486,-1.2595419847328244,0.5572519083969466
1040,1779653079.2231,-0.967041015625,0.06884765625,-0.090087890625,-3.5419847328244276,-0.48854961832061067,-2.2213740458015265,-0.095458984375,-0.986083984375,0.114990234375,0.17557251908396945,-0.9618320610687023,0.5343511450381679
1041,1779653079.2350543,-0.95263671875,0.05859375,-0.080078125,-2.885496183206107,-0.6564885496183206,-2.1374045801526718,-0.092529296875,-0.99072265625,0.12548828125,0.11450381679389313,-0.5419847328244275,0.5648854961832062
1042,1779653079.2469687,-0.939208984375,0.049560546875,-0.08154296875,-2.435114503816794,-0.7175572519083969,-2.2519083969465647,-0.09033203125,-0.992919921875,0.140625,-0.030534351145038167,-0.16793893129770993,0.19083969465648856
1043,1779653079.2589712,-0.955810546875,0.067138671875,-0.08837890625,-2.6030534351145036,-0.5038167938931297,-2.1526717557251906,-0.093505859375,-0.98876953125,0.13916015625,-1.9541984732824427,-0.6870229007633588,0.5419847328244275
1044,1779653079.2709568,-0.953857421875,0.06640625,-0.093994140625,-2.786259541984733,-0.3282442748091603,-2.2900763358778624,-0.097412109375,-0.98046875,0.134033203125,0.10687022900763359,-0.9312977099236641,0.3816793893129771
1045,1779653079.2830768,-0.955810546875,0.064208984375,-0.07568359375,-3.0076335877862594,-0.16793893129770993,-2.282442748091603,-0.10205078125,-0.9873046875,0.1396484375,0.21374045801526717,-1.0687022900763359,0.25190839694656486
1046,1779653079.295078,-0.952392578125,0.07275390625,-0.088134765625,-3.3053435114503817,-0.08396946564885496,-2.6106870229007635,-0.10302734375,-0.992431640625,0.1279296875,0.10687022900763359,-1.1068702290076335,0.45038167938931295
1047,1779653079.30705,-0.958251953125,0.04931640625,-0.08837890625,-3.068702290076336,-0.22900763358778625,-2.5419847328244276,-0.103759765625,-0.983642578125,0.13916015625,-0.030534351145038167,-1.1526717557251909,0.26717557251908397
1048,1779653079.3189733,-0.953857421875,0.060791015625,-0.08056640625,-3.1297709923664123,-0.1984732824427481,-2.9083969465648853,-0.105224609375,-0.99072265625,0.14697265625,-0.2900763358778626,-1.1221374045801527,0.183206106870229
1049,1779653079.3309715,-0.949462890625,0.05126953125,-0.08447265625,-3.435114503816794,-0.2366412213740458,-2.7404580152671754,-0.09765625,-0.984619140625,0.135009765625,-0.13740458015267176,-1.3511450381679388,0.2900763358778626
1050,1779653079.3429403,-0.965087890625,0.064697265625,-0.0908203125,-3.648854961832061,-1.8854961832061068,-2.7404580152671754,-0.087890625,-0.9892578125,0.143798828125,-0.007633587786259542,-1.381679389312977,0.1984732824427481
1051,1779653079.3548815,-0.964599609375,0.046875,-0.07177734375,-3.595419847328244,0.20610687022900764,-2.7022900763358777,-0.0869140625,-0.987548828125,0.1376953125,-0.1297709923664122,-1.3969465648854962,0.16793893129770993
1052,1779653079.3668203,-0.937744140625,0.062255859375,-0.105224609375,-3.4580152671755724,0.3511450381679389,-2.633587786259542,-0.093017578125,-0.989501953125,0.13525390625,-0.08396946564885496,-1.213740458015267,0.1297709923664122
1053,1779653079.3787355,-0.95361328125,0.05908203125,-0.09130859375,-3.1908396946564888,0.17557251908396945,-2.717557251908397,-0.09228515625,-0.99072265625,0.137451171875,-0.3969465648854962,-1.3893129770992367,0.3282442748091603
1054,1779653079.3906655,-0.95556640625,0.07470703125,-0.093505859375,-3.83206106870229,0.022900763358778626,-2.648854961832061,-0.079345703125,-0.986328125,0.134033203125,-0.45038167938931295,-1.5419847328244274,0.31297709923664124
1055,1779653079.4025953,-0.958251953125,0.062744140625,-0.0908203125,-3.519083969465649,0.29770992366412213,-2.4427480916030535,-0.086669921875,-0.987060546875,0.12451171875,-0.4198473282442748,-1.3435114503816794,0.4122137404580153
1056,1779653079.4145114,-0.953125,0.06689453125,-0.07958984375,-3.3282442748091605,0.19083969465648856,-2.427480916030534,-0.084228515625,-0.988037109375,0.129638671875,-0.183206106870229,-1.534351145038168,0.5419847328244275
1057,1779653079.4265044,-0.95947265625,0.064208984375,-0.085693359375,-3.5267175572519083,0.4351145038167939,-2.404580152671756,-0.090576171875,-0.991943359375,0.11328125,-0.25190839694656486,-1.2366412213740459,0.1984732824427481
1058,1779653079.4384763,-0.95166015625,0.068359375,-0.08447265625,-3.0076335877862594,0.06870229007633588,-2.5114503816793894,-0.092041015625,-0.98974609375,0.122802734375,-0.2595419847328244,-0.6183206106870229,0.13740458015267176
1059,1779653079.4504392,-0.953857421875,0.0654296875,-0.09765625,-2.7557251908396947,-0.061068702290076333,-2.5419847328244276,-0.0908203125,-0.98486328125,0.1259765625,-0.33587786259541985,-0.33587786259541985,0.09923664122137404
1060,1779653079.4623983,-0.955322265625,0.06396484375,-0.08056640625,-2.717557251908397,-0.061068702290076333,-2.648854961832061,-0.09619140625,-0.9951171875,0.133056640625,-0.11450381679389313,-0.44274809160305345,0.15267175572519084
1061,1779653079.4743435,-0.95166015625,0.065673828125,-0.0849609375,-2.885496183206107,0.061068702290076333,-2.8091603053435112,-0.09423828125,-0.989501953125,0.131103515625,-0.04580152671755725,-0.8931297709923665,0.26717557251908397
1062,1779653079.4862592,-0.9580078125,0.0556640625,-0.087646484375,-3.1374045801526718,0.0916030534351145,-2.6030534351145036,-0.08544921875,-0.985107421875,0.13525390625,-1.9312977099236641,-0.9236641221374046,0.21374045801526717
1063,1779653079.4981985,-0.957763671875,0.046875,-0.096923828125,-3.145038167938931,0.0916030534351145,-2.5572519083969465,-0.0830078125,-0.98779296875,0.13671875,0.09923664122137404,-1.16793893129771,0.4198473282442748
1064,1779653079.5101123,-0.968505859375,0.061279296875,-0.08154296875,-3.1068702290076335,-0.16030534351145037,-2.5343511450381677,-0.089599609375,-0.981201171875,0.12548828125,-0.04580152671755725,-1.3511450381679388,0.3816793893129771
1065,1779653079.5220888,-0.950927734375,0.06396484375,-0.091552734375,-3.2519083969465647,-0.22137404580152673,-2.50381679389313,-0.093017578125,-0.993408203125,0.11865234375,-0.13740458015267176,-1.3129770992366412,0.3053435114503817
1066,1779653079.5340748,-0.940185546875,0.06787109375,-0.090576171875,-3.3893129770992365,-0.3053435114503817,-2.5419847328244276,-0.09912109375,-0.978515625,0.140625,-0.21374045801526717,-1.5648854961832062,0.2900763358778626
1067,1779653079.5460148,-0.95361328125,0.066650390625,-0.07861328125,-3.7786259541984735,-0.13740458015267176,-2.50381679389313,-0.09814453125,-0.978271484375,0.1337890625,-0.3435114503816794,-1.6793893129770991,0.37404580152671757
1068,1779653079.5579731,-0.966796875,0.0517578125,-0.080322265625,-3.6106870229007635,-0.007633587786259542,-2.564885496183206,-0.08251953125,-0.9892578125,0.1455078125,-0.21374045801526717,-1.4045801526717556,0.40458015267175573
1069,1779653079.5699804,-0.956787109375,0.062744140625,-0.0888671875,-3.4885496183206106,-0.07633587786259542,-2.549618320610687,-0.08837890625,-0.998779296875,0.1337890625,-0.015267175572519083,-1.1145038167938932,0.3969465648854962
1070,1779653079.5820084,-0.952392578125,0.060302734375,-0.0830078125,-3.1297709923664123,-0.32061068702290074,-2.450381679389313,-0.091064453125,-0.99072265625,0.136962890625,0.07633587786259542,-0.6259541984732825,0.3969465648854962
1071,1779653079.5944018,-0.9501953125,0.0615234375,-0.087646484375,-2.7557251908396947,-0.24427480916030533,-2.6412213740458017,-0.086669921875,-0.989501953125,0.124755859375,-0.03816793893129771,-0.2824427480916031,0.32061068702290074
1072,1779653079.6064057,-0.957275390625,0.048583984375,-0.08349609375,-2.5267175572519083,-0.20610687022900764,-2.3969465648854964,-0.08154296875,-0.99072265625,0.130615234375,-0.19083969465648856,-0.3893129770992366,0.48854961832061067
1073,1779653079.6183658,-0.938232421875,0.064208984375,-0.08740234375,-2.7099236641221376,-0.46564885496183206,-2.183206106870229,-0.08203125,-0.999755859375,0.13037109375,-0.42748091603053434,-0.366412213740458,0.4580152671755725
1074,1779653079.630363,-0.95947265625,0.064208984375,-0.090576171875,-2.687022900763359,-0.5877862595419847,-2.2748091603053435,-0.085693359375,-0.990478515625,0.135498046875,-0.5038167938931297,-0.2366412213740458,0.40458015267175573
1075,1779653079.6423492,-0.954345703125,0.056884765625,-0.0830078125,-2.5419847328244276,-0.5725190839694656,-2.1908396946564888,-0.0849609375,-0.98681640625,0.129150390625,-0.4198473282442748,-0.32061068702290074,0.5038167938931297
1076,1779653079.6542928,-0.951171875,0.06103515625,-0.083251953125,-2.5419847328244276,-0.46564885496183206,-2.1068702290076335,-0.09521484375,-0.986572265625,0.138916015625,-0.4961832061068702,-0.6564885496183206,0.33587786259541985
1077,1779653079.666251,-0.951904296875,0.06396484375,-0.0830078125,-2.854961832061069,-0.22900763358778625,-2.3893129770992365,-0.09521484375,-0.9892578125,0.136474609375,-0.366412213740458,-0.7557251908396947,0.37404580152671757
1078,1779653079.6782014,-0.951416015625,0.06396484375,-0.0849609375,-3.3969465648854964,0.030534351145038167,-2.4885496183206106,-0.099609375,-0.989501953125,0.15234375,-0.0916030534351145,-1.213740458015267,0.5572519083969466
1079,1779653079.6901562,-0.94775390625,0.064697265625,-0.08056640625,-3.66412213740458,0.4122137404580153,-2.5343511450381677,-0.088623046875,-0.984375,0.134033203125,-0.07633587786259542,-1.6106870229007633,0.5419847328244275
1080,1779653079.7020974,-0.9521484375,0.05908203125,-0.08740234375,-3.687022900763359,0.5114503816793893,-2.3587786259541983,-0.0810546875,-0.9892578125,0.129638671875,-0.25190839694656486,-1.3053435114503817,0.5648854961832062
1081,1779653079.7142959,-0.9541015625,0.05029296875,-0.0830078125,-3.2595419847328246,0.2824427480916031,-2.1297709923664123,-0.0888671875,-0.9931640625,0.1259765625,-0.5190839694656488,-0.6335877862595419,0.648854961832061
1082,1779653079.726284,-0.956298828125,0.046875,-0.085205078125,-2.7938931297709924,0.10687022900763359,-2.099236641221374,-0.084716796875,-0.9912109375,0.132080078125,-0.6564885496183206,-0.7022900763358778,0.8244274809160306
1083,1779653079.7382321,-0.957763671875,0.04931640625,-0.087890625,-3.114503816793893,0.22137404580152673,-1.7099236641221374,-0.090087890625,-0.988037109375,0.146728515625,-0.7709923664122137,-1.0076335877862594,0.9770992366412213
1084,1779653079.7501862,-0.948486328125,0.04736328125,-0.085205078125,-3.6106870229007635,0.5648854961832062,-1.9312977099236641,-0.090576171875,-0.986572265625,0.13818359375,-0.6412213740458015,-1.0076335877862594,0.9923664122137404
1085,1779653079.7621374,-0.9462890625,0.05908203125,-0.087158203125,-3.1374045801526718,0.44274809160305345,-0.04580152671755725,-0.08056640625,-0.99072265625,0.137451171875,-0.8015267175572519,-0.9083969465648855,1.16793893129771
1086,1779653079.7741232,-0.95458984375,0.055419921875,-0.0859375,-3.49618320610687,0.6412213740458015,-1.7709923664122138,-0.083251953125,-0.98828125,0.13525390625,-0.9007633587786259,-1.381679389312977,1.1145038167938932
1087,1779653079.7860808,-0.954345703125,0.060302734375,-0.07861328125,-3.763358778625954,0.7251908396946565,-1.6641221374045803,-0.089111328125,-0.98486328125,0.13671875,-0.9312977099236641,-2.015267175572519,1.2290076335877862
1088,1779653079.7980757,-0.95166015625,0.0634765625,-0.096923828125,-4.442748091603053,0.8778625954198473,-1.6793893129770991,-0.08349609375,-0.98828125,0.1318359375,-0.7022900763358778,-2.49618320610687,1.4885496183206106
1089,1779653079.8100562,-0.95263671875,0.0576171875,-0.08056640625,-4.625954198473282,1.1145038167938932,-1.4274809160305344,-0.087890625,-0.98828125,0.149169921875,-0.6641221374045801,-2.198473282442748,1.4198473282442747
1090,1779653079.822052,-0.957763671875,0.06103515625,-0.09423828125,-4.351145038167939,0.9847328244274809,-1.633587786259542,-0.078369140625,-0.995361328125,0.137451171875,-0.7862595419847328,-2.312977099236641,1.5114503816793894
1091,1779653079.8340583,-0.965087890625,0.06494140625,-0.086669921875,-4.526717557251908,0.7709923664122137,-1.4809160305343512,-0.083984375,-0.9765625,0.125244140625,-1.1603053435114503,-2.435114503816794,1.6488549618320612
1092,1779653079.8460314,-0.939453125,0.0478515625,-0.087646484375,-4.748091603053435,0.7251908396946565,-1.465648854961832,-0.089111328125,-0.989990234375,0.135498046875,-1.1297709923664123,-2.4580152671755724,1.6641221374045803
1093,1779653079.858049,-0.965087890625,0.0517578125,-0.08837890625,-4.740458015267175,0.8015267175572519,-1.3587786259541985,-0.0986328125,-0.989501953125,0.1357421875,-1.1221374045801527,-2.7480916030534353,1.618320610687023
1094,1779653079.8700216,-0.943115234375,0.068603515625,-0.08837890625,-5.221374045801527,0.9847328244274809,-1.549618320610687,-0.08935546875,-0.988037109375,0.13916015625,-1.0458015267175573,-3.0610687022900764,1.8091603053435115
1095,1779653079.882016,-0.955322265625,0.06396484375,-0.088134765625,-5.526717557251908,1.297709923664122,-1.6106870229007633,-0.078857421875,-0.98974609375,0.13134765625,-0.7786259541984732,-3.351145038167939,1.7557251908396947
1096,1779653079.8940234,-0.952880859375,0.060302734375,-0.08447265625,-5.519083969465649,1.3969465648854962,-1.5190839694656488,-0.0859375,-0.991943359375,0.12060546875,-0.8778625954198473,-3.2900763358778624,1.7557251908396947
1097,1779653079.9060411,-0.95751953125,0.0673828125,-0.0947265625,-5.435114503816794,1.1374045801526718,-1.3282442748091603,-0.079345703125,-0.9697265625,0.11328125,-1.1374045801526718,-3.198473282442748,1.748091603053435
1098,1779653079.9180343,-0.956787109375,0.06494140625,-0.0908203125,-5.450381679389313,0.7557251908396947,-1.5114503816793894,-0.09716796875,-0.989990234375,0.1123046875,-1.1221374045801527,-3.0916030534351147,1.748091603053435
1099,1779653079.9300768,-0.9619140625,0.060546875,-0.09521484375,-5.312977099236641,0.6030534351145038,-1.381679389312977,-0.08642578125,-0.990478515625,0.130859375,-1.282442748091603,-2.9389312977099236,1.5572519083969465
1100,1779653079.942064,-0.954345703125,0.066162109375,-0.091552734375,-4.824427480916031,0.7557251908396947,-1.4351145038167938,-0.10009765625,-0.9912109375,0.132080078125,-0.9083969465648855,-2.572519083969466,1.5572519083969465
1101,1779653079.9542158,-0.95751953125,0.053955078125,-0.086181640625,-4.755725190839694,0.5572519083969466,-1.5954198473282444,-0.085693359375,-0.9697265625,0.116943359375,-0.5801526717557252,-2.2748091603053435,1.5038167938931297
1102,1779653079.9662366,-0.9521484375,0.061767578125,-0.08056640625,-4.374045801526718,0.7862595419847328,-1.5038167938931297,-0.083740234375,-0.992431640625,0.114501953125,-0.22900763358778625,-1.5419847328244274,1.6412213740458015
1103,1779653079.978177,-0.953369140625,0.057373046875,-0.084228515625,-3.480916030534351,0.5267175572519084,-1.4045801526717556,-0.080810546875,-0.997314453125,0.11083984375,-0.3969465648854962,-0.6183206106870229,1.5572519083969465
1104,1779653079.99011,-0.951904296875,0.06005859375,-0.08740234375,-2.687022900763359,0.06870229007633588,-1.3358778625954197,-0.09033203125,-0.98974609375,0.109375,-0.4580152671755725,-0.24427480916030533,1.717557251908397
1105,1779653080.0021005,-0.956298828125,0.068603515625,-0.093994140625,-2.717557251908397,-0.05343511450381679,-1.282442748091603,-0.098388671875,-0.9814453125,0.12939453125,-0.6870229007633588,-0.6106870229007634,1.4122137404580153
1106,1779653080.0141187,-0.955078125,0.068115234375,-0.088623046875,-3.236641221374046,-0.2595419847328244,-1.3969465648854962,-0.11279296875,-0.98974609375,0.1337890625,-0.8854961832061069,-1.2671755725190839,1.2290076335877862
1107,1779653080.026065,-0.958740234375,0.07080078125,-0.084228515625,-4.0534351145038165,-0.16030534351145037,-1.717557251908397,-0.11083984375,-0.9873046875,0.1376953125,-0.816793893129771,-1.6259541984732824,1.251908396946565
1108,1779653080.0380104,-0.9560546875,0.0703125,-0.087646484375,-4.061068702290076,0.06870229007633588,-0.022900763358778626,-0.11328125,-0.988525390625,0.135498046875,-0.3511450381679389,-0.9465648854961832,1.0458015267175573
1109,1779653080.0500362,-0.948486328125,0.04931640625,-0.08544921875,-3.068702290076336,0.08396946564885496,-1.6793893129770991,-0.09765625,-0.996826171875,0.127685546875,-0.3511450381679389,-1.0687022900763359,0.9389312977099237
1110,1779653080.0620356,-0.954833984375,0.067138671875,-0.087646484375,-3.145038167938931,0.5038167938931297,-3.8702290076335877,-0.102294921875,-0.991943359375,0.13134765625,-0.08396946564885496,-0.9770992366412213,0.7709923664122137
1111,1779653080.0739968,-0.94775390625,0.068359375,-0.086669921875,-3.053435114503817,0.5267175572519084,-2.1526717557251906,-0.0986328125,-0.97998046875,0.11865234375,-0.1984732824427481,-1.2061068702290076,0.732824427480916
1112,1779653080.0859942,-0.939697265625,0.06591796875,-0.07861328125,-3.49618320610687,0.3053435114503817,-2.099236641221374,-0.094970703125,-0.99853515625,0.133544921875,-0.0916030534351145,-1.7938931297709924,0.8625954198473282
1113,1779653080.0980053,-0.955322265625,0.063232421875,-0.0908203125,-3.572519083969466,0.44274809160305345,-2.068702290076336,-0.098876953125,-0.990966796875,0.127197265625,-0.09923664122137404,-2.366412213740458,0.9083969465648855
1114,1779653080.1099968,-0.96044921875,0.068115234375,-0.094482421875,-4.320610687022901,0.48854961832061067,-2.1526717557251906,-0.10546875,-0.988525390625,0.1220703125,-0.22137404580152673,-2.816793893129771,0.9007633587786259
1115,1779653080.1219935,-0.9541015625,0.06689453125,-0.08837890625,-5.091603053435114,0.5267175572519084,-2.122137404580153,-0.09814453125,-0.98779296875,0.114990234375,-0.4198473282442748,-3.1374045801526718,0.8473282442748091
1116,1779653080.134014,-0.9541015625,0.059814453125,-0.092529296875,-4.9465648854961835,0.007633587786259542,-2.1603053435114505,-0.105224609375,-0.991455078125,0.1259765625,-0.5343511450381679,-2.5114503816793894,0.7404580152671756
1117,1779653080.1462328,-0.947509765625,0.073486328125,-0.087890625,-4.366412213740458,-0.10687022900763359,-2.3435114503816794,-0.100341796875,-0.990234375,0.128662109375,-0.5038167938931297,-1.9770992366412214,0.4580152671755725
1118,1779653080.1582131,-0.949462890625,0.07763671875,-0.098876953125,-3.946564885496183,-0.19083969465648856,-2.404580152671756,-0.101318359375,-0.988037109375,0.125244140625,-0.37404580152671757,-0.9312977099236641,0.5038167938931297
1119,1779653080.1701581,-0.953369140625,0.061767578125,-0.079345703125,-3.312977099236641,-0.3053435114503817,-2.5801526717557253,-0.085205078125,-0.990478515625,0.133544921875,-0.3053435114503817,-0.5343511450381679,0.10687022900763359
1120,1779653080.182127,-0.954345703125,0.07666015625,-0.082763671875,-2.7099236641221376,-0.2748091603053435,-2.549618320610687,-0.099853515625,-0.984130859375,0.1318359375,0.15267175572519084,-1.9541984732824427,0.21374045801526717
1121,1779653080.194107,-0.947509765625,0.06689453125,-0.090576171875,-1.9389312977099236,-0.3435114503816794,-2.648854961832061,-0.09375,-0.989013671875,0.133056640625,0.007633587786259542,0.03816793893129771,0.04580152671755725
1122,1779653080.206117,-0.954833984375,0.066650390625,-0.090087890625,-2.312977099236641,-0.17557251908396945,-2.7251908396946565,-0.106689453125,-0.986572265625,0.13720703125,0.022900763358778626,-0.5572519083969466,0.16793893129770993
1123,1779653080.2181246,-0.949951171875,0.071044921875,-0.078369140625,-2.954198473282443,0.11450381679389313,-2.50381679389313,-0.10791015625,-0.998046875,0.137451171875,-0.183206106870229,-1.6106870229007633,0.16793893129770993
1124,1779653080.230123,-0.954345703125,0.06982421875,-0.093017578125,-3.9618320610687023,0.21374045801526717,-2.7022900763358777,-0.089111328125,-0.9892578125,0.12890625,-0.32061068702290074,-1.8015267175572518,-1.9541984732824427
1125,1779653080.2421172,-0.958251953125,0.062744140625,-0.096435546875,-3.801526717557252,0.10687022900763359,-2.7557251908396947,-0.10693359375,-0.997314453125,0.14013671875,-0.2824427480916031,-1.4809160305343512,0.2748091603053435
1126,1779653080.2541049,-0.955078125,0.066650390625,-0.08837890625,-3.0839694656488548,-0.17557251908396945,-2.687022900763359,-0.1015625,-0.982421875,0.130615234375,-0.3511450381679389,-0.9236641221374046,-0.08396946564885496
1127,1779653080.2660892,-0.966552734375,0.06396484375,-0.0859375,-2.8473282442748094,-0.07633587786259542,-2.801526717557252,-0.098388671875,-0.98876953125,0.127685546875,-0.3435114503816794,-0.9236641221374046,0.1450381679389313
1128,1779653080.2780368,-0.954345703125,0.07177734375,-0.088134765625,-3.2519083969465647,0.16793893129770993,-2.763358778625954,-0.1005859375,-0.989013671875,0.12646484375,-0.20610687022900764,-1.099236641221374,0.06870229007633588
1129,1779653080.2900345,-0.958740234375,0.06396484375,-0.082763671875,-3.213740458015267,0.2595419847328244,-2.8702290076335877,-0.105224609375,-0.990478515625,0.134521484375,-0.12213740458015267,-1.366412213740458,-0.11450381679389313
1130,1779653080.3020217,-0.956787109375,0.0693359375,-0.088623046875,-3.50381679389313,0.030534351145038167,-2.8244274809160306,-0.092041015625,-0.98876953125,0.13134765625,-0.1984732824427481,-1.4809160305343512,0.07633587786259542
1131,1779653080.3140109,-0.955322265625,0.0673828125,-0.08740234375,-3.816793893129771,0.25190839694656486,-2.931297709923664,-0.084716796875,-0.989501953125,0.117919921875,-0.10687022900763359,-0.030534351145038167,0.04580152671755725
1132,1779653080.3259978,-0.9521484375,0.06787109375,-0.08984375,-4.030534351145038,0.20610687022900764,-2.8396946564885495,-0.090087890625,-0.99169921875,0.1298828125,-0.0916030534351145,-2.0610687022900764,0.3282442748091603
1133,1779653080.3380282,-0.94775390625,0.062255859375,-0.09033203125,-4.106870229007634,0.061068702290076333,-2.6259541984732824,-0.082275390625,-0.991455078125,0.11865234375,-0.16030534351145037,-1.6412213740458015,0.1450381679389313
1134,1779653080.3500297,-0.956298828125,0.06103515625,-0.0966796875,-3.6030534351145036,-0.12213740458015267,-2.6564885496183206,-0.08203125,-0.98681640625,0.13134765625,-0.15267175572519084,-1.0916030534351144,0.2824427480916031
1135,1779653080.3620176,-0.96337890625,0.06396484375,-0.082275390625,-3.015267175572519,-0.32061068702290074,-2.5572519083969465,-0.08544921875,-0.986328125,0.118896484375,-0.12213740458015267,-0.7862595419847328,0.2824427480916031
1136,1779653080.3740134,-0.957763671875,0.069580078125,-0.092529296875,-2.946564885496183,-0.4122137404580153,-2.6564885496183206,-0.099365234375,-0.984130859375,0.13671875,-0.25190839694656486,-0.5190839694656488,0.2748091603053435
1137,1779653080.3860111,-0.954345703125,0.0625,-0.08056640625,-2.9083969465648853,-0.3511450381679389,-2.6106870229007635,-0.0859375,-0.993896484375,0.137939453125,-0.5038167938931297,-0.7251908396946565,0.16030534351145037
1138,1779653080.3980162,-0.956787109375,0.065185546875,-0.080078125,-3.282442748091603,-0.1297709923664122,-2.519083969465649,-0.091796875,-0.98974609375,0.14013671875,-0.2595419847328244,-1.0763358778625953,0.3435114503816794
1139,1779653080.41001,-0.9677734375,0.066162109375,-0.085693359375,-3.5572519083969465,0.015267175572519083,-2.66412213740458,-0.098388671875,-0.99755859375,0.133056640625,-0.022900763358778626,-0.9389312977099237,0.3435114503816794
1140,1779653080.421995,-0.955810546875,0.060546875,-0.07763671875,-2.9923664122137406,0.2595419847328244,-2.366412213740458,-0.087890625,-0.984619140625,0.134033203125,-0.22900763358778625,-0.6793893129770993,0.366412213740458
1141,1779653080.4340043,-0.95556640625,0.05908203125,-0.098388671875,-2.9618320610687023,-1.8931297709923665,-2.198473282442748,-0.09033203125,-0.988037109375,0.128173828125,-0.3511450381679389,-1.3358778625954197,0.6793893129770993
1142,1779653080.446011,-0.948974609375,0.063232421875,-0.088134765625,-3.6564885496183206,0.3511450381679389,-2.198473282442748,-0.09521484375,-0.98779296875,0.13916015625,-0.2595419847328244,-1.8244274809160306,0.816793893129771
1143,1779653080.4580216,-0.946044921875,0.063232421875,-0.09423828125,-4.122137404580153,0.48091603053435117,-2.122137404580153,-0.081787109375,-0.988037109375,0.12939453125,-0.4351145038167939,-1.984732824427481,0.816793893129771
1144,1779653080.470013,-0.966064453125,0.06689453125,-0.089599609375,-3.786259541984733,0.2366412213740458,-2.2977099236641223,-0.093505859375,-0.986083984375,0.1259765625,-0.44274809160305345,-1.5877862595419847,0.7404580152671756
1145,1779653080.4819958,-0.956298828125,0.048828125,-0.091064453125,-3.618320610687023,0.16793893129770993,-2.282442748091603,-0.1025390625,-0.991455078125,0.129150390625,-0.48091603053435117,-1.633587786259542,0.6793893129770993
1146,1779653080.4940062,-0.967529296875,0.071533203125,-0.0966796875,-3.7557251908396947,0.366412213740458,-2.2213740458015265,-0.084716796875,-0.9921875,0.125732421875,-0.37404580152671757,-1.4885496183206106,0.7709923664122137
1147,1779653080.505964,-0.9521484375,0.048828125,-0.093017578125,-3.801526717557252,0.3816793893129771,-2.236641221374046,-0.09521484375,-0.9873046875,0.13232421875,-0.29770992366412213,-1.366412213740458,0.6335877862595419
1148,1779653080.517905,-0.956298828125,0.077880859375,-0.08837890625,-3.6412213740458017,0.5114503816793893,-2.3206106870229006,-0.080810546875,-0.990478515625,0.128662109375,-0.03816793893129771,-1.6259541984732824,0.8625954198473282
1149,1779653080.5298595,-0.954345703125,0.070068359375,-0.101318359375,-3.6106870229007635,0.44274809160305345,-1.9770992366412214,-0.0888671875,-0.982421875,0.115966796875,-0.07633587786259542,-3.900763358778626,0.8778625954198473
1150,1779653080.541819,-0.95654296875,0.063232421875,-0.084716796875,-3.954198473282443,0.46564885496183206,-1.900763358778626,-0.086181640625,-0.990478515625,0.123046875,-0.25190839694656486,-2.16793893129771,1.2366412213740459
1151,1779653080.5537362,-0.951171875,0.063232421875,-0.0947265625,-4.3816793893129775,0.08396946564885496,-1.7251908396946565,-0.09716796875,-0.989990234375,0.11962890625,-0.7099236641221374,-2.4885496183206106,1.3587786259541985
1152,1779653080.5656796,-0.95458984375,0.06103515625,-0.09814453125,-4.6183206106870225,-0.007633587786259542,-1.5725190839694656,-0.097900390625,-0.988037109375,0.134033203125,-0.7938931297709924,-2.49618320610687,1.3053435114503817
1153,1779653080.5778327,-0.959716796875,0.06396484375,-0.0830078125,-4.877862595419847,0.06870229007633588,-1.7404580152671756,-0.107666015625,-0.98876953125,0.128173828125,-0.5190839694656488,-2.854961832061069,1.251908396946565
1154,1779653080.5903387,-0.956298828125,0.068603515625,-0.08740234375,-4.900763358778626,0.015267175572519083,-1.7404580152671756,-0.0849609375,-0.98681640625,0.132568359375,-0.13740458015267176,-2.5801526717557253,1.2442748091603053
1155,1779653080.6023467,-0.955322265625,0.062255859375,-0.082275390625,-4.66412213740458,0.3969465648854962,-1.8549618320610688,-0.089111328125,-0.985595703125,0.13232421875,-0.06870229007633588,-2.16793893129771,1.1526717557251909
1156,1779653080.614305,-0.955810546875,0.0634765625,-0.08349609375,-2.0,0.22900763358778625,-1.8778625954198473,-0.093505859375,-0.988525390625,0.1259765625,-0.07633587786259542,-1.702290076335878,0.8702290076335878
1157,1779653080.6262422,-0.958251953125,0.062255859375,-0.08203125,-3.6564885496183206,1.9465648854961832,-1.8473282442748091,-0.09716796875,-0.98779296875,0.120849609375,-0.366412213740458,-1.3358778625954197,1.1297709923664123
1158,1779653080.6382372,-0.953369140625,0.06201171875,-0.083984375,-3.4885496183206106,-0.3435114503816794,-1.549618320610687,-0.106689453125,-0.989501953125,0.137939453125,-0.366412213740458,-1.3206106870229009,1.083969465648855
1159,1779653080.6502068,-0.947021484375,0.068115234375,-0.083740234375,-3.66412213740458,-0.25190839694656486,-1.717557251908397,-0.1005859375,-0.97119140625,0.1279296875,-0.4580152671755725,-1.717557251908397,1.1221374045801527
1160,1779653080.6621954,-0.943603515625,0.0654296875,-0.0869140625,-4.106870229007634,-1.9083969465648856,-1.8091603053435115,-0.096923828125,-0.9921875,0.13134765625,-0.09923664122137404,-1.5954198473282444,1.1145038167938932
1161,1779653080.674166,-0.949462890625,0.077392578125,-0.0849609375,-3.8931297709923665,0.0916030534351145,-1.7938931297709924,-0.101806640625,-0.988037109375,0.12939453125,-0.13740458015267176,-1.9465648854961832,1.1984732824427482
1162,1779653080.6861234,-0.958740234375,0.065185546875,-0.107177734375,-4.022900763358779,-0.09923664122137404,-1.8473282442748091,-0.09716796875,-0.9853515625,0.12841796875,-0.1297709923664122,-2.0076335877862594,1.1984732824427482
1163,1779653080.6980977,-0.96875,0.069580078125,-0.088134765625,-4.0458015267175576,0.015267175572519083,-1.8702290076335877,-0.09765625,-0.989013671875,0.126708984375,-0.22900763358778625,-3.854961832061069,1.0916030534351144
1164,1779653080.710085,-0.967529296875,0.077880859375,-0.079833984375,-3.954198473282443,1.9236641221374047,-1.9312977099236641,-0.086669921875,-0.987548828125,0.12646484375,-0.09923664122137404,-1.450381679389313,1.1068702290076335
1165,1779653080.7220674,-0.965576171875,0.06103515625,-0.080810546875,-3.16793893129771,-0.3053435114503817,-1.6946564885496183,-0.09033203125,-0.984130859375,0.12451171875,-0.3435114503816794,-0.8625954198473282,1.0687022900763359
1166,1779653080.7340782,-0.951904296875,0.070068359375,-0.092041015625,-3.145038167938931,-0.29770992366412213,-1.7404580152671756,-0.0888671875,-0.988525390625,0.129638671875,-0.4122137404580153,-1.0,0.916030534351145
1167,1779653080.7460656,-0.955322265625,0.064208984375,-0.09423828125,-3.4580152671755724,-0.32061068702290074,-1.9312977099236641,-0.098388671875,-0.98681640625,0.1513671875,-0.2900763358778626,-1.1068702290076335,0.8625954198473282
1168,1779653080.7580492,-0.957275390625,0.062255859375,-0.080078125,-3.7557251908396947,-1.916030534351145,-1.7099236641221374,-0.097412109375,-0.97216796875,0.1396484375,-0.061068702290076333,-1.3587786259541985,1.015267175572519
1169,1779653080.7700253,-0.953369140625,0.06689453125,-0.08935546875,-3.7251908396946565,0.366412213740458,-2.099236641221374,-0.107421875,-0.999267578125,0.135009765625,0.06870229007633588,-1.3206106870229009,0.9847328244274809
1170,1779653080.782036,-0.968017578125,0.058349609375,-0.0927734375,-3.572519083969466,0.13740458015267176,-0.04580152671755725,-0.084228515625,-0.996337890625,0.124267578125,-0.22137404580152673,-1.4198473282442747,0.8854961832061069
1171,1779653080.7940555,-0.964111328125,0.0693359375,-0.08349609375,-3.7404580152671754,-0.11450381679389313,-1.7557251908396947,-0.0859375,-0.98779296875,0.116943359375,-0.22137404580152673,-1.6946564885496183,0.9465648854961832
1172,1779653080.806061,-0.9658203125,0.06689453125,-0.0810546875,-3.8473282442748094,-0.26717557251908397,-0.030534351145038167,-0.090576171875,-0.98828125,0.120849609375,-0.5267175572519084,-1.4732824427480915,1.1068702290076335
1173,1779653080.818053,-0.9501953125,0.0625,-0.07861328125,-3.404580152671756,-0.2595419847328244,-1.8931297709923665,-0.1015625,-0.986328125,0.130859375,-0.3435114503816794,-1.5648854961832062,1.1984732824427482
1174,1779653080.8300397,-0.954833984375,0.067626953125,-0.09228515625,-3.7557251908396947,-0.17557251908396945,-1.8015267175572518,-0.116943359375,-0.997802734375,0.138671875,-0.21374045801526717,-1.4732824427480915,0.9923664122137404
1175,1779653080.8420568,-0.950927734375,0.068359375,-0.09228515625,-3.9160305343511452,-0.11450381679389313,-1.6259541984732824,-0.098876953125,-0.973876953125,0.116943359375,-0.26717557251908397,-1.3893129770992367,0.9312977099236641
1176,1779653080.8540626,-0.95263671875,0.063232421875,-0.09716796875,-3.4198473282442747,-0.09923664122137404,-2.068702290076336,-0.095458984375,-0.970703125,0.1328125,-0.09923664122137404,-1.0381679389312977,0.9465648854961832
1177,1779653080.8660555,-0.947998046875,0.068359375,-0.093505859375,-3.312977099236641,0.1450381679389313,-3.9083969465648853,-0.09814453125,-0.985107421875,0.12939453125,-0.0916030534351145,-0.9923664122137404,0.8702290076335878
1178,1779653080.8780568,-0.954345703125,0.067626953125,-0.09716796875,-3.2442748091603053,0.030534351145038167,-0.06870229007633588,-0.09765625,-0.985107421875,0.13330078125,-0.40458015267175573,-1.183206106870229,1.0763358778625953
1179,1779653080.890066,-0.955810546875,0.0634765625,-0.094970703125,-3.450381679389313,-0.22137404580152673,-1.8854961832061068,-0.09716796875,-0.98681640625,0.13330078125,-0.33587786259541985,-1.6564885496183206,1.2290076335877862
1180,1779653080.9020417,-0.95458984375,0.06884765625,-0.084716796875,-4.022900763358779,0.015267175572519083,-1.7557251908396947,-0.09619140625,-0.989501953125,0.130859375,-0.4580152671755725,-1.748091603053435,1.183206106870229
1181,1779653080.914053,-0.961181640625,0.068359375,-0.079833984375,-4.122137404580153,0.015267175572519083,-1.7633587786259541,-0.096923828125,-0.986083984375,0.13232421875,-0.3816793893129771,-2.068702290076336,1.0916030534351144
1182,1779653080.9260583,-0.937744140625,0.068359375,-0.10595703125,-4.374045801526718,0.26717557251908397,-1.7938931297709924,-0.099853515625,-0.990234375,0.13037109375,-0.37404580152671757,-2.2061068702290076,1.2061068702290076
1183,1779653080.9380713,-0.967529296875,0.064453125,-0.089599609375,-4.587786259541985,0.3816793893129771,-1.8091603053435115,-0.085693359375,-0.989990234375,0.138427734375,-0.44274809160305345,-1.7328244274809161,1.0534351145038168
1184,1779653080.9500515,-0.9521484375,0.064453125,-0.0986328125,-3.6564885496183206,1.9312977099236641,-1.786259541984733,-0.090087890625,-0.984130859375,0.139404296875,-0.7022900763358778,-0.9847328244274809,1.1374045801526718
1185,1779653080.9620497,-0.951904296875,0.07275390625,-0.083740234375,-3.2519083969465647,0.06870229007633588,-1.9312977099236641,-0.099609375,-0.989501953125,0.14453125,-0.9923664122137404,-1.1221374045801527,0.9694656488549618
1186,1779653080.9740531,-0.951171875,0.071044921875,-0.08984375,-3.7709923664122136,0.17557251908396945,-1.7328244274809161,-0.108642578125,-0.983642578125,0.1513671875,-0.7786259541984732,-1.4732824427480915,1.2442748091603053
1187,1779653080.986061,-0.945068359375,0.071044921875,-0.09130859375,-4.1603053435114505,0.5419847328244275,-1.7709923664122138,-0.08349609375,-0.9931640625,0.12890625,-0.7786259541984732,-1.4274809160305344,1.1450381679389312
1188,1779653080.9980514,-0.951416015625,0.072021484375,-0.09033203125,-3.6259541984732824,0.7022900763358778,-1.7404580152671756,-0.0859375,-0.986083984375,0.131103515625,-0.7099236641221374,-1.8549618320610688,1.1068702290076335
1189,1779653081.0102699,-0.94921875,0.068115234375,-0.089111328125,-4.404580152671755,0.9847328244274809,-1.6641221374045803,-0.09375,-0.985595703125,0.132568359375,-0.5343511450381679,-2.312977099236641,1.2366412213740459
1190,1779653081.0222254,-0.949951171875,0.0693359375,-0.09130859375,-4.206106870229007,1.0458015267175573,-1.9083969465648856,-0.0947265625,-0.99560546875,0.12841796875,-0.7862595419847328,-2.5267175572519083,1.1984732824427482
1191,1779653081.0342057,-0.956787109375,0.06640625,-0.0791015625,-4.66412213740458,1.0,-1.6106870229007633,-0.097900390625,-0.987060546875,0.12890625,-1.1908396946564885,-3.2595419847328246,1.3511450381679388
1192,1779653081.0461404,-0.953857421875,0.068359375,-0.08642578125,-5.114503816793893,1.213740458015267,-1.7328244274809161,-0.095458984375,-0.988037109375,0.1279296875,-1.015267175572519,-3.045801526717557,1.297709923664122
1193,1779653081.058104,-0.951416015625,0.071044921875,-0.08935546875,-5.412213740458015,0.9923664122137404,-1.8396946564885497,-0.102294921875,-0.9921875,0.131591796875,-0.9694656488549618,-2.7786259541984735,1.366412213740458
1194,1779653081.070075,-0.951416015625,0.06591796875,-0.091552734375,-4.687022900763359,0.9236641221374046,-1.9465648854961832,-0.08984375,-0.98583984375,0.1181640625,-0.9694656488549618,-2.4198473282442747,1.3282442748091603
1195,1779653081.0820515,-0.953369140625,0.0693359375,-0.088623046875,-4.625954198473282,0.9847328244274809,-1.8091603053435115,-0.096435546875,-0.98681640625,0.13720703125,-0.7022900763358778,-2.2748091603053435,1.381679389312977
1196,1779653081.094014,-0.958251953125,0.06494140625,-0.0888671875,-4.732824427480916,0.7480916030534351,-1.7251908396946565,-0.088134765625,-0.99169921875,0.116943359375,-0.6030534351145038,-2.3740458015267176,1.1297709923664123
1197,1779653081.1060317,-0.951904296875,0.068603515625,-0.08984375,-4.580152671755725,0.4351145038167939,-1.6870229007633588,-0.10009765625,-0.974365234375,0.107177734375,-0.6183206106870229,-1.7557251908396947,1.1908396946564885
1198,1779653081.1180534,-0.954345703125,0.072509765625,-0.109130859375,-3.9770992366412212,0.2748091603053435,-1.8625954198473282,-0.095947265625,-0.989990234375,0.12353515625,-0.6183206106870229,-1.5419847328244274,1.2061068702290076
1199,1779653081.1300378,-0.955078125,0.068115234375,-0.096923828125,-3.7786259541984735,0.12213740458015267,-1.7404580152671756,-0.101318359375,-0.988525390625,0.122802734375,-0.7709923664122137,-1.7099236641221374,1.1145038167938932
1200,1779653081.1420553,-0.94580078125,0.072265625,-0.09228515625,-4.137404580152672,0.09923664122137404,-1.816793893129771,-0.1005859375,-0.9892578125,0.1181640625,-0.4580152671755725,-1.5877862595419847,1.2366412213740459
1201,1779653081.1542203,-0.95166015625,0.06396484375,-0.085693359375,-3.8702290076335877,-0.08396946564885496,-1.7328244274809161,-0.103759765625,-0.989013671875,0.12744140625,-0.32061068702290074,-1.183206106870229,1.16793893129771
1202,1779653081.1662824,-0.95654296875,0.066162109375,-0.085693359375,-3.5419847328244276,-0.1450381679389313,-1.6641221374045803,-0.09716796875,-0.99462890625,0.137939453125,-0.35877862595419846,-0.7557251908396947,1.366412213740458
1203,1779653081.1782331,-0.9501953125,0.072509765625,-0.0966796875,-3.1526717557251906,-0.1450381679389313,-1.8091603053435115,-0.10302734375,-0.989501953125,0.12939453125,-0.3893129770992366,-0.916030534351145,1.1984732824427482
1204,1779653081.190189,-0.95068359375,0.07470703125,-0.08935546875,-3.5572519083969465,-0.1450381679389313,-1.6793893129770991,-0.101318359375,-0.98876953125,0.129638671875,-0.6335877862595419,-1.16793893129771,1.1221374045801527
1205,1779653081.2021484,-0.959228515625,0.069580078125,-0.0908203125,-3.83206106870229,0.015267175572519083,-1.6564885496183206,-0.10400390625,-0.987060546875,0.13427734375,-0.40458015267175573,-1.6030534351145038,1.1755725190839694
1206,1779653081.2141325,-0.938232421875,0.07421875,-0.094482421875,-5.801526717557252,0.2748091603053435,-1.8015267175572518,-0.096923828125,-0.988037109375,0.130126953125,-0.26717557251908397,-1.8778625954198473,1.3206106870229009
1207,1779653081.2261393,-0.95068359375,0.06298828125,-0.078857421875,-4.091603053435114,0.35877862595419846,-1.702290076335878,-0.099853515625,-0.991455078125,0.1298828125,0.007633587786259542,-1.9236641221374047,1.1145038167938932
1208,1779653081.2381294,-0.944091796875,0.06640625,-0.07861328125,-4.083969465648855,0.4961832061068702,-1.748091603053435,-0.103271484375,-0.988525390625,0.130859375,-0.06870229007633588,-1.916030534351145,1.1450381679389312
1209,1779653081.250064,-0.94873046875,0.066650390625,-0.084228515625,-3.687022900763359,0.20610687022900764,-1.5954198473282444,-0.099365234375,-0.994384765625,0.1201171875,-0.1984732824427481,-0.8625954198473282,1.0687022900763359
1210,1779653081.2620468,-0.95361328125,0.0732421875,-0.091552734375,-3.2442748091603053,-0.05343511450381679,-1.618320610687023,-0.107666015625,-0.993408203125,0.114990234375,-0.33587786259541985,-0.6564885496183206,1.0534351145038168
1211,1779653081.2740219,-0.955322265625,0.06884765625,-0.092529296875,-2.648854961832061,-0.31297709923664124,-1.7709923664122138,-0.12060546875,-0.98974609375,0.1171875,-0.1450381679389313,-0.46564885496183206,0.8778625954198473
1212,1779653081.286025,-0.95068359375,0.072998046875,-0.08935546875,-3.114503816793893,-0.22137404580152673,-2.3053435114503817,-0.10546875,-0.979248046875,0.122802734375,-0.07633587786259542,-0.7633587786259542,0.7099236641221374
1213,1779653081.2980344,-0.9560546875,0.06884765625,-0.090087890625,-3.3893129770992365,-0.015267175572519083,-2.2213740458015265,-0.11328125,-0.987548828125,0.123046875,-0.2748091603053435,-0.6335877862595419,0.5648854961832062
1214,1779653081.3100376,-0.95361328125,0.07275390625,-0.102783203125,-3.4656488549618323,-0.2748091603053435,-2.4656488549618323,-0.094482421875,-0.993896484375,0.13037109375,-0.03816793893129771,-0.3893129770992366,0.5190839694656488
1215,1779653081.32203,-0.968505859375,0.066650390625,-0.0888671875,-2.885496183206107,-0.3511450381679389,-2.145038167938931,-0.0947265625,-0.9853515625,0.140380859375,0.1297709923664122,-0.6641221374045801,0.4732824427480916
1216,1779653081.334029,-0.96875,0.07666015625,-0.07861328125,-2.7938931297709924,-0.1297709923664122,-2.2442748091603053,-0.096923828125,-0.9951171875,0.1181640625,0.5954198473282443,-0.6183206106870229,0.40458015267175573
1217,1779653081.3460395,-0.948486328125,0.073486328125,-0.0888671875,-2.351145038167939,-0.2595419847328244,-2.1755725190839694,-0.0947265625,-0.988037109375,0.122314453125,0.6183206106870229,-0.7022900763358778,0.4732824427480916
1218,1779653081.3580384,-0.941650390625,0.075439453125,-0.109130859375,-2.7557251908396947,-0.35877862595419846,-2.351145038167939,-0.1044921875,-0.989990234375,0.11572265625,0.6793893129770993,-1.0687022900763359,0.6259541984732825
1219,1779653081.3700163,-0.967041015625,0.07080078125,-0.09619140625,-3.49618320610687,-0.5267175572519084,-2.549618320610687,-0.09130859375,-0.99267578125,0.107421875,0.26717557251908397,-1.3740458015267176,0.6106870229007634
1220,1779653081.382046,-0.956787109375,0.071533203125,-0.098876953125,-3.6030534351145036,-0.816793893129771,-2.16793893129771,-0.0947265625,-0.98828125,0.117431640625,0.08396946564885496,-0.5801526717557252,0.5114503816793893
1221,1779653081.3940337,-0.951904296875,0.068115234375,-0.094482421875,-2.519083969465649,-1.297709923664122,-3.900763358778626,-0.103515625,-0.9931640625,0.1279296875,0.31297709923664124,0.05343511450381679,0.5114503816793893
1222,1779653081.406026,-0.949951171875,0.06884765625,-0.091064453125,-2.183206106870229,-1.3282442748091603,-2.198473282442748,-0.101318359375,-0.986328125,0.134033203125,0.5725190839694656,-0.29770992366412213,0.5114503816793893
1223,1779653081.418009,-0.9521484375,0.069580078125,-0.087890625,-2.564885496183206,-0.9465648854961832,-2.1297709923664123,-0.094970703125,-0.986328125,0.135009765625,0.5343511450381679,-0.7099236641221374,0.6106870229007634
1224,1779653081.4300065,-0.953857421875,0.07666015625,-0.0810546875,-3.183206106870229,-0.816793893129771,-2.1374045801526718,-0.10205078125,-0.98095703125,0.128173828125,0.7709923664122137,-1.183206106870229,0.6946564885496184
1225,1779653081.442254,-0.950927734375,0.072998046875,-0.09228515625,-3.450381679389313,-0.8091603053435115,-2.33587786259542,-0.102783203125,-0.988037109375,0.125,0.648854961832061,-1.366412213740458,0.7938931297709924
1226,1779653081.4542274,-0.953369140625,0.0693359375,-0.08447265625,-3.2290076335877864,-0.7175572519083969,-2.16793893129771,-0.099853515625,-0.991455078125,0.125,0.549618320610687,-0.9618320610687023,0.5267175572519084
1227,1779653081.4661741,-0.955810546875,0.0673828125,-0.094482421875,-2.969465648854962,-0.9007633587786259,-2.1603053435114505,-0.0966796875,-0.990234375,0.122314453125,0.3816793893129771,-0.9465648854961832,0.6183206106870229
1228,1779653081.4781237,-0.953369140625,0.073486328125,-0.090087890625,-3.145038167938931,-0.8854961832061069,-2.1068702290076335,-0.091064453125,-0.98779296875,0.13134765625,0.3816793893129771,-1.1526717557251909,0.5267175572519084
1229,1779653081.490163,-0.950439453125,0.07568359375,-0.09033203125,-3.2290076335877864,-0.7480916030534351,-0.1450381679389313,-0.097412109375,-0.97216796875,0.13916015625,0.3969465648854962,-1.251908396946565,0.5877862595419847
1230,1779653081.5021024,-0.95556640625,0.077392578125,-0.08447265625,-3.282442748091603,-0.6412213740458015,-2.2213740458015265,-0.109375,-0.9873046875,0.14013671875,0.13740458015267176,-0.8244274809160306,0.4961832061068702
1231,1779653081.5140312,-0.950439453125,0.0732421875,-0.085205078125,-2.8473282442748094,-0.8396946564885496,-2.427480916030534,-0.119873046875,-0.986572265625,0.142333984375,0.06870229007633588,-0.7709923664122137,0.45038167938931295
1232,1779653081.526005,-0.953369140625,0.075439453125,-0.08154296875,-3.0076335877862594,-0.6412213740458015,-2.4122137404580153,-0.11376953125,-0.98486328125,0.146484375,-0.07633587786259542,-0.7099236641221374,0.3969465648854962
1233,1779653081.538035,-0.938720703125,0.066162109375,-0.089111328125,-3.3435114503816794,-0.32061068702290074,-2.4122137404580153,-0.10888671875,-0.9814453125,0.14453125,0.05343511450381679,-0.9007633587786259,0.5190839694656488
1234,1779653081.5500147,-0.964111328125,0.0703125,-0.085693359375,-3.1068702290076335,-1.9312977099236641,-2.3740458015267176,-0.10693359375,-0.97998046875,0.132568359375,0.17557251908396945,-0.7404580152671756,0.2748091603053435
1235,1779653081.5620322,-0.955078125,0.0673828125,-0.089599609375,-3.030534351145038,0.16030534351145037,-2.4885496183206106,-0.103271484375,-0.992431640625,0.129150390625,0.15267175572519084,-0.04580152671755725,0.32061068702290074
1236,1779653081.5740209,-0.958251953125,0.06640625,-0.082763671875,-2.0839694656488548,0.15267175572519084,-2.6106870229007635,-0.106689453125,-0.98291015625,0.122802734375,0.09923664122137404,0.4732824427480916,0.09923664122137404
1237,1779653081.58621,-0.949462890625,0.070556640625,-0.0869140625,-1.8702290076335877,-0.0916030534351145,-2.3587786259541983,-0.10693359375,-0.984375,0.129638671875,-0.2595419847328244,0.3435114503816794,0.2824427480916031
1238,1779653081.598543,-0.96630859375,0.073486328125,-0.096923828125,-1.717557251908397,-0.25190839694656486,-2.4427480916030535,-0.100830078125,-0.980224609375,0.1357421875,-0.5648854961832062,0.7404580152671756,-1.9465648854961832
1239,1779653081.6104987,-0.955810546875,0.0771484375,-0.091064453125,-1.8549618320610688,0.11450381679389313,-2.6259541984732824,-0.098388671875,-0.9892578125,0.140869140625,-0.33587786259541985,0.061068702290076333,0.08396946564885496
1240,1779653081.622464,-0.950439453125,0.07080078125,-0.086181640625,-1.9923664122137406,0.17557251908396945,-2.5419847328244276,-0.11474609375,-0.984619140625,0.1396484375,-0.13740458015267176,-0.5114503816793893,0.2595419847328244
1241,1779653081.6344295,-0.937744140625,0.065673828125,-0.08154296875,-3.145038167938931,0.6946564885496184,-2.7938931297709924,-0.108642578125,-0.986572265625,0.143798828125,0.015267175572519083,-1.6641221374045803,0.3053435114503817
1242,1779653081.6464753,-0.951171875,0.0751953125,-0.097412109375,-2.030534351145038,0.6183206106870229,-2.717557251908397,-0.1005859375,-0.98876953125,0.129638671875,-0.31297709923664124,-2.1755725190839694,0.22137404580152673
1243,1779653081.6591117,-0.960205078125,0.069091796875,-0.093505859375,-4.396946564885496,0.31297709923664124,-2.8244274809160306,-0.1044921875,-0.987060546875,0.13671875,-0.6412213740458015,-2.1526717557251906,0.2900763358778626
1244,1779653081.671099,-0.954345703125,0.062744140625,-0.085693359375,-4.137404580152672,0.2366412213740458,-2.618320610687023,-0.08935546875,-0.989501953125,0.144775390625,-0.7938931297709924,-0.007633587786259542,0.3893129770992366
1245,1779653081.6830704,-0.957275390625,0.070068359375,-0.0888671875,-4.00763358778626,0.26717557251908397,-2.480916030534351,-0.08935546875,-0.986572265625,0.137939453125,-0.6564885496183206,-2.0610687022900764,0.4732824427480916
1246,1779653081.6950905,-0.950439453125,0.0703125,-0.087646484375,-4.213740458015267,0.5038167938931297,-2.4198473282442747,-0.12158203125,-0.972412109375,0.1435546875,-0.5343511450381679,-2.0610687022900764,0.5267175572519084
1247,1779653081.707047,-0.951416015625,0.070068359375,-0.088134765625,-4.2748091603053435,0.7099236641221374,-2.4885496183206106,-0.10693359375,-0.9853515625,0.119384765625,-0.3511450381679389,-1.8473282442748091,0.31297709923664124
1248,1779653081.7190378,-0.95458984375,0.0673828125,-0.08740234375,-4.0,0.8244274809160306,-2.6717557251908395,-0.09228515625,-0.9833984375,0.130859375,-0.4732824427480916,-1.5038167938931297,0.48854961832061067
1249,1779653081.730968,-0.9609375,0.069580078125,-0.0908203125,-3.7786259541984735,0.7862595419847328,-2.564885496183206,-0.097412109375,-0.987548828125,0.131103515625,-0.7251908396946565,-1.717557251908397,0.3969465648854962
1250,1779653081.7429903,-0.95166015625,0.072998046875,-0.088134765625,-3.717557251908397,0.4580152671755725,-2.2977099236641223,-0.095458984375,-0.98681640625,0.13037109375,-1.0381679389312977,-1.7557251908396947,0.5954198473282443
1251,1779653081.7549636,-0.951171875,0.06787109375,-0.085693359375,-4.0458015267175576,0.5114503816793893,-2.2442748091603053,-0.09765625,-0.991455078125,0.134765625,-0.9618320610687023,-2.0763358778625953,0.8015267175572519
1252,1779653081.7669108,-0.95068359375,0.0712890625,-0.084228515625,-4.297709923664122,0.5954198473282443,-2.1297709923664123,-0.109375,-0.98779296875,0.136962890625,-0.6412213740458015,-2.2519083969465647,0.8473282442748091
1253,1779653081.7788885,-0.95751953125,0.071044921875,-0.08544921875,-4.33587786259542,1.0229007633587786,-2.2290076335877864,-0.108154296875,-0.96923828125,0.127197265625,-0.6946564885496184,-2.3969465648854964,0.9847328244274809
1254,1779653081.7908275,-0.955322265625,0.068603515625,-0.099365234375,-4.541984732824427,0.7786259541984732,-2.0381679389312977,-0.09228515625,-0.99951171875,0.13037109375,-0.6335877862595419,-2.3435114503816794,0.8625954198473282
1255,1779653081.8027813,-0.937744140625,0.072021484375,-0.087158203125,-4.480916030534351,0.8320610687022901,-1.984732824427481,-0.109619140625,-0.99365234375,0.125,-0.6412213740458015,-2.2519083969465647,1.213740458015267
1256,1779653081.8147087,-0.955810546875,0.072509765625,-0.09130859375,-4.6183206106870225,0.8396946564885496,-3.8625954198473282,-0.089599609375,-0.968994140625,0.114990234375,-0.9465648854961832,-2.549618320610687,1.0687022900763359
1257,1779653081.8266554,-0.955810546875,0.067626953125,-0.078857421875,-4.526717557251908,0.6412213740458015,-2.0839694656488548,-0.09228515625,-0.990478515625,0.130615234375,-0.916030534351145,-2.0076335877862594,1.1603053435114503
1258,1779653081.8386385,-0.956298828125,0.069091796875,-0.086669921875,-4.236641221374046,0.44274809160305345,-1.8396946564885497,-0.09033203125,-0.9912109375,0.118896484375,-0.9389312977099237,-1.6412213740458015,1.015267175572519
1259,1779653081.8506007,-0.953857421875,0.065185546875,-0.088623046875,-3.9083969465648853,0.2824427480916031,-3.877862595419847,-0.099853515625,-0.991943359375,0.1279296875,-0.7633587786259542,-1.3740458015267176,0.8931297709923665
1260,1779653081.8625252,-0.951904296875,0.07177734375,-0.0927734375,-3.7557251908396947,0.35877862595419846,-1.900763358778626,-0.10546875,-0.985595703125,0.1357421875,-0.6946564885496184,-1.4045801526717556,1.1145038167938932
1261,1779653081.8747272,-0.955322265625,0.07861328125,-0.097900390625,-3.564885496183206,0.48091603053435117,-1.717557251908397,-0.107421875,-0.98974609375,0.11328125,-0.35877862595419846,-1.3053435114503817,1.1984732824427482
1262,1779653081.8866837,-0.952880859375,0.06494140625,-0.09423828125,-3.4427480916030535,0.5267175572519084,-1.6106870229007633,-0.09912109375,-0.988037109375,0.11083984375,-0.42748091603053434,-1.4198473282442747,1.1526717557251909
1263,1779653081.8986228,-0.965576171875,0.070556640625,-0.09716796875,-3.7557251908396947,0.4122137404580153,-1.8931297709923665,-0.100341796875,-0.99169921875,0.1396484375,-0.6106870229007634,-1.4580152671755726,1.251908396946565
1264,1779653081.910601,-0.9580078125,0.06787109375,-0.09228515625,-3.801526717557252,0.4732824427480916,-1.8549618320610688,-0.1025390625,-0.98583984375,0.138916015625,-0.9770992366412213,-2.114503816793893,1.3358778625954197
1265,1779653081.9225557,-0.968017578125,0.077392578125,-0.10888671875,-4.1603053435114505,0.030534351145038167,-1.7251908396946565,-0.105712890625,-0.98828125,0.11572265625,-0.7480916030534351,-2.1526717557251906,1.282442748091603
1266,1779653081.9344869,-0.954345703125,0.07373046875,-0.08349609375,-4.5038167938931295,0.3511450381679389,-1.8015267175572518,-0.10205078125,-0.98974609375,0.12744140625,-0.5572519083969466,-2.2595419847328246,1.2748091603053435
1267,1779653081.9465137,-0.959228515625,0.071533203125,-0.08447265625,-4.511450381679389,0.35877862595419846,-1.7251908396946565,-0.100341796875,-0.98583984375,0.12548828125,-0.2900763358778626,-2.366412213740458,1.1145038167938932
1268,1779653081.9584904,-0.957275390625,0.072265625,-0.08984375,-4.557251908396947,0.4580152671755725,-1.7786259541984732,-0.107421875,-0.985107421875,0.121337890625,-0.29770992366412213,-2.2061068702290076,1.251908396946565
1269,1779653081.9704869,-0.95751953125,0.07177734375,-0.09619140625,-4.343511450381679,0.061068702290076333,-1.9083969465648856,-0.10205078125,-0.9970703125,0.123046875,-0.5801526717557252,-1.9770992366412214,1.1145038167938932
1270,1779653081.9824731,-0.95068359375,0.070068359375,-0.097900390625,-4.106870229007634,-0.2748091603053435,-1.8549618320610688,-0.09765625,-0.998779296875,0.122314453125,-0.6717557251908397,-1.465648854961832,1.1068702290076335
1271,1779653081.994476,-0.950439453125,0.07470703125,-0.09619140625,-3.648854961832061,-0.366412213740458,-1.7251908396946565,-0.101806640625,-0.987548828125,0.12939453125,-0.7022900763358778,-1.2213740458015268,1.0229007633587786
1272,1779653082.0064847,-0.95068359375,0.0732421875,-0.092529296875,-3.5267175572519083,1.916030534351145,-3.877862595419847,-0.093994140625,-0.98681640625,0.132568359375,-0.1450381679389313,-1.2595419847328244,0.8320610687022901
1273,1779653082.0184796,-0.957275390625,0.070556640625,-0.096923828125,-3.4885496183206106,0.15267175572519084,-2.1755725190839694,-0.112548828125,-0.984375,0.13037109375,1.9389312977099236,-1.4198473282442747,0.7938931297709924
1274,1779653082.0304794,-0.939453125,0.073486328125,-0.092041015625,-3.8625954198473282,0.2900763358778626,-2.3282442748091605,-0.108154296875,-0.991943359375,0.131591796875,0.20610687022900764,-1.5267175572519085,0.48854961832061067
1275,1779653082.0424883,-0.948974609375,0.0732421875,-0.087646484375,-3.732824427480916,0.26717557251908397,-2.2519083969465647,-0.10986328125,-0.983642578125,0.1142578125,0.21374045801526717,-1.3511450381679388,0.7022900763358778
1276,1779653082.0544553,-0.9560546875,0.0703125,-0.093994140625,-3.2748091603053435,-0.022900763358778626,-2.3587786259541983,-0.099609375,-0.987548828125,0.1181640625,-1.8778625954198473,-1.083969465648855,0.48091603053435117
1277,1779653082.0664532,-0.956787109375,0.077880859375,-0.09033203125,-3.3893129770992365,-0.33587786259541985,-2.183206106870229,-0.096435546875,-0.997802734375,0.1181640625,0.08396946564885496,-1.0381679389312977,0.6412213740458015
1278,1779653082.0784671,-0.9541015625,0.06787109375,-0.0908203125,-3.4656488549618323,-0.3969465648854962,-2.427480916030534,-0.10400390625,-0.97314453125,0.127685546875,-1.9083969465648856,-1.3053435114503817,0.5648854961832062
1279,1779653082.090474,-0.956787109375,0.073974609375,-0.09521484375,-3.4885496183206106,-0.366412213740458,-2.0763358778625953,-0.0947265625,-0.9931640625,0.127685546875,0.22137404580152673,-1.1603053435114503,0.6412213740458015
1280,1779653082.1024828,-0.959716796875,0.070068359375,-0.078369140625,-3.5114503816793894,-0.3511450381679389,-2.3969465648854964,-0.106689453125,-0.98681640625,0.12060546875,0.20610687022900764,-1.4198473282442747,0.5267175572519084
1281,1779653082.1144624,-0.953369140625,0.071044921875,-0.09423828125,-3.6793893129770994,-0.7709923664122137,-2.2519083969465647,-0.1015625,-0.98193359375,0.112548828125,0.0916030534351145,-1.4274809160305344,0.4580152671755725
1282,1779653082.126395,-0.958740234375,0.070556640625,-0.0869140625,-3.366412213740458,-0.7099236641221374,-2.49618320610687,-0.109619140625,-0.98779296875,0.123779296875,-0.12213740458015267,-0.9618320610687023,0.3511450381679389
1283,1779653082.1383245,-0.949951171875,0.073486328125,-0.090087890625,-3.0610687022900764,-0.7786259541984732,-2.4580152671755724,-0.10546875,-0.990234375,0.1328125,-0.022900763358778626,-0.4961832061068702,0.24427480916030533
1284,1779653082.150264,-0.9462890625,0.0732421875,-0.083740234375,-2.564885496183206,-0.6412213740458015,-2.3740458015267176,-0.099853515625,-0.988037109375,0.1357421875,0.015267175572519083,-0.3053435114503817,0.16793893129770993
1285,1779653082.1622365,-0.954833984375,0.073486328125,-0.091552734375,-2.6030534351145036,-0.3511450381679389,-2.6412213740458017,-0.1103515625,-0.98974609375,0.137451171875,0.19083969465648856,-0.46564885496183206,0.08396946564885496
1286,1779653082.17417,-0.94873046875,0.076171875,-0.084228515625,-2.519083969465649,-0.25190839694656486,-2.595419847328244,-0.095458984375,-0.99267578125,0.137939453125,0.1297709923664122,-0.48091603053435117,0.3053435114503817
1287,1779653082.1861308,-0.954833984375,0.08642578125,-0.080078125,-2.7709923664122136,-0.06870229007633588,-2.7938931297709924,-0.111572265625,-0.978271484375,0.133544921875,0.16030534351145037,-0.6564885496183206,0.12213740458015267
1288,1779653082.198082,-0.950439453125,0.0712890625,-0.0810546875,-2.969465648854962,-0.0916030534351145,-2.6793893129770994,-0.099365234375,-0.9833984375,0.129150390625,-0.16793893129770993,-1.1221374045801527,0.17557251908396945
1289,1779653082.21005,-0.9482421875,0.072021484375,-0.088623046875,-3.1374045801526718,1.9389312977099236,-2.7099236641221376,-0.103271484375,-0.986328125,0.143798828125,-0.25190839694656486,-1.2900763358778626,0.05343511450381679
1290,1779653082.222058,-0.964599609375,0.07568359375,-0.08154296875,-3.3740458015267176,0.08396946564885496,-2.549618320610687,-0.0986328125,-0.98681640625,0.12939453125,-0.2900763358778626,-1.465648854961832,0.35877862595419846
1291,1779653082.2340524,-0.9560546875,0.075927734375,-0.096435546875,-3.618320610687023,0.25190839694656486,-2.6412213740458017,-0.0908203125,-0.9853515625,0.140625,-0.17557251908396945,-1.6412213740458015,0.29770992366412213
1292,1779653082.246065,-0.957763671875,0.0732421875,-0.091064453125,-3.7404580152671754,0.4198473282442748,-2.763358778625954,-0.11181640625,-0.995361328125,0.138671875,-0.2900763358778626,-1.6946564885496183,0.22137404580152673
1293,1779653082.2580106,-0.955322265625,0.073486328125,-0.085693359375,-3.900763358778626,0.3816793893129771,-2.450381679389313,-0.108154296875,-0.988525390625,0.12255859375,-0.46564885496183206,-1.8244274809160306,0.19083969465648856
1294,1779653082.2700129,-0.951171875,0.07666015625,-0.091552734375,-5.8320610687022905,0.16030534351145037,-2.6946564885496183,-0.096435546875,-0.9892578125,0.125,-0.5877862595419847,-1.6564885496183206,0.11450381679389313
1295,1779653082.2819993,-0.953369140625,0.078125,-0.095947265625,-3.801526717557252,0.1297709923664122,-2.7709923664122136,-0.0966796875,-0.971435546875,0.134521484375,-0.6259541984732825,-1.3053435114503817,0.1984732824427481
1296,1779653082.2940032,-0.94873046875,0.0654296875,-0.08056640625,-3.6946564885496183,0.2900763358778626,-2.6564885496183206,-0.100341796875,-0.98876953125,0.1337890625,-0.37404580152671757,-0.8549618320610687,0.29770992366412213
1297,1779653082.3061929,-0.96435546875,0.076171875,-0.0888671875,-3.030534351145038,0.2366412213740458,-2.66412213740458,-0.089599609375,-0.988037109375,0.128662109375,-0.1297709923664122,-0.7251908396946565,0.16793893129770993
1298,1779653082.318166,-0.96875,0.073974609375,-0.10791015625,-2.8702290076335877,0.4351145038167939,-2.6106870229007635,-0.1015625,-0.987548828125,0.12353515625,-1.9389312977099236,-0.8549618320610687,0.3511450381679389
1299,1779653082.3301108,-0.952880859375,0.072021484375,-0.094482421875,-3.2442748091603053,0.3282442748091603,-2.564885496183206,-0.087646484375,-0.987548828125,0.1201171875,-0.33587786259541985,-1.2061068702290076,0.2748091603053435
1300,1779653082.3420901,-0.9560546875,0.07373046875,-0.09521484375,-3.145038167938931,0.007633587786259542,-2.633587786259542,-0.092041015625,-0.98828125,0.134521484375,-0.3969465648854962,-0.9923664122137404,0.4122137404580153
1301,1779653082.3541577,-0.960205078125,0.07421875,-0.08984375,-3.33587786259542,-0.04580152671755725,-2.549618320610687,-0.105712890625,-0.9951171875,0.127197265625,-0.31297709923664124,-1.015267175572519,0.3969465648854962
1302,1779653082.3661733,-0.95166015625,0.075439453125,-0.09228515625,-3.4732824427480917,0.03816793893129771,-2.595419847328244,-0.095947265625,-0.99267578125,0.11474609375,-0.4961832061068702,-1.0076335877862594,0.33587786259541985
1303,1779653082.3781197,-0.94287109375,0.073974609375,-0.083251953125,-3.015267175572519,0.13740458015267176,-2.4198473282442747,-0.103271484375,-0.984130859375,0.135009765625,-0.3969465648854962,-0.5801526717557252,0.3511450381679389
1304,1779653082.390081,-0.949951171875,0.07421875,-0.109375,-2.8625954198473282,-0.015267175572519083,-2.3893129770992365,-0.095947265625,-0.98388671875,0.1552734375,-0.6335877862595419,-0.7175572519083969,0.11450381679389313
1305,1779653082.4020658,-0.96533203125,0.07275390625,-0.088134765625,-2.6106870229007635,0.21374045801526717,-2.381679389312977,-0.096435546875,-0.987548828125,0.14697265625,-0.33587786259541985,-0.7404580152671756,0.3893129770992366
1306,1779653082.4140842,-0.968017578125,0.072998046875,-0.0888671875,-3.4427480916030535,0.4198473282442748,-2.4656488549618323,-0.103271484375,-0.98974609375,0.137451171875,-0.48091603053435117,-1.5725190839694656,0.42748091603053434
1307,1779653082.4260821,-0.951904296875,0.06884765625,-0.0869140625,-3.717557251908397,0.4961832061068702,-2.4885496183206106,-0.09814453125,-0.9833984375,0.14111328125,-0.24427480916030533,-1.7404580152671756,0.5419847328244275
1308,1779653082.4380414,-0.958251953125,0.06884765625,-0.09326171875,-3.648854961832061,0.732824427480916,-2.549618320610687,-0.090576171875,-0.99462890625,0.130615234375,-0.31297709923664124,-1.6106870229007633,0.6335877862595419
1309,1779653082.4500074,-0.9560546875,0.066162109375,-0.087890625,-3.3587786259541983,0.4961832061068702,-2.3587786259541983,-0.09228515625,-0.98779296875,0.10986328125,-0.42748091603053434,-1.366412213740458,0.7480916030534351
1310,1779653082.4619904,-0.953857421875,0.07373046875,-0.088134765625,-3.4198473282442747,0.46564885496183206,-2.0916030534351147,-0.089111328125,-0.98974609375,0.129638671875,-0.6106870229007634,-1.4274809160305344,0.7786259541984732
1311,1779653082.4739575,-0.955322265625,0.07275390625,-0.08740234375,-3.564885496183206,0.4351145038167939,-2.183206106870229,-0.094482421875,-0.974609375,0.1279296875,-0.7862595419847328,-1.4351145038167938,0.7099236641221374
1312,1779653082.4859,-0.955322265625,0.069580078125,-0.098388671875,-3.7404580152671754,0.48854961832061067,-2.2061068702290076,-0.111083984375,-0.982666015625,0.129150390625,-0.7938931297709924,-1.633587786259542,0.6641221374045801
1313,1779653082.4978595,-0.953857421875,0.07421875,-0.083740234375,-3.9618320610687023,0.4732824427480916,-2.5267175572519083,-0.099853515625,-0.987060546875,0.1220703125,-0.7633587786259542,-3.8931297709923665,0.7022900763358778
1314,1779653082.5098338,-0.953369140625,0.0771484375,-0.0908203125,-4.229007633587786,0.6030534351145038,-2.236641221374046,-0.091796875,-0.990234375,0.13525390625,-0.6030534351145038,-1.6793893129770991,0.732824427480916
1315,1779653082.5217843,-0.952392578125,0.0732421875,-0.091552734375,-4.213740458015267,0.7022900763358778,-2.3282442748091605,-0.088623046875,-0.98779296875,0.119384765625,-0.3969465648854962,-1.4351145038167938,0.8091603053435115
1316,1779653082.5337255,-0.939697265625,0.077392578125,-0.091552734375,-3.3587786259541983,0.7022900763358778,-2.0610687022900764,-0.097900390625,-0.99072265625,0.123046875,-0.4732824427480916,-1.5267175572519085,0.8244274809160306
1317,1779653082.5456853,-0.967529296875,0.0712890625,-0.088134765625,-3.480916030534351,0.5114503816793893,-1.9083969465648856,-0.09765625,-0.991943359375,0.127197265625,-0.6030534351145038,-1.7633587786259541,0.9541984732824428
1318,1779653082.557629,-0.958251953125,0.069580078125,-0.094970703125,-5.862595419847328,0.5648854961832062,-0.015267175572519083,-0.108154296875,-0.990234375,0.125244140625,-0.5648854961832062,-2.5114503816793894,1.0
1319,1779653082.5695782,-0.961181640625,0.070556640625,-0.1064453125,-4.679389312977099,0.7175572519083969,-2.0763358778625953,-0.104248046875,-0.979736328125,0.110595703125,-0.6793893129770993,-2.564885496183206,1.0763358778625953
1320,1779653082.5815253,-0.953857421875,0.0625,-0.080322265625,-4.9465648854961835,0.5801526717557252,-1.9312977099236641,-0.113525390625,-0.992919921875,0.13232421875,-0.7175572519083969,-2.687022900763359,1.0381679389312977
1321,1779653082.5939653,-0.955078125,0.07470703125,-0.09228515625,-5.00763358778626,0.44274809160305345,-2.2442748091603053,-0.09912109375,-0.994140625,0.1162109375,-0.6717557251908397,-2.6106870229007635,0.9618320610687023
1322,1779653082.6060214,-0.943115234375,0.071533203125,-0.09033203125,-4.847328244274809,0.4198473282442748,-2.2595419847328246,-0.104736328125,-0.997314453125,0.11328125,-0.3893129770992366,-1.717557251908397,0.9312977099236641
1323,1779653082.61806,-0.96728515625,0.06982421875,-0.094970703125,-4.0,-1.9541984732824427,-2.1297709923664123,-0.07958984375,-0.99365234375,0.118896484375,-0.2748091603053435,-1.366412213740458,0.8396946564885496
1324,1779653082.6300325,-0.96875,0.070068359375,-0.105712890625,-3.5114503816793894,0.15267175572519084,-3.801526717557252,-0.099853515625,-0.98779296875,0.126708984375,-0.06870229007633588,-1.3358778625954197,0.9389312977099237
1325,1779653082.6420543,-0.947509765625,0.073974609375,-0.0888671875,-3.5877862595419847,0.19083969465648856,-1.8473282442748091,-0.109130859375,-0.98828125,0.111572265625,0.03816793893129771,-1.7938931297709924,1.0381679389312977
1326,1779653082.6540964,-0.951904296875,0.07373046875,-0.09326171875,-3.931297709923664,0.09923664122137404,-2.0839694656488548,-0.099853515625,-0.986328125,0.11083984375,0.15267175572519084,-1.83206106870229,0.8015267175572519
1327,1779653082.666081,-0.955810546875,0.070556640625,-0.098388671875,-4.022900763358779,0.05343511450381679,-2.1603053435114505,-0.099365234375,-0.98876953125,0.1123046875,-0.2824427480916031,-1.6412213740458015,0.916030534351145
1328,1779653082.6780598,-0.95458984375,0.07421875,-0.093017578125,-3.5801526717557253,-0.3435114503816794,-3.885496183206107,-0.10205078125,-0.985107421875,0.115478515625,-0.42748091603053434,-1.2366412213740459,0.8625954198473282
1329,1779653082.6900449,-0.951904296875,0.076171875,-0.0859375,-3.4885496183206106,-0.6793893129770993,-2.0916030534351147,-0.12255859375,-0.987060546875,0.12890625,-0.12213740458015267,-1.1984732824427482,0.7633587786259542
1330,1779653082.7020552,-0.948486328125,0.06982421875,-0.090576171875,-3.6793893129770994,-0.5190839694656488,-2.4122137404580153,-0.104248046875,-0.986083984375,0.13623046875,-0.05343511450381679,-1.2290076335877862,0.5801526717557252
1331,1779653082.7140453,-0.940185546875,0.072021484375,-0.093017578125,-3.595419847328244,-0.2366412213740458,-2.213740458015267,-0.10205078125,-0.98681640625,0.129638671875,0.183206106870229,-0.9236641221374046,0.6641221374045801
1332,1779653082.7260385,-0.9580078125,0.07177734375,-0.106201171875,-3.122137404580153,-0.35877862595419846,-2.2977099236641223,-0.09765625,-0.98876953125,0.130126953125,0.15267175572519084,-0.5572519083969466,0.732824427480916
1333,1779653082.7382414,-0.951904296875,0.070068359375,-0.09033203125,-2.83206106870229,-0.4732824427480916,-2.114503816793893,-0.112548828125,-0.9892578125,0.1328125,0.13740458015267176,-0.5190839694656488,0.4961832061068702
1334,1779653082.750269,-0.951416015625,0.07275390625,-0.08984375,-2.9770992366412212,-0.1984732824427481,-2.2900763358778624,-0.106689453125,-0.985107421875,0.1435546875,0.0916030534351145,-0.9236641221374046,0.48091603053435117
1335,1779653082.7622004,-0.951416015625,0.0732421875,-0.088134765625,-3.450381679389313,-0.24427480916030533,-2.480916030534351,-0.104736328125,-0.988037109375,0.138916015625,0.061068702290076333,-1.282442748091603,0.6564885496183206
1336,1779653082.774132,-0.951171875,0.074462890625,-0.095947265625,-3.786259541984733,-0.015267175572519083,-2.267175572519084,-0.097900390625,-0.9765625,0.130615234375,0.022900763358778626,-1.5801526717557253,0.48091603053435117
1337,1779653082.7861083,-0.956298828125,0.071044921875,-0.091552734375,-3.717557251908397,0.07633587786259542,-2.6259541984732824,-0.102294921875,-0.990478515625,0.132080078125,0.183206106870229,-1.8854961832061068,0.6870229007633588
1338,1779653082.7980926,-0.951416015625,0.075927734375,-0.086181640625,-3.717557251908397,0.022900763358778626,-2.5267175572519083,-0.100341796875,-0.98681640625,0.120849609375,-0.022900763358778626,-1.8702290076335877,0.6641221374045801
1339,1779653082.8100896,-0.95458984375,0.071044921875,-0.09326171875,-3.786259541984733,-0.1984732824427481,-2.549618320610687,-0.099609375,-0.989013671875,0.111572265625,-0.2366412213740458,-1.5801526717557253,0.48854961832061067
1340,1779653082.8220735,-0.95068359375,0.067138671875,-0.0888671875,-3.6564885496183206,-0.19083969465648856,-2.3053435114503817,-0.095458984375,-0.983154296875,0.121826171875,-0.09923664122137404,-1.4122137404580153,0.6641221374045801
1341,1779653082.8340535,-0.957763671875,0.074462890625,-0.0927734375,-3.6106870229007635,-0.2900763358778626,-2.3740458015267176,-0.098876953125,-0.98779296875,0.124755859375,0.061068702290076333,-1.1450381679389312,0.5419847328244275
1342,1779653082.8460393,-0.937744140625,0.071533203125,-0.087646484375,-3.2595419847328246,-0.17557251908396945,-2.312977099236641,-0.096923828125,-0.984375,0.12744140625,0.0916030534351145,-0.9236641221374046,0.4351145038167939
1343,1779653082.8580427,-0.940185546875,0.072021484375,-0.088623046875,-3.2595419847328246,-0.3435114503816794,-2.3969465648854964,-0.096435546875,-0.98583984375,0.109375,0.17557251908396945,-0.9618320610687023,0.5114503816793893
1344,1779653082.8700347,-0.949951171875,0.07177734375,-0.096435546875,-3.3053435114503817,-0.4351145038167939,-2.564885496183206,-0.097412109375,-0.97216796875,0.119140625,-0.11450381679389313,-0.7099236641221374,0.4122137404580153
1345,1779653082.8820379,-0.9580078125,0.07275390625,-0.091796875,-2.9618320610687023,-0.5038167938931297,-2.5267175572519083,-0.098876953125,-0.989501953125,0.11376953125,-0.015267175572519083,-0.6946564885496184,0.4351145038167939
1346,1779653082.8940144,-0.952880859375,0.070068359375,-0.087646484375,-3.0076335877862594,-0.549618320610687,-2.2519083969465647,-0.103759765625,-1.0,0.13427734375,-0.061068702290076333,-0.6030534351145038,0.44274809160305345
1347,1779653082.9060006,-0.949951171875,0.071044921875,-0.090087890625,-2.687022900763359,-0.4122137404580153,-2.4427480916030535,-0.09716796875,-0.981689453125,0.139404296875,0.030534351145038167,-0.6564885496183206,0.42748091603053434
1348,1779653082.9179926,-0.952880859375,0.075927734375,-0.089599609375,-2.6793893129770994,-0.16793893129770993,-2.2977099236641223,-0.10546875,-0.9775390625,0.140380859375,0.16793893129770993,-0.7709923664122137,0.4732824427480916
1349,1779653082.9299972,-0.950439453125,0.075439453125,-0.09375,-3.0839694656488548,-0.030534351145038167,-2.33587786259542,-0.107177734375,-0.98095703125,0.14111328125,-0.007633587786259542,-1.297709923664122,0.48854961832061067
1350,1779653082.9419968,-0.95068359375,0.072021484375,-0.10009765625,-3.572519083969466,0.1297709923664122,-2.5114503816793894,-0.106201171875,-0.986083984375,0.130126953125,-0.13740458015267176,-1.366412213740458,0.24427480916030533
1351,1779653082.954028,-0.955078125,0.07275390625,-0.107177734375,-3.687022900763359,0.07633587786259542,-2.5801526717557253,-0.10546875,-0.9853515625,0.1376953125,-0.3435114503816794,-1.3129770992366412,0.40458015267175573
1352,1779653082.9660163,-0.968505859375,0.06884765625,-0.1005859375,-3.3969465648854964,-0.05343511450381679,-2.7404580152671754,-0.10498046875,-0.98095703125,0.140380859375,-0.5801526717557252,-0.9541984732824428,0.3435114503816794
1353,1779653082.9780116,-0.95654296875,0.069091796875,-0.099365234375,-3.2748091603053435,0.0,-2.5877862595419847,-0.10546875,-0.98583984375,0.136962890625,-0.37404580152671757,-1.2061068702290076,0.2595419847328244
1354,1779653082.9900005,-0.951416015625,0.07763671875,-0.093505859375,-3.5114503816793894,0.21374045801526717,-2.5267175572519083,-0.1025390625,-0.987548828125,0.133056640625,-0.22900763358778625,-1.5190839694656488,0.3511450381679389
1355,1779653083.0020044,-0.958984375,0.073486328125,-0.096923828125,-3.404580152671756,0.4351145038167939,-2.5572519083969465,-0.103759765625,-0.987060546875,0.135986328125,-0.2900763358778626,-1.7251908396946565,0.4122137404580153
1356,1779653083.0146503,-0.950439453125,0.071533203125,-0.0908203125,-3.931297709923664,0.366412213740458,-2.5114503816793894,-0.104736328125,-0.98876953125,0.1318359375,-0.4961832061068702,-0.022900763358778626,0.4198473282442748
1357,1779653083.0267663,-0.95458984375,0.076904296875,-0.096923828125,-3.8625954198473282,0.3435114503816794,-2.5572519083969465,-0.1005859375,-0.991943359375,0.133544921875,-0.5801526717557252,-1.9618320610687023,0.5190839694656488
1358,1779653083.0387492,-0.95068359375,0.067138671875,-0.097900390625,-4.0458015267175576,0.44274809160305345,-2.3206106870229006,-0.096923828125,-0.990966796875,0.12548828125,-0.7251908396946565,-1.534351145038168,0.4732824427480916
1359,1779653083.0507166,-0.959716796875,0.0751953125,-0.087646484375,-3.351145038167939,0.13740458015267176,-2.50381679389313,-0.100830078125,-0.98974609375,0.11962890625,-0.5725190839694656,-1.015267175572519,0.4961832061068702
1360,1779653083.062657,-0.958251953125,0.06787109375,-0.085693359375,-3.595419847328244,0.3969465648854962,-2.2442748091603053,-0.103759765625,-0.981689453125,0.135986328125,-0.6030534351145038,-1.4045801526717556,0.5419847328244275
1361,1779653083.074602,-0.954345703125,0.078125,-0.09814453125,-3.648854961832061,0.26717557251908397,-2.4122137404580153,-0.098388671875,-0.98583984375,0.1171875,-0.32061068702290074,-1.8015267175572518,0.4732824427480916
1362,1779653083.086566,-0.955810546875,0.073486328125,-0.089111328125,-4.083969465648855,0.46564885496183206,-2.435114503816794,-0.09814453125,-0.994384765625,0.140380859375,-0.35877862595419846,-1.9541984732824427,0.6717557251908397
1363,1779653083.0985186,-0.9541015625,0.0703125,-0.0966796875,-3.9923664122137406,0.5038167938931297,-2.450381679389313,-0.099609375,-0.98828125,0.117431640625,-0.5038167938931297,-0.022900763358778626,0.7480916030534351
1364,1779653083.110484,-0.953857421875,0.051513671875,-0.10546875,-4.114503816793893,0.2748091603053435,-2.2061068702290076,-0.099609375,-0.99072265625,0.119140625,-0.6183206106870229,-1.4885496183206106,0.816793893129771
1365,1779653083.122471,-0.954833984375,0.0693359375,-0.086669921875,-3.435114503816794,0.12213740458015267,-2.1908396946564888,-0.08984375,-0.979736328125,0.123046875,-0.648854961832061,-1.0305343511450382,0.8320610687022901
1366,1779653083.1344705,-0.953125,0.069091796875,-0.091796875,-3.366412213740458,-1.8244274809160306,-1.984732824427481,-0.08935546875,-0.986083984375,0.1337890625,-0.5114503816793893,-0.7557251908396947,0.8778625954198473
1367,1779653083.146413,-0.95361328125,0.073486328125,-0.1044921875,-2.969465648854962,0.061068702290076333,-1.8549618320610688,-0.0927734375,-0.983154296875,0.12841796875,-0.37404580152671757,-0.5190839694656488,0.7404580152671756
1368,1779653083.1584342,-0.952392578125,0.07177734375,-0.095703125,-3.0381679389312977,0.015267175572519083,-2.183206106870229,-0.10693359375,-0.984130859375,0.130859375,-0.3282442748091603,-0.37404580152671757,0.5267175572519084
1369,1779653083.170624,-0.95263671875,0.068603515625,-0.088134765625,-2.7404580152671754,0.35877862595419846,-2.053435114503817,-0.09521484375,-0.989501953125,0.1328125,-0.4198473282442748,-0.40458015267175573,0.7099236641221374
1370,1779653083.1826062,-0.955078125,0.076904296875,-0.090576171875,-3.145038167938931,0.37404580152671757,-2.2442748091603053,-0.10791015625,-0.978759765625,0.135498046875,-0.3435114503816794,-1.2442748091603053,1.083969465648855
1371,1779653083.1945815,-0.947021484375,0.07275390625,-0.079833984375,-3.50381679389313,0.4580152671755725,-2.1603053435114505,-0.099365234375,-0.97119140625,0.137451171875,-0.5801526717557252,-1.4885496183206106,1.0229007633587786
1372,1779653083.2065551,-0.951904296875,0.072021484375,-0.090576171875,-3.549618320610687,0.32061068702290074,-2.045801526717557,-0.097412109375,-0.9794921875,0.12890625,-0.44274809160305345,-1.8396946564885497,0.9541984732824428
1373,1779653083.218513,-0.9541015625,0.07568359375,-0.091064453125,-4.091603053435114,0.5343511450381679,-2.015267175572519,-0.09912109375,-0.986572265625,0.136474609375,-0.5648854961832062,-2.3435114503816794,1.3358778625954197
1374,1779653083.230433,-0.9482421875,0.074951171875,-0.080078125,-4.259541984732825,0.7175572519083969,-1.9312977099236641,-0.110107421875,-0.989501953125,0.134521484375,-0.7099236641221374,-2.519083969465649,1.083969465648855
1375,1779653083.242435,-0.95361328125,0.062744140625,-0.109130859375,-4.557251908396947,0.7480916030534351,-1.8931297709923665,-0.103759765625,-0.99072265625,0.126708984375,-0.9083969465648855,-2.381679389312977,0.9923664122137404
1376,1779653083.2544796,-0.9580078125,0.06787109375,-0.09228515625,-4.580152671755725,0.5877862595419847,-1.8931297709923665,-0.10205078125,-0.989990234375,0.133056640625,-0.9007633587786259,-2.2519083969465647,0.8625954198473282
1377,1779653083.266494,-0.954833984375,0.06689453125,-0.0966796875,-4.435114503816794,0.5114503816793893,-2.0839694656488548,-0.102783203125,-0.99169921875,0.11279296875,-0.732824427480916,-2.0763358778625953,1.1297709923664123
1378,1779653083.2784715,-0.957275390625,0.07470703125,-0.09228515625,-4.251908396946565,0.8091603053435115,-1.8549618320610688,-0.10107421875,-0.989013671875,0.11767578125,-0.6641221374045801,-1.9236641221374047,1.183206106870229
1379,1779653083.2904725,-0.954345703125,0.0703125,-0.096923828125,-4.0458015267175576,0.6717557251908397,-1.8473282442748091,-0.100830078125,-0.986572265625,0.134033203125,-0.7175572519083969,-0.015267175572519083,1.2061068702290076
1380,1779653083.3024893,-0.954345703125,0.07421875,-0.09423828125,-4.1679389312977095,0.6717557251908397,-1.717557251908397,-0.11376953125,-0.986572265625,0.12451171875,-0.6183206106870229,-2.068702290076336,1.2748091603053435
1381,1779653083.3144658,-0.940673828125,0.069091796875,-0.109130859375,-4.129770992366412,0.5801526717557252,-1.8625954198473282,-0.11279296875,-0.994140625,0.12890625,-0.6259541984732825,-3.885496183206107,1.16793893129771
1382,1779653083.3264296,-0.955078125,0.074951171875,-0.101318359375,-4.33587786259542,0.6717557251908397,-2.0076335877862594,-0.109130859375,-0.9912109375,0.12353515625,-0.5877862595419847,-2.49618320610687,0.9923664122137404
1383,1779653083.3384404,-0.94970703125,0.07470703125,-0.0791015625,-4.5038167938931295,0.5648854961832062,-2.068702290076336,-0.094482421875,-0.998291015625,0.123046875,-0.7938931297709924,-2.633587786259542,1.0763358778625953
1384,1779653083.3505027,-0.9384765625,0.071044921875,-0.09228515625,-4.893129770992366,0.46564885496183206,-2.053435114503817,-0.104248046875,-0.99267578125,0.11376953125,-0.4732824427480916,-1.8931297709923665,1.1374045801526718
1385,1779653083.3624942,-0.950927734375,0.074462890625,-0.103759765625,-5.8396946564885495,0.10687022900763359,-1.7938931297709924,-0.096923828125,-0.988525390625,0.1103515625,-0.6259541984732825,-1.4732824427480915,1.1603053435114503
1386,1779653083.3744833,-0.95361328125,0.07666015625,-0.10009765625,-3.7480916030534353,0.04580152671755725,-1.8625954198473282,-0.098388671875,-0.988037109375,0.137451171875,-0.6030534351145038,-1.5419847328244274,0.9618320610687023
1387,1779653083.3864758,-0.95654296875,0.074462890625,-0.09375,-3.946564885496183,0.09923664122137404,-1.8625954198473282,-0.108642578125,-0.98486328125,0.126220703125,-0.5801526717557252,-2.0763358778625953,1.1221374045801527
1388,1779653083.3984897,-0.959716796875,0.074462890625,-0.08984375,-4.473282442748092,0.183206106870229,-1.9236641221374047,-0.105224609375,-0.992919921875,0.122802734375,-0.46564885496183206,-1.984732824427481,1.251908396946565
1389,1779653083.4104688,-0.948486328125,0.0732421875,-0.096435546875,-4.122137404580153,0.11450381679389313,-2.1068702290076335,-0.104248046875,-0.98583984375,0.130615234375,-0.4122137404580153,-1.5954198473282444,0.816793893129771
1390,1779653083.422469,-0.95068359375,0.07666015625,-0.091064453125,-3.6030534351145036,0.05343511450381679,-2.015267175572519,-0.106689453125,-0.982666015625,0.1201171875,-0.17557251908396945,-1.6641221374045803,0.7938931297709924
1391,1779653083.4344025,-0.944091796875,0.0751953125,-0.080322265625,-3.816793893129771,0.061068702290076333,-2.381679389312977,-0.10498046875,-0.990478515625,0.134033203125,-0.11450381679389313,-1.4580152671755726,0.816793893129771
1392,1779653083.4463491,-0.953857421875,0.073974609375,-0.08056640625,-3.7251908396946565,-0.015267175572519083,-2.015267175572519,-0.103759765625,-0.98828125,0.12255859375,-0.1450381679389313,-1.2366412213740459,0.7709923664122137
1393,1779653083.4583127,-0.951904296875,0.072021484375,-0.103759765625,-3.5343511450381677,-0.04580152671755725,-2.1526717557251906,-0.099853515625,-0.99267578125,0.11279296875,-0.20610687022900764,-0.9236641221374046,0.816793893129771
1394,1779653083.470263,-0.961181640625,0.07275390625,-0.09375,-2.9923664122137406,-0.06870229007633588,-3.900763358778626,-0.104736328125,-0.989990234375,0.10986328125,-1.9236641221374047,-0.8931297709923665,0.6946564885496184
1395,1779653083.482197,-0.9404296875,0.07666015625,-0.079345703125,-3.3435114503816794,-0.007633587786259542,-2.0381679389312977,-0.107177734375,-0.972900390625,0.128662109375,0.1297709923664122,-1.381679389312977,0.9312977099236641
1396,1779653083.494132,-0.968017578125,0.077880859375,-0.107177734375,-3.8625954198473282,-0.1984732824427481,-3.9083969465648853,-0.10546875,-0.984619140625,0.126708984375,-0.022900763358778626,-1.5038167938931297,0.9541984732824428
1397,1779653083.5061045,-0.956298828125,0.075439453125,-0.0849609375,-3.6946564885496183,-0.29770992366412213,-1.9694656488549618,-0.10546875,-0.985595703125,0.1220703125,-0.31297709923664124,-1.0,0.9465648854961832
1398,1779653083.518075,-0.955322265625,0.0771484375,-0.095458984375,-3.3053435114503817,-0.3816793893129771,-1.8473282442748091,-0.0908203125,-0.985107421875,0.128662109375,-0.12213740458015267,-0.6412213740458015,0.6564885496183206
1399,1779653083.5300367,-0.953369140625,0.07275390625,-0.08447265625,-3.0610687022900764,-0.5801526717557252,-2.16793893129771,-0.09619140625,-0.991943359375,0.130615234375,-0.2595419847328244,-0.24427480916030533,0.7022900763358778
1400,1779653083.542033,-0.952880859375,0.0751953125,-0.0966796875,-2.6793893129770994,-0.3893129770992366,-2.1755725190839694,-0.11279296875,-0.98681640625,0.125732421875,-0.33587786259541985,-0.366412213740458,0.7557251908396947
1401,1779653083.5541456,-0.947509765625,0.075927734375,-0.087646484375,-2.5877862595419847,-0.2824427480916031,-2.1374045801526718,-0.10107421875,-0.9765625,0.15576171875,-0.1450381679389313,-0.5419847328244275,0.6564885496183206
1402,1779653083.5662107,-0.948974609375,0.09326171875,-0.0849609375,-3.099236641221374,-0.04580152671755725,-2.2061068702290076,-0.104248046875,-0.9921875,0.150634765625,0.1297709923664122,-1.1755725190839694,0.6870229007633588
1403,1779653083.5781326,-0.95703125,0.074951171875,-0.078369140625,-3.4656488549618323,0.3511450381679389,-2.213740458015267,-0.102783203125,-0.985107421875,0.126708984375,0.07633587786259542,-1.6488549618320612,0.9465648854961832
1404,1779653083.590487,-0.95751953125,0.073974609375,-0.08984375,-3.900763358778626,0.29770992366412213,-1.984732824427481,-0.109375,-0.992919921875,0.118896484375,-0.2366412213740458,-1.816793893129771,0.9312977099236641
1405,1779653083.6027217,-0.968505859375,0.072021484375,-0.086181640625,-5.854961832061068,0.05343511450381679,-2.2213740458015265,-0.100341796875,-0.98876953125,0.111083984375,-0.2900763358778626,-2.045801526717557,0.916030534351145
1406,1779653083.6147084,-0.968017578125,0.073974609375,-0.108154296875,-3.9389312977099236,0.24427480916030533,-2.1068702290076335,-0.099365234375,-0.9931640625,0.13037109375,-0.2748091603053435,-1.9312977099236641,1.0687022900763359
1407,1779653083.6266978,-0.960693359375,0.069091796875,-0.10107421875,-5.854961832061068,0.1297709923664122,-2.1526717557251906,-0.099609375,-0.983154296875,0.1328125,-0.2595419847328244,-0.06870229007633588,1.0229007633587786
1408,1779653083.6386206,-0.951416015625,0.076171875,-0.102294921875,-3.801526717557252,-0.04580152671755725,-1.8091603053435115,-0.103271484375,-0.98974609375,0.126953125,-0.29770992366412213,-1.5648854961832062,0.9694656488549618
1409,1779653083.6506426,-0.959716796875,0.072021484375,-0.1083984375,-1.9618320610687023,-0.3053435114503817,-2.1068702290076335,-0.0947265625,-0.993408203125,0.121337890625,-0.2595419847328244,-1.083969465648855,1.0076335877862594
1410,1779653083.6626167,-0.95068359375,0.07177734375,-0.097900390625,-3.435114503816794,-0.33587786259541985,-2.1603053435114505,-0.123291015625,-0.97021484375,0.12109375,-0.0916030534351145,-1.1450381679389312,1.0381679389312977
1411,1779653083.6746194,-0.955078125,0.070068359375,-0.091796875,-3.5801526717557253,-1.9541984732824427,-1.9541984732824427,-0.10791015625,-0.969482421875,0.131591796875,-0.022900763358778626,-1.282442748091603,0.9236641221374046
1412,1779653083.6866105,-0.951416015625,0.07666015625,-0.0947265625,-3.5877862595419847,0.16030534351145037,-1.8778625954198473,-0.10400390625,-0.998779296875,0.134033203125,-0.030534351145038167,-1.2671755725190839,0.9236641221374046
1413,1779653083.6986015,-0.95166015625,0.06884765625,-0.0927734375,-3.6259541984732824,-0.19083969465648856,-3.8931297709923665,-0.10498046875,-0.999267578125,0.12451171875,-0.1450381679389313,-1.4122137404580153,1.0610687022900764
1414,1779653083.7105966,-0.954345703125,0.076171875,-0.090087890625,-3.717557251908397,-0.16793893129770993,-1.7709923664122138,-0.1123046875,-0.983642578125,0.13916015625,-0.1450381679389313,-1.7786259541984732,0.9389312977099237
1415,1779653083.7225041,-0.9599609375,0.075927734375,-0.09130859375,-3.6793893129770994,-0.07633587786259542,-2.053435114503817,-0.10693359375,-0.98974609375,0.13427734375,-0.1450381679389313,-1.7328244274809161,0.7938931297709924
1416,1779653083.7344587,-0.968017578125,0.06396484375,-0.09228515625,-3.7938931297709924,-0.22900763358778625,-2.1068702290076335,-0.100341796875,-0.990478515625,0.133544921875,-0.29770992366412213,-1.702290076335878,0.9083969465648855
1417,1779653083.746388,-0.955078125,0.078857421875,-0.109130859375,-4.091603053435114,0.13740458015267176,-2.0763358778625953,-0.096923828125,-0.9833984375,0.131591796875,-0.3282442748091603,-1.7557251908396947,0.7480916030534351
1418,1779653083.758389,-0.968505859375,0.071044921875,-0.10595703125,-5.847328244274809,0.022900763358778626,-1.9694656488549618,-0.10693359375,-0.9833984375,0.128662109375,-0.16030534351145037,-1.8854961832061068,0.7938931297709924
1419,1779653083.7703323,-0.93798828125,0.070556640625,-0.08984375,-4.030534351145038,0.11450381679389313,-2.183206106870229,-0.115234375,-0.98681640625,0.1240234375,-1.9236641221374047,-1.786259541984733,0.6641221374045801
1420,1779653083.782257,-0.956787109375,0.07568359375,-0.107421875,-3.732824427480916,0.11450381679389313,-2.16793893129771,-0.119873046875,-1.0,0.137939453125,0.11450381679389313,-1.7786259541984732,0.7099236641221374
1421,1779653083.79419,-0.941650390625,0.080810546875,-0.092529296875,-3.816793893129771,-0.03816793893129771,-2.3587786259541983,-0.10693359375,-0.98876953125,0.116943359375,0.11450381679389313,-1.702290076335878,0.6717557251908397
1422,1779653083.8061292,-0.951904296875,0.07275390625,-0.096923828125,-3.9923664122137406,-0.1450381679389313,-2.267175572519084,-0.100830078125,-0.97216796875,0.1240234375,0.08396946564885496,-1.7251908396946565,0.6564885496183206
1423,1779653083.8181105,-0.957275390625,0.07666015625,-0.10107421875,-3.6564885496183206,-0.3816793893129771,-2.3740458015267176,-0.100830078125,-0.98583984375,0.1279296875,-0.05343511450381679,-1.1755725190839694,0.6564885496183206
1424,1779653083.8300827,-0.947998046875,0.078125,-0.0908203125,-3.3587786259541983,-0.5343511450381679,-2.2442748091603053,-0.1044921875,-0.9912109375,0.129150390625,-0.13740458015267176,-1.2366412213740459,0.6946564885496184
1425,1779653083.8420393,-0.950927734375,0.07763671875,-0.082275390625,-3.7938931297709924,-0.5419847328244275,-2.3435114503816794,-0.107421875,-0.981201171875,0.132080078125,0.03816793893129771,-1.717557251908397,0.4961832061068702
1426,1779653083.8540244,-0.95068359375,0.07373046875,-0.093994140625,-3.984732824427481,-0.17557251908396945,-2.5114503816793894,-0.112060546875,-0.98583984375,0.12890625,0.3511450381679389,-1.450381679389313,0.5190839694656488
1427,1779653083.8660243,-0.953369140625,0.072998046875,-0.09228515625,-3.49618320610687,0.015267175572519083,-2.4580152671755724,-0.0947265625,-0.989013671875,0.12353515625,0.48091603053435117,-1.015267175572519,0.46564885496183206
1428,1779653083.8779836,-0.955322265625,0.070556640625,-0.090576171875,-3.030534351145038,-0.5114503816793893,-2.3893129770992365,-0.101806640625,-0.991455078125,0.112060546875,0.3969465648854962,-0.5038167938931297,0.3969465648854962
1429,1779653083.8900054,-0.968017578125,0.074951171875,-0.0966796875,-2.6793893129770994,-0.816793893129771,-2.366412213740458,-0.125,-0.993408203125,0.123291015625,0.19083969465648856,-0.183206106870229,0.22900763358778625
1430,1779653083.902012,-0.960205078125,0.069091796875,-0.1025390625,-2.3053435114503817,-0.9312977099236641,-2.2748091603053435,-0.105712890625,-0.9892578125,0.133544921875,0.24427480916030533,0.2366412213740458,0.1450381679389313
1431,1779653083.9140399,-0.968505859375,0.07666015625,-0.086181640625,-1.9694656488549618,-1.0,-2.4427480916030535,-0.09521484375,-0.991455078125,0.135009765625,0.3893129770992366,0.2900763358778626,0.25190839694656486
1432,1779653083.926057,-0.939208984375,0.072509765625,-0.08740234375,-2.33587786259542,-0.6259541984732825,-2.5572519083969465,-0.10498046875,-0.98095703125,0.135986328125,0.6335877862595419,-0.22137404580152673,0.19083969465648856
1433,1779653083.938037,-0.949462890625,0.076171875,-0.091552734375,-2.717557251908397,-0.549618320610687,-2.572519083969466,-0.10595703125,-0.98486328125,0.1279296875,0.6183206106870229,-0.6259541984732825,0.09923664122137404
1434,1779653083.9500568,-0.953369140625,0.075439453125,-0.089599609375,-3.0076335877862594,-0.46564885496183206,-2.519083969465649,-0.109619140625,-0.98681640625,0.14013671875,0.4351145038167939,-1.183206106870229,0.183206106870229
1435,1779653083.9620516,-0.952880859375,0.07275390625,-0.087646484375,-3.2290076335877864,-0.5801526717557252,-2.732824427480916,-0.11376953125,-0.9853515625,0.12451171875,0.1984732824427481,-1.534351145038168,0.06870229007633588
1436,1779653083.974046,-0.950927734375,0.075439453125,-0.09033203125,-3.2290076335877864,-0.648854961832061,-2.900763358778626,-0.11767578125,-0.983154296875,0.13525390625,0.1984732824427481,-1.2671755725190839,-0.015267175572519083
1437,1779653083.9860675,-0.938232421875,0.07373046875,-0.08984375,-3.6564885496183206,-0.4198473282442748,-2.946564885496183,-0.1083984375,-0.9921875,0.134765625,0.2366412213740458,-1.4351145038167938,-0.0916030534351145
1438,1779653083.998058,-0.949462890625,0.07568359375,-0.09130859375,-3.3587786259541983,-0.5419847328244275,-3.1908396946564888,-0.09521484375,-0.985595703125,0.151123046875,0.24427480916030533,-1.1755725190839694,-0.16793893129770993
1439,1779653084.0100634,-0.940673828125,0.07080078125,-0.084228515625,-2.969465648854962,-0.33587786259541985,-3.2061068702290076,-0.11181640625,-0.985107421875,0.128173828125,0.45038167938931295,-0.916030534351145,-0.2900763358778626
1440,1779653084.0220351,-0.966064453125,0.0634765625,-0.091552734375,-2.5877862595419847,-0.37404580152671757,-3.3893129770992365,-0.10546875,-0.99169921875,0.1279296875,0.5267175572519084,-0.7404580152671756,-0.46564885496183206
1441,1779653084.0342648,-0.953369140625,0.07177734375,-0.083984375,-2.7022900763358777,-0.5648854961832062,-3.3893129770992365,-0.100341796875,-0.9912109375,0.123046875,0.24427480916030533,-0.4351145038167939,-0.5190839694656488
1442,1779653084.0462332,-0.953857421875,0.072265625,-0.09423828125,-2.549618320610687,-0.46564885496183206,-3.1603053435114505,-0.0986328125,-0.97265625,0.130615234375,0.20610687022900764,-0.366412213740458,-0.8854961832061069
1443,1779653084.0581892,-0.9521484375,0.066162109375,-0.08544921875,-2.145038167938931,-0.6183206106870229,-3.33587786259542,-0.10693359375,-0.980712890625,0.1318359375,0.4961832061068702,-0.16030534351145037,-0.6564885496183206
1444,1779653084.0701225,-0.949951171875,0.068115234375,-0.086181640625,-2.198473282442748,-0.48854961832061067,-3.3587786259541983,-0.103515625,-0.994384765625,0.13671875,0.3435114503816794,-0.33587786259541985,-0.5419847328244275
1445,1779653084.0820897,-0.9541015625,0.0732421875,-0.092041015625,-2.648854961832061,-0.31297709923664124,-3.2900763358778624,-0.102783203125,-0.987060546875,0.130859375,0.20610687022900764,-0.8778625954198473,-0.732824427480916
1446,1779653084.094066,-0.937744140625,0.072509765625,-0.0869140625,-3.114503816793893,-0.48854961832061067,-3.4885496183206106,-0.11181640625,-0.98486328125,0.12890625,0.20610687022900764,-1.0305343511450382,-0.7862595419847328
1447,1779653084.1060536,-0.968505859375,0.06787109375,-0.088623046875,-3.045801526717557,-0.366412213740458,-3.4885496183206106,-0.102783203125,-0.988037109375,0.134033203125,0.3435114503816794,-0.8549618320610687,-0.732824427480916
1448,1779653084.1180255,-0.9541015625,0.070068359375,-0.084716796875,-2.6946564885496183,-0.5038167938931297,-3.6412213740458017,-0.098388671875,-0.9892578125,0.127197265625,0.26717557251908397,-0.19083969465648856,-1.0763358778625953
1449,1779653084.1300514,-0.9541015625,0.072509765625,-0.08349609375,-2.1755725190839694,-0.6793893129770993,-3.549618320610687,-0.094482421875,-0.9814453125,0.131103515625,0.25190839694656486,0.1984732824427481,-1.0076335877862594
1450,1779653084.1420279,-0.950927734375,0.07177734375,-0.07958984375,-2.045801526717557,-0.4961832061068702,-3.6030534351145036,-0.09765625,-0.986083984375,0.128173828125,0.22900763358778625,-0.061068702290076333,-0.7938931297709924
1451,1779653084.1540635,-0.956298828125,0.079345703125,-0.089599609375,-2.1526717557251906,-0.1984732824427481,-3.6412213740458017,-0.10400390625,-0.990234375,0.1337890625,0.29770992366412213,-0.16030534351145037,-0.8854961832061069
1452,1779653084.1659966,-0.955322265625,0.0693359375,-0.077880859375,-2.198473282442748,-0.24427480916030533,-3.564885496183206,-0.106201171875,-0.9970703125,0.1328125,0.48854961832061067,-0.35877862595419846,-0.7557251908396947
1453,1779653084.1780167,-0.953369140625,0.065185546875,-0.085693359375,-2.1908396946564888,-0.25190839694656486,-3.6717557251908395,-0.095947265625,-0.984619140625,0.136474609375,0.3969465648854962,-0.22900763358778625,-0.7633587786259542
1454,1779653084.1900115,-0.954345703125,0.072509765625,-0.0869140625,-2.114503816793893,-0.32061068702290074,-3.5267175572519083,-0.095947265625,-0.984375,0.129150390625,0.33587786259541985,-0.09923664122137404,-0.8396946564885496
1455,1779653084.2019565,-0.958740234375,0.0693359375,-0.08203125,-2.183206106870229,-0.5572519083969466,-3.450381679389313,-0.101806640625,-0.990478515625,0.135009765625,-0.06870229007633588,-0.06870229007633588,-0.7022900763358778
1456,1779653084.2139428,-0.938232421875,0.0693359375,-0.086181640625,-2.2748091603053435,-0.5648854961832062,-3.2900763358778624,-0.10986328125,-0.984375,0.140869140625,-0.183206106870229,-0.366412213740458,-0.5648854961832062
1457,1779653084.225911,-0.93896484375,0.073974609375,-0.082763671875,-2.66412213740458,-0.4198473282442748,-3.3206106870229006,-0.09765625,-0.98193359375,0.1416015625,-0.1450381679389313,-0.648854961832061,-0.4580152671755725
1458,1779653084.2379487,-0.957763671875,0.069580078125,-0.078857421875,-3.1297709923664123,-0.183206106870229,-3.213740458015267,-0.091796875,-0.9892578125,0.14892578125,-0.09923664122137404,-0.916030534351145,-0.48091603053435117
1459,1779653084.2498527,-0.950439453125,0.066162109375,-0.084228515625,-3.198473282442748,0.16030534351145037,-3.114503816793893,-0.084228515625,-0.99853515625,0.151123046875,-0.022900763358778626,-0.7099236641221374,-0.26717557251908397
1460,1779653084.261877,-0.954833984375,0.06689453125,-0.093505859375,-2.900763358778626,0.061068702290076333,-2.969465648854962,-0.095703125,-0.973388671875,0.1279296875,-0.22900763358778625,-0.8931297709923665,-0.3816793893129771
1461,1779653084.2738466,-0.956787109375,0.06396484375,-0.09033203125,-2.7251908396946565,0.06870229007633588,-3.1068702290076335,-0.100830078125,-0.99609375,0.133544921875,-0.4732824427480916,-1.1526717557251909,-0.04580152671755725
1462,1779653084.2858016,-0.960693359375,0.072509765625,-0.0849609375,-3.4885496183206106,0.26717557251908397,-2.8473282442748094,-0.106689453125,-0.9853515625,0.127685546875,-0.3893129770992366,-1.465648854961832,-0.19083969465648856
1463,1779653084.2977302,-0.95947265625,0.06591796875,-0.093994140625,-3.7251908396946565,0.6335877862595419,-3.0076335877862594,-0.100830078125,-0.99072265625,0.14404296875,-0.3816793893129771,-1.5725190839694656,0.2748091603053435
1464,1779653084.309654,-0.949462890625,0.065673828125,-0.0869140625,-3.3206106870229006,0.5954198473282443,-2.885496183206107,-0.089599609375,-0.987060546875,0.129638671875,-0.3282442748091603,-1.5038167938931297,0.0916030534351145
1465,1779653084.321576,-0.95751953125,0.06494140625,-0.087646484375,-3.3435114503816794,0.6030534351145038,-2.7557251908396947,-0.0927734375,-0.978271484375,0.129150390625,-0.6793893129770993,-1.3435114503816794,0.15267175572519084
1466,1779653084.3335154,-0.95751953125,0.070556640625,-0.084716796875,-3.435114503816794,0.3053435114503817,-2.5801526717557253,-0.089111328125,-0.984130859375,0.141357421875,-0.8091603053435115,-1.3358778625954197,0.31297709923664124
1467,1779653084.3454733,-0.95458984375,0.0703125,-0.090087890625,-3.236641221374046,0.4580152671755725,-2.633587786259542,-0.094482421875,-0.994384765625,0.1337890625,-0.8625954198473282,-1.4274809160305344,0.42748091603053434
1468,1779653084.3574781,-0.951171875,0.061767578125,-0.089599609375,-3.801526717557252,0.5419847328244275,-2.8091603053435112,-0.099853515625,-0.99267578125,0.153564453125,-0.8702290076335878,-1.6488549618320612,0.31297709923664124
1469,1779653084.3694677,-0.947998046875,0.07177734375,-0.0830078125,-4.114503816793893,0.8625954198473282,-2.5419847328244276,-0.09716796875,-0.98876953125,0.1357421875,-0.8396946564885496,-2.1068702290076335,0.5725190839694656
1470,1779653084.3814194,-0.953857421875,0.068115234375,-0.083984375,-4.396946564885496,1.0458015267175573,-2.6412213740458017,-0.095703125,-0.972412109375,0.138916015625,-0.9618320610687023,-2.0,0.45038167938931295
1471,1779653084.3933244,-0.940185546875,0.0654296875,-0.09033203125,-4.1603053435114505,0.8854961832061069,-2.5419847328244276,-0.09716796875,-0.9892578125,0.126953125,-1.1221374045801527,-1.7786259541984732,0.5877862595419847
1472,1779653084.405244,-0.953125,0.076416015625,-0.082275390625,-3.984732824427481,1.1374045801526718,-2.480916030534351,-0.100830078125,-0.992919921875,0.137939453125,-0.9770992366412213,-2.213740458015267,0.6641221374045801
1473,1779653084.417167,-0.950439453125,0.070556640625,-0.083984375,-4.419847328244275,1.1374045801526718,-2.312977099236641,-0.096923828125,-0.986572265625,0.141357421875,-0.7175572519083969,-2.8473282442748094,0.6870229007633588
1474,1779653084.4290934,-0.94775390625,0.069091796875,-0.078857421875,-5.198473282442748,1.3969465648854962,-2.4122137404580153,-0.088134765625,-0.99072265625,0.131103515625,-0.7557251908396947,-3.3587786259541983,0.8702290076335878
1475,1779653084.441045,-0.957763671875,0.069580078125,-0.084716796875,-5.435114503816794,1.4809160305343512,-2.450381679389313,-0.0908203125,-0.991455078125,0.13134765625,-1.0229007633587786,-3.572519083969466,0.9465648854961832
1476,1779653084.4529867,-0.939208984375,0.065185546875,-0.088134765625,-5.404580152671755,1.1603053435114503,-2.2290076335877864,-0.09521484375,-0.99267578125,0.121337890625,-1.2900763358778626,-3.2290076335877864,0.9007633587786259
1477,1779653084.4652114,-0.949462890625,0.060302734375,-0.099609375,-5.2748091603053435,0.816793893129771,-2.1603053435114505,-0.099365234375,-0.985595703125,0.1259765625,-1.549618320610687,-2.7938931297709924,0.9007633587786259
1478,1779653084.4771495,-0.95556640625,0.06787109375,-0.082275390625,-5.00763358778626,0.7175572519083969,-2.2442748091603053,-0.107177734375,-0.998046875,0.12548828125,-1.3969465648854962,-2.4580152671755724,0.8015267175572519
1479,1779653084.489053,-0.950439453125,0.068115234375,-0.08984375,-4.580152671755725,0.5725190839694656,-2.1374045801526718,-0.095703125,-0.994140625,0.130615234375,-1.282442748091603,-2.351145038167939,1.0
1480,1779653084.5010164,-0.95068359375,0.066162109375,-0.0869140625,-4.687022900763359,0.8702290076335878,-1.9618320610687023,-0.107177734375,-1.0,0.126220703125,-0.7862595419847328,-1.8396946564885497,0.7022900763358778
1481,1779653084.5130203,-0.95654296875,0.07080078125,-0.093505859375,-4.396946564885496,1.2442748091603053,-2.213740458015267,-0.09033203125,-0.985595703125,0.126708984375,-0.549618320610687,-1.4427480916030535,0.8931297709923665
1482,1779653084.525017,-0.95361328125,0.07666015625,-0.09521484375,-3.3435114503816794,0.8778625954198473,-2.0229007633587788,-0.083740234375,-0.98486328125,0.11376953125,-0.9541984732824428,-1.0076335877862594,0.8396946564885496
1483,1779653084.5370116,-0.9521484375,0.06591796875,-0.0947265625,-3.2977099236641223,0.7786259541984732,-3.9083969465648853,-0.094482421875,-0.98876953125,0.118408203125,-1.0229007633587786,-0.9923664122137404,0.9923664122137404
1484,1779653084.5490186,-0.94189453125,0.063232421875,-0.09375,-3.122137404580153,0.3969465648854962,-3.8396946564885495,-0.099365234375,-0.9853515625,0.122802734375,-1.1603053435114503,-1.1908396946564885,1.1603053435114503
1485,1779653084.5610518,-0.939697265625,0.068359375,-0.09033203125,-3.786259541984733,0.35877862595419846,-1.8244274809160306,-0.092041015625,-0.992919921875,0.13134765625,-1.183206106870229,-2.045801526717557,1.1603053435114503
1486,1779653084.5730355,-0.9580078125,0.072021484375,-0.08984375,-4.183206106870229,0.4580152671755725,-1.6641221374045803,-0.094970703125,-0.98486328125,0.1328125,-1.0,-1.8091603053435115,1.2900763358778626
1487,1779653084.585138,-0.951416015625,0.0693359375,-0.09228515625,-4.297709923664122,0.648854961832061,-1.717557251908397,-0.098876953125,-0.98681640625,0.1357421875,-0.6793893129770993,-2.1297709923664123,1.1450381679389312
1488,1779653084.5975382,-0.9462890625,0.07275390625,-0.09228515625,-4.580152671755725,0.6870229007633588,-1.916030534351145,-0.096435546875,-0.98681640625,0.12451171875,-0.6793893129770993,-2.2442748091603053,1.3511450381679388
1489,1779653084.609525,-0.9423828125,0.0693359375,-0.086181640625,-4.32824427480916,0.816793893129771,-1.6717557251908397,-0.10400390625,-0.99169921875,0.122802734375,-0.7022900763358778,-2.0763358778625953,1.2900763358778626
1490,1779653084.6215398,-0.953857421875,0.074951171875,-0.09326171875,-4.305343511450381,0.5801526717557252,-1.618320610687023,-0.095458984375,-0.994140625,0.11767578125,-0.6106870229007634,-1.9083969465648856,1.4122137404580153
1491,1779653084.6335142,-0.958984375,0.061279296875,-0.0908203125,-3.9236641221374047,0.4580152671755725,-1.7251908396946565,-0.09228515625,-0.993408203125,0.115234375,-1.083969465648855,-1.7633587786259541,1.3435114503816794
1492,1779653084.6454923,-0.949951171875,0.06982421875,-0.095703125,-3.931297709923664,0.42748091603053434,-1.4732824427480915,-0.102783203125,-0.989501953125,0.13232421875,-0.9694656488549618,-1.5648854961832062,1.3053435114503817
1493,1779653084.657565,-0.961669921875,0.072265625,-0.087158203125,-4.251908396946565,0.31297709923664124,-1.618320610687023,-0.091552734375,-0.9931640625,0.135009765625,-0.7557251908396947,-2.213740458015267,1.534351145038168
1494,1779653084.669552,-0.95361328125,0.07080078125,-0.09228515625,-4.770992366412214,0.5038167938931297,-1.7633587786259541,-0.098876953125,-0.986083984375,0.13232421875,-0.5801526717557252,-2.50381679389313,1.5038167938931297
1495,1779653084.6814919,-0.95703125,0.06787109375,-0.0947265625,-4.549618320610687,0.7175572519083969,-1.4580152671755726,-0.09619140625,-0.98388671875,0.1318359375,-0.25190839694656486,-2.435114503816794,1.4961832061068703
1496,1779653084.6935155,-0.954833984375,0.06884765625,-0.095458984375,-4.67175572519084,0.5648854961832062,-1.3969465648854962,-0.099609375,-0.989990234375,0.12451171875,-0.40458015267175573,-2.50381679389313,1.4122137404580153
1497,1779653084.7055073,-0.944091796875,0.0703125,-0.0947265625,-4.679389312977099,0.46564885496183206,-1.6946564885496183,-0.07958984375,-0.992431640625,0.1318359375,-0.5114503816793893,-2.549618320610687,1.5114503816793894
1498,1779653084.7175078,-0.9560546875,0.07275390625,-0.079833984375,-4.473282442748092,0.1450381679389313,-1.5419847328244274,-0.08984375,-0.9921875,0.132080078125,-0.7938931297709924,-1.9694656488549618,1.5114503816793894
1499,1779653084.7295194,-0.964111328125,0.0732421875,-0.08447265625,-4.076335877862595,0.061068702290076333,-1.5190839694656488,-0.10693359375,-0.995849609375,0.1103515625,-0.7557251908396947,-1.4732824427480915,1.251908396946565
1500,1779653084.7414246,-0.950927734375,0.0703125,-0.09326171875,-3.6412213740458017,0.03816793893129771,-1.5801526717557253,-0.09912109375,-0.98291015625,0.1337890625,-0.5725190839694656,-1.534351145038168,1.4961832061068703
1501,1779653084.7535357,-0.95068359375,0.07177734375,-0.090576171875,-3.954198473282443,0.4732824427480916,-1.4198473282442747,-0.0947265625,-0.987548828125,0.123046875,-0.21374045801526717,-1.816793893129771,1.5114503816793894
1502,1779653084.7656503,-0.953125,0.066162109375,-0.09375,-4.251908396946565,0.5419847328244275,-1.6641221374045803,-0.091552734375,-0.97900390625,0.122314453125,-0.17557251908396945,-1.717557251908397,1.4122137404580153
1503,1779653084.777568,-0.95654296875,0.06689453125,-0.10205078125,-3.7022900763358777,0.06870229007633588,-1.5038167938931297,-0.109619140625,-0.981689453125,0.119140625,-0.35877862595419846,-1.4580152671755726,1.2595419847328244
1504,1779653084.7895186,-0.952880859375,0.071533203125,-0.07861328125,-3.7099236641221376,0.07633587786259542,-1.5038167938931297,-0.104248046875,-0.9892578125,0.133056640625,-0.44274809160305345,-1.7328244274809161,1.4045801526717556
1505,1779653084.8014944,-0.952392578125,0.07568359375,-0.10498046875,-4.1679389312977095,0.061068702290076333,-1.5572519083969465,-0.115966796875,-0.988525390625,0.139404296875,-0.4961832061068702,-2.2442748091603053,1.3587786259541985
1506,1779653084.813468,-0.967041015625,0.068115234375,-0.092041015625,-4.8396946564885495,0.20610687022900764,-1.8931297709923665,-0.10205078125,-0.97021484375,0.134033203125,-0.40458015267175573,-2.763358778625954,1.282442748091603
1507,1779653084.825479,-0.9580078125,0.074462890625,-0.088623046875,-5.229007633587786,0.32061068702290074,-1.7328244274809161,-0.11181640625,-0.986572265625,0.109375,-0.2824427480916031,-3.0076335877862594,1.1908396946564885
1508,1779653084.8374345,-0.958251953125,0.068359375,-0.0791015625,-5.175572519083969,0.37404580152671757,-1.8549618320610688,-0.103271484375,-0.986328125,0.123291015625,-0.29770992366412213,-2.717557251908397,1.183206106870229
1509,1779653084.8493803,-0.954345703125,0.0673828125,-0.09765625,-4.648854961832061,0.31297709923664124,-1.7557251908396947,-0.09912109375,-0.98681640625,0.128662109375,-0.40458015267175573,-1.9694656488549618,1.183206106870229
1510,1779653084.8613539,-0.9560546875,0.069580078125,-0.09716796875,-4.083969465648855,-0.061068702290076333,-1.7709923664122138,-0.0986328125,-0.992431640625,0.1201171875,-0.29770992366412213,-1.213740458015267,0.9083969465648855
1511,1779653084.873315,-0.9521484375,0.06884765625,-0.094970703125,-3.6106870229007635,-0.09923664122137404,-1.8015267175572518,-0.1025390625,-0.987548828125,0.126953125,-0.2824427480916031,-0.8015267175572519,1.0458015267175573
1512,1779653084.8852432,-0.959716796875,0.071533203125,-0.0849609375,-3.213740458015267,-0.16793893129770993,-1.618320610687023,-0.10693359375,-0.991455078125,0.124267578125,0.15267175572519084,-1.1374045801526718,1.0610687022900764
1513,1779653084.89738,-0.951171875,0.072998046875,-0.082275390625,-3.3893129770992365,-0.1297709923664122,-1.8854961832061068,-0.115478515625,-0.985595703125,0.125,0.10687022900763359,-1.3358778625954197,0.816793893129771
1514,1779653084.90942,-0.95068359375,0.0869140625,-0.087890625,-3.3435114503816794,-0.2595419847328244,-2.1297709923664123,-0.11181640625,-0.97900390625,0.11767578125,0.13740458015267176,-1.366412213740458,0.6946564885496184
1515,1779653084.9213524,-0.954833984375,0.072265625,-0.10693359375,-3.66412213740458,-0.40458015267175573,-2.2595419847328246,-0.114013671875,-0.971435546875,0.13232421875,0.04580152671755725,-1.3282442748091603,0.6870229007633588
1516,1779653084.9333067,-0.939208984375,0.072021484375,-0.079833984375,-3.4198473282442747,-0.4961832061068702,-2.3435114503816794,-0.116943359375,-0.981689453125,0.11572265625,0.03816793893129771,-0.9389312977099237,0.6793893129770993
1517,1779653084.945257,-0.949462890625,0.07421875,-0.090087890625,-3.236641221374046,-0.5725190839694656,-2.572519083969466,-0.10595703125,-0.98681640625,0.125,-0.15267175572519084,-0.9847328244274809,0.3816793893129771
1518,1779653084.9571702,-0.93896484375,0.064697265625,-0.088134765625,-3.50381679389313,-0.3816793893129771,-2.519083969465649,-0.11083984375,-0.98974609375,0.1396484375,0.061068702290076333,-1.5954198473282444,0.42748091603053434
1519,1779653084.969149,-0.965576171875,0.07275390625,-0.089111328125,-3.900763358778626,-0.3969465648854962,-2.5801526717557253,-0.102294921875,-0.987548828125,0.13671875,0.061068702290076333,-2.068702290076336,0.3282442748091603
1520,1779653084.9810722,-0.967529296875,0.0703125,-0.08447265625,-4.099236641221374,0.16030534351145037,-2.732824427480916,-0.1103515625,-0.99072265625,0.142578125,-0.06870229007633588,-1.816793893129771,0.31297709923664124
1521,1779653084.9930372,-0.955322265625,0.074462890625,-0.09521484375,-3.8091603053435112,-1.900763358778626,-2.6946564885496183,-0.099609375,-0.989013671875,0.126220703125,0.08396946564885496,-1.5801526717557253,0.26717557251908397
1522,1779653085.005006,-0.9560546875,0.07080078125,-0.0908203125,-3.519083969465649,1.9312977099236641,-2.7557251908396947,-0.093994140625,-0.986572265625,0.12890625,-0.0916030534351145,-1.4580152671755726,0.1450381679389313
1523,1779653085.0170097,-0.946533203125,0.072021484375,-0.08984375,-3.5267175572519083,-0.1450381679389313,-2.9160305343511452,-0.109130859375,-0.988525390625,0.127685546875,-0.05343511450381679,-1.282442748091603,0.06870229007633588
1524,1779653085.0289726,-0.9501953125,0.06640625,-0.086181640625,-3.427480916030534,-1.9465648854961832,-2.931297709923664,-0.083740234375,-0.986572265625,0.119384765625,-0.06870229007633588,-1.1603053435114503,0.1297709923664122
1525,1779653085.0409048,-0.953125,0.07421875,-0.085693359375,-3.4580152671755724,-0.1450381679389313,-2.931297709923664,-0.096923828125,-0.990234375,0.131591796875,0.12213740458015267,-1.1450381679389312,0.15267175572519084
1526,1779653085.05283,-0.956298828125,0.066650390625,-0.097412109375,-3.312977099236641,-0.17557251908396945,-2.633587786259542,-0.096923828125,-0.982421875,0.124267578125,0.26717557251908397,-1.1374045801526718,1.916030534351145
1527,1779653085.0647995,-0.95458984375,0.065673828125,-0.09765625,-3.3893129770992365,-0.2366412213740458,-2.931297709923664,-0.10009765625,-0.989501953125,0.12841796875,0.061068702290076333,-1.183206106870229,0.16030534351145037
1528,1779653085.076707,-0.950439453125,0.070068359375,-0.10205078125,-3.183206106870229,-0.6870229007633588,-2.618320610687023,-0.0859375,-0.991455078125,0.129638671875,-0.03816793893129771,-0.9236641221374046,0.17557251908396945
1529,1779653085.0886202,-0.954833984375,0.06689453125,-0.093994140625,-2.9389312977099236,-0.6641221374045801,-2.381679389312977,-0.095947265625,-0.99169921875,0.11865234375,-0.04580152671755725,-0.22900763358778625,0.030534351145038167
1530,1779653085.1005435,-0.954345703125,0.068603515625,-0.092529296875,-2.5343511450381677,-0.8473282442748091,-2.9389312977099236,-0.107421875,-0.98681640625,0.13330078125,-0.061068702290076333,-0.3282442748091603,0.05343511450381679
1531,1779653085.1124568,-0.949951171875,0.07275390625,-0.093505859375,-2.3740458015267176,-0.5572519083969466,-2.7938931297709924,-0.110107421875,-0.986572265625,0.138427734375,0.0916030534351145,-0.35877862595419846,0.12213740458015267
1532,1779653085.1243834,-0.950439453125,0.07177734375,-0.084228515625,-2.5419847328244276,-0.5038167938931297,-2.8091603053435112,-0.103759765625,-0.9833984375,0.137451171875,0.061068702290076333,-0.16793893129770993,-1.900763358778626
1533,1779653085.1363137,-0.95166015625,0.072509765625,-0.080078125,-2.50381679389313,-0.2824427480916031,-3.0,-0.1064453125,-0.98388671875,0.136474609375,0.32061068702290074,-0.3816793893129771,-0.17557251908396945
1534,1779653085.1482506,-0.95654296875,0.07373046875,-0.080322265625,-2.4885496183206106,-0.19083969465648856,-2.9160305343511452,-0.10205078125,-0.9931640625,0.132080078125,0.19083969465648856,-0.1984732824427481,-0.10687022900763359
1535,1779653085.1602018,-0.9677734375,0.068115234375,-0.089111328125,-2.183206106870229,-0.25190839694656486,-2.984732824427481,-0.0859375,-0.97509765625,0.13671875,0.13740458015267176,-1.916030534351145,-0.2900763358778626
1536,1779653085.1721418,-0.95458984375,0.066650390625,-0.091552734375,-1.7328244274809161,-0.2748091603053435,-2.7786259541984735,-0.079833984375,-0.98779296875,0.130126953125,-0.03816793893129771,0.16793893129770993,-0.2824427480916031
1537,1779653085.1840885,-0.95361328125,0.0703125,-0.087890625,-1.9236641221374047,-0.15267175572519084,-2.7251908396946565,-0.1044921875,-0.986328125,0.13720703125,-0.22137404580152673,-0.13740458015267176,-0.15267175572519084
1538,1779653085.1960635,-0.953369140625,0.06787109375,-0.085693359375,-2.267175572519084,0.07633587786259542,-2.801526717557252,-0.1201171875,-0.986572265625,0.135498046875,0.0,-0.46564885496183206,-0.10687022900763359
1539,1779653085.2080355,-0.940673828125,0.07470703125,-0.08984375,-2.900763358778626,0.15267175572519084,-2.7099236641221376,-0.095703125,-0.980224609375,0.13720703125,0.061068702290076333,-1.083969465648855,0.1297709923664122
1540,1779653085.2200372,-0.959716796875,0.06640625,-0.09814453125,-3.213740458015267,0.24427480916030533,-2.8625954198473282,-0.097412109375,-0.98193359375,0.11865234375,-0.06870229007633588,-1.0,0.12213740458015267
1541,1779653085.2320051,-0.96044921875,0.0703125,-0.09130859375,-2.8473282442748094,0.13740458015267176,-2.6717557251908395,-0.08837890625,-0.98583984375,0.126220703125,-0.08396946564885496,-0.9541984732824428,0.35877862595419846
1542,1779653085.2439513,-0.95556640625,0.072021484375,-0.09326171875,-2.931297709923664,-0.03816793893129771,-2.3969465648854964,-0.092529296875,-0.98486328125,0.12353515625,-0.1984732824427481,-0.42748091603053434,0.26717557251908397
1543,1779653085.2559254,-0.955322265625,0.06787109375,-0.0986328125,-2.3893129770992365,-0.15267175572519084,-2.687022900763359,-0.08642578125,-0.982177734375,0.132568359375,-0.366412213740458,-0.15267175572519084,0.40458015267175573
1544,1779653085.2679348,-0.95556640625,0.06640625,-0.097900390625,-2.0610687022900764,-0.37404580152671757,-2.3053435114503817,-0.101806640625,-0.99365234375,0.12646484375,-0.22137404580152673,0.030534351145038167,0.48854961832061067
1545,1779653085.2798853,-0.9521484375,0.0732421875,-0.088134765625,-2.4732824427480917,-1.9465648854961832,-2.16793893129771,-0.089111328125,-0.973388671875,0.1259765625,-0.21374045801526717,1.9465648854961832,0.4732824427480916
1546,1779653085.2918143,-0.955078125,0.0673828125,-0.08642578125,-2.4885496183206106,-0.12213740458015267,-2.2061068702290076,-0.105712890625,-0.9853515625,0.133056640625,-0.1450381679389313,-0.3282442748091603,0.549618320610687
1547,1779653085.3037243,-0.95703125,0.0712890625,-0.087158203125,-2.648854961832061,0.19083969465648856,-2.068702290076336,-0.094482421875,-0.987060546875,0.134033203125,-0.22900763358778625,-0.6641221374045801,0.7022900763358778
1548,1779653085.3156545,-0.951416015625,0.070068359375,-0.091552734375,-3.099236641221374,0.32061068702290074,-2.0381679389312977,-0.08447265625,-0.982666015625,0.15478515625,-0.3511450381679389,-1.0305343511450382,0.8702290076335878
1549,1779653085.32777,-0.941650390625,0.06787109375,-0.0810546875,-3.2748091603053435,0.2366412213740458,-2.2290076335877864,-0.082763671875,-0.985107421875,0.13330078125,-0.46564885496183206,-1.3282442748091603,0.8549618320610687
1550,1779653085.339718,-0.962158203125,0.0693359375,-0.091796875,-3.7786259541984735,0.5343511450381679,-2.053435114503817,-0.094482421875,-0.991455078125,0.143798828125,-0.6030534351145038,-1.7709923664122138,1.1068702290076335
1551,1779653085.351637,-0.942626953125,0.06884765625,-0.091064453125,-5.862595419847328,0.46564885496183206,-2.053435114503817,-0.08984375,-0.9921875,0.13525390625,-0.7938931297709924,-2.1603053435114505,0.9694656488549618
1552,1779653085.3636105,-0.958251953125,0.073974609375,-0.093505859375,-4.427480916030534,0.6946564885496184,-2.053435114503817,-0.095703125,-0.980224609375,0.13525390625,-0.4732824427480916,-2.519083969465649,1.282442748091603
1553,1779653085.3755744,-0.953369140625,0.074462890625,-0.099609375,-4.793893129770993,0.8396946564885496,-0.03816793893129771,-0.098876953125,-0.9931640625,0.128173828125,-0.5343511450381679,-3.0229007633587788,1.2748091603053435
1554,1779653085.387522,-0.951904296875,0.06494140625,-0.089111328125,-4.816793893129771,0.8091603053435115,-1.7709923664122138,-0.091064453125,-0.98779296875,0.12646484375,-0.40458015267175573,-2.633587786259542,1.1755725190839694
1555,1779653085.3994496,-0.95849609375,0.06640625,-0.09619140625,-4.358778625954199,0.4198473282442748,-1.6870229007633588,-0.093505859375,-0.989990234375,0.136962890625,-0.7175572519083969,-2.122137404580153,1.3053435114503817
1556,1779653085.4113846,-0.95361328125,0.069091796875,-0.094482421875,-4.305343511450381,0.42748091603053434,-1.7709923664122138,-0.097900390625,-0.979736328125,0.12890625,-0.9083969465648855,-2.16793893129771,1.3435114503816794
1557,1779653085.4233236,-0.951416015625,0.0693359375,-0.09716796875,-4.564885496183206,0.19083969465648856,-1.6030534351145038,-0.105712890625,-0.988037109375,0.13232421875,-0.6106870229007634,-2.572519083969466,1.450381679389313
1558,1779653085.4352338,-0.947021484375,0.0693359375,-0.08447265625,-5.0,0.6030534351145038,-1.7328244274809161,-0.082275390625,-0.9921875,0.128662109375,-0.3511450381679389,-2.4656488549618323,1.5190839694656488
1559,1779653085.4471426,-0.949462890625,0.065185546875,-0.091064453125,-4.6183206106870225,0.6335877862595419,-1.7786259541984732,-0.09814453125,-0.97900390625,0.12060546875,-0.16793893129770993,-2.0916030534351147,1.2595419847328244
1560,1779653085.459208,-0.95361328125,0.06494140625,-0.0908203125,-4.229007633587786,0.3816793893129771,-1.5190839694656488,-0.097412109375,-0.99169921875,0.126220703125,-0.5648854961832062,-1.7557251908396947,1.2061068702290076
1561,1779653085.4711337,-0.95068359375,0.0751953125,-0.092041015625,-4.229007633587786,0.16030534351145037,-1.5114503816793894,-0.102783203125,-0.98876953125,0.131103515625,-0.8244274809160306,-1.8015267175572518,1.4580152671755726
1562,1779653085.4830928,-0.937744140625,0.072265625,-0.08984375,-4.0458015267175576,-0.015267175572519083,-1.7709923664122138,-0.1123046875,-0.990478515625,0.123046875,-0.648854961832061,-0.0916030534351145,1.1984732824427482
1563,1779653085.4950714,-0.953369140625,0.067138671875,-0.086669921875,-4.129770992366412,0.03816793893129771,-0.030534351145038167,-0.098876953125,-0.990478515625,0.133544921875,-0.46564885496183206,-1.8625954198473282,1.1526717557251909
1564,1779653085.5070057,-0.967529296875,0.074462890625,-0.083740234375,-4.015267175572519,0.1450381679389313,-1.633587786259542,-0.098388671875,-0.990478515625,0.139404296875,-0.29770992366412213,-1.6870229007633588,1.0687022900763359
1565,1779653085.518981,-0.951171875,0.07275390625,-0.08447265625,-4.015267175572519,0.35877862595419846,-1.9312977099236641,-0.10009765625,-0.989013671875,0.12158203125,-0.0916030534351145,-1.4122137404580153,0.9312977099236641
1566,1779653085.5309598,-0.967529296875,0.072509765625,-0.08154296875,-3.7099236641221376,1.8778625954198473,-0.03816793893129771,-0.102783203125,-0.98291015625,0.119384765625,-0.11450381679389313,-1.2671755725190839,0.8778625954198473
1567,1779653085.542951,-0.957763671875,0.09228515625,-0.09228515625,-3.267175572519084,0.06870229007633588,-2.122137404580153,-0.117919921875,-0.992919921875,0.1123046875,-0.183206106870229,-0.9083969465648855,0.7633587786259542
1568,1779653085.5549197,-0.95263671875,0.06591796875,-0.093505859375,-3.1297709923664123,-0.03816793893129771,-0.04580152671755725,-0.09619140625,-0.98779296875,0.12255859375,-0.20610687022900764,-1.1068702290076335,0.6259541984732825
1569,1779653085.5669703,-0.9560546875,0.072021484375,-0.091064453125,-3.3206106870229006,0.06870229007633588,-2.2977099236641223,-0.1083984375,-0.988037109375,0.127685546875,-0.20610687022900764,-1.3282442748091603,0.7404580152671756
1570,1779653085.5789669,-0.958251953125,0.07080078125,-0.092529296875,-3.717557251908397,-0.030534351145038167,-2.1068702290076335,-0.109375,-0.992431640625,0.113525390625,-0.1450381679389313,-1.366412213740458,0.6641221374045801
1571,1779653085.5914032,-0.968017578125,0.068115234375,-0.0810546875,-3.564885496183206,-0.16793893129770993,-2.5267175572519083,-0.10400390625,-0.981201171875,0.13916015625,-0.15267175572519084,-1.015267175572519,0.5267175572519084
1572,1779653085.6034672,-0.955322265625,0.070556640625,-0.0966796875,-3.2061068702290076,-0.08396946564885496,-2.2595419847328246,-0.109130859375,-0.9921875,0.12109375,0.022900763358778626,-0.9770992366412213,0.6335877862595419
1573,1779653085.615453,-0.95361328125,0.07470703125,-0.090087890625,-3.2213740458015265,-0.12213740458015267,-2.4198473282442747,-0.1171875,-0.994384765625,0.1279296875,-0.1297709923664122,-0.816793893129771,0.4351145038167939
1574,1779653085.6274586,-0.955810546875,0.074951171875,-0.089599609375,-3.213740458015267,-0.21374045801526717,-2.3587786259541983,-0.10546875,-0.97998046875,0.126220703125,-0.19083969465648856,-0.916030534351145,0.5572519083969466
1575,1779653085.639469,-0.949951171875,0.072021484375,-0.09130859375,-3.366412213740458,1.8931297709923665,-2.3587786259541983,-0.095947265625,-0.98486328125,0.128662109375,-0.10687022900763359,-1.0916030534351144,0.5877862595419847
1576,1779653085.651456,-0.968505859375,0.072265625,-0.10693359375,-3.213740458015267,1.9312977099236641,-2.427480916030534,-0.095947265625,-0.98583984375,0.133056640625,1.9465648854961832,-0.6717557251908397,0.48091603053435117
1577,1779653085.663499,-0.954833984375,0.073486328125,-0.10595703125,-3.0839694656488548,-0.08396946564885496,-2.267175572519084,-0.094970703125,-0.985107421875,0.13671875,-0.2900763358778626,-0.7022900763358778,0.44274809160305345
1578,1779653085.6754782,-0.95556640625,0.071533203125,-0.108642578125,-3.045801526717557,-0.05343511450381679,-2.1908396946564888,-0.0859375,-0.989990234375,0.125244140625,-0.20610687022900764,-0.8931297709923665,0.6106870229007634
1579,1779653085.6874697,-0.9541015625,0.07275390625,-0.0908203125,-3.122137404580153,-0.022900763358778626,-2.33587786259542,-0.09716796875,-0.990234375,0.13427734375,-0.11450381679389313,-0.7480916030534351,0.46564885496183206
1580,1779653085.6994524,-0.938232421875,0.070556640625,-0.09033203125,-2.786259541984733,-0.12213740458015267,-2.4427480916030535,-0.105712890625,-0.98486328125,0.129150390625,-0.16030534351145037,-0.8473282442748091,0.3435114503816794
1581,1779653085.7114542,-0.946044921875,0.072998046875,-0.087646484375,-3.0610687022900764,-0.022900763358778626,-2.282442748091603,-0.109130859375,-0.990234375,0.132568359375,-0.09923664122137404,-0.9007633587786259,0.6259541984732825
1582,1779653085.723469,-0.95263671875,0.0732421875,-0.09033203125,-3.015267175572519,-0.04580152671755725,-2.351145038167939,-0.113525390625,-0.9833984375,0.1328125,-0.19083969465648856,-0.8091603053435115,0.3053435114503817
1583,1779653085.7354045,-0.949951171875,0.06884765625,-0.09619140625,-3.2519083969465647,0.11450381679389313,-2.5114503816793894,-0.120849609375,-0.986572265625,0.11181640625,-0.37404580152671757,-1.0610687022900764,0.17557251908396945
1584,1779653085.7474055,-0.954833984375,0.076416015625,-0.08984375,-3.0916030534351147,0.1450381679389313,-2.5877862595419847,-0.106201171875,-0.9814453125,0.125732421875,-0.13740458015267176,-1.099236641221374,0.29770992366412213
1585,1779653085.759604,-0.947998046875,0.068359375,-0.09619140625,-3.3969465648854964,0.15267175572519084,-2.66412213740458,-0.102294921875,-0.987548828125,0.1396484375,-1.9389312977099236,-1.3129770992366412,0.16793893129770993
1586,1779653085.7716727,-0.9541015625,0.06591796875,-0.1083984375,-3.5114503816793894,0.19083969465648856,-2.618320610687023,-0.09228515625,-0.988037109375,0.125244140625,0.04580152671755725,-1.1984732824427482,0.16030534351145037
1587,1779653085.7836347,-0.967529296875,0.075927734375,-0.092041015625,-3.3969465648854964,0.22900763358778625,-2.4656488549618323,-0.096923828125,-0.98681640625,0.114501953125,1.9465648854961832,-1.2213740458015268,0.22900763358778625
1588,1779653085.7955816,-0.957763671875,0.0693359375,-0.098876953125,-3.045801526717557,0.05343511450381679,-2.50381679389313,-0.099853515625,-0.99169921875,0.125732421875,-0.24427480916030533,-1.16793893129771,0.21374045801526717
1589,1779653085.807581,-0.950927734375,0.07568359375,-0.0966796875,-3.2900763358778624,-0.48091603053435117,-2.5343511450381677,-0.10009765625,-0.98486328125,0.10986328125,-0.42748091603053434,-1.3206106870229009,0.21374045801526717
1590,1779653085.8195665,-0.95068359375,0.075439453125,-0.08984375,-3.6106870229007635,-0.20610687022900764,-2.7557251908396947,-0.124755859375,-0.98681640625,0.139892578125,-0.2824427480916031,-1.4122137404580153,0.21374045801526717
1591,1779653085.8315308,-0.9501953125,0.071533203125,-0.09375,-3.404580152671756,-0.04580152671755725,-2.816793893129771,-0.10595703125,-0.988525390625,0.133056640625,0.16793893129770993,-1.381679389312977,1.9389312977099236
1592,1779653085.843476,-0.947998046875,0.067138671875,-0.09375,-3.4885496183206106,0.11450381679389313,-2.7022900763358777,-0.0791015625,-0.9853515625,0.11474609375,0.3435114503816794,-1.2290076335877862,0.2748091603053435
1593,1779653085.8554568,-0.946533203125,0.067626953125,-0.090576171875,-3.312977099236641,-0.015267175572519083,-2.786259541984733,-0.097900390625,-0.985595703125,0.11962890625,0.22900763358778625,-0.8625954198473282,0.12213740458015267
1594,1779653085.8674867,-0.9658203125,0.06689453125,-0.09130859375,-2.984732824427481,-0.48854961832061067,-2.618320610687023,-0.10107421875,-0.990478515625,0.116455078125,0.015267175572519083,-0.6717557251908397,0.1297709923664122
1595,1779653085.8794594,-0.951171875,0.066162109375,-0.0810546875,-2.33587786259542,-0.3893129770992366,-2.572519083969466,-0.09814453125,-0.99462890625,0.116455078125,0.10687022900763359,-0.2900763358778626,0.015267175572519083
1596,1779653085.8914464,-0.955078125,0.070068359375,-0.091552734375,-2.236641221374046,-0.5648854961832062,-2.7022900763358777,-0.098388671875,-0.988525390625,0.117919921875,0.33587786259541985,-0.1984732824427481,0.03816793893129771
1597,1779653085.9033883,-0.940185546875,0.06982421875,-0.097900390625,-2.045801526717557,-0.8396946564885496,-2.6259541984732824,-0.10400390625,-0.994140625,0.12890625,0.3511450381679389,-0.06870229007633588,0.13740458015267176
1598,1779653085.9153175,-0.96826171875,0.067138671875,-0.10693359375,-2.572519083969466,-0.7404580152671756,-2.801526717557252,-0.09521484375,-0.984375,0.129150390625,0.2366412213740458,-0.1297709923664122,0.09923664122137404
1599,1779653085.9272535,-0.950927734375,0.072998046875,-0.087646484375,-2.435114503816794,-0.9694656488549618,-2.7251908396946565,-0.103515625,-0.98828125,0.13037109375,-0.11450381679389313,1.9389312977099236,-0.007633587786259542
1600,1779653085.9392037,-0.95458984375,0.070068359375,-0.096923828125,-2.0763358778625953,-0.9312977099236641,-2.5267175572519083,-0.09619140625,-0.99169921875,0.13134765625,0.07633587786259542,0.21374045801526717,0.183206106870229
1601,1779653085.951275,-0.953857421875,0.071044921875,-0.093505859375,-2.0763358778625953,-0.9083969465648855,-2.519083969465649,-0.094482421875,-0.98876953125,0.138671875,0.1450381679389313,-0.0916030534351145,0.13740458015267176
1602,1779653085.9633389,-0.9560546875,0.074462890625,-0.093017578125,-2.404580152671756,-0.42748091603053434,-2.5572519083969465,-0.10546875,-0.99072265625,0.132568359375,0.22137404580152673,-0.6335877862595419,0.2748091603053435
1603,1779653085.9753067,-0.951171875,0.073486328125,-0.093505859375,-3.030534351145038,-0.2824427480916031,-2.2900763358778624,-0.103515625,-0.983642578125,0.140625,0.16793893129770993,-0.7938931297709924,0.13740458015267176
1604,1779653085.987248,-0.952392578125,0.067626953125,-0.089599609375,-2.9923664122137406,-0.20610687022900764,-2.5877862595419847,-0.103759765625,-0.982666015625,0.143310546875,-0.05343511450381679,-0.9236641221374046,0.3053435114503817
1605,1779653085.9992232,-0.966064453125,0.070556640625,-0.09130859375,-3.2519083969465647,-0.030534351145038167,-2.786259541984733,-0.094970703125,-0.987060546875,0.145263671875,1.9389312977099236,-1.4122137404580153,0.46564885496183206
1606,1779653086.0111833,-0.952880859375,0.073486328125,-0.082275390625,-3.732824427480916,0.2366412213740458,-2.7251908396946565,-0.08056640625,-0.985595703125,0.13134765625,0.061068702290076333,-1.7099236641221374,0.3893129770992366
1607,1779653086.0231237,-0.9677734375,0.07421875,-0.091552734375,-3.564885496183206,0.29770992366412213,-2.3206106870229006,-0.092529296875,-0.984619140625,0.11474609375,0.17557251908396945,-1.4809160305343512,0.4198473282442748
1608,1779653086.035081,-0.9404296875,0.068603515625,-0.106689453125,-3.5267175572519083,0.24427480916030533,-2.6412213740458017,-0.083251953125,-0.99169921875,0.129150390625,0.007633587786259542,-1.1908396946564885,0.5419847328244275
1609,1779653086.0470586,-0.96875,0.052734375,-0.08056640625,-3.145038167938931,0.11450381679389313,-2.564885496183206,-0.089111328125,-0.999267578125,0.1279296875,-0.05343511450381679,-1.2442748091603053,0.44274809160305345
1610,1779653086.0589998,-0.95654296875,0.0712890625,-0.0908203125,-3.6946564885496183,-0.04580152671755725,-2.4656488549618323,-0.10791015625,-0.996826171875,0.125732421875,-0.22900763358778625,-1.450381679389313,0.6259541984732825
1611,1779653086.0710025,-0.962158203125,0.07373046875,-0.08837890625,-3.801526717557252,-0.1450381679389313,-2.2213740458015265,-0.09423828125,-0.989990234375,0.126220703125,-0.48091603053435117,-1.4885496183206106,0.6564885496183206
1612,1779653086.0830054,-0.960693359375,0.064208984375,-0.083740234375,-3.763358778625954,-0.15267175572519084,-2.3587786259541983,-0.095947265625,-0.984619140625,0.12158203125,-0.22900763358778625,-1.297709923664122,0.6183206106870229
1613,1779653086.094981,-0.9482421875,0.0654296875,-0.095458984375,-3.66412213740458,-0.2366412213740458,-2.2519083969465647,-0.09765625,-0.982666015625,0.1279296875,-0.2366412213740458,-0.9847328244274809,0.6793893129770993
1614,1779653086.1069696,-0.95556640625,0.065185546875,-0.093017578125,-3.2213740458015265,-0.2748091603053435,-2.2442748091603053,-0.107666015625,-0.98583984375,0.130615234375,-0.21374045801526717,-0.7480916030534351,0.9007633587786259
1615,1779653086.1189885,-0.958984375,0.0673828125,-0.088134765625,-2.9160305343511452,-0.12213740458015267,-2.2519083969465647,-0.104248046875,-0.9716796875,0.13330078125,1.8931297709923665,-0.7251908396946565,0.7709923664122137
1616,1779653086.1309695,-0.94140625,0.068603515625,-0.0888671875,-3.0763358778625953,-0.03816793893129771,-2.0763358778625953,-0.101806640625,-0.9873046875,0.154052734375,-0.16793893129770993,-1.381679389312977,0.7251908396946565
1617,1779653086.1429827,-0.9384765625,0.0703125,-0.083740234375,-3.732824427480916,0.13740458015267176,-2.16793893129771,-0.100830078125,-0.986572265625,0.126220703125,-0.35877862595419846,-2.145038167938931,0.7251908396946565
1618,1779653086.1549902,-0.941650390625,0.069091796875,-0.090576171875,-4.625954198473282,0.21374045801526717,-2.213740458015267,-0.102783203125,-0.9873046875,0.131103515625,-0.44274809160305345,-2.648854961832061,1.0381679389312977
1619,1779653086.1669955,-0.938720703125,0.06884765625,-0.098388671875,-4.740458015267175,0.3435114503816794,-2.0610687022900764,-0.09912109375,-0.989501953125,0.12890625,-0.3893129770992366,-2.3587786259541983,1.0458015267175573
1620,1779653086.17898,-0.95458984375,0.06787109375,-0.09228515625,-4.32824427480916,0.366412213740458,-0.03816793893129771,-0.099609375,-0.990234375,0.13916015625,-0.5114503816793893,-1.916030534351145,1.0534351145038168
1621,1779653086.191187,-0.956298828125,0.0673828125,-0.08837890625,-4.0,0.2748091603053435,-2.0916030534351147,-0.085205078125,-0.993896484375,0.127685546875,-0.44274809160305345,-1.8396946564885497,1.0381679389312977
1622,1779653086.203157,-0.955078125,0.061767578125,-0.08349609375,-3.984732824427481,0.5190839694656488,-1.6946564885496183,-0.10400390625,-0.987548828125,0.1259765625,-0.3511450381679389,-1.83206106870229,1.1755725190839694
1623,1779653086.2151134,-0.95263671875,0.064208984375,-0.0947265625,-4.129770992366412,0.4122137404580153,-1.7328244274809161,-0.109130859375,-0.9716796875,0.1337890625,-0.183206106870229,-1.4961832061068703,0.9541984732824428
1624,1779653086.2270687,-0.943359375,0.0673828125,-0.092529296875,-3.931297709923664,0.40458015267175573,-2.0839694656488548,-0.106201171875,-0.987060546875,0.126220703125,-0.21374045801526717,-1.8778625954198473,0.9389312977099237
1625,1779653086.239047,-0.959716796875,0.07177734375,-0.091064453125,-3.9923664122137406,0.17557251908396945,-1.8702290076335877,-0.10302734375,-0.9892578125,0.125,-0.6412213740458015,-2.1908396946564888,1.1374045801526718
1626,1779653086.2510004,-0.956787109375,0.070068359375,-0.09619140625,-4.511450381679389,0.20610687022900764,-1.816793893129771,-0.09423828125,-0.9873046875,0.130615234375,-0.6870229007633588,-2.3893129770992365,1.2290076335877862
1627,1779653086.2629778,-0.949951171875,0.073486328125,-0.079345703125,-4.435114503816794,-0.07633587786259542,-1.7938931297709924,-0.092041015625,-0.98486328125,0.12548828125,-0.4580152671755725,-2.114503816793893,1.3129770992366412
1628,1779653086.275045,-0.95654296875,0.070556640625,-0.086181640625,-2.1068702290076335,0.06870229007633588,-1.7557251908396947,-0.09033203125,-0.98291015625,0.130859375,-0.19083969465648856,-2.015267175572519,1.2442748091603053
1629,1779653086.2869952,-0.95166015625,0.0712890625,-0.094482421875,-4.267175572519084,0.09923664122137404,-1.7786259541984732,-0.10693359375,-0.992431640625,0.134033203125,-0.3435114503816794,-2.0916030534351147,1.1297709923664123
1630,1779653086.2989845,-0.953857421875,0.071533203125,-0.088134765625,-4.3893129770992365,0.25190839694656486,-1.6793893129770991,-0.10400390625,-0.968994140625,0.130615234375,-0.2824427480916031,-2.015267175572519,0.9236641221374046
1631,1779653086.3109431,-0.952880859375,0.06689453125,-0.08935546875,-4.198473282442748,0.12213740458015267,-2.1068702290076335,-0.09619140625,-0.98388671875,0.121826171875,-0.5572519083969466,-1.6564885496183206,0.8854961832061069
1632,1779653086.3229115,-0.959228515625,0.0673828125,-0.095458984375,-3.5267175572519083,-0.13740458015267176,-2.0076335877862594,-0.104736328125,-0.987060546875,0.12939453125,-0.42748091603053434,-1.083969465648855,0.916030534351145
1633,1779653086.3348842,-0.9560546875,0.06591796875,-0.09033203125,-3.381679389312977,-1.9541984732824427,-2.183206106870229,-0.100830078125,-0.990478515625,0.137451171875,-0.42748091603053434,-0.6946564885496184,0.8396946564885496
1634,1779653086.346817,-0.956787109375,0.06884765625,-0.086181640625,-3.1908396946564888,0.22137404580152673,-1.9770992366412214,-0.112060546875,-0.98583984375,0.1376953125,-0.35877862595419846,-0.816793893129771,0.7480916030534351
1635,1779653086.3587537,-0.953369140625,0.072021484375,-0.087158203125,-3.267175572519084,0.20610687022900764,-2.1374045801526718,-0.097412109375,-0.986328125,0.138427734375,-0.26717557251908397,-1.786259541984733,0.8778625954198473
1636,1779653086.3706896,-0.95068359375,0.092041015625,-0.08447265625,-3.9923664122137406,0.40458015267175573,-2.0229007633587788,-0.103515625,-0.985595703125,0.1240234375,-0.3893129770992366,-1.9541984732824427,0.6946564885496184
1637,1779653086.3826275,-0.9384765625,0.06689453125,-0.0849609375,-3.8244274809160306,0.37404580152671757,-2.3053435114503817,-0.1083984375,-0.993408203125,0.127685546875,-0.5419847328244275,-3.854961832061069,0.8931297709923665
1638,1779653086.3946192,-0.952880859375,0.0732421875,-0.108642578125,-4.0,0.25190839694656486,-2.145038167938931,-0.107666015625,-0.983642578125,0.127197265625,-0.44274809160305345,-1.7557251908396947,0.8091603053435115
1639,1779653086.406577,-0.93994140625,0.07373046875,-0.091796875,-4.114503816793893,0.3435114503816794,-2.3282442748091605,-0.093994140625,-0.99951171875,0.138671875,-0.5572519083969466,-1.748091603053435,0.8015267175572519
1640,1779653086.4185102,-0.9541015625,0.067138671875,-0.093505859375,-3.931297709923664,0.183206106870229,-2.122137404580153,-0.10595703125,-0.9873046875,0.111328125,-0.22900763358778625,-1.8931297709923665,0.7786259541984732
1641,1779653086.4304688,-0.96826171875,0.076171875,-0.0849609375,-3.8396946564885495,0.22900763358778625,-2.236641221374046,-0.095458984375,-0.988525390625,0.139892578125,-0.11450381679389313,-1.7557251908396947,0.5190839694656488
1642,1779653086.442425,-0.949951171875,0.06884765625,-0.0908203125,-3.8931297709923665,0.09923664122137404,-2.4580152671755724,-0.105712890625,-0.972412109375,0.109619140625,-0.20610687022900764,-1.2442748091603053,0.6030534351145038
1643,1779653086.4543903,-0.95703125,0.06787109375,-0.088623046875,-3.4427480916030535,1.8931297709923665,-2.381679389312977,-0.105712890625,-0.9931640625,0.124755859375,-0.26717557251908397,-1.1145038167938932,0.4732824427480916
1644,1779653086.466314,-0.951904296875,0.06640625,-0.088134765625,-3.3969465648854964,-1.9312977099236641,-2.5114503816793894,-0.105224609375,-0.982421875,0.125,-0.4198473282442748,-0.9465648854961832,0.5648854961832062
1645,1779653086.4782624,-0.958251953125,0.06884765625,-0.089111328125,-3.2061068702290076,0.07633587786259542,-2.3587786259541983,-0.11376953125,-0.988525390625,0.130859375,-0.45038167938931295,-1.1526717557251909,0.4122137404580153
1646,1779653086.4901898,-0.950927734375,0.071533203125,-0.08642578125,-3.2900763358778624,-0.13740458015267176,-2.2061068702290076,-0.099853515625,-0.984619140625,0.12353515625,0.030534351145038167,-0.7633587786259542,0.5190839694656488
1647,1779653086.50222,-0.962158203125,0.071533203125,-0.094482421875,-3.0839694656488548,-0.03816793893129771,-2.4885496183206106,-0.0986328125,-0.9892578125,0.1298828125,-0.015267175572519083,-0.8549618320610687,0.22137404580152673
1648,1779653086.5141556,-0.955322265625,0.07177734375,-0.086669921875,-2.9923664122137406,-0.030534351145038167,-2.5343511450381677,-0.099365234375,-0.98779296875,0.116455078125,-1.916030534351145,-0.8549618320610687,0.29770992366412213
1649,1779653086.5261097,-0.9521484375,0.069091796875,-0.09521484375,-2.946564885496183,-0.09923664122137404,-2.595419847328244,-0.09814453125,-0.987548828125,0.1220703125,-0.08396946564885496,-1.183206106870229,0.37404580152671757
1650,1779653086.5380714,-0.95263671875,0.07763671875,-0.090576171875,-3.1068702290076335,-1.9541984732824427,-2.33587786259542,-0.103759765625,-0.984375,0.134521484375,-0.183206106870229,-1.0534351145038168,0.2366412213740458
1651,1779653086.5500357,-0.949951171875,0.073974609375,-0.085205078125,-3.2442748091603053,-0.08396946564885496,-2.572519083969466,-0.099609375,-0.999755859375,0.13525390625,-0.183206106870229,-1.099236641221374,0.25190839694656486
1652,1779653086.5620184,-0.948974609375,0.066162109375,-0.096435546875,-3.4427480916030535,0.015267175572519083,-2.4656488549618323,-0.099609375,-1.0,0.136474609375,1.9465648854961832,-1.1068702290076335,0.1450381679389313
1653,1779653086.5740242,-0.96826171875,0.074951171875,-0.089599609375,-2.9923664122137406,-0.44274809160305345,-2.450381679389313,-0.097412109375,-0.987548828125,0.135009765625,-0.061068702290076333,-0.8625954198473282,0.22900763358778625
1654,1779653086.5862038,-0.958984375,0.06982421875,-0.0927734375,-2.9618320610687023,-0.3435114503816794,-2.404580152671756,-0.109375,-0.998046875,0.12890625,-0.03816793893129771,-0.7175572519083969,0.20610687022900764
1655,1779653086.5985136,-0.953857421875,0.06396484375,-0.0947265625,-2.931297709923664,-0.20610687022900764,-2.3587786259541983,-0.078857421875,-0.9716796875,0.133544921875,1.9389312977099236,-0.7938931297709924,0.2900763358778626
1656,1779653086.6104908,-0.953369140625,0.0703125,-0.105224609375,-2.7099236641221376,-0.4580152671755725,-2.3893129770992365,-0.101318359375,-0.984619140625,0.1298828125,0.2366412213740458,-0.35877862595419846,0.33587786259541985
1657,1779653086.6226857,-0.96533203125,0.068603515625,-0.10595703125,-2.50381679389313,-0.45038167938931295,-2.4885496183206106,-0.100341796875,-0.982666015625,0.126220703125,0.2824427480916031,-0.366412213740458,0.10687022900763359
1658,1779653086.6346726,-0.9541015625,0.0673828125,-0.090087890625,-2.351145038167939,-0.6030534351145038,-2.6564885496183206,-0.097900390625,-0.989501953125,0.12548828125,0.2366412213740458,-0.4198473282442748,0.37404580152671757
1659,1779653086.6466255,-0.946044921875,0.06982421875,-0.08349609375,-2.5419847328244276,-0.366412213740458,-2.5343511450381677,-0.10498046875,-0.986083984375,0.12451171875,0.22900763358778625,-0.21374045801526717,0.17557251908396945
1660,1779653086.658603,-0.952880859375,0.0703125,-0.091552734375,-2.5801526717557253,-0.5725190839694656,-2.50381679389313,-0.0927734375,-0.974365234375,0.13427734375,0.09923664122137404,-0.2824427480916031,0.32061068702290074
1661,1779653086.6705854,-0.951416015625,0.070068359375,-0.08642578125,-2.5572519083969465,-0.366412213740458,-2.5267175572519083,-0.09814453125,-0.98974609375,0.136962890625,0.0,-0.35877862595419846,0.5038167938931297
1662,1779653086.6825485,-0.9521484375,0.07080078125,-0.08984375,-2.6106870229007635,-0.32061068702290074,-2.1755725190839694,-0.095947265625,-0.986572265625,0.128662109375,0.1450381679389313,-0.5801526717557252,0.2366412213740458
1663,1779653086.6944847,-0.954345703125,0.073486328125,-0.081787109375,-2.885496183206107,-0.4351145038167939,-2.4885496183206106,-0.0947265625,-0.99072265625,0.13720703125,0.2748091603053435,-0.8320610687022901,0.3511450381679389
1664,1779653086.7064705,-0.952880859375,0.069580078125,-0.09423828125,-3.1526717557251906,-0.24427480916030533,-2.404580152671756,-0.103271484375,-0.989013671875,0.129638671875,0.10687022900763359,-1.3129770992366412,0.4351145038167939
1665,1779653086.7184803,-0.943603515625,0.070556640625,-0.09033203125,-3.450381679389313,-0.25190839694656486,-2.519083969465649,-0.098388671875,-0.986328125,0.1328125,0.061068702290076333,-0.9847328244274809,0.37404580152671757
1666,1779653086.7304275,-0.957275390625,0.072265625,-0.10107421875,-3.2442748091603053,-0.3511450381679389,-2.6030534351145036,-0.09765625,-0.986083984375,0.1357421875,-1.9541984732824427,-1.0,0.2748091603053435
1667,1779653086.7423496,-0.956298828125,0.068359375,-0.078369140625,-3.068702290076336,-0.2900763358778626,-2.5114503816793894,-0.099609375,-0.99072265625,0.13134765625,-0.022900763358778626,-0.5572519083969466,0.2900763358778626
1668,1779653086.7542784,-0.9541015625,0.068115234375,-0.0849609375,-2.8931297709923665,-0.21374045801526717,-2.7099236641221376,-0.102294921875,-0.98388671875,0.12890625,0.1450381679389313,-0.6335877862595419,0.366412213740458
1669,1779653086.7662,-0.940185546875,0.071044921875,-0.0849609375,-2.450381679389313,-0.20610687022900764,-2.66412213740458,-0.093505859375,-0.98828125,0.136962890625,0.10687022900763359,-0.5267175572519084,0.22900763358778625
1670,1779653086.778175,-0.9541015625,0.067138671875,-0.103515625,-2.7480916030534353,-0.11450381679389313,-2.5267175572519083,-0.099365234375,-0.986328125,0.1328125,0.08396946564885496,-0.7709923664122137,0.06870229007633588
1671,1779653086.7901318,-0.966552734375,0.085205078125,-0.093017578125,-3.2519083969465647,0.08396946564885496,-2.816793893129771,-0.098388671875,-0.970703125,0.1337890625,0.11450381679389313,-0.9389312977099237,0.2595419847328244
1672,1779653086.802079,-0.968017578125,0.0732421875,-0.084716796875,-3.1374045801526718,0.0,-2.633587786259542,-0.098388671875,-0.98681640625,0.126220703125,0.07633587786259542,-1.2366412213740459,0.2366412213740458
1673,1779653086.8140469,-0.9521484375,0.063720703125,-0.0888671875,-3.4885496183206106,-0.08396946564885496,-2.5114503816793894,-0.090576171875,-0.9921875,0.110595703125,0.1450381679389313,-1.465648854961832,0.3435114503816794
1674,1779653086.826039,-0.954833984375,0.07275390625,-0.089599609375,-3.4656488549618323,-0.21374045801526717,-2.519083969465649,-0.10546875,-0.970703125,0.124755859375,0.07633587786259542,-1.6793893129770991,0.3893129770992366
1675,1779653086.838027,-0.949951171875,0.0703125,-0.09619140625,-5.847328244274809,-0.1984732824427481,-2.595419847328244,-0.09814453125,-0.989990234375,0.124267578125,0.0916030534351145,-1.7709923664122138,0.3893129770992366
1676,1779653086.8500102,-0.960205078125,0.07421875,-0.102783203125,-3.6412213740458017,-0.4732824427480916,-2.4732824427480917,-0.09521484375,-0.985107421875,0.1298828125,0.21374045801526717,-1.5725190839694656,0.45038167938931295
1677,1779653086.862022,-0.953857421875,0.073486328125,-0.087158203125,-3.8396946564885495,-0.2900763358778626,-2.564885496183206,-0.091552734375,-0.981689453125,0.126220703125,0.1297709923664122,-1.5114503816793894,0.2595419847328244
1678,1779653086.874038,-0.967041015625,0.068603515625,-0.092529296875,-3.2519083969465647,-0.2595419847328244,-2.435114503816794,-0.10009765625,-0.9873046875,0.130615234375,0.22900763358778625,-0.9007633587786259,0.21374045801526717
1679,1779653086.8860257,-0.937744140625,0.0673828125,-0.1044921875,-2.9770992366412212,-0.7099236641221374,-2.595419847328244,-0.081787109375,-0.990234375,0.131591796875,0.16030534351145037,-0.48091603053435117,0.3969465648854962
1680,1779653086.8980165,-0.947265625,0.077880859375,-0.0927734375,-2.7938931297709924,-0.6106870229007634,-2.2213740458015265,-0.104736328125,-0.99951171875,0.133544921875,0.022900763358778626,-0.32061068702290074,0.2900763358778626
1681,1779653086.910019,-0.953857421875,0.067626953125,-0.0849609375,-2.5801526717557253,-0.5267175572519084,-2.3969465648854964,-0.08984375,-0.98486328125,0.12548828125,0.2366412213740458,-0.31297709923664124,0.3816793893129771
1682,1779653086.9220245,-0.951904296875,0.06787109375,-0.08935546875,-2.351145038167939,-0.4198473282442748,-2.099236641221374,-0.100830078125,-0.98388671875,0.131103515625,0.366412213740458,-0.2900763358778626,0.48854961832061067
1683,1779653086.9340148,-0.95166015625,0.06982421875,-0.0830078125,-2.5877862595419847,-0.5038167938931297,-2.183206106870229,-0.107666015625,-0.98486328125,0.136474609375,0.09923664122137404,-0.6412213740458015,0.48854961832061067
1684,1779653086.9460018,-0.95361328125,0.070556640625,-0.087158203125,-2.8625954198473282,-0.32061068702290074,-2.2977099236641223,-0.106201171875,-0.989501953125,0.141845703125,0.04580152671755725,-0.816793893129771,0.2824427480916031
1685,1779653086.9580302,-0.95263671875,0.06787109375,-0.085693359375,-3.1374045801526718,-0.22137404580152673,-2.2519083969465647,-0.11376953125,-0.984130859375,0.1484375,-0.183206106870229,-1.16793893129771,0.549618320610687
1686,1779653086.9700382,-0.956298828125,0.072998046875,-0.08544921875,-3.122137404580153,-0.3969465648854962,-2.4122137404580153,-0.109130859375,-0.99169921875,0.127197265625,-0.37404580152671757,-1.2900763358778626,0.45038167938931295
1687,1779653086.9820504,-0.9658203125,0.076416015625,-0.090087890625,-3.8702290076335877,-0.1450381679389313,-2.519083969465649,-0.099853515625,-0.986328125,0.13525390625,-0.3282442748091603,-1.6488549618320612,0.37404580152671757
1688,1779653086.9940302,-0.951416015625,0.0693359375,-0.087158203125,-3.572519083969466,0.15267175572519084,-2.50381679389313,-0.078857421875,-0.98046875,0.152587890625,0.061068702290076333,-1.450381679389313,0.6793893129770993
1689,1779653087.00602,-0.95654296875,0.068359375,-0.08154296875,-3.4732824427480917,0.2748091603053435,-2.4732824427480917,-0.104248046875,-0.984130859375,0.13671875,0.10687022900763359,-1.4427480916030535,0.48091603053435117
1690,1779653087.0180097,-0.951904296875,0.073974609375,-0.09228515625,-3.648854961832061,0.22900763358778625,-2.5877862595419847,-0.098876953125,-0.9833984375,0.13427734375,-0.20610687022900764,-0.03816793893129771,0.44274809160305345
1691,1779653087.030033,-0.949951171875,0.07275390625,-0.095703125,-3.8396946564885495,0.1297709923664122,-2.9389312977099236,-0.095947265625,-0.97900390625,0.125,-0.33587786259541985,-2.427480916030534,0.5343511450381679
1692,1779653087.0420232,-0.959716796875,0.07177734375,-0.084228515625,-4.801526717557252,0.26717557251908397,-2.549618320610687,-0.099853515625,-0.981689453125,0.13671875,-0.5648854961832062,-2.7404580152671754,0.42748091603053434
1693,1779653087.0542102,-0.95556640625,0.067626953125,-0.0888671875,-4.931297709923665,0.366412213740458,-2.5572519083969465,-0.09521484375,-0.996826171875,0.13623046875,-0.1984732824427481,-2.519083969465649,0.2824427480916031
1694,1779653087.0661817,-0.952392578125,0.0654296875,-0.086181640625,-4.213740458015267,0.25190839694656486,-2.648854961832061,-0.102783203125,-0.992431640625,0.131103515625,-0.015267175572519083,-1.6412213740458015,0.4351145038167939
1695,1779653087.0781634,-0.95751953125,0.064453125,-0.079345703125,-3.648854961832061,0.37404580152671757,-2.5114503816793894,-0.09375,-0.99609375,0.1279296875,-0.030534351145038167,-1.6259541984732824,0.45038167938931295
1696,1779653087.09011,-0.954833984375,0.071044921875,-0.093505859375,-3.618320610687023,0.3435114503816794,-2.49618320610687,-0.09912109375,-0.99609375,0.126220703125,-0.19083969465648856,-1.2900763358778626,0.44274809160305345
1697,1779653087.1020598,-0.953857421875,0.06689453125,-0.091064453125,-3.4122137404580153,1.9083969465648856,-2.4656488549618323,-0.09375,-0.990234375,0.126220703125,-0.1450381679389313,-1.1450381679389312,0.29770992366412213
1698,1779653087.1140327,-0.937744140625,0.072021484375,-0.088134765625,-3.2442748091603053,-0.061068702290076333,-2.3893129770992365,-0.099609375,-0.98388671875,0.1279296875,-0.21374045801526717,-0.9312977099236641,0.6259541984732825
1699,1779653087.1260629,-0.95556640625,0.070556640625,-0.080078125,-3.114503816793893,-0.2366412213740458,-2.572519083969466,-0.095947265625,-0.982666015625,0.127197265625,-0.19083969465648856,-0.8320610687022901,0.35877862595419846
1700,1779653087.1380637,-0.952392578125,0.067626953125,-0.0859375,-3.0,-0.22137404580152673,-2.2442748091603053,-0.0908203125,-0.989013671875,0.137451171875,-0.04580152671755725,-0.7404580152671756,0.46564885496183206
1701,1779653087.1501255,-0.957275390625,0.07080078125,-0.08203125,-3.1755725190839694,-0.37404580152671757,-2.236641221374046,-0.108154296875,-0.991455078125,0.1328125,-0.35877862595419846,-0.8625954198473282,0.549618320610687
1702,1779653087.1621575,-0.949951171875,0.068359375,-0.08984375,-3.3282442748091605,-0.37404580152671757,-2.213740458015267,-0.08837890625,-0.97265625,0.13232421875,-0.1450381679389313,-1.0305343511450382,0.5954198473282443
1703,1779653087.174104,-0.951171875,0.067138671875,-0.081298828125,-3.312977099236641,-0.15267175572519084,-2.114503816793893,-0.09130859375,-0.995849609375,0.1201171875,-0.1297709923664122,-1.16793893129771,0.6412213740458015
1704,1779653087.1860628,-0.956787109375,0.069091796875,-0.0908203125,-3.1755725190839694,-0.16030534351145037,-2.366412213740458,-0.097900390625,-0.989990234375,0.130859375,1.916030534351145,-1.213740458015267,0.648854961832061
1705,1779653087.1980276,-0.955810546875,0.06982421875,-0.0859375,-3.3587786259541983,-0.13740458015267176,-2.1068702290076335,-0.10791015625,-0.987548828125,0.1328125,-0.21374045801526717,-1.0687022900763359,0.6335877862595419
1706,1779653087.2100174,-0.966064453125,0.077880859375,-0.085693359375,-3.0839694656488548,-0.05343511450381679,-2.267175572519084,-0.092529296875,-0.984375,0.130615234375,-0.4198473282442748,-1.083969465648855,0.8244274809160306
1707,1779653087.2220654,-0.954345703125,0.068115234375,-0.103271484375,-3.5343511450381677,-0.15267175572519084,-2.0916030534351147,-0.101806640625,-0.990966796875,0.15576171875,-0.5114503816793893,-1.4809160305343512,0.8091603053435115
1708,1779653087.2340393,-0.956787109375,0.0732421875,-0.083740234375,-3.7709923664122136,-0.10687022900763359,-2.1374045801526718,-0.09326171875,-0.98779296875,0.14404296875,-0.4122137404580153,-2.0610687022900764,0.7557251908396947
1709,1779653087.2460396,-0.951904296875,0.07275390625,-0.08984375,-4.5038167938931295,0.4351145038167939,-2.068702290076336,-0.09033203125,-0.99560546875,0.146484375,-0.33587786259541985,-2.16793893129771,1.1297709923664123
1710,1779653087.2580523,-0.944580078125,0.06640625,-0.089111328125,-4.458015267175573,0.6030534351145038,-2.1908396946564888,-0.1015625,-0.99365234375,0.1337890625,-0.16793893129770993,-2.5572519083969465,0.9465648854961832
1711,1779653087.2700076,-0.955322265625,0.068359375,-0.087158203125,-4.4961832061068705,0.5114503816793893,-1.9694656488549618,-0.10302734375,-0.98828125,0.1357421875,-0.37404580152671757,-2.6030534351145036,0.9847328244274809
1712,1779653087.2820592,-0.954345703125,0.071044921875,-0.0869140625,-4.519083969465649,0.46564885496183206,-0.07633587786259542,-0.094970703125,-0.986083984375,0.1220703125,-0.48091603053435117,-2.816793893129771,1.015267175572519
1713,1779653087.2940693,-0.940185546875,0.068359375,-0.104736328125,-4.793893129770993,0.5038167938931297,-2.068702290076336,-0.087890625,-0.99267578125,0.1357421875,-0.6106870229007634,-2.564885496183206,1.0687022900763359
1714,1779653087.3060431,-0.9560546875,0.068359375,-0.08642578125,-4.770992366412214,0.42748091603053434,-2.053435114503817,-0.0869140625,-0.970703125,0.12744140625,-0.5801526717557252,-2.427480916030534,1.183206106870229
1715,1779653087.3180475,-0.955810546875,0.04931640625,-0.09033203125,-4.549618320610687,0.2900763358778626,-2.0763358778625953,-0.1064453125,-0.988037109375,0.135009765625,-0.4580152671755725,-1.8396946564885497,1.0229007633587786
1716,1779653087.330038,-0.96142578125,0.0771484375,-0.08349609375,-3.9083969465648853,0.24427480916030533,-1.7633587786259541,-0.091796875,-0.989990234375,0.115234375,-0.4198473282442748,-1.297709923664122,1.0
1717,1779653087.3420393,-0.953857421875,0.067626953125,-0.0859375,-3.5267175572519083,0.16030534351145037,-1.816793893129771,-0.094482421875,-0.98486328125,0.127685546875,-0.5114503816793893,-1.2595419847328244,0.9770992366412213
1718,1779653087.3540492,-0.951416015625,0.068115234375,-0.088134765625,-3.7404580152671754,0.3053435114503817,-2.030534351145038,-0.094970703125,-0.9892578125,0.13037109375,-0.42748091603053434,-1.6259541984732824,1.0687022900763359
1719,1779653087.3660588,-0.949951171875,0.068115234375,-0.09326171875,-3.854961832061069,0.3053435114503817,-1.8702290076335877,-0.098388671875,-0.9794921875,0.130615234375,-0.3969465648854962,-1.748091603053435,1.0534351145038168
1720,1779653087.3780737,-0.951171875,0.069580078125,-0.085693359375,-4.0,0.3282442748091603,-2.0916030534351147,-0.10888671875,-0.980224609375,0.12841796875,-0.3053435114503817,-3.854961832061069,1.1526717557251909
1721,1779653087.3900528,-0.949462890625,0.066162109375,-0.095458984375,-4.305343511450381,0.16030534351145037,-1.984732824427481,-0.09716796875,-0.984130859375,0.135009765625,-0.4122137404580153,-2.1297709923664123,1.1603053435114503
1722,1779653087.4020705,-0.939453125,0.06982421875,-0.0859375,-4.076335877862595,0.07633587786259542,-1.9541984732824427,-0.091552734375,-0.9697265625,0.12744140625,-0.32061068702290074,-1.6564885496183206,1.0076335877862594
1723,1779653087.414036,-0.952392578125,0.06494140625,-0.092529296875,-3.648854961832061,0.04580152671755725,-1.717557251908397,-0.095703125,-0.970703125,0.134765625,-0.46564885496183206,-1.3435114503816794,1.1145038167938932
1724,1779653087.4260478,-0.968505859375,0.071044921875,-0.091796875,-3.427480916030534,-0.08396946564885496,-1.8625954198473282,-0.100341796875,-0.99951171875,0.133056640625,-0.42748091603053434,-1.6793893129770991,1.1221374045801527
1725,1779653087.4380624,-0.957275390625,0.07275390625,-0.0791015625,-4.129770992366412,0.061068702290076333,-1.8778625954198473,-0.103759765625,-0.98779296875,0.13671875,-0.44274809160305345,-2.0076335877862594,1.099236641221374
1726,1779653087.4500515,-0.9521484375,0.07177734375,-0.086181640625,-4.442748091603053,0.3435114503816794,-1.8778625954198473,-0.11181640625,-0.993408203125,0.127685546875,-0.21374045801526717,-2.16793893129771,1.0
1727,1779653087.4620256,-0.950927734375,0.0732421875,-0.0888671875,-4.1679389312977095,0.21374045801526717,-2.0839694656488548,-0.11083984375,-0.993408203125,0.119140625,-0.22900763358778625,-1.6717557251908397,0.8625954198473282
1728,1779653087.4740715,-0.960205078125,0.065185546875,-0.0927734375,-3.572519083969466,0.16793893129770993,-2.122137404580153,-0.09814453125,-0.98291015625,0.123779296875,-0.26717557251908397,-1.5190839694656488,0.6564885496183206
1729,1779653087.4862766,-0.950927734375,0.07080078125,-0.1064453125,-3.6946564885496183,-0.061068702290076333,-2.2900763358778624,-0.10595703125,-0.971435546875,0.1259765625,-0.31297709923664124,-1.549618320610687,1.0534351145038168
1730,1779653087.4982505,-0.948974609375,0.0693359375,-0.087646484375,-3.595419847328244,-0.183206106870229,-2.0610687022900764,-0.0947265625,-0.98583984375,0.12890625,-0.183206106870229,-1.5190839694656488,0.7633587786259542
1731,1779653087.5101843,-0.953857421875,0.07373046875,-0.088623046875,-3.5801526717557253,0.022900763358778626,-2.053435114503817,-0.10400390625,-0.989501953125,0.118408203125,-0.07633587786259542,-1.2442748091603053,0.6717557251908397
1732,1779653087.5221174,-0.967041015625,0.07275390625,-0.081298828125,-3.2977099236641223,-0.1297709923664122,-2.2748091603053435,-0.10888671875,-0.985595703125,0.127685546875,0.007633587786259542,-1.3893129770992367,0.7786259541984732
1733,1779653087.53409,-0.9599609375,0.069091796875,-0.091796875,-3.5801526717557253,-0.2366412213740458,-2.0610687022900764,-0.109375,-0.98779296875,0.138916015625,-0.25190839694656486,-1.702290076335878,0.6946564885496184
1734,1779653087.546054,-0.9580078125,0.0712890625,-0.08447265625,-3.648854961832061,-0.10687022900763359,-2.2213740458015265,-0.0986328125,-0.9833984375,0.137451171875,-0.3969465648854962,-1.3893129770992367,0.6030534351145038
1735,1779653087.5580587,-0.952392578125,0.07470703125,-0.086669921875,-3.6030534351145036,-0.10687022900763359,-2.3740458015267176,-0.0966796875,-0.984619140625,0.125244140625,-0.15267175572519084,-1.1374045801526718,0.4961832061068702
1736,1779653087.5700579,-0.9521484375,0.07275390625,-0.0849609375,-3.687022900763359,-0.1450381679389313,-2.2900763358778624,-0.099365234375,-0.986572265625,0.134765625,0.030534351145038167,-1.0305343511450382,0.3511450381679389
1737,1779653087.5820584,-0.96044921875,0.06884765625,-0.082763671875,-3.1374045801526718,1.8931297709923665,-2.4198473282442747,-0.100341796875,-0.985595703125,0.129638671875,0.15267175572519084,-1.0687022900763359,0.5190839694656488
1738,1779653087.5944061,-0.955322265625,0.070068359375,-0.103271484375,-2.9923664122137406,-1.9083969465648856,-2.2900763358778624,-0.098388671875,-0.990966796875,0.13623046875,-0.07633587786259542,-0.8702290076335878,0.4961832061068702
1739,1779653087.606412,-0.941650390625,0.071044921875,-0.0859375,-2.9083969465648853,-0.20610687022900764,-2.3740458015267176,-0.1025390625,-0.987548828125,0.127685546875,-0.183206106870229,-1.0458015267175573,0.549618320610687
1740,1779653087.618345,-0.9384765625,0.072509765625,-0.081787109375,-3.1297709923664123,-0.2900763358778626,-2.3435114503816794,-0.108154296875,-0.999755859375,0.126708984375,-0.183206106870229,-1.16793893129771,0.33587786259541985
1741,1779653087.630291,-0.95361328125,0.07470703125,-0.081298828125,-3.4885496183206106,-0.16030534351145037,-2.5267175572519083,-0.10595703125,-0.98291015625,0.13427734375,-0.11450381679389313,-1.4580152671755726,0.33587786259541985
1742,1779653087.6421993,-0.951171875,0.07470703125,-0.09228515625,-3.49618320610687,0.1450381679389313,-2.5419847328244276,-0.099853515625,-0.99267578125,0.1298828125,-0.022900763358778626,-1.381679389312977,0.33587786259541985
1743,1779653087.6544764,-0.938720703125,0.066650390625,-0.087646484375,-3.519083969465649,-0.07633587786259542,-2.564885496183206,-0.103271484375,-0.98681640625,0.134765625,0.07633587786259542,-1.2595419847328244,0.5038167938931297
1744,1779653087.6667914,-0.954833984375,0.068115234375,-0.092041015625,-3.1908396946564888,0.17557251908396945,-2.404580152671756,-0.102783203125,-0.989013671875,0.12939453125,0.16793893129770993,-1.16793893129771,0.33587786259541985
1745,1779653087.6787567,-0.96533203125,0.07421875,-0.08740234375,-3.435114503816794,0.1297709923664122,-2.267175572519084,-0.104736328125,-0.99560546875,0.112060546875,-0.07633587786259542,-1.4580152671755726,0.5114503816793893
1746,1779653087.6906855,-0.949462890625,0.072998046875,-0.089599609375,-3.6412213740458017,1.9389312977099236,-2.351145038167939,-0.1015625,-0.9990234375,0.123291015625,-0.3816793893129771,-1.7328244274809161,0.5954198473282443
1747,1779653087.7026372,-0.95556640625,0.068115234375,-0.087890625,-3.7938931297709924,-0.1450381679389313,-2.4198473282442747,-0.10302734375,-0.98779296875,0.1259765625,-0.16030534351145037,-1.4274809160305344,0.6106870229007634
1748,1779653087.7146127,-0.953857421875,0.0703125,-0.08740234375,-3.6106870229007635,-0.37404580152671757,-2.4427480916030535,-0.10595703125,-0.989013671875,0.1357421875,-0.2824427480916031,-1.0534351145038168,0.4122137404580153
1749,1779653087.7265906,-0.958740234375,0.06591796875,-0.088134765625,-3.404580152671756,-0.5572519083969466,-2.0763358778625953,-0.08984375,-0.986328125,0.134521484375,-0.2748091603053435,-0.7175572519083969,0.29770992366412213
1750,1779653087.738561,-0.95361328125,0.0712890625,-0.088623046875,-3.0,-0.4732824427480916,-2.351145038167939,-0.09521484375,-0.9873046875,0.140380859375,-0.030534351145038167,-0.6870229007633588,0.45038167938931295
1751,1779653087.7504766,-0.953369140625,0.07421875,-0.0888671875,-3.0763358778625953,-0.3053435114503817,-2.4122137404580153,-0.10693359375,-0.984130859375,0.135009765625,-1.9083969465648856,-0.6183206106870229,0.4961832061068702
1752,1779653087.762431,-0.948486328125,0.071044921875,-0.0927734375,-3.1603053435114505,-0.15267175572519084,-2.351145038167939,-0.100341796875,-0.989501953125,0.135498046875,0.08396946564885496,-0.6641221374045801,0.2824427480916031
1753,1779653087.774402,-0.953125,0.073486328125,-0.092529296875,-3.1374045801526718,0.10687022900763359,-2.5801526717557253,-0.100341796875,-0.977294921875,0.136962890625,-0.11450381679389313,-1.0763358778625953,0.3282442748091603
1754,1779653087.7864652,-0.954833984375,0.072998046875,-0.09228515625,-3.404580152671756,-0.15267175572519084,-2.49618320610687,-0.1025390625,-0.97412109375,0.134033203125,-0.3282442748091603,-1.2900763358778626,0.29770992366412213
1755,1779653087.7984672,-0.938720703125,0.06640625,-0.078857421875,-3.351145038167939,-0.2595419847328244,-2.4122137404580153,-0.107421875,-0.994873046875,0.132568359375,-0.15267175572519084,-1.183206106870229,0.3435114503816794
1756,1779653087.8104606,-0.93798828125,0.06787109375,-0.087158203125,-3.4427480916030535,-1.9541984732824427,-2.6412213740458017,-0.10302734375,-0.987548828125,0.132080078125,0.007633587786259542,-1.465648854961832,0.2824427480916031
1757,1779653087.8224785,-0.953125,0.06982421875,-0.079345703125,-3.6106870229007635,0.5190839694656488,-2.618320610687023,-0.095947265625,-0.989013671875,0.130859375,-0.0916030534351145,-1.3587786259541985,0.2900763358778626
1758,1779653087.8344307,-0.9560546875,0.070068359375,-0.092529296875,-3.4122137404580153,0.21374045801526717,-2.1297709923664123,-0.093017578125,-0.98876953125,0.13671875,-0.21374045801526717,-1.3893129770992367,0.45038167938931295
1759,1779653087.8463938,-0.955322265625,0.064208984375,-0.09033203125,-3.381679389312977,-0.2748091603053435,-2.145038167938931,-0.090087890625,-0.986572265625,0.119384765625,-0.4732824427480916,-0.9312977099236641,0.5725190839694656
1760,1779653087.85834,-0.956787109375,0.068603515625,-0.090087890625,-3.2595419847328246,-0.3893129770992366,-2.2977099236641223,-0.103759765625,-0.9912109375,0.12939453125,-0.22137404580152673,-0.648854961832061,0.44274809160305345
1761,1779653087.870287,-0.952880859375,0.068115234375,-0.088134765625,-2.7709923664122136,-0.07633587786259542,-2.2442748091603053,-0.083984375,-0.986083984375,0.128173828125,-0.20610687022900764,-0.7633587786259542,0.6335877862595419
1762,1779653087.8822434,-0.95263671875,0.074462890625,-0.09033203125,-3.1526717557251906,-0.12213740458015267,-2.2748091603053435,-0.10595703125,-0.987060546875,0.1318359375,-0.015267175572519083,-1.083969465648855,0.5267175572519084
1763,1779653087.8941839,-0.956787109375,0.078857421875,-0.088134765625,-3.6030534351145036,0.16030534351145037,-2.3587786259541983,-0.107666015625,-0.9736328125,0.1376953125,-0.16030534351145037,-1.1221374045801527,0.46564885496183206
1764,1779653087.9061162,-0.954345703125,0.0703125,-0.08837890625,-3.3053435114503817,0.05343511450381679,-2.3969465648854964,-0.09375,-0.985595703125,0.1328125,-0.10687022900763359,-0.7786259541984732,0.6717557251908397
1765,1779653087.9182796,-0.95263671875,0.06396484375,-0.083251953125,-2.9389312977099236,0.061068702290076333,-2.33587786259542,-0.09228515625,-0.985107421875,0.130615234375,-0.31297709923664124,-0.8473282442748091,0.3893129770992366
1766,1779653087.9302523,-0.95947265625,0.06787109375,-0.083251953125,-2.931297709923664,0.1297709923664122,-2.2519083969465647,-0.0947265625,-0.983642578125,0.13818359375,-0.3816793893129771,-1.3282442748091603,0.6030534351145038
1767,1779653087.9422057,-0.954345703125,0.063232421875,-0.085205078125,-3.595419847328244,0.05343511450381679,-2.198473282442748,-0.10498046875,-0.983642578125,0.13623046875,-0.42748091603053434,-1.5954198473282444,0.6335877862595419
1768,1779653087.9541607,-0.95166015625,0.07177734375,-0.07470703125,-2.0076335877862594,0.3282442748091603,-2.366412213740458,-0.0986328125,-0.98583984375,0.13037109375,-0.25190839694656486,-1.6641221374045803,0.5954198473282443
1769,1779653087.9661057,-0.943359375,0.07080078125,-0.07861328125,-3.8625954198473282,0.21374045801526717,-2.3282442748091605,-0.101806640625,-0.984375,0.12841796875,-0.1297709923664122,-1.6793893129770991,0.5419847328244275
1770,1779653087.9780984,-0.95263671875,0.06884765625,-0.0869140625,-3.801526717557252,0.3053435114503817,-2.2977099236641223,-0.096435546875,-1.0,0.139892578125,-0.2366412213740458,-1.6030534351145038,0.6564885496183206
1771,1779653087.990067,-0.956787109375,0.06640625,-0.0888671875,-3.7938931297709924,0.022900763358778626,-2.2213740458015265,-0.08251953125,-0.987548828125,0.134033203125,-0.25190839694656486,-1.4351145038167938,0.648854961832061
1772,1779653088.0020418,-0.95166015625,0.072509765625,-0.091064453125,-3.66412213740458,-0.0916030534351145,-2.366412213740458,-0.102783203125,-1.0,0.13671875,-0.31297709923664124,-1.1526717557251909,0.6412213740458015
1773,1779653088.0140502,-0.954833984375,0.06591796875,-0.089599609375,-3.267175572519084,-0.022900763358778626,-2.1068702290076335,-0.099365234375,-0.98486328125,0.13232421875,-0.366412213740458,-1.2442748091603053,0.6412213740458015
1774,1779653088.0260656,-0.95654296875,0.069580078125,-0.09130859375,-3.595419847328244,0.061068702290076333,-2.2595419847328246,-0.100830078125,-0.983642578125,0.12841796875,-0.32061068702290074,-1.5190839694656488,0.6183206106870229
1775,1779653088.0380368,-0.949462890625,0.07275390625,-0.0927734375,-3.8091603053435112,0.19083969465648856,-2.2061068702290076,-0.099853515625,-0.986328125,0.13232421875,-0.2595419847328244,-1.3053435114503817,0.7404580152671756
1776,1779653088.0500503,-0.956787109375,0.06494140625,-0.087646484375,-3.4885496183206106,0.05343511450381679,-2.3587786259541983,-0.092041015625,-0.991943359375,0.13525390625,-0.2900763358778626,-0.9236641221374046,0.5954198473282443
1777,1779653088.062066,-0.953369140625,0.072021484375,-0.086181640625,-3.099236641221374,-0.0916030534351145,-2.2290076335877864,-0.0966796875,-0.99267578125,0.136474609375,-0.4198473282442748,-0.8854961832061069,0.6946564885496184
1778,1779653088.0740383,-0.95703125,0.07275390625,-0.079833984375,-3.50381679389313,0.0916030534351145,-2.198473282442748,-0.09130859375,-0.97314453125,0.138916015625,-0.3511450381679389,-1.1984732824427482,0.7099236641221374
1779,1779653088.0860546,-0.953857421875,0.072021484375,-0.090087890625,-3.7099236641221376,0.08396946564885496,-2.16793893129771,-0.110595703125,-0.986328125,0.133056640625,-0.32061068702290074,-1.6259541984732824,0.6564885496183206
1780,1779653088.0980592,-0.94970703125,0.067138671875,-0.085205078125,-5.862595419847328,0.3053435114503817,-2.2442748091603053,-0.094482421875,-0.994140625,0.13330078125,-0.2900763358778626,-1.8473282442748091,0.7099236641221374
1781,1779653088.1100454,-0.953857421875,0.070068359375,-0.088623046875,-4.083969465648855,0.15267175572519084,-2.2748091603053435,-0.099609375,-0.984130859375,0.1328125,-0.22900763358778625,-2.0,0.6946564885496184
1782,1779653088.122051,-0.953125,0.072021484375,-0.08740234375,-4.1603053435114505,0.22137404580152673,-2.1526717557251906,-0.091064453125,-0.98779296875,0.12939453125,-0.44274809160305345,-0.030534351145038167,0.7938931297709924
1783,1779653088.1340168,-0.956787109375,0.0703125,-0.083984375,-4.076335877862595,0.183206106870229,-2.122137404580153,-0.091552734375,-0.980712890625,0.130615234375,-0.33587786259541985,-1.8091603053435115,0.7022900763358778
1784,1779653088.146039,-0.955322265625,0.065185546875,-0.078369140625,-3.7480916030534353,0.17557251908396945,-2.282442748091603,-0.1015625,-0.98291015625,0.1318359375,-0.3435114503816794,-1.366412213740458,0.7633587786259542
1785,1779653088.1580489,-0.955322265625,0.07275390625,-0.0654296875,-3.6106870229007635,-0.13740458015267176,-2.053435114503817,-0.10107421875,-0.98486328125,0.129150390625,-0.26717557251908397,-1.4198473282442747,0.7480916030534351
1786,1779653088.1700568,-0.96826171875,0.076416015625,-0.080322265625,-3.5801526717557253,-0.030534351145038167,-2.0,-0.107421875,-0.983642578125,0.13671875,-0.3893129770992366,-1.4427480916030535,0.7709923664122137
1787,1779653088.1820955,-0.949951171875,0.075927734375,-0.089599609375,-3.595419847328244,0.13740458015267176,-2.198473282442748,-0.108642578125,-0.988525390625,0.13134765625,-0.31297709923664124,-1.3587786259541985,0.6717557251908397
1788,1779653088.1940732,-0.95703125,0.07373046875,-0.078857421875,-3.732824427480916,0.183206106870229,-1.9465648854961832,-0.10693359375,-0.9833984375,0.134765625,-0.22900763358778625,-1.6488549618320612,1.0305343511450382
1789,1779653088.2060564,-0.955078125,0.071533203125,-0.08642578125,-4.152671755725191,0.3053435114503817,-2.0916030534351147,-0.09814453125,-0.990478515625,0.127685546875,-0.07633587786259542,-2.0610687022900764,0.8244274809160306
1790,1779653088.2180538,-0.957275390625,0.0673828125,-0.096923828125,-4.183206106870229,0.37404580152671757,-2.16793893129771,-0.1025390625,-0.989990234375,0.12353515625,-0.20610687022900764,-3.900763358778626,0.8549618320610687
1791,1779653088.2300546,-0.9541015625,0.068115234375,-0.086181640625,-2.045801526717557,0.24427480916030533,-2.213740458015267,-0.1015625,-0.98681640625,0.122314453125,-0.4732824427480916,-1.7557251908396947,0.8778625954198473
1792,1779653088.2420557,-0.9501953125,0.07373046875,-0.074462890625,-3.816793893129771,0.04580152671755725,-2.1526717557251906,-0.10205078125,-0.990478515625,0.137451171875,-0.44274809160305345,-1.7709923664122138,0.9236641221374046
1793,1779653088.2540495,-0.952392578125,0.064697265625,-0.063720703125,-4.038167938931298,0.022900763358778626,-2.114503816793893,-0.106201171875,-0.989501953125,0.125732421875,-0.2748091603053435,-1.717557251908397,0.7938931297709924
1794,1779653088.2660172,-0.96435546875,0.072509765625,-0.084228515625,-3.6564885496183206,-0.03816793893129771,-2.1526717557251906,-0.087646484375,-0.991455078125,0.140380859375,-0.3969465648854962,-1.2061068702290076,0.732824427480916
1795,1779653088.2780416,-0.938232421875,0.076171875,-0.0869140625,-3.6106870229007635,-0.0916030534351145,-2.0610687022900764,-0.093017578125,-0.9873046875,0.1318359375,-0.32061068702290074,-1.1908396946564885,0.7480916030534351
1796,1779653088.2900536,-0.95263671875,0.0673828125,-0.090087890625,-3.5572519083969465,0.061068702290076333,-0.05343511450381679,-0.099609375,-0.98974609375,0.134033203125,-0.33587786259541985,-1.2671755725190839,0.7404580152671756
1797,1779653088.302042,-0.9521484375,0.0654296875,-0.076416015625,-3.6259541984732824,-0.1450381679389313,-2.3282442748091605,-0.0986328125,-0.986083984375,0.129638671875,-0.3893129770992366,-1.213740458015267,0.648854961832061
1798,1779653088.314057,-0.952392578125,0.0703125,-0.08203125,-3.595419847328244,0.183206106870229,-2.1755725190839694,-0.10009765625,-0.983154296875,0.1328125,-0.29770992366412213,-1.4122137404580153,0.9083969465648855
1799,1779653088.3260531,-0.962158203125,0.069091796875,-0.084228515625,-3.595419847328244,0.22900763358778625,-2.2595419847328246,-0.0966796875,-0.991943359375,0.127685546875,-0.25190839694656486,-1.3893129770992367,0.9694656488549618
1800,1779653088.3380454,-0.957275390625,0.072998046875,-0.095458984375,-3.5877862595419847,0.022900763358778626,-3.854961832061069,-0.0810546875,-0.9990234375,0.1376953125,-0.3893129770992366,-1.2213740458015268,0.9312977099236641
1801,1779653088.3504345,-0.955322265625,0.0654296875,-0.0908203125,-3.5877862595419847,0.15267175572519084,-1.9312977099236641,-0.10009765625,-0.982666015625,0.130859375,-0.4351145038167939,-1.5038167938931297,0.7786259541984732
1802,1779653088.3626466,-0.953857421875,0.06884765625,-0.0869140625,-3.732824427480916,-0.015267175572519083,-2.0763358778625953,-0.107666015625,-0.98779296875,0.133056640625,-0.6717557251908397,-1.6030534351145038,0.6870229007633588
1803,1779653088.3746095,-0.95703125,0.06884765625,-0.091552734375,-3.8473282442748094,0.05343511450381679,-2.16793893129771,-0.1025390625,-0.990234375,0.13525390625,-0.2366412213740458,-1.748091603053435,0.8549618320610687
1804,1779653088.386587,-0.955078125,0.07275390625,-0.080078125,-4.061068702290076,0.22900763358778625,-2.427480916030534,-0.10009765625,-0.98486328125,0.138427734375,-0.3435114503816794,-1.6030534351145038,0.816793893129771
1805,1779653088.398593,-0.947021484375,0.068115234375,-0.093505859375,-3.83206106870229,0.4351145038167939,-2.015267175572519,-0.099609375,-0.98779296875,0.129638671875,-0.2366412213740458,-1.6488549618320612,0.816793893129771
1806,1779653088.4105566,-0.953857421875,0.0673828125,-0.0908203125,-3.633587786259542,0.31297709923664124,-2.213740458015267,-0.093017578125,-0.985595703125,0.1259765625,-0.366412213740458,-1.534351145038168,0.8320610687022901
1807,1779653088.4225771,-0.951171875,0.068115234375,-0.089599609375,-1.9618320610687023,0.3969465648854962,-2.1755725190839694,-0.09130859375,-0.99169921875,0.14111328125,-0.29770992366412213,-2.0,0.916030534351145
1808,1779653088.4345577,-0.948974609375,0.064697265625,-0.09033203125,-4.206106870229007,0.1297709923664122,-2.213740458015267,-0.102294921875,-0.98828125,0.13623046875,-0.40458015267175573,-1.816793893129771,0.9083969465648855
1809,1779653088.4464655,-0.95361328125,0.072265625,-0.09814453125,-3.7480916030534353,0.030534351145038167,-2.0610687022900764,-0.096435546875,-0.988037109375,0.121826171875,-0.29770992366412213,-1.8702290076335877,0.9618320610687023
1810,1779653088.458435,-0.955078125,0.067138671875,-0.08154296875,-3.8473282442748094,0.06870229007633588,-2.1068702290076335,-0.099853515625,-0.984619140625,0.130859375,-0.37404580152671757,-1.7557251908396947,0.8015267175572519
1811,1779653088.4703908,-0.94921875,0.069091796875,-0.083984375,-5.862595419847328,0.1450381679389313,-2.015267175572519,-0.0947265625,-0.991455078125,0.137939453125,-0.3053435114503817,-1.5725190839694656,0.8244274809160306
1812,1779653088.4823427,-0.955078125,0.06884765625,-0.08642578125,-3.9160305343511452,-0.20610687022900764,-2.0610687022900764,-0.099609375,-0.970458984375,0.125,-0.17557251908396945,-1.4274809160305344,0.8320610687022901
1813,1779653088.4942832,-0.95556640625,0.0673828125,-0.087158203125,-3.66412213740458,0.11450381679389313,-2.1755725190839694,-0.094482421875,-0.998291015625,0.136474609375,-0.03816793893129771,-1.282442748091603,0.6183206106870229
1814,1779653088.5062184,-0.95361328125,0.072509765625,-0.091552734375,-3.267175572519084,-0.1297709923664122,-2.183206106870229,-0.107421875,-0.986083984375,0.140380859375,-0.183206106870229,-0.9618320610687023,0.7099236641221374
1815,1779653088.5181525,-0.953125,0.072998046875,-0.084716796875,-2.984732824427481,-0.15267175572519084,-2.099236641221374,-0.104248046875,-0.98974609375,0.126708984375,-0.37404580152671757,-0.6106870229007634,0.7404580152671756
1816,1779653088.5301006,-0.9541015625,0.06884765625,-0.086669921875,-2.7022900763358777,-0.3893129770992366,-2.2442748091603053,-0.10009765625,-0.9814453125,0.13720703125,-0.5648854961832062,-0.7557251908396947,0.5114503816793893
1817,1779653088.5420642,-0.953857421875,0.07763671875,-0.093505859375,-3.4885496183206106,-0.22137404580152673,-2.3587786259541983,-0.11376953125,-0.9873046875,0.14453125,-0.648854961832061,-1.381679389312977,0.5572519083969466
1818,1779653088.5541275,-0.953369140625,0.079345703125,-0.098876953125,-3.8091603053435112,0.16793893129770993,-2.4427480916030535,-0.10205078125,-0.985595703125,0.138916015625,-0.5190839694656488,-1.4427480916030535,0.48091603053435117
1819,1779653088.566087,-0.956298828125,0.07373046875,-0.081298828125,-3.763358778625954,0.37404580152671757,-2.4656488549618323,-0.103515625,-0.98974609375,0.137939453125,-0.12213740458015267,-1.1984732824427482,0.3893129770992366
1820,1779653088.5780659,-0.956787109375,0.06884765625,-0.09326171875,-3.3740458015267176,0.549618320610687,-2.3587786259541983,-0.09912109375,-0.994140625,0.125,-0.2366412213740458,-1.1603053435114503,0.6717557251908397
1821,1779653088.5904887,-0.95458984375,0.07080078125,-0.087646484375,-3.3740458015267176,0.40458015267175573,-2.404580152671756,-0.091064453125,-0.9775390625,0.1298828125,-0.16030534351145037,-1.1603053435114503,0.4961832061068702
1822,1779653088.6024919,-0.95458984375,0.067138671875,-0.086669921875,-3.2442748091603053,0.24427480916030533,-2.480916030534351,-0.10498046875,-0.982177734375,0.124267578125,-0.4961832061068702,-1.282442748091603,0.7175572519083969
1823,1779653088.614462,-0.960205078125,0.07666015625,-0.0927734375,-3.450381679389313,0.08396946564885496,-2.351145038167939,-0.108154296875,-0.98779296875,0.1298828125,-0.5114503816793893,-1.6717557251908397,0.6183206106870229
1824,1779653088.6264532,-0.952392578125,0.074951171875,-0.1015625,-3.7938931297709924,0.2595419847328244,-2.1603053435114505,-0.100830078125,-0.9833984375,0.152099609375,-0.5877862595419847,-2.1908396946564888,0.5572519083969466
1825,1779653088.6384563,-0.943115234375,0.0751953125,-0.0859375,-4.526717557251908,0.42748091603053434,-2.50381679389313,-0.11669921875,-0.98486328125,0.129638671875,-0.3282442748091603,-2.213740458015267,0.7175572519083969
1826,1779653088.6504629,-0.9677734375,0.068115234375,-0.093505859375,-4.236641221374046,0.4198473282442748,-2.50381679389313,-0.10791015625,-0.984130859375,0.136962890625,-0.2748091603053435,-1.4274809160305344,0.2366412213740458
1827,1779653088.6624541,-0.967529296875,0.075927734375,-0.091064453125,-3.3435114503816794,0.15267175572519084,-2.732824427480916,-0.10205078125,-0.987060546875,0.130126953125,-0.26717557251908397,-0.732824427480916,0.22137404580152673
1828,1779653088.6744208,-0.950439453125,0.07080078125,-0.08935546875,-2.7557251908396947,-0.03816793893129771,-2.5419847328244276,-0.10009765625,-0.99072265625,0.124267578125,-0.26717557251908397,-0.31297709923664124,0.12213740458015267
1829,1779653088.6864126,-0.959228515625,0.07080078125,-0.08935546875,-2.648854961832061,-0.0916030534351145,-2.5343511450381677,-0.0966796875,-0.988037109375,0.123046875,-0.1297709923664122,-0.40458015267175573,0.24427480916030533
1830,1779653088.698373,-0.95703125,0.072998046875,-0.08984375,-2.564885496183206,-1.83206106870229,-2.4580152671755724,-0.0927734375,-0.986572265625,0.12890625,-0.10687022900763359,-0.6793893129770993,0.29770992366412213
1831,1779653088.7102938,-0.947021484375,0.075927734375,-0.095947265625,-3.045801526717557,1.8931297709923665,-2.2748091603053435,-0.105712890625,-0.989013671875,0.130615234375,-0.05343511450381679,-1.0381679389312977,0.22900763358778625
1832,1779653088.7222474,-0.951904296875,0.06884765625,-0.09033203125,-3.5114503816793894,-1.900763358778626,-2.381679389312977,-0.10546875,-0.98486328125,0.13037109375,-0.26717557251908397,-1.282442748091603,0.37404580152671757
1833,1779653088.7341955,-0.953857421875,0.07275390625,-0.088623046875,-3.6946564885496183,-1.9541984732824427,-2.450381679389313,-0.105224609375,-0.985107421875,0.132080078125,-0.16030534351145037,-1.6488549618320612,0.4122137404580153
1834,1779653088.7461216,-0.9521484375,0.07080078125,-0.089599609375,-3.83206106870229,0.015267175572519083,-2.5572519083969465,-0.106201171875,-0.973876953125,0.131591796875,-0.3511450381679389,-1.4885496183206106,0.44274809160305345
1835,1779653088.758104,-0.954833984375,0.072265625,-0.08740234375,-3.3206106870229006,-0.16793893129770993,-2.404580152671756,-0.0849609375,-0.99609375,0.135009765625,-0.1297709923664122,-1.2366412213740459,0.4961832061068702
1836,1779653088.7700915,-0.938232421875,0.063720703125,-0.08837890625,-3.2595419847328246,0.09923664122137404,-2.49618320610687,-0.0791015625,-0.985107421875,0.13671875,-0.08396946564885496,-1.0458015267175573,0.5419847328244275
1837,1779653088.782292,-0.938232421875,0.070068359375,-0.0927734375,-2.969465648854962,0.030534351145038167,-2.572519083969466,-0.097412109375,-0.992919921875,0.134033203125,0.05343511450381679,-0.6030534351145038,0.366412213740458
1838,1779653088.794296,-0.96142578125,0.069580078125,-0.06396484375,-2.946564885496183,-0.03816793893129771,-2.2748091603053435,-0.103271484375,-0.9833984375,0.131591796875,-0.22137404580152673,-0.9541984732824428,0.6412213740458015
1839,1779653088.8062453,-0.951416015625,0.071533203125,-0.078857421875,-3.145038167938931,-1.8931297709923665,-2.3435114503816794,-0.106689453125,-0.987060546875,0.13623046875,-0.061068702290076333,-1.1145038167938932,0.5114503816793893
1840,1779653088.8181915,-0.950439453125,0.06640625,-0.08740234375,-3.618320610687023,-0.061068702290076333,-2.49618320610687,-0.095947265625,-0.98681640625,0.13037109375,-0.29770992366412213,-1.3129770992366412,0.4961832061068702
1841,1779653088.8301232,-0.9541015625,0.0712890625,-0.090576171875,-3.717557251908397,0.015267175572519083,-2.4427480916030535,-0.09716796875,-0.985595703125,0.13671875,-0.3282442748091603,-1.5877862595419847,0.5343511450381679
1842,1779653088.842119,-0.955078125,0.06640625,-0.091552734375,-3.7251908396946565,0.015267175572519083,-2.572519083969466,-0.1015625,-0.988037109375,0.13720703125,-0.42748091603053434,-1.4427480916030535,0.5190839694656488
1843,1779653088.8541026,-0.956298828125,0.069580078125,-0.0927734375,-3.5419847328244276,0.05343511450381679,-2.2442748091603053,-0.103271484375,-0.970458984375,0.1328125,-0.1984732824427481,-1.183206106870229,0.42748091603053434
1844,1779653088.8660743,-0.948486328125,0.070556640625,-0.09326171875,-3.3435114503816794,0.07633587786259542,-2.2977099236641223,-0.104736328125,-0.981201171875,0.131591796875,-0.3511450381679389,-0.8244274809160306,0.4961832061068702
1845,1779653088.878037,-0.956787109375,0.06982421875,-0.076904296875,-3.2213740458015265,0.04580152671755725,-2.4122137404580153,-0.099853515625,-0.986083984375,0.137451171875,-0.32061068702290074,-0.8702290076335878,0.3816793893129771
1846,1779653088.8900712,-0.9501953125,0.07470703125,-0.091796875,-3.2213740458015265,0.061068702290076333,-2.366412213740458,-0.103759765625,-0.989501953125,0.129638671875,-0.2595419847328244,-1.251908396946565,0.6030534351145038
1847,1779653088.902047,-0.968505859375,0.066650390625,-0.08447265625,-3.3969465648854964,1.9465648854961832,-2.5572519083969465,-0.10888671875,-0.985107421875,0.127685546875,-0.2900763358778626,-1.1755725190839694,0.4961832061068702
1848,1779653088.914017,-0.9541015625,0.06689453125,-0.08935546875,-3.49618320610687,0.4580152671755725,-2.4732824427480917,-0.099853515625,-0.986083984375,0.13671875,-0.1297709923664122,-1.1603053435114503,0.4961832061068702
1849,1779653088.9260073,-0.9384765625,0.073486328125,-0.090576171875,-3.1297709923664123,0.21374045801526717,-2.366412213740458,-0.09716796875,-0.98779296875,0.13525390625,-0.09923664122137404,-0.7404580152671756,0.3053435114503817
1850,1779653088.9379866,-0.96533203125,0.071044921875,-0.079833984375,-2.969465648854962,0.1450381679389313,-2.1603053435114505,-0.093994140625,-0.986328125,0.132568359375,0.0916030534351145,-1.1908396946564885,0.549618320610687
1851,1779653088.949983,-0.961669921875,0.0673828125,-0.078369140625,-3.122137404580153,0.4198473282442748,-2.3893129770992365,-0.122802734375,-0.986083984375,0.110595703125,-0.1450381679389313,-1.015267175572519,0.4580152671755725
1852,1779653088.961948,-0.94970703125,0.071044921875,-0.088134765625,-3.0763358778625953,0.09923664122137404,-2.3435114503816794,-0.093994140625,-0.969482421875,0.12841796875,-0.22900763358778625,-0.9007633587786259,0.5801526717557252
1853,1779653088.9739459,-0.956298828125,0.070556640625,-0.086669921875,-3.0610687022900764,0.022900763358778626,-2.3969465648854964,-0.110595703125,-0.992431640625,0.137451171875,-0.42748091603053434,-1.4351145038167938,0.6106870229007634
1854,1779653088.9859462,-0.953857421875,0.072509765625,-0.091552734375,-4.061068702290076,-0.15267175572519084,-2.3969465648854964,-0.095703125,-0.985595703125,0.12939453125,-0.366412213740458,-1.4045801526717556,0.7099236641221374
1855,1779653088.9979436,-0.957275390625,0.070068359375,-0.093994140625,-3.404580152671756,-0.061068702290076333,-2.4198473282442747,-0.111328125,-0.98486328125,0.124755859375,-0.31297709923664124,-1.0381679389312977,0.5725190839694656
1856,1779653089.0099454,-0.9541015625,0.070556640625,-0.085205078125,-3.053435114503817,-0.15267175572519084,-2.3435114503816794,-0.1044921875,-0.988037109375,0.127197265625,-0.12213740458015267,-0.7480916030534351,0.4122137404580153
1857,1779653089.02194,-0.954345703125,0.065185546875,-0.087158203125,-2.877862595419847,0.04580152671755725,-2.312977099236641,-0.111328125,-0.970703125,0.134521484375,-0.17557251908396945,-0.7862595419847328,0.5572519083969466
1858,1779653089.0338962,-0.95556640625,0.072509765625,-0.09326171875,-3.33587786259542,-0.07633587786259542,-2.4732824427480917,-0.09716796875,-0.98779296875,0.1279296875,-0.12213740458015267,-1.213740458015267,0.5572519083969466
1859,1779653089.0458746,-0.948486328125,0.070556640625,-0.087158203125,-3.633587786259542,-0.07633587786259542,-2.5572519083969465,-0.10791015625,-0.981201171875,0.125,-0.31297709923664124,-1.3893129770992367,0.549618320610687
1860,1779653089.057853,-0.948974609375,0.068603515625,-0.084716796875,-3.7404580152671754,0.06870229007633588,-2.549618320610687,-0.09375,-0.99609375,0.133544921875,-0.183206106870229,-1.7251908396946565,0.5343511450381679
1861,1779653089.0698187,-0.957275390625,0.06982421875,-0.08544921875,-3.7251908396946565,0.21374045801526717,-2.3740458015267176,-0.087890625,-0.982177734375,0.134033203125,-0.022900763358778626,-1.5572519083969465,0.549618320610687
1862,1779653089.0817423,-0.95068359375,0.0712890625,-0.09033203125,-3.7938931297709924,0.21374045801526717,-2.2977099236641223,-0.10107421875,-0.98046875,0.12890625,1.9389312977099236,-1.6412213740458015,0.4351145038167939
1863,1779653089.0936975,-0.95263671875,0.0703125,-0.090087890625,-4.0,-0.11450381679389313,-2.16793893129771,-0.10302734375,-0.9921875,0.120361328125,-0.26717557251908397,-1.4351145038167938,0.48854961832061067
1864,1779653089.105633,-0.951416015625,0.075927734375,-0.097412109375,-3.49618320610687,-0.09923664122137404,-2.381679389312977,-0.094482421875,-0.98876953125,0.12158203125,-0.24427480916030533,-0.9236641221374046,0.5648854961832062
1865,1779653089.1175652,-0.948486328125,0.06396484375,-0.095703125,-3.145038167938931,-0.2748091603053435,-2.351145038167939,-0.095947265625,-0.9912109375,0.1279296875,-0.25190839694656486,-0.3893129770992366,0.366412213740458
1866,1779653089.1295316,-0.9580078125,0.06884765625,-0.088134765625,-2.816793893129771,-0.3282442748091603,-2.351145038167939,-0.103759765625,-0.986083984375,0.13623046875,-0.37404580152671757,-0.3053435114503817,0.42748091603053434
1867,1779653089.1414962,-0.95849609375,0.069091796875,-0.0888671875,-2.687022900763359,-0.1984732824427481,-2.427480916030534,-0.079345703125,-0.988525390625,0.126708984375,-0.07633587786259542,-0.16030534351145037,0.5725190839694656
1868,1779653089.1534503,-0.955810546875,0.070068359375,-0.08740234375,-2.7709923664122136,-0.19083969465648856,-2.2900763358778624,-0.0908203125,-0.999755859375,0.13232421875,0.08396946564885496,-0.5801526717557252,0.6335877862595419
1869,1779653089.1653671,-0.948974609375,0.071044921875,-0.0830078125,-2.8091603053435112,-0.3816793893129771,-2.267175572519084,-0.108642578125,-0.998779296875,0.140380859375,0.5648854961832062,-0.9083969465648855,0.5190839694656488
1870,1779653089.177319,-0.968017578125,0.0703125,-0.079345703125,-3.0916030534351147,0.22137404580152673,-2.4198473282442747,-0.102783203125,-0.989013671875,0.135986328125,0.15267175572519084,-1.0229007633587786,0.48854961832061067
1871,1779653089.189275,-0.955322265625,0.0732421875,-0.1025390625,-3.0916030534351147,-0.6030534351145038,-2.4427480916030535,-0.083984375,-0.992431640625,0.131591796875,-0.13740458015267176,-1.0381679389312977,0.48091603053435117
1872,1779653089.2018619,-0.948486328125,0.0712890625,-0.096923828125,-3.0076335877862594,-0.3893129770992366,-2.618320610687023,-0.096435546875,-0.98779296875,0.13720703125,-0.183206106870229,-1.015267175572519,0.366412213740458
1873,1779653089.2141597,-0.95703125,0.07373046875,-0.0869140625,-3.2213740458015265,-0.3282442748091603,-2.2748091603053435,-0.095703125,-0.9853515625,0.140869140625,-0.08396946564885496,-1.5648854961832062,0.44274809160305345
1874,1779653089.2261739,-0.956787109375,0.068359375,-0.08984375,-3.8625954198473282,-0.40458015267175573,-2.435114503816794,-0.10595703125,-0.983154296875,0.1435546875,-1.9389312977099236,-1.8015267175572518,0.6870229007633588
1875,1779653089.2381139,-0.959228515625,0.07373046875,-0.087646484375,-4.145038167938932,0.12213740458015267,-2.2213740458015265,-0.10791015625,-0.98291015625,0.14013671875,0.08396946564885496,-1.8549618320610688,0.5725190839694656
1876,1779653089.2501013,-0.95556640625,0.064697265625,-0.0947265625,-3.717557251908397,0.03816793893129771,-2.4122137404580153,-0.092041015625,-0.97119140625,0.125,0.015267175572519083,-1.4732824427480915,0.46564885496183206
1877,1779653089.2620685,-0.954833984375,0.06982421875,-0.093505859375,-3.5419847328244276,-0.19083969465648856,-2.351145038167939,-0.097900390625,-0.9912109375,0.12646484375,0.12213740458015267,-1.3587786259541985,0.48854961832061067
1878,1779653089.2740543,-0.953369140625,0.06689453125,-0.08935546875,-3.3282442748091605,-0.45038167938931295,-2.4732824427480917,-0.097412109375,-0.98486328125,0.115966796875,1.900763358778626,-0.7251908396946565,0.3969465648854962
1879,1779653089.286057,-0.954345703125,0.069580078125,-0.086669921875,-2.8625954198473282,-0.4198473282442748,-2.236641221374046,-0.099853515625,-0.989013671875,0.134521484375,-0.13740458015267176,-0.549618320610687,0.5267175572519084
1880,1779653089.2980373,-0.953857421875,0.070068359375,-0.087890625,-2.9160305343511452,-0.4580152671755725,-2.267175572519084,-0.09033203125,-0.98046875,0.138916015625,0.05343511450381679,-0.7251908396946565,0.549618320610687
1881,1779653089.310045,-0.95166015625,0.069091796875,-0.09130859375,-2.9770992366412212,-0.2748091603053435,-2.1374045801526718,-0.106689453125,-0.991455078125,0.137451171875,0.015267175572519083,-0.9389312977099237,0.6946564885496184
1882,1779653089.3220677,-0.96728515625,0.073486328125,-0.08349609375,-3.2290076335877864,-0.0916030534351145,-2.2213740458015265,-0.0966796875,-0.984130859375,0.138427734375,0.015267175572519083,-0.7633587786259542,0.5190839694656488
1883,1779653089.3340387,-0.9482421875,0.072265625,-0.09130859375,-3.2213740458015265,-0.1984732824427481,-2.2519083969465647,-0.10009765625,-0.9814453125,0.133544921875,-0.2366412213740458,-1.4732824427480915,0.6412213740458015
1884,1779653089.3460562,-0.968017578125,0.073486328125,-0.092041015625,-3.564885496183206,-0.1297709923664122,-2.2748091603053435,-0.106201171875,-0.987548828125,0.146484375,-0.3053435114503817,-1.786259541984733,0.5114503816793893
1885,1779653089.3580618,-0.952880859375,0.070556640625,-0.0830078125,-4.099236641221374,1.9312977099236641,-2.3587786259541983,-0.101806640625,-0.989501953125,0.151123046875,-0.45038167938931295,-1.7099236641221374,0.7251908396946565
1886,1779653089.3700445,-0.953125,0.065185546875,-0.085205078125,-1.984732824427481,0.05343511450381679,-2.5114503816793894,-0.096923828125,-0.989013671875,0.137451171875,-0.2900763358778626,-1.786259541984733,0.5801526717557252
1887,1779653089.3820455,-0.953369140625,0.065185546875,-0.08349609375,-3.969465648854962,0.08396946564885496,-2.1755725190839694,-0.10009765625,-0.993896484375,0.149169921875,-0.05343511450381679,-1.916030534351145,0.8091603053435115
1888,1779653089.3940833,-0.955322265625,0.0693359375,-0.0849609375,-4.0458015267175576,0.17557251908396945,-2.1603053435114505,-0.0908203125,-0.985107421875,0.1416015625,-0.35877862595419846,-1.549618320610687,0.9083969465648855
1889,1779653089.4060762,-0.95458984375,0.068603515625,-0.089599609375,-3.687022900763359,0.11450381679389313,-2.145038167938931,-0.093994140625,-0.98681640625,0.1240234375,-0.4122137404580153,-1.2748091603053435,0.7022900763358778
1890,1779653089.418039,-0.937744140625,0.068603515625,-0.08984375,-3.4732824427480917,-0.030534351145038167,-2.1297709923664123,-0.099853515625,-0.981201171875,0.130126953125,-0.48854961832061067,-1.5190839694656488,0.7786259541984732
1891,1779653089.430051,-0.958251953125,0.068115234375,-0.097900390625,-3.5801526717557253,0.31297709923664124,-2.122137404580153,-0.109375,-0.992431640625,0.134765625,-0.48854961832061067,-1.5801526717557253,0.816793893129771
1892,1779653089.4420435,-0.952392578125,0.072021484375,-0.0859375,-5.854961832061068,0.25190839694656486,-2.0763358778625953,-0.093994140625,-0.98828125,0.142333984375,-0.44274809160305345,-1.5114503816793894,0.6946564885496184
1893,1779653089.4540362,-0.955810546875,0.069580078125,-0.081787109375,-3.8473282442748094,0.3511450381679389,-2.1908396946564888,-0.083251953125,-0.986572265625,0.13623046875,-0.48091603053435117,-1.4732824427480915,0.9847328244274809
1894,1779653089.46603,-0.950927734375,0.068115234375,-0.091796875,-3.8396946564885495,0.2900763358778626,-2.1297709923664123,-0.095947265625,-0.993408203125,0.136474609375,-0.2900763358778626,-1.4732824427480915,0.732824427480916
1895,1779653089.4780047,-0.9560546875,0.072509765625,-0.089111328125,-3.7404580152671754,0.5877862595419847,-2.1755725190839694,-0.08984375,-0.988037109375,0.133056640625,-0.3816793893129771,-1.4198473282442747,0.9465648854961832
1896,1779653089.490029,-0.955322265625,0.06884765625,-0.08447265625,-3.3969465648854964,0.5343511450381679,-2.1908396946564888,-0.09619140625,-0.98681640625,0.140380859375,-0.32061068702290074,-1.748091603053435,0.916030534351145
1897,1779653089.5020251,-0.95361328125,0.074951171875,-0.084228515625,-3.954198473282443,0.3435114503816794,-2.122137404580153,-0.101806640625,-0.987548828125,0.132080078125,-0.44274809160305345,-0.022900763358778626,1.0076335877862594
1898,1779653089.5140133,-0.957763671875,0.070556640625,-0.09228515625,-4.511450381679389,0.48854961832061067,-2.0916030534351147,-0.11328125,-0.990234375,0.114013671875,-0.6793893129770993,-2.267175572519084,0.8549618320610687
1899,1779653089.5260098,-0.954833984375,0.072021484375,-0.0927734375,-4.412213740458015,0.32061068702290074,-2.145038167938931,-0.097900390625,-0.973876953125,0.130859375,-0.6793893129770993,-2.0839694656488548,0.8396946564885496
1900,1779653089.5379972,-0.95947265625,0.069091796875,-0.0869140625,-3.984732824427481,0.06870229007633588,-2.267175572519084,-0.100830078125,-0.9990234375,0.133544921875,-0.366412213740458,-1.633587786259542,0.9541984732824428
1901,1779653089.5501564,-0.967041015625,0.066162109375,-0.084716796875,-3.648854961832061,0.07633587786259542,-2.145038167938931,-0.090576171875,-0.980224609375,0.131103515625,-0.29770992366412213,-1.4274809160305344,0.7938931297709924
1902,1779653089.562208,-0.95361328125,0.071533203125,-0.087158203125,-3.427480916030534,0.2595419847328244,-2.198473282442748,-0.094970703125,-0.986572265625,0.13134765625,-0.2824427480916031,-1.2748091603053435,0.9618320610687023
1903,1779653089.5742311,-0.951904296875,0.0751953125,-0.089599609375,-3.3969465648854964,0.0916030534351145,-0.015267175572519083,-0.107421875,-0.98291015625,0.126220703125,-0.48854961832061067,-1.1984732824427482,0.9770992366412213
1904,1779653089.5896964,-0.95947265625,0.072998046875,-0.10888671875,-3.83206106870229,0.3511450381679389,-1.9541984732824427,-0.1083984375,-0.989013671875,0.123779296875,-0.7175572519083969,-1.816793893129771,0.7251908396946565
1905,1779653089.6016922,-0.94482421875,0.07421875,-0.09716796875,-3.954198473282443,0.1984732824427481,-2.1908396946564888,-0.10400390625,-0.98681640625,0.141845703125,-0.4961832061068702,-2.0610687022900764,0.8625954198473282
1906,1779653089.6136546,-0.942138671875,0.068603515625,-0.081298828125,-3.9923664122137406,0.29770992366412213,-2.3053435114503817,-0.09716796875,-0.993896484375,0.1279296875,-0.40458015267175573,-1.8778625954198473,0.7709923664122137
1907,1779653089.6256497,-0.956787109375,0.07080078125,-0.0830078125,-4.282442748091603,0.6870229007633588,-2.3053435114503817,-0.0986328125,-0.98681640625,0.14013671875,-0.22137404580152673,-2.0916030534351147,0.8091603053435115
1908,1779653089.6375868,-0.94921875,0.070556640625,-0.0849609375,-3.885496183206107,0.24427480916030533,-2.114503816793893,-0.080810546875,-0.998046875,0.12255859375,-0.26717557251908397,-1.5877862595419847,0.7480916030534351
1909,1779653089.6497388,-0.950927734375,0.070556640625,-0.090576171875,-3.6793893129770994,0.35877862595419846,-1.8931297709923665,-0.105224609375,-0.990478515625,0.119873046875,-0.3511450381679389,-1.6870229007633588,0.8091603053435115
1910,1779653089.6617262,-0.953369140625,0.0703125,-0.08984375,-3.816793893129771,0.183206106870229,-2.114503816793893,-0.09765625,-0.990966796875,0.15087890625,-0.549618320610687,-1.5572519083969465,0.6412213740458015
1911,1779653089.6736684,-0.95556640625,0.068115234375,-0.084228515625,-3.801526717557252,-0.11450381679389313,-2.4732824427480917,-0.106201171875,-0.983154296875,0.126220703125,-0.6106870229007634,-1.3358778625954197,0.6183206106870229
1912,1779653089.6856134,-0.956298828125,0.073974609375,-0.080810546875,-3.7557251908396947,-0.06870229007633588,-2.282442748091603,-0.10302734375,-0.98779296875,0.134521484375,-0.7175572519083969,-1.4732824427480915,0.6793893129770993
1913,1779653089.697578,-0.956787109375,0.070556640625,-0.105224609375,-3.687022900763359,0.015267175572519083,-2.1068702290076335,-0.10791015625,-0.9833984375,0.1357421875,-0.48854961832061067,-1.5648854961832062,0.6717557251908397
1914,1779653089.7095532,-0.938720703125,0.0654296875,-0.103759765625,-3.7480916030534353,0.3282442748091603,-2.1603053435114505,-0.10888671875,-0.989990234375,0.134521484375,-0.2366412213740458,-1.6259541984732824,0.6870229007633588
1915,1779653089.721545,-0.93798828125,0.075927734375,-0.08935546875,-4.0534351145038165,0.44274809160305345,-2.3587786259541983,-0.102294921875,-0.98974609375,0.127197265625,-0.08396946564885496,-1.9083969465648856,0.6641221374045801
1916,1779653089.7335277,-0.950439453125,0.067138671875,-0.080322265625,-3.801526717557252,0.29770992366412213,-2.2748091603053435,-0.11181640625,-0.970458984375,0.121337890625,-0.32061068702290074,-2.045801526717557,0.732824427480916
1917,1779653089.7455144,-0.95263671875,0.06396484375,-0.091552734375,-4.106870229007634,0.33587786259541985,-2.3282442748091605,-0.08056640625,-0.9873046875,0.13427734375,-0.44274809160305345,-1.9389312977099236,0.7022900763358778
1918,1779653089.7575276,-0.954833984375,0.069091796875,-0.084716796875,-4.190839694656488,0.2595419847328244,-2.450381679389313,-0.107666015625,-0.989501953125,0.155517578125,-0.42748091603053434,-1.8625954198473282,0.4961832061068702
1919,1779653089.769518,-0.953125,0.073486328125,-0.088623046875,-4.221374045801527,0.366412213740458,-2.5114503816793894,-0.08544921875,-0.9990234375,0.139892578125,-0.20610687022900764,-1.8549618320610688,0.549618320610687
1920,1779653089.7814972,-0.94775390625,0.06884765625,-0.088623046875,-1.9770992366412214,0.32061068702290074,-2.366412213740458,-0.10205078125,-0.986083984375,0.13623046875,-0.32061068702290074,-1.5267175572519085,0.3816793893129771
1921,1779653089.7935464,-0.963623046875,0.07080078125,-0.08154296875,-3.5877862595419847,0.17557251908396945,-2.435114503816794,-0.09619140625,-0.9873046875,0.124755859375,-0.2824427480916031,-0.9770992366412213,0.3511450381679389
1922,1779653089.8055217,-0.968505859375,0.06591796875,-0.0849609375,-3.2595419847328246,-0.12213740458015267,-2.450381679389313,-0.11279296875,-0.9912109375,0.124755859375,-0.4198473282442748,-0.9236641221374046,0.3282442748091603
1923,1779653089.817508,-0.95263671875,0.070068359375,-0.107177734375,-3.030534351145038,-0.08396946564885496,-2.3282442748091605,-0.103515625,-0.990234375,0.130126953125,-0.3969465648854962,-0.7938931297709924,0.4198473282442748
1924,1779653089.8294706,-0.968017578125,0.077392578125,-0.083984375,-2.9160305343511452,-0.07633587786259542,-2.435114503816794,-0.094970703125,-0.9716796875,0.13818359375,-0.09923664122137404,-0.7251908396946565,0.46564885496183206
1925,1779653089.8414536,-0.951171875,0.0712890625,-0.08056640625,-3.2061068702290076,-1.900763358778626,-2.50381679389313,-0.107666015625,-0.990234375,0.13916015625,-0.16793893129770993,-1.4427480916030535,0.32061068702290074
1926,1779653089.8534384,-0.953857421875,0.079345703125,-0.08544921875,-3.854961832061069,0.061068702290076333,-2.435114503816794,-0.10791015625,-0.988037109375,0.13623046875,-0.07633587786259542,-2.0839694656488548,0.5190839694656488
1927,1779653089.865364,-0.955078125,0.0712890625,-0.088134765625,-4.083969465648855,0.2824427480916031,-2.3969465648854964,-0.124267578125,-0.970947265625,0.13525390625,-0.2748091603053435,-2.2595419847328246,0.46564885496183206
1928,1779653089.8773208,-0.948486328125,0.0732421875,-0.08935546875,-3.9236641221374047,0.29770992366412213,-2.5343511450381677,-0.0947265625,-0.990234375,0.138671875,-0.31297709923664124,-1.7786259541984732,0.5343511450381679
1929,1779653089.8892558,-0.9541015625,0.0693359375,-0.0888671875,-3.7786259541984735,0.06870229007633588,-2.50381679389313,-0.094482421875,-0.985107421875,0.1328125,-0.21374045801526717,-1.7251908396946565,0.44274809160305345
1930,1779653089.901197,-0.953857421875,0.05810546875,-0.090576171875,-3.618320610687023,-0.061068702290076333,-2.5877862595419847,-0.101806640625,-0.98388671875,0.136474609375,-0.549618320610687,-1.6030534351145038,0.31297709923664124
1931,1779653089.9131217,-0.95556640625,0.0712890625,-0.08154296875,-3.7938931297709924,0.11450381679389313,-2.4656488549618323,-0.093505859375,-0.993408203125,0.138671875,-0.4122137404580153,-1.2366412213740459,0.366412213740458
1932,1779653089.9250224,-0.955322265625,0.069580078125,-0.093017578125,-3.5572519083969465,0.22900763358778625,-2.2748091603053435,-0.1025390625,-0.985595703125,0.133056640625,-0.10687022900763359,-1.1145038167938932,0.4198473282442748
1933,1779653089.93699,-0.950927734375,0.07373046875,-0.0888671875,-3.8091603053435112,0.5572519083969466,-2.3435114503816794,-0.084228515625,-0.989501953125,0.140380859375,-0.40458015267175573,-1.2442748091603053,0.5801526717557252
1934,1779653089.9489386,-0.953857421875,0.067138671875,-0.09326171875,-3.145038167938931,0.4351145038167939,-2.435114503816794,-0.0986328125,-0.98779296875,0.13818359375,-0.6946564885496184,-1.1221374045801527,0.5038167938931297
1935,1779653089.9608696,-0.95166015625,0.0703125,-0.082763671875,-3.351145038167939,0.5114503816793893,-2.2748091603053435,-0.1005859375,-0.989013671875,0.143310546875,-0.9847328244274809,-1.6641221374045803,0.6641221374045801
1936,1779653089.9728365,-0.9521484375,0.072998046875,-0.086181640625,-4.145038167938932,0.33587786259541985,-2.1755725190839694,-0.102294921875,-0.998291015625,0.140625,-1.0305343511450382,-3.0076335877862594,0.8854961832061069
1937,1779653089.9847505,-0.938232421875,0.074951171875,-0.08154296875,-5.412213740458015,0.9236641221374046,-2.4580152671755724,-0.103271484375,-0.998779296875,0.15478515625,-0.7709923664122137,-3.7480916030534353,0.8778625954198473
1938,1779653089.9967265,-0.950439453125,0.07470703125,-0.079345703125,-5.625954198473282,1.1603053435114503,-2.549618320610687,-0.095947265625,-0.985595703125,0.137939453125,-0.8854961832061069,-3.83206106870229,0.8015267175572519
1939,1779653090.008657,-0.953125,0.0703125,-0.068359375,-5.969465648854962,1.2900763358778626,-2.2748091603053435,-0.10888671875,-0.982666015625,0.12744140625,-0.7404580152671756,-4.175572519083969,0.9923664122137404
1940,1779653090.0205863,-0.939208984375,0.065673828125,-0.105712890625,-5.786259541984733,1.3435114503816794,-2.366412213740458,-0.100830078125,-0.999267578125,0.13525390625,-0.8244274809160306,-3.7022900763358777,0.9312977099236641
1941,1779653090.0325499,-0.9677734375,0.064453125,-0.107666015625,-5.511450381679389,1.1221374045801527,-2.381679389312977,-0.09716796875,-0.98876953125,0.119384765625,-0.9083969465648855,-3.2748091603053435,0.9770992366412213
1942,1779653090.0445228,-0.951416015625,0.06884765625,-0.084716796875,-5.137404580152672,1.0305343511450382,-2.3740458015267176,-0.100341796875,-0.989013671875,0.114990234375,-0.7557251908396947,-3.1603053435114505,0.8702290076335878
1943,1779653090.0564954,-0.955078125,0.074951171875,-0.07861328125,-4.900763358778626,0.8778625954198473,-2.236641221374046,-0.10693359375,-0.984619140625,0.115966796875,-0.8931297709923665,-2.7251908396946565,0.7786259541984732
1944,1779653090.0684607,-0.957763671875,0.0712890625,-0.089599609375,-4.740458015267175,0.732824427480916,-2.2519083969465647,-0.093994140625,-0.987548828125,0.1162109375,-0.5725190839694656,-2.519083969465649,0.9236641221374046
1945,1779653090.0805993,-0.951416015625,0.063232421875,-0.081298828125,-4.595419847328245,0.29770992366412213,-2.1526717557251906,-0.095947265625,-0.989990234375,0.1240234375,-0.8015267175572519,-3.900763358778626,0.7480916030534351
1946,1779653090.0925887,-0.950927734375,0.0703125,-0.092529296875,-4.106870229007634,0.007633587786259542,-2.1526717557251906,-0.09912109375,-0.989501953125,0.111328125,-0.8931297709923665,-1.6564885496183206,0.7251908396946565
1947,1779653090.1045458,-0.950439453125,0.071044921875,-0.089599609375,-3.7786259541984735,-0.21374045801526717,-2.045801526717557,-0.1025390625,-0.990966796875,0.109375,-0.6870229007633588,-1.1450381679389312,0.6641221374045801
1948,1779653090.1165035,-0.95263671875,0.075439453125,-0.08447265625,-3.66412213740458,-0.21374045801526717,-2.1908396946564888,-0.103271484375,-0.98876953125,0.127197265625,-0.3282442748091603,-1.3282442748091603,0.8091603053435115
1949,1779653090.1284611,-0.951416015625,0.07763671875,-0.090087890625,-3.480916030534351,-0.11450381679389313,-2.3053435114503817,-0.099853515625,-0.98681640625,0.126220703125,0.1450381679389313,-0.8854961832061069,0.5343511450381679
1950,1779653090.140393,-0.964599609375,0.07177734375,-0.086669921875,-3.030534351145038,-0.1984732824427481,-2.1297709923664123,-0.107666015625,-0.986572265625,0.12841796875,-0.1297709923664122,-0.7022900763358778,0.7480916030534351
1951,1779653090.1523688,-0.938720703125,0.069580078125,-0.10498046875,-3.0229007633587788,-0.366412213740458,-2.435114503816794,-0.108642578125,-0.99072265625,0.12744140625,-0.3282442748091603,-0.7633587786259542,0.5343511450381679
1952,1779653090.1643193,-0.938720703125,0.075439453125,-0.090087890625,-3.1297709923664123,-0.33587786259541985,-2.198473282442748,-0.106689453125,-0.984619140625,0.135009765625,-0.33587786259541985,-0.9847328244274809,0.46564885496183206
1953,1779653090.1762507,-0.954345703125,0.07275390625,-0.08935546875,-3.33587786259542,-0.40458015267175573,-2.4656488549618323,-0.09765625,-0.989013671875,0.138916015625,-0.16793893129770993,-1.2748091603053435,0.4732824427480916
1954,1779653090.188188,-0.938720703125,0.0703125,-0.083984375,-3.4885496183206106,-0.08396946564885496,-2.213740458015267,-0.097412109375,-0.9873046875,0.137939453125,-0.015267175572519083,-1.2595419847328244,0.6030534351145038
1955,1779653090.2001202,-0.9677734375,0.077880859375,-0.08642578125,-3.7557251908396947,0.0916030534351145,-2.213740458015267,-0.09814453125,-0.98779296875,0.132568359375,0.08396946564885496,-1.6259541984732824,0.48854961832061067
1956,1779653090.2120411,-0.954345703125,0.0732421875,-0.079345703125,-3.8473282442748094,-0.06870229007633588,-2.648854961832061,-0.100341796875,-0.969482421875,0.12060546875,-0.03816793893129771,-1.3129770992366412,0.5954198473282443
1957,1779653090.2240143,-0.954833984375,0.068115234375,-0.0888671875,-3.5877862595419847,-0.21374045801526717,-2.549618320610687,-0.1162109375,-1.0,0.119384765625,-0.09923664122137404,-1.2290076335877862,0.45038167938931295
1958,1779653090.2359648,-0.948974609375,0.0693359375,-0.086181640625,-3.1755725190839694,-0.2748091603053435,-2.4427480916030535,-0.0986328125,-0.985107421875,0.130126953125,-0.19083969465648856,-1.1603053435114503,0.4198473282442748
1959,1779653090.2479455,-0.952880859375,0.07275390625,-0.096923828125,-3.3587786259541983,-0.33587786259541985,-2.4885496183206106,-0.106201171875,-0.970703125,0.126708984375,-0.015267175572519083,-1.1297709923664123,0.3435114503816794
1960,1779653090.2599442,-0.95703125,0.07080078125,-0.082763671875,-3.267175572519084,-0.21374045801526717,-2.4122137404580153,-0.09716796875,-0.990234375,0.13671875,0.16793893129770993,-1.1297709923664123,0.46564885496183206
1961,1779653090.271926,-0.95361328125,0.0732421875,-0.09033203125,-3.2061068702290076,-0.16793893129770993,-2.5801526717557253,-0.100830078125,-0.985595703125,0.124755859375,-1.9389312977099236,-0.9770992366412213,0.40458015267175573
1962,1779653090.2839282,-0.955078125,0.07080078125,-0.09130859375,-2.816793893129771,-0.3893129770992366,-2.198473282442748,-0.103271484375,-0.98876953125,0.12841796875,0.12213740458015267,-0.8931297709923665,0.2824427480916031
1963,1779653090.2959712,-0.9677734375,0.069091796875,-0.08837890625,-2.877862595419847,-0.1450381679389313,-2.427480916030534,-0.095947265625,-0.986328125,0.12451171875,0.10687022900763359,-0.7862595419847328,0.40458015267175573
1964,1779653090.3079286,-0.949951171875,0.069091796875,-0.089111328125,-3.0229007633587788,-0.4198473282442748,-2.633587786259542,-0.10498046875,-0.98681640625,0.110595703125,0.07633587786259542,-0.816793893129771,0.3816793893129771
1965,1779653090.3199239,-0.95751953125,0.073486328125,-0.087646484375,-3.1908396946564888,-0.48091603053435117,-2.4885496183206106,-0.0966796875,-0.9873046875,0.135986328125,-0.08396946564885496,-0.9770992366412213,0.2824427480916031
1966,1779653090.3319387,-0.96875,0.0703125,-0.0888671875,-3.198473282442748,-0.5038167938931297,-2.50381679389313,-0.105712890625,-0.9697265625,0.128662109375,-0.17557251908396945,-1.2442748091603053,0.4580152671755725
1967,1779653090.3439066,-0.952392578125,0.072998046875,-0.093017578125,-3.267175572519084,-0.1984732824427481,-2.633587786259542,-0.095947265625,-0.98876953125,0.132568359375,0.16030534351145037,-1.0610687022900764,0.31297709923664124
1968,1779653090.3559313,-0.95458984375,0.07080078125,-0.087890625,-3.122137404580153,-0.3053435114503817,-2.4198473282442747,-0.08935546875,-0.980712890625,0.126708984375,0.015267175572519083,-0.8625954198473282,0.2900763358778626
1969,1779653090.3679562,-0.951904296875,0.071044921875,-0.091064453125,-2.8244274809160306,-0.4580152671755725,-2.480916030534351,-0.100341796875,-0.9892578125,0.129638671875,-0.05343511450381679,-0.6793893129770993,0.17557251908396945
1970,1779653090.3799403,-0.947021484375,0.06884765625,-0.08740234375,-3.145038167938931,-0.31297709923664124,-2.519083969465649,-0.108642578125,-0.988037109375,0.1337890625,-0.007633587786259542,-0.8091603053435115,0.3053435114503817
1971,1779653090.3919823,-0.956298828125,0.066162109375,-0.082275390625,-3.015267175572519,-0.44274809160305345,-2.4580152671755724,-0.09814453125,-0.98583984375,0.1396484375,1.9312977099236641,-0.8473282442748091,0.2900763358778626
1972,1779653090.4039555,-0.952392578125,0.0703125,-0.08349609375,-3.2519083969465647,-0.1297709923664122,-2.4656488549618323,-0.086669921875,-0.986083984375,0.126708984375,0.007633587786259542,-1.2213740458015268,0.22137404580152673
1973,1779653090.415959,-0.954833984375,0.068359375,-0.08935546875,-3.3206106870229006,-0.19083969465648856,-2.3206106870229006,-0.0966796875,-0.979248046875,0.1279296875,-0.05343511450381679,-1.2748091603053435,0.549618320610687
1974,1779653090.4279218,-0.953857421875,0.069091796875,-0.0859375,-3.480916030534351,-0.1297709923664122,-2.519083969465649,-0.103759765625,-0.98681640625,0.1318359375,-0.1984732824427481,-1.1450381679389312,0.5572519083969466
1975,1779653090.4399161,-0.9638671875,0.072509765625,-0.088623046875,-3.2519083969465647,-0.33587786259541985,-2.3969465648854964,-0.092529296875,-0.98681640625,0.1337890625,-0.07633587786259542,-1.2290076335877862,0.648854961832061
1976,1779653090.4519484,-0.9521484375,0.07177734375,-0.082763671875,-3.5572519083969465,-0.183206106870229,-2.3435114503816794,-0.098876953125,-0.981201171875,0.139892578125,-0.1984732824427481,-1.251908396946565,0.5190839694656488
1977,1779653090.4639745,-0.95068359375,0.075439453125,-0.092041015625,-3.595419847328244,-0.06870229007633588,-2.404580152671756,-0.1005859375,-0.987060546875,0.139892578125,-0.04580152671755725,-1.4885496183206106,0.6564885496183206
1978,1779653090.4759603,-0.955322265625,0.07080078125,-0.085693359375,-3.687022900763359,-1.9083969465648856,-2.33587786259542,-0.096435546875,-0.979736328125,0.13232421875,-0.13740458015267176,-1.5038167938931297,0.5038167938931297
1979,1779653090.4879365,-0.95947265625,0.074462890625,-0.08349609375,-3.717557251908397,-0.12213740458015267,-2.2977099236641223,-0.095947265625,-0.990234375,0.13427734375,-0.06870229007633588,-1.450381679389313,0.5648854961832062
1980,1779653090.499969,-0.93896484375,0.07275390625,-0.090576171875,-3.66412213740458,-0.05343511450381679,-2.236641221374046,-0.09765625,-0.98486328125,0.1259765625,-1.9389312977099236,-1.2671755725190839,0.7175572519083969
1981,1779653090.512165,-0.955322265625,0.072021484375,-0.09130859375,-3.3969465648854964,-0.11450381679389313,-2.16793893129771,-0.09912109375,-0.989013671875,0.1298828125,-0.16030534351145037,-1.3511450381679388,0.5877862595419847
1982,1779653090.5241373,-0.950927734375,0.0654296875,-0.087890625,-3.404580152671756,-0.10687022900763359,-2.236641221374046,-0.096923828125,-0.9853515625,0.140869140625,-1.9312977099236641,-1.2061068702290076,0.8320610687022901
1983,1779653090.5360732,-0.952392578125,0.0732421875,-0.080078125,-3.2595419847328246,0.12213740458015267,-2.1526717557251906,-0.103759765625,-0.978759765625,0.131591796875,-0.19083969465648856,-1.2290076335877862,0.5954198473282443
1984,1779653090.5480492,-0.949462890625,0.066650390625,-0.088134765625,-3.236641221374046,1.9465648854961832,-2.183206106870229,-0.095458984375,-0.97265625,0.1435546875,-0.015267175572519083,-1.1450381679389312,0.6564885496183206
1985,1779653090.5600393,-0.948486328125,0.071533203125,-0.0927734375,-3.381679389312977,-0.1297709923664122,-2.2977099236641223,-0.10009765625,-0.9892578125,0.13330078125,-0.26717557251908397,-1.3740458015267176,0.5954198473282443
1986,1779653090.572054,-0.9541015625,0.0703125,-0.08349609375,-3.6106870229007635,-0.05343511450381679,-2.236641221374046,-0.08203125,-0.991455078125,0.130126953125,-0.3053435114503817,-1.6106870229007633,0.8702290076335878
1987,1779653090.584122,-0.9541015625,0.068115234375,-0.08056640625,-3.5572519083969465,-0.015267175572519083,-2.0916030534351147,-0.091552734375,-0.98974609375,0.133544921875,-0.2366412213740458,-1.0,0.7786259541984732
1988,1779653090.596591,-0.95849609375,0.06298828125,-0.08984375,-3.450381679389313,-0.17557251908396945,-2.0076335877862594,-0.105712890625,-0.985595703125,0.12744140625,-0.29770992366412213,-1.0916030534351144,0.6793893129770993
1989,1779653090.608556,-0.952392578125,0.072021484375,-0.082763671875,-3.351145038167939,0.061068702290076333,-2.0229007633587788,-0.10693359375,-0.989013671875,0.128173828125,-0.19083969465648856,-1.2366412213740459,0.8320610687022901
1990,1779653090.6205633,-0.9501953125,0.071044921875,-0.0830078125,-3.519083969465649,0.11450381679389313,-2.114503816793893,-0.09765625,-0.988037109375,0.1376953125,-0.183206106870229,-1.297709923664122,0.6717557251908397
1991,1779653090.6325414,-0.955322265625,0.071044921875,-0.0947265625,-3.6259541984732824,0.1297709923664122,-2.1908396946564888,-0.098388671875,-0.990234375,0.127197265625,-0.16793893129770993,-1.4961832061068703,0.7938931297709924
1992,1779653090.6445389,-0.9560546875,0.064208984375,-0.09521484375,-3.7480916030534353,0.08396946564885496,-2.1374045801526718,-0.10693359375,-0.984130859375,0.137939453125,-0.29770992366412213,-1.6488549618320612,0.6793893129770993
1993,1779653090.6565423,-0.93798828125,0.0732421875,-0.08984375,-3.9236641221374047,0.15267175572519084,-2.122137404580153,-0.110595703125,-0.98486328125,0.134033203125,-0.2366412213740458,-1.7328244274809161,0.6641221374045801
1994,1779653090.6685505,-0.967041015625,0.075439453125,-0.087646484375,-4.00763358778626,0.22137404580152673,-2.3893129770992365,-0.101806640625,-0.982177734375,0.13330078125,-0.3282442748091603,-0.07633587786259542,0.7938931297709924
1995,1779653090.6805377,-0.952880859375,0.072021484375,-0.09326171875,-4.00763358778626,0.15267175572519084,-2.2595419847328246,-0.097900390625,-0.984619140625,0.131591796875,-0.20610687022900764,-0.05343511450381679,0.8473282442748091
1996,1779653090.6925037,-0.939697265625,0.070068359375,-0.08056640625,-5.786259541984733,0.19083969465648856,-2.1526717557251906,-0.092041015625,-0.98828125,0.138671875,-0.4732824427480916,-1.4580152671755726,0.6106870229007634
1997,1779653090.7045383,-0.9541015625,0.072265625,-0.0927734375,-3.519083969465649,-0.06870229007633588,-2.2442748091603053,-0.096923828125,-0.990234375,0.128173828125,-0.3282442748091603,-1.213740458015267,0.5725190839694656
1998,1779653090.716539,-0.951904296875,0.0673828125,-0.087158203125,-3.282442748091603,0.007633587786259542,-2.2061068702290076,-0.10498046875,-0.989501953125,0.114013671875,-0.1984732824427481,-1.1526717557251909,0.6412213740458015
1999,1779653090.728552,-0.95556640625,0.0654296875,-0.087890625,-3.1603053435114505,0.22900763358778625,-2.312977099236641,-0.096923828125,-0.9853515625,0.134521484375,-0.04580152671755725,-1.282442748091603,0.6335877862595419
2000,1779653090.74055,-0.955322265625,0.06591796875,-0.083251953125,-3.404580152671756,0.1450381679389313,-2.267175572519084,-0.096923828125,-0.980712890625,0.131591796875,-0.04580152671755725,-1.4961832061068703,0.5954198473282443
2001,1779653090.752695,-0.964599609375,0.07421875,-0.091796875,-3.83206106870229,0.12213740458015267,-2.4656488549618323,-0.102294921875,-0.9853515625,0.111328125,-0.17557251908396945,-1.5648854961832062,0.6335877862595419
2002,1779653090.7647476,-0.952880859375,0.0712890625,-0.0888671875,-3.687022900763359,-0.1450381679389313,-2.198473282442748,-0.09765625,-0.971435546875,0.138916015625,-0.4122137404580153,-1.3969465648854962,0.5877862595419847
2003,1779653090.7766907,-0.939208984375,0.070068359375,-0.09033203125,-3.381679389312977,-0.24427480916030533,-2.33587786259542,-0.103759765625,-0.999267578125,0.146240234375,-0.4198473282442748,-1.0763358778625953,0.5572519083969466
2004,1779653090.7886453,-0.955322265625,0.07080078125,-0.0888671875,-3.3740458015267176,-0.22900763358778625,-2.267175572519084,-0.107421875,-0.998779296875,0.13232421875,-0.3435114503816794,-1.0229007633587786,0.5114503816793893
2005,1779653090.800621,-0.955810546875,0.06787109375,-0.082763671875,-3.198473282442748,-0.0916030534351145,-2.213740458015267,-0.106689453125,-0.97998046875,0.13671875,-0.183206106870229,-1.099236641221374,0.5190839694656488
2006,1779653090.8126218,-0.951171875,0.07080078125,-0.091064453125,-3.3740458015267176,0.04580152671755725,-2.2595419847328246,-0.111083984375,-0.985595703125,0.13427734375,-0.15267175572519084,-1.2061068702290076,0.48091603053435117
2007,1779653090.82458,-0.946044921875,0.073486328125,-0.085205078125,-3.381679389312977,0.32061068702290074,-2.4122137404580153,-0.10888671875,-0.981689453125,0.125732421875,0.19083969465648856,-1.16793893129771,0.4961832061068702
2008,1779653090.8365095,-0.947265625,0.07275390625,-0.08447265625,-3.549618320610687,0.32061068702290074,-2.450381679389313,-0.100341796875,-1.0,0.120849609375,0.06870229007633588,-1.4580152671755726,0.5877862595419847
2009,1779653090.8485599,-0.951416015625,0.0703125,-0.090087890625,-3.6412213740458017,0.3969465648854962,-2.450381679389313,-0.10107421875,-0.99072265625,0.139404296875,0.13740458015267176,-1.5190839694656488,0.45038167938931295
2010,1779653090.860541,-0.953857421875,0.072021484375,-0.09521484375,-3.7480916030534353,0.1450381679389313,-2.3435114503816794,-0.09375,-0.990234375,0.12841796875,-0.1984732824427481,-1.6564885496183206,0.5572519083969466
2011,1779653090.8725376,-0.93896484375,0.075927734375,-0.08935546875,-3.618320610687023,-0.16793893129770993,-2.2519083969465647,-0.0927734375,-0.997314453125,0.109619140625,-0.31297709923664124,-1.16793893129771,0.366412213740458
2012,1779653090.8845465,-0.960693359375,0.065185546875,-0.078369140625,-3.282442748091603,-0.40458015267175573,-2.312977099236641,-0.095458984375,-0.992431640625,0.1123046875,-0.366412213740458,-0.7633587786259542,0.5648854961832062
2013,1779653090.896579,-0.9404296875,0.072021484375,-0.078369140625,-2.8625954198473282,-0.44274809160305345,-0.06870229007633588,-0.103515625,-0.991455078125,0.126953125,-0.3511450381679389,-0.32061068702290074,0.44274809160305345
2014,1779653090.90856,-0.953857421875,0.073486328125,-0.073974609375,-2.816793893129771,-0.31297709923664124,-2.1297709923664123,-0.10205078125,-0.989501953125,0.13623046875,1.9236641221374047,-0.2900763358778626,0.4961832061068702
2015,1779653090.920549,-0.9599609375,0.07470703125,-0.087890625,-2.648854961832061,-0.09923664122137404,-2.351145038167939,-0.097900390625,-0.994140625,0.1259765625,0.22137404580152673,-0.44274809160305345,0.40458015267175573
2016,1779653090.9325433,-0.955810546875,0.067138671875,-0.08837890625,-2.4122137404580153,-1.9465648854961832,-2.3206106870229006,-0.106689453125,-0.9921875,0.131591796875,0.20610687022900764,-0.40458015267175573,0.3435114503816794
2017,1779653090.9447496,-0.95068359375,0.07373046875,-0.09423828125,-2.6564885496183206,-0.3511450381679389,-2.267175572519084,-0.09619140625,-0.986328125,0.12646484375,0.061068702290076333,-0.7404580152671756,0.5572519083969466
2018,1779653090.9567375,-0.96875,0.073974609375,-0.08935546875,-2.8625954198473282,-0.2748091603053435,-2.3282442748091605,-0.096435546875,-0.986328125,0.13916015625,-0.22137404580152673,-1.3129770992366412,0.5114503816793893
2019,1779653090.9686768,-0.951416015625,0.073486328125,-0.08935546875,-3.648854961832061,-0.0916030534351145,-2.2977099236641223,-0.093017578125,-0.984130859375,0.13525390625,-1.9236641221374047,-1.8778625954198473,0.5267175572519084
2020,1779653090.9806285,-0.9384765625,0.06884765625,-0.088134765625,-3.8625954198473282,0.06870229007633588,-2.3053435114503817,-0.101806640625,-0.9873046875,0.139404296875,-0.183206106870229,-2.16793893129771,0.5648854961832062
2021,1779653090.992577,-0.9560546875,0.072265625,-0.08251953125,-4.183206106870229,0.2748091603053435,-2.5572519083969465,-0.096923828125,-0.989990234375,0.140869140625,-0.03816793893129771,-2.053435114503817,0.6030534351145038
2022,1779653091.004559,-0.95361328125,0.064697265625,-0.078857421875,-3.954198473282443,0.2824427480916031,-2.5114503816793894,-0.09228515625,-0.98828125,0.13623046875,-0.09923664122137404,-3.801526717557252,0.44274809160305345
2023,1779653091.0165772,-0.951416015625,0.07421875,-0.0830078125,-3.6564885496183206,0.0,-2.3206106870229006,-0.123291015625,-0.989501953125,0.12890625,-0.1450381679389313,-1.549618320610687,0.46564885496183206
