sample,time,s1_ax,s1_ay,s1_az,s1_gx,s1_gy,s1_gz,s2_ax,s2_ay,s2_az,s2_gx,s2_gy,s2_gz
1,1779652915.2882922,0.0986328125,0.9736328125,-0.2900390625,-3.6564885496183206,-0.08396946564885496,-2.3206106870229006,-0.9501953125,0.133544921875,-0.13330078125,-0.1297709923664122,-1.3740458015267176,0.6641221374045801
2,1779652915.2997456,0.1064453125,0.975341796875,-0.2841796875,-3.7786259541984735,0.05343511450381679,-2.3053435114503817,-0.951416015625,0.14306640625,-0.135498046875,-0.2366412213740458,-1.3893129770992367,0.732824427480916
3,1779652915.3108304,0.104248046875,0.976806640625,-0.294677734375,-3.572519083969466,0.16793893129770993,-2.2519083969465647,-0.9580078125,0.136474609375,-0.1298828125,-0.25190839694656486,-1.2748091603053435,0.5725190839694656
4,1779652915.3218896,0.096435546875,0.977294921875,-0.2666015625,-3.6717557251908395,0.0916030534351145,-2.030534351145038,-0.94384765625,0.13818359375,-0.1328125,-0.2900763358778626,-1.4045801526717556,0.6259541984732825
5,1779652915.3330238,0.10009765625,0.970458984375,-0.2880859375,-3.66412213740458,-0.22900763358778625,-2.33587786259542,-0.9482421875,0.1357421875,-0.1337890625,-0.2366412213740458,-1.3511450381679388,0.6259541984732825
6,1779652915.3441267,0.095458984375,0.978271484375,-0.280029296875,-3.5267175572519083,0.16793893129770993,-2.3969465648854964,-0.956787109375,0.13720703125,-0.132080078125,-0.366412213740458,-1.3358778625954197,0.6106870229007634
7,1779652915.35523,0.098388671875,0.9736328125,-0.281494140625,-3.480916030534351,-0.061068702290076333,-2.2595419847328246,-0.966796875,0.135009765625,-0.146240234375,-0.37404580152671757,-1.4580152671755726,0.6412213740458015
8,1779652915.3662915,0.09765625,0.974365234375,-0.29052734375,-3.6412213740458017,0.12213740458015267,-2.3587786259541983,-0.9560546875,0.1337890625,-0.13623046875,-0.366412213740458,-1.4045801526717556,0.6564885496183206
9,1779652915.3773634,0.09228515625,0.955078125,-0.28662109375,-3.564885496183206,0.022900763358778626,-2.3206106870229006,-0.95068359375,0.142333984375,-0.118896484375,-0.2748091603053435,-1.4122137404580153,0.7022900763358778
10,1779652915.3884506,0.0986328125,0.979248046875,-0.29296875,-3.6793893129770994,-0.04580152671755725,-2.3206106870229006,-0.949462890625,0.13525390625,-0.131103515625,-0.16793893129770993,-1.3206106870229009,0.5419847328244275
11,1779652915.3995247,0.097900390625,0.971923828125,-0.289794921875,-3.5267175572519083,0.0916030534351145,-2.33587786259542,-0.961181640625,0.13916015625,-0.13134765625,-0.21374045801526717,-1.3511450381679388,0.6030534351145038
12,1779652915.4106023,0.09912109375,0.9775390625,-0.28662109375,-3.49618320610687,0.16793893129770993,-2.351145038167939,-0.93896484375,0.1484375,-0.13427734375,-0.3053435114503817,-1.4961832061068703,0.5725190839694656
13,1779652915.42167,0.1064453125,0.97705078125,-0.283447265625,-3.5877862595419847,0.1984732824427481,-2.33587786259542,-0.96142578125,0.139404296875,-0.1328125,-0.46564885496183206,-1.3435114503816794,0.5190839694656488
14,1779652915.4327633,0.097900390625,0.973876953125,-0.2919921875,-3.3893129770992365,-1.9465648854961832,-2.068702290076336,-0.951171875,0.13427734375,-0.137939453125,-0.33587786259541985,-1.366412213740458,0.5877862595419847
15,1779652915.443859,0.089111328125,0.97802734375,-0.290283203125,-3.435114503816794,0.17557251908396945,-2.2595419847328246,-0.965576171875,0.139892578125,-0.129150390625,-0.35877862595419846,-1.297709923664122,0.7404580152671756
16,1779652915.454945,0.091796875,0.982177734375,-0.28125,-3.595419847328244,-1.9236641221374047,-2.49618320610687,-0.967041015625,0.1474609375,-0.1396484375,-0.2824427480916031,-1.5114503816793894,0.5343511450381679
17,1779652915.4660418,0.097900390625,0.973876953125,-0.2822265625,-3.5114503816793894,-1.9312977099236641,-2.4656488549618323,-0.9443359375,0.1328125,-0.1298828125,-0.15267175572519084,-1.1908396946564885,0.8015267175572519
18,1779652915.4771144,0.078125,0.9755859375,-0.286865234375,-3.6564885496183206,0.09923664122137404,-2.2595419847328246,-0.960205078125,0.12939453125,-0.1259765625,-0.19083969465648856,-1.465648854961832,0.6335877862595419
19,1779652915.488179,0.095947265625,0.975830078125,-0.279296875,-3.618320610687023,0.007633587786259542,-2.3053435114503817,-0.952392578125,0.1298828125,-0.1376953125,-0.19083969465648856,-1.618320610687023,0.6564885496183206
20,1779652915.4992347,0.0947265625,0.972412109375,-0.296142578125,-3.564885496183206,0.08396946564885496,-2.351145038167939,-0.947021484375,0.137451171875,-0.138671875,-0.20610687022900764,-1.3969465648854962,0.6717557251908397
21,1779652915.5103023,0.099853515625,0.973388671875,-0.287109375,-3.7480916030534353,0.06870229007633588,-2.3435114503816794,-0.956298828125,0.13818359375,-0.134521484375,-0.22137404580152673,-1.3969465648854962,0.7633587786259542
22,1779652915.521373,0.0927734375,0.972412109375,-0.291015625,-3.66412213740458,0.09923664122137404,-2.4656488549618323,-0.95166015625,0.1337890625,-0.12744140625,-0.1984732824427481,-1.1603053435114503,0.6106870229007634
23,1779652915.5324218,0.09423828125,0.975341796875,-0.27880859375,-3.66412213740458,-0.061068702290076333,-2.6030534351145036,-0.95556640625,0.13916015625,-0.13232421875,-0.1984732824427481,-1.213740458015267,0.5725190839694656
24,1779652915.5435107,0.093994140625,0.9765625,-0.28564453125,-3.6106870229007635,0.11450381679389313,-2.267175572519084,-0.94384765625,0.130615234375,-0.13037109375,-0.2900763358778626,-1.3587786259541985,0.6106870229007634
25,1779652915.5546174,0.105224609375,0.977783203125,-0.28564453125,-3.3435114503816794,0.1297709923664122,-2.33587786259542,-0.953857421875,0.135986328125,-0.1357421875,-0.2748091603053435,-1.3511450381679388,0.6870229007633588
26,1779652915.5656896,0.0947265625,0.9755859375,-0.281982421875,-3.572519083969466,0.08396946564885496,-2.2290076335877864,-0.94091796875,0.15283203125,-0.135498046875,-0.25190839694656486,-1.381679389312977,0.5725190839694656
27,1779652915.5767663,0.093017578125,0.9765625,-0.281982421875,-3.427480916030534,0.29770992366412213,-2.4122137404580153,-0.9619140625,0.1376953125,-0.12939453125,-0.2748091603053435,-1.3358778625954197,0.5801526717557252
28,1779652915.5882835,0.09619140625,0.97607421875,-0.28369140625,-3.5343511450381677,0.13740458015267176,-2.0610687022900764,-0.95556640625,0.137451171875,-0.1357421875,-0.22900763358778625,-1.5114503816793894,0.6641221374045801
29,1779652915.5994096,0.095947265625,0.980224609375,-0.29248046875,-3.564885496183206,0.015267175572519083,-2.381679389312977,-0.95703125,0.1376953125,-0.15478515625,-0.24427480916030533,-1.4809160305343512,0.5572519083969466
30,1779652915.6104884,0.086181640625,0.97998046875,-0.287841796875,-3.5267175572519083,0.1450381679389313,-2.3053435114503817,-0.953125,0.13623046875,-0.131103515625,-0.3511450381679389,-1.2671755725190839,0.7022900763358778
31,1779652915.6215572,0.094970703125,0.972412109375,-0.284912109375,-3.5877862595419847,1.8931297709923665,-2.312977099236641,-0.957275390625,0.13134765625,-0.126708984375,-0.2748091603053435,-1.4885496183206106,0.6259541984732825
32,1779652915.6326249,0.0966796875,0.97314453125,-0.286376953125,-3.50381679389313,-0.015267175572519083,-2.3587786259541983,-0.946533203125,0.135498046875,-0.12841796875,-0.20610687022900764,-1.4274809160305344,0.6335877862595419
33,1779652915.6437316,0.09716796875,0.97509765625,-0.267578125,-3.8091603053435112,0.15267175572519084,-2.236641221374046,-0.952880859375,0.134033203125,-0.134521484375,-0.22137404580152673,-1.381679389312977,0.48091603053435117
34,1779652915.6548102,0.096435546875,0.983154296875,-0.296875,-3.6106870229007635,0.09923664122137404,-2.236641221374046,-0.958251953125,0.126220703125,-0.1318359375,-0.183206106870229,-1.4732824427480915,0.6946564885496184
35,1779652915.665874,0.096435546875,0.9765625,-0.280029296875,-3.549618320610687,-1.8778625954198473,-2.435114503816794,-0.956787109375,0.1435546875,-0.134521484375,-0.29770992366412213,-1.465648854961832,0.7175572519083969
36,1779652915.6769812,0.094970703125,0.98193359375,-0.284912109375,-3.5114503816793894,0.13740458015267176,-2.381679389312977,-0.952392578125,0.134765625,-0.135009765625,-0.11450381679389313,-1.3435114503816794,0.7022900763358778
37,1779652915.688322,0.095947265625,0.976318359375,-0.294921875,-3.801526717557252,0.1984732824427481,-2.2748091603053435,-0.956298828125,0.1376953125,-0.12939453125,-0.1984732824427481,-1.4809160305343512,0.44274809160305345
38,1779652915.6994271,0.096923828125,0.9775390625,-0.28369140625,-3.6946564885496183,-1.9236641221374047,-2.183206106870229,-0.9501953125,0.14013671875,-0.13720703125,-0.26717557251908397,-1.2900763358778626,0.7022900763358778
39,1779652915.7104998,0.098388671875,0.9765625,-0.28955078125,-3.572519083969466,1.9389312977099236,-2.2290076335877864,-0.957275390625,0.1328125,-0.134033203125,-0.33587786259541985,-1.3511450381679388,0.7557251908396947
40,1779652915.7215652,0.095703125,0.97705078125,-0.284912109375,-3.519083969465649,-0.19083969465648856,-2.4122137404580153,-0.952880859375,0.13720703125,-0.134521484375,-0.21374045801526717,-1.4274809160305344,0.5725190839694656
41,1779652915.7326407,0.07861328125,0.9736328125,-0.288818359375,-3.6793893129770994,0.16030534351145037,-2.549618320610687,-0.95849609375,0.1396484375,-0.128662109375,-0.33587786259541985,-1.297709923664122,0.5190839694656488
42,1779652915.7437208,0.098388671875,0.9794921875,-0.28466796875,-3.5419847328244276,0.1297709923664122,-2.0381679389312977,-0.9677734375,0.14306640625,-0.137451171875,-0.26717557251908397,-1.3740458015267176,0.6183206106870229
43,1779652915.7547946,0.0947265625,0.976806640625,-0.281494140625,-3.595419847328244,0.07633587786259542,-2.4732824427480917,-0.958984375,0.140380859375,-0.138671875,-0.16793893129770993,-1.465648854961832,0.549618320610687
44,1779652915.7658699,0.091064453125,0.97607421875,-0.286376953125,-3.5267175572519083,0.03816793893129771,-2.145038167938931,-0.9560546875,0.146240234375,-0.12890625,-0.0916030534351145,-1.4885496183206106,0.6030534351145038
45,1779652915.7769647,0.10009765625,0.97998046875,-0.283935546875,-3.572519083969466,-1.9236641221374047,-2.4732824427480917,-0.9580078125,0.13671875,-0.126953125,-0.1450381679389313,-1.4580152671755726,0.6870229007633588
46,1779652915.788074,0.09912109375,0.97265625,-0.2890625,-3.6793893129770994,0.11450381679389313,-2.4122137404580153,-0.9501953125,0.135498046875,-0.12939453125,-0.17557251908396945,-1.3587786259541985,0.5801526717557252
47,1779652915.7991602,0.094970703125,0.977783203125,-0.28271484375,-3.6030534351145036,1.8473282442748091,-2.236641221374046,-0.951904296875,0.1337890625,-0.135986328125,-0.29770992366412213,-1.3358778625954197,0.44274809160305345
48,1779652915.8102572,0.09326171875,0.972900390625,-0.28857421875,-3.4885496183206106,0.061068702290076333,-2.3206106870229006,-0.94970703125,0.1357421875,-0.125244140625,-0.3435114503816794,-1.3893129770992367,0.4961832061068702
49,1779652915.8213391,0.099853515625,0.97314453125,-0.274658203125,-3.564885496183206,0.26717557251908397,-2.3435114503816794,-0.95263671875,0.132080078125,-0.12548828125,-0.19083969465648856,-1.4274809160305344,0.46564885496183206
50,1779652915.8324218,0.098388671875,0.97021484375,-0.28173828125,-3.7786259541984735,-0.11450381679389313,-2.480916030534351,-0.9521484375,0.138671875,-0.12939453125,-0.1450381679389313,-1.282442748091603,0.48091603053435117
51,1779652915.8435078,0.080322265625,0.98046875,-0.28173828125,-3.480916030534351,-0.06870229007633588,-2.351145038167939,-0.955810546875,0.138671875,-0.136962890625,-0.20610687022900764,-1.5114503816793894,0.5343511450381679
52,1779652915.8545732,0.10888671875,0.978515625,-0.281494140625,-3.633587786259542,0.16793893129770993,-2.3053435114503817,-0.95849609375,0.135009765625,-0.131591796875,-0.3969465648854962,-1.4122137404580153,0.5877862595419847
53,1779652915.8656437,0.09423828125,0.971923828125,-0.2841796875,-3.633587786259542,0.07633587786259542,-2.381679389312977,-0.9599609375,0.1337890625,-0.12744140625,-0.15267175572519084,-1.3358778625954197,0.5725190839694656
54,1779652915.876697,0.09716796875,0.9814453125,-0.28857421875,-3.5801526717557253,0.15267175572519084,-2.2290076335877864,-0.957763671875,0.1416015625,-0.130859375,-0.22900763358778625,-1.4961832061068703,0.5877862595419847
55,1779652915.8877525,0.095458984375,0.976318359375,-0.28662109375,-3.7022900763358777,-0.08396946564885496,-2.366412213740458,-0.961669921875,0.131103515625,-0.1279296875,-0.366412213740458,-1.4732824427480915,0.6106870229007634
56,1779652915.8988175,0.095947265625,0.97119140625,-0.287109375,-3.6030534351145036,-1.9541984732824427,-2.3587786259541983,-0.960693359375,0.12841796875,-0.129638671875,-0.1297709923664122,-1.4274809160305344,0.6641221374045801
57,1779652915.9098759,0.095947265625,0.975341796875,-0.276123046875,-3.6412213740458017,-0.007633587786259542,-2.2442748091603053,-0.964599609375,0.135009765625,-0.1328125,-0.16030534351145037,-1.3893129770992367,0.5725190839694656
58,1779652915.9209557,0.078857421875,0.971435546875,-0.27490234375,-3.4580152671755724,-0.04580152671755725,-2.2442748091603053,-0.949462890625,0.13818359375,-0.135986328125,-0.31297709923664124,-1.3282442748091603,0.5572519083969466
59,1779652915.9320152,0.0966796875,0.97607421875,-0.292724609375,-3.5343511450381677,0.06870229007633588,-2.267175572519084,-0.95556640625,0.14013671875,-0.141357421875,-0.2748091603053435,-1.3206106870229009,0.5648854961832062
60,1779652915.943078,0.099365234375,0.97607421875,-0.28173828125,-3.5801526717557253,0.015267175572519083,-2.4198473282442747,-0.960693359375,0.13916015625,-0.13623046875,-0.24427480916030533,-1.251908396946565,0.6564885496183206
61,1779652915.9541383,0.0986328125,0.974609375,-0.282470703125,-3.6793893129770994,-0.03816793893129771,-2.4122137404580153,-0.956787109375,0.136474609375,-0.1279296875,-0.2595419847328244,-1.282442748091603,0.5190839694656488
62,1779652915.9652183,0.093994140625,0.97607421875,-0.281494140625,-3.4656488549618323,0.06870229007633588,-2.3893129770992365,-0.947509765625,0.137939453125,-0.125,-0.183206106870229,-1.5648854961832062,0.6412213740458015
63,1779652915.976299,0.09326171875,0.97998046875,-0.268798828125,-3.5267175572519083,0.1297709923664122,-2.4885496183206106,-0.9462890625,0.13720703125,-0.13427734375,-0.15267175572519084,-1.2900763358778626,0.5572519083969466
64,1779652915.9873798,0.108642578125,0.979736328125,-0.287109375,-3.7557251908396947,0.10687022900763359,-2.16793893129771,-0.954345703125,0.141357421875,-0.13232421875,-0.24427480916030533,-1.2900763358778626,0.6641221374045801
65,1779652915.998456,0.095947265625,0.97412109375,-0.2919921875,-3.5572519083969465,0.24427480916030533,-2.435114503816794,-0.9443359375,0.138916015625,-0.13037109375,-0.25190839694656486,-1.4580152671755726,0.5114503816793893
66,1779652916.0095088,0.0966796875,0.980712890625,-0.28515625,-3.618320610687023,0.09923664122137404,-2.1603053435114505,-0.960205078125,0.136474609375,-0.139404296875,-0.21374045801526717,-1.4885496183206106,0.5877862595419847
67,1779652916.0205648,0.087646484375,0.980224609375,-0.278076171875,-3.572519083969466,0.2748091603053435,-2.1374045801526718,-0.955322265625,0.13818359375,-0.13134765625,-0.24427480916030533,-1.2748091603053435,0.5114503816793893
68,1779652916.031618,0.100341796875,0.9755859375,-0.28759765625,-3.5877862595419847,-0.05343511450381679,-2.381679389312977,-0.9599609375,0.133056640625,-0.139404296875,-0.2595419847328244,-1.3893129770992367,0.5801526717557252
69,1779652916.0427077,0.092529296875,0.97119140625,-0.2900390625,-3.480916030534351,0.21374045801526717,-2.2977099236641223,-0.951904296875,0.138916015625,-0.12890625,-0.24427480916030533,-1.297709923664122,0.5725190839694656
70,1779652916.053784,0.098876953125,0.968994140625,-0.28564453125,-3.6717557251908395,0.0,-2.33587786259542,-0.95654296875,0.13623046875,-0.137451171875,-0.06870229007633588,-1.297709923664122,0.4961832061068702
71,1779652916.0648832,0.096435546875,0.978759765625,-0.284423828125,-3.5114503816793894,0.05343511450381679,-2.2748091603053435,-0.963623046875,0.131103515625,-0.127197265625,-0.3816793893129771,-1.3129770992366412,0.7633587786259542
72,1779652916.0759575,0.099609375,0.974609375,-0.28125,-3.618320610687023,-0.08396946564885496,-2.236641221374046,-0.960693359375,0.133544921875,-0.13037109375,-0.24427480916030533,-1.4427480916030535,0.6030534351145038
73,1779652916.0871892,0.089111328125,0.974853515625,-0.288818359375,-3.618320610687023,1.9465648854961832,-2.198473282442748,-0.944580078125,0.1337890625,-0.139892578125,-0.4122137404580153,-1.2442748091603053,0.6183206106870229
74,1779652916.09827,0.09619140625,0.9755859375,-0.293701171875,-3.618320610687023,0.2824427480916031,-2.3435114503816794,-0.9619140625,0.132568359375,-0.135009765625,-0.3511450381679389,-1.3435114503816794,0.4122137404580153
75,1779652916.1093578,0.09228515625,0.974365234375,-0.28515625,-3.5801526717557253,0.05343511450381679,-2.404580152671756,-0.95166015625,0.142333984375,-0.137939453125,-0.22137404580152673,-1.3282442748091603,0.7633587786259542
76,1779652916.1204255,0.090576171875,0.971923828125,-0.2919921875,-3.4885496183206106,0.08396946564885496,-2.4198473282442747,-0.961669921875,0.13623046875,-0.125244140625,-0.10687022900763359,-1.381679389312977,0.6412213740458015
77,1779652916.1315134,0.09033203125,0.974609375,-0.27978515625,-3.687022900763359,0.007633587786259542,-2.236641221374046,-0.95361328125,0.13720703125,-0.12890625,-0.24427480916030533,-1.4580152671755726,0.6259541984732825
78,1779652916.142588,0.1083984375,0.971435546875,-0.29248046875,-3.5419847328244276,-0.05343511450381679,-2.2977099236641223,-0.95556640625,0.14013671875,-0.127197265625,-0.2595419847328244,-1.4045801526717556,0.6030534351145038
79,1779652916.1536822,0.095458984375,0.97802734375,-0.283935546875,-3.5114503816793894,0.06870229007633588,-2.366412213740458,-0.959716796875,0.136962890625,-0.134521484375,-0.26717557251908397,-1.4122137404580153,0.6564885496183206
80,1779652916.1647656,0.10546875,0.975830078125,-0.273193359375,-3.564885496183206,0.183206106870229,-2.2748091603053435,-0.95703125,0.134033203125,-0.128173828125,-0.2366412213740458,-1.2595419847328244,0.5954198473282443
81,1779652916.1758482,0.098876953125,0.97412109375,-0.282470703125,-3.5877862595419847,0.015267175572519083,-2.33587786259542,-0.959228515625,0.142578125,-0.13818359375,-0.2824427480916031,-1.282442748091603,0.5877862595419847
82,1779652916.1869245,0.09716796875,0.971923828125,-0.29150390625,-3.801526717557252,0.13740458015267176,-2.2748091603053435,-0.960693359375,0.1357421875,-0.1123046875,-0.2595419847328244,-1.4198473282442747,0.7404580152671756
83,1779652916.198009,0.091552734375,0.971435546875,-0.290283203125,-3.5343511450381677,1.9312977099236641,-2.5114503816793894,-0.94677734375,0.1376953125,-0.131103515625,-0.2595419847328244,-1.3435114503816794,0.5114503816793893
84,1779652916.2090802,0.0966796875,0.9755859375,-0.269287109375,-3.435114503816794,0.29770992366412213,-2.435114503816794,-0.96142578125,0.134033203125,-0.1357421875,-0.22137404580152673,-1.3969465648854962,0.6412213740458015
85,1779652916.22014,0.0908203125,0.979736328125,-0.282470703125,-3.4198473282442747,1.8778625954198473,-2.198473282442748,-0.957275390625,0.130859375,-0.131591796875,-0.2900763358778626,-1.4274809160305344,0.6183206106870229
86,1779652916.2311893,0.09228515625,0.971435546875,-0.28857421875,-3.6717557251908395,0.15267175572519084,-2.2748091603053435,-0.957763671875,0.127197265625,-0.135009765625,-0.24427480916030533,-1.3282442748091603,0.8320610687022901
87,1779652916.242259,0.09326171875,0.97607421875,-0.282958984375,-3.549618320610687,0.22900763358778625,-2.183206106870229,-0.95751953125,0.137939453125,-0.138671875,-0.35877862595419846,-1.282442748091603,0.7404580152671756
88,1779652916.25334,0.0966796875,0.980224609375,-0.283447265625,-3.5877862595419847,0.17557251908396945,-2.3282442748091605,-0.955322265625,0.133056640625,-0.138671875,-0.3053435114503817,-1.3358778625954197,0.6564885496183206
89,1779652916.2644124,0.09423828125,0.976318359375,-0.283447265625,-3.50381679389313,0.17557251908396945,-2.236641221374046,-0.952880859375,0.130615234375,-0.130859375,-0.16793893129770993,-1.4351145038167938,0.5419847328244275
90,1779652916.2754982,0.098876953125,0.97705078125,-0.28271484375,-3.6030534351145036,0.16030534351145037,-2.4427480916030535,-0.958251953125,0.1337890625,-0.139404296875,-0.22137404580152673,-1.366412213740458,0.5877862595419847
91,1779652916.2865767,0.098876953125,0.97265625,-0.294921875,-3.5114503816793894,-0.10687022900763359,-2.183206106870229,-0.952392578125,0.137939453125,-0.1357421875,-0.3511450381679389,-1.366412213740458,0.7175572519083969
92,1779652916.297673,0.09716796875,0.97314453125,-0.284912109375,-3.427480916030534,0.03816793893129771,-2.4580152671755724,-0.96240234375,0.138916015625,-0.135498046875,-0.17557251908396945,-1.3206106870229009,0.7862595419847328
93,1779652916.3087585,0.099609375,0.975341796875,-0.28076171875,-3.5114503816793894,0.0916030534351145,-2.4656488549618323,-0.95361328125,0.1357421875,-0.133544921875,-0.16030534351145037,-1.4045801526717556,0.7022900763358778
94,1779652916.319839,0.0986328125,0.976806640625,-0.286865234375,-3.5267175572519083,-0.04580152671755725,-2.3282442748091605,-0.95654296875,0.1328125,-0.132568359375,-0.1984732824427481,-1.366412213740458,0.6641221374045801
95,1779652916.3309212,0.097412109375,0.98291015625,-0.291748046875,-3.6030534351145036,0.25190839694656486,-2.404580152671756,-0.940185546875,0.134765625,-0.132568359375,-0.06870229007633588,-1.4274809160305344,0.6106870229007634
96,1779652916.3420005,0.108154296875,0.97314453125,-0.29443359375,-3.6030534351145036,0.03816793893129771,-2.3969465648854964,-0.96044921875,0.140625,-0.13232421875,-0.33587786259541985,-1.3282442748091603,0.6183206106870229
97,1779652916.3530483,0.10107421875,0.982177734375,-0.2900390625,-3.6564885496183206,-1.9312977099236641,-2.435114503816794,-0.953369140625,0.135009765625,-0.133056640625,-0.22137404580152673,-1.1908396946564885,0.4961832061068702
98,1779652916.3641226,0.09521484375,0.978759765625,-0.27783203125,-3.7251908396946565,0.13740458015267176,-2.2595419847328246,-0.952392578125,0.138916015625,-0.133544921875,-0.37404580152671757,-1.3511450381679388,0.4580152671755725
99,1779652916.3751862,0.095458984375,0.97412109375,-0.280517578125,-3.49618320610687,0.1450381679389313,-2.3587786259541983,-0.953369140625,0.13623046875,-0.124267578125,-0.2366412213740458,-1.366412213740458,0.6564885496183206
100,1779652916.3862584,0.078857421875,0.978759765625,-0.28564453125,-3.648854961832061,-0.08396946564885496,-2.4427480916030535,-0.940673828125,0.138427734375,-0.130615234375,-0.2366412213740458,-1.465648854961832,0.6870229007633588
101,1779652916.3974788,0.078125,0.977783203125,-0.296875,-3.6259541984732824,1.9236641221374047,-2.3435114503816794,-0.964111328125,0.13916015625,-0.136962890625,-0.26717557251908397,-1.1984732824427482,0.6793893129770993
102,1779652916.4086447,0.09716796875,0.97802734375,-0.2822265625,-3.5419847328244276,-0.030534351145038167,-2.053435114503817,-0.9453125,0.138671875,-0.130126953125,-0.19083969465648856,-1.3511450381679388,0.6106870229007634
103,1779652916.4196992,0.0947265625,0.976318359375,-0.281982421875,-3.5801526717557253,0.015267175572519083,-2.450381679389313,-0.94921875,0.14208984375,-0.13427734375,-0.25190839694656486,-1.2671755725190839,0.5267175572519084
104,1779652916.4307597,0.088623046875,0.976318359375,-0.293701171875,-3.4885496183206106,0.07633587786259542,-2.3587786259541983,-0.966552734375,0.133056640625,-0.139892578125,-0.25190839694656486,-1.297709923664122,0.48091603053435117
105,1779652916.4418366,0.081298828125,0.9716796875,-0.286865234375,-3.50381679389313,-1.9236641221374047,-2.1297709923664123,-0.954833984375,0.136474609375,-0.129638671875,-0.3435114503816794,-1.3740458015267176,0.5877862595419847
106,1779652916.4529166,0.107421875,0.969970703125,-0.283935546875,-3.549618320610687,0.0,-2.16793893129771,-0.953857421875,0.133056640625,-0.127685546875,-0.17557251908396945,-1.4122137404580153,0.48854961832061067
107,1779652916.46403,0.09912109375,0.980224609375,-0.286865234375,-3.6259541984732824,0.11450381679389313,-2.49618320610687,-0.961669921875,0.14208984375,-0.130126953125,-0.35877862595419846,-1.3282442748091603,0.7251908396946565
108,1779652916.4751031,0.0947265625,0.9755859375,-0.28857421875,-3.4427480916030535,-0.030534351145038167,-2.2061068702290076,-0.951904296875,0.1259765625,-0.132568359375,-0.24427480916030533,-1.4122137404580153,0.6183206106870229
109,1779652916.4863286,0.081787109375,0.97119140625,-0.28955078125,-3.519083969465649,0.06870229007633588,-2.122137404580153,-0.952880859375,0.136474609375,-0.1298828125,-0.31297709923664124,-1.381679389312977,0.6030534351145038
110,1779652916.4974287,0.10546875,0.974365234375,-0.295166015625,-3.6412213740458017,0.22900763358778625,-2.267175572519084,-0.958740234375,0.1396484375,-0.131591796875,-0.16030534351145037,-1.534351145038168,0.6030534351145038
111,1779652916.5085373,0.097412109375,0.971923828125,-0.282958984375,-3.4580152671755724,0.06870229007633588,-2.33587786259542,-0.957763671875,0.137451171875,-0.125,-0.2366412213740458,-1.3435114503816794,0.648854961832061
112,1779652916.519607,0.093994140625,0.97607421875,-0.2802734375,-3.6106870229007635,0.0916030534351145,-2.3969465648854964,-0.941162109375,0.13623046875,-0.12841796875,-0.21374045801526717,-1.450381679389313,0.7251908396946565
113,1779652916.5306923,0.09814453125,0.977294921875,-0.290283203125,-3.5267175572519083,0.1450381679389313,-2.4427480916030535,-0.960693359375,0.136474609375,-0.148193359375,-0.24427480916030533,-1.3206106870229009,0.5190839694656488
114,1779652916.5417888,0.089599609375,0.975830078125,-0.284912109375,-3.6793893129770994,-1.9465648854961832,-2.2977099236641223,-0.960205078125,0.130615234375,-0.1376953125,-0.15267175572519084,-1.3740458015267176,0.48854961832061067
115,1779652916.5528686,0.10888671875,0.978271484375,-0.294921875,-3.7099236641221376,0.08396946564885496,-2.3740458015267176,-0.95751953125,0.135009765625,-0.13134765625,-0.2748091603053435,-1.4122137404580153,0.648854961832061
116,1779652916.5639734,0.1083984375,0.976318359375,-0.292724609375,-3.6412213740458017,0.12213740458015267,-2.2519083969465647,-0.95166015625,0.137451171875,-0.1376953125,-0.2366412213740458,-1.366412213740458,0.5801526717557252
117,1779652916.575044,0.095458984375,0.9736328125,-0.294677734375,-3.480916030534351,0.1297709923664122,-2.435114503816794,-0.962890625,0.13818359375,-0.13671875,-0.29770992366412213,-1.282442748091603,0.4351145038167939
118,1779652916.5865154,0.09375,0.98291015625,-0.2890625,-3.564885496183206,0.08396946564885496,-2.3969465648854964,-0.946533203125,0.141357421875,-0.12646484375,-0.3282442748091603,-1.4122137404580153,0.4961832061068702
119,1779652916.5976784,0.0927734375,0.973876953125,-0.283447265625,-3.549618320610687,0.1450381679389313,-2.435114503816794,-0.938720703125,0.15478515625,-0.130859375,-0.22137404580152673,-1.213740458015267,0.5648854961832062
120,1779652916.6087604,0.090576171875,0.97509765625,-0.29638671875,-3.7022900763358777,0.13740458015267176,-2.3969465648854964,-0.95703125,0.156005859375,-0.134033203125,-0.16030534351145037,-1.3587786259541985,0.7633587786259542
121,1779652916.6198566,0.09130859375,0.974853515625,-0.2841796875,-3.549618320610687,0.12213740458015267,-2.3893129770992365,-0.949951171875,0.13720703125,-0.127685546875,-0.20610687022900764,-1.3435114503816794,0.6412213740458015
122,1779652916.630933,0.092041015625,0.9794921875,-0.28125,-3.5114503816793894,0.16793893129770993,-2.3282442748091605,-0.958984375,0.140625,-0.13720703125,-0.40458015267175573,-1.4198473282442747,0.7175572519083969
123,1779652916.6420145,0.082763671875,0.978759765625,-0.288818359375,-3.6106870229007635,0.2748091603053435,-2.3206106870229006,-0.958251953125,0.135009765625,-0.133544921875,-0.33587786259541985,-1.2213740458015268,0.6793893129770993
124,1779652916.6531103,0.095703125,0.978271484375,-0.2841796875,-3.5343511450381677,-1.9541984732824427,-2.068702290076336,-0.95654296875,0.133056640625,-0.13623046875,-0.32061068702290074,-1.4274809160305344,0.7175572519083969
125,1779652916.664192,0.096923828125,0.97998046875,-0.286376953125,-3.5572519083969465,1.916030534351145,-2.2519083969465647,-0.9443359375,0.125732421875,-0.13427734375,-0.3053435114503817,-1.2748091603053435,0.5572519083969466
126,1779652916.6752818,0.093017578125,0.984619140625,-0.28076171875,-3.7022900763358777,0.15267175572519084,-2.3282442748091605,-0.95849609375,0.1318359375,-0.1171875,-0.19083969465648856,-1.2213740458015268,0.5267175572519084
127,1779652916.6863568,0.10009765625,0.9736328125,-0.2861328125,-3.50381679389313,1.9312977099236641,-2.198473282442748,-0.95361328125,0.130859375,-0.135498046875,-0.17557251908396945,-1.465648854961832,0.6793893129770993
128,1779652916.697431,0.109130859375,0.975341796875,-0.27880859375,-3.6106870229007635,0.0,-2.366412213740458,-0.9482421875,0.144775390625,-0.138671875,-0.1984732824427481,-1.381679389312977,0.5877862595419847
129,1779652916.7085328,0.078369140625,0.97314453125,-0.29150390625,-3.5114503816793894,-0.1297709923664122,-2.3053435114503817,-0.95361328125,0.130615234375,-0.129150390625,-0.22137404580152673,-1.4122137404580153,0.5343511450381679
130,1779652916.7196336,0.10009765625,0.977294921875,-0.284423828125,-3.648854961832061,-1.900763358778626,-2.3435114503816794,-0.95068359375,0.137451171875,-0.146728515625,-0.31297709923664124,-1.213740458015267,0.5572519083969466
131,1779652916.7307148,0.09228515625,0.9755859375,-0.2783203125,-3.6106870229007635,0.1450381679389313,-2.2900763358778624,-0.95654296875,0.13330078125,-0.1298828125,-0.13740458015267176,-1.2595419847328244,0.4732824427480916
132,1779652916.741777,0.09716796875,0.97412109375,-0.28759765625,-3.5267175572519083,0.09923664122137404,-2.2442748091603053,-0.950927734375,0.130859375,-0.13671875,-0.3969465648854962,-1.4198473282442747,0.6412213740458015
133,1779652916.752872,0.099609375,0.972900390625,-0.296875,-3.595419847328244,0.05343511450381679,-2.16793893129771,-0.961669921875,0.136962890625,-0.1259765625,-0.42748091603053434,-1.3587786259541985,0.6564885496183206
134,1779652916.7639723,0.09814453125,0.98193359375,-0.284423828125,-3.427480916030534,0.183206106870229,-2.351145038167939,-0.947021484375,0.12548828125,-0.1337890625,-0.2595419847328244,-1.3511450381679388,0.7099236641221374
135,1779652916.7750528,0.093994140625,0.98095703125,-0.286865234375,-3.595419847328244,0.10687022900763359,-2.3435114503816794,-0.95654296875,0.1416015625,-0.126220703125,-0.2595419847328244,-1.3358778625954197,0.5954198473282443
136,1779652916.7861483,0.0947265625,0.97509765625,-0.291015625,-3.4656488549618323,0.25190839694656486,-2.3282442748091605,-0.960693359375,0.134521484375,-0.1328125,-0.21374045801526717,-1.366412213740458,0.6259541984732825
137,1779652916.797225,0.0947265625,0.97509765625,-0.290771484375,-3.4732824427480917,0.20610687022900764,-2.2595419847328246,-0.950927734375,0.13671875,-0.1396484375,-0.19083969465648856,-1.2290076335877862,0.5419847328244275
138,1779652916.8082976,0.106689453125,0.976318359375,-0.2802734375,-3.4122137404580153,0.2366412213740458,-2.183206106870229,-0.947021484375,0.14208984375,-0.12939453125,-0.3435114503816794,-1.3893129770992367,0.6717557251908397
139,1779652916.8193982,0.091796875,0.97119140625,-0.286376953125,-3.572519083969466,-1.9312977099236641,-2.3282442748091605,-0.944091796875,0.150146484375,-0.12548828125,-0.3511450381679389,-1.3969465648854962,0.6641221374045801
140,1779652916.8304882,0.094482421875,0.9765625,-0.291259765625,-3.50381679389313,0.015267175572519083,-2.1526717557251906,-0.953125,0.13330078125,-0.13037109375,-0.22900763358778625,-1.282442748091603,0.6106870229007634
141,1779652916.8415353,0.09765625,0.9765625,-0.290283203125,-3.732824427480916,-1.9083969465648856,-2.236641221374046,-0.95263671875,0.135009765625,-0.131103515625,-0.17557251908396945,-1.2671755725190839,0.5114503816793893
142,1779652916.8526168,0.0927734375,0.9716796875,-0.291259765625,-3.6564885496183206,0.03816793893129771,-2.2061068702290076,-0.947998046875,0.13818359375,-0.14111328125,-0.19083969465648856,-1.3511450381679388,0.648854961832061
143,1779652916.8636909,0.0966796875,0.968017578125,-0.29638671875,-3.5801526717557253,-1.9236641221374047,-2.099236641221374,-0.96044921875,0.135498046875,-0.129638671875,-0.21374045801526717,-1.3358778625954197,0.5954198473282443
144,1779652916.8747635,0.096923828125,0.974365234375,-0.284423828125,-3.549618320610687,0.13740458015267176,-2.2290076335877864,-0.9658203125,0.154052734375,-0.127197265625,-0.15267175572519084,-1.366412213740458,0.6335877862595419
145,1779652916.8860252,0.097412109375,0.9775390625,-0.29150390625,-3.3969465648854964,0.04580152671755725,-2.2519083969465647,-0.9609375,0.1357421875,-0.138916015625,-0.2595419847328244,-1.4961832061068703,0.5572519083969466
146,1779652916.897138,0.0947265625,0.980712890625,-0.288818359375,-3.4198473282442747,0.1450381679389313,-2.2442748091603053,-0.966552734375,0.135009765625,-0.126220703125,-0.1450381679389313,-1.2748091603053435,0.6641221374045801
147,1779652916.9082139,0.094970703125,0.9755859375,-0.28564453125,-3.404580152671756,0.015267175572519083,-2.5114503816793894,-0.950927734375,0.13525390625,-0.136474609375,-0.2900763358778626,-1.3282442748091603,0.4351145038167939
148,1779652916.9192922,0.08251953125,0.9755859375,-0.289306640625,-3.6793893129770994,0.183206106870229,-2.267175572519084,-0.9482421875,0.15576171875,-0.13916015625,-0.3053435114503817,-1.5572519083969465,0.8091603053435115
149,1779652916.9303668,0.097412109375,0.978515625,-0.288330078125,-3.7480916030534353,0.03816793893129771,-2.2595419847328246,-0.961669921875,0.13916015625,-0.130126953125,-0.16030534351145037,-1.3053435114503817,0.6183206106870229
150,1779652916.9414377,0.09619140625,0.9736328125,-0.295654296875,-3.5877862595419847,0.022900763358778626,-2.2748091603053435,-0.9609375,0.135498046875,-0.131103515625,-0.4122137404580153,-1.450381679389313,0.6564885496183206
151,1779652916.9525473,0.090087890625,0.981201171875,-0.281005859375,-3.5343511450381677,0.05343511450381679,-2.618320610687023,-0.968017578125,0.13671875,-0.1259765625,-0.366412213740458,-1.16793893129771,0.5877862595419847
152,1779652916.963617,0.095458984375,0.979736328125,-0.291015625,-3.480916030534351,0.1450381679389313,-2.4122137404580153,-0.939453125,0.144775390625,-0.1279296875,-0.20610687022900764,-1.4732824427480915,0.5114503816793893
153,1779652916.9747193,0.089111328125,0.978271484375,-0.2958984375,-3.7099236641221376,0.0916030534351145,-2.50381679389313,-0.9482421875,0.136962890625,-0.13427734375,-0.40458015267175573,-1.1984732824427482,0.46564885496183206
154,1779652916.9857888,0.10888671875,0.9755859375,-0.29296875,-3.549618320610687,0.183206106870229,-2.16793893129771,-0.95458984375,0.14013671875,-0.1298828125,-0.24427480916030533,-1.4122137404580153,0.648854961832061
155,1779652916.996873,0.10107421875,0.955810546875,-0.28173828125,-3.6259541984732824,0.16793893129770993,-2.3740458015267176,-0.955322265625,0.133544921875,-0.133544921875,-0.17557251908396945,-1.3511450381679388,0.5038167938931297
156,1779652917.0079677,0.095458984375,0.9765625,-0.28955078125,-3.595419847328244,0.007633587786259542,-2.16793893129771,-0.944580078125,0.14013671875,-0.133056640625,-0.35877862595419846,-1.4427480916030535,0.5267175572519084
157,1779652917.0190413,0.092041015625,0.978759765625,-0.280029296875,-3.618320610687023,0.022900763358778626,-2.2977099236641223,-0.9521484375,0.13427734375,-0.1298828125,-0.3053435114503817,-1.2061068702290076,0.5038167938931297
158,1779652917.030134,0.098388671875,0.9765625,-0.28955078125,-3.49618320610687,0.15267175572519084,-2.4732824427480917,-0.9501953125,0.140625,-0.126220703125,-0.3282442748091603,-1.2748091603053435,0.5725190839694656
159,1779652917.041219,0.08984375,0.971435546875,-0.287353515625,-3.618320610687023,0.09923664122137404,-2.5114503816793894,-0.952392578125,0.13232421875,-0.13916015625,-0.11450381679389313,-1.381679389312977,0.6946564885496184
160,1779652917.0523186,0.090087890625,0.970703125,-0.28466796875,-3.6564885496183206,0.07633587786259542,-2.236641221374046,-0.94970703125,0.13671875,-0.131591796875,-0.32061068702290074,-1.3893129770992367,0.5267175572519084
161,1779652917.063386,0.09375,0.973388671875,-0.284912109375,-3.4732824427480917,0.16030534351145037,-2.3282442748091605,-0.941162109375,0.136474609375,-0.138427734375,-0.3893129770992366,-1.251908396946565,0.648854961832061
162,1779652917.0744781,0.08984375,0.9765625,-0.289306640625,-3.549618320610687,0.12213740458015267,-2.2213740458015265,-0.968017578125,0.12646484375,-0.140380859375,-0.16030534351145037,-1.3282442748091603,0.549618320610687
163,1779652917.0855565,0.09521484375,0.974853515625,-0.291748046875,-3.572519083969466,0.007633587786259542,-2.198473282442748,-0.947998046875,0.13916015625,-0.1396484375,-0.24427480916030533,-1.3893129770992367,0.732824427480916
164,1779652917.0966134,0.091552734375,0.97802734375,-0.293701171875,-3.450381679389313,0.015267175572519083,-2.3969465648854964,-0.955078125,0.14306640625,-0.13623046875,-0.20610687022900764,-1.4122137404580153,0.48091603053435117
165,1779652917.107694,0.09033203125,0.97314453125,-0.291259765625,-3.633587786259542,0.13740458015267176,-2.282442748091603,-0.959716796875,0.136474609375,-0.12841796875,-0.21374045801526717,-1.3282442748091603,0.7862595419847328
166,1779652917.118768,0.0908203125,0.983154296875,-0.291259765625,-3.564885496183206,0.1297709923664122,-2.33587786259542,-0.951171875,0.1337890625,-0.12841796875,-0.44274809160305345,-1.3435114503816794,0.6335877862595419
167,1779652917.12983,0.0908203125,0.97802734375,-0.290283203125,-3.3587786259541983,-1.8702290076335877,-2.1526717557251906,-0.9638671875,0.135009765625,-0.128173828125,-0.2595419847328244,-1.2061068702290076,0.648854961832061
168,1779652917.1409092,0.09619140625,0.978271484375,-0.280517578125,-3.519083969465649,0.08396946564885496,-2.2977099236641223,-0.955810546875,0.14013671875,-0.140625,-0.2900763358778626,-1.5114503816793894,0.6870229007633588
169,1779652917.151982,0.094970703125,0.978271484375,-0.288818359375,-3.519083969465649,0.16030534351145037,-2.213740458015267,-0.949951171875,0.1318359375,-0.13427734375,-0.3893129770992366,-1.297709923664122,0.6335877862595419
170,1779652917.1630542,0.083251953125,0.973876953125,-0.287109375,-3.595419847328244,1.916030534351145,-2.351145038167939,-0.94482421875,0.137939453125,-0.131591796875,-0.26717557251908397,-1.3587786259541985,0.6946564885496184
171,1779652917.174128,0.0966796875,0.96875,-0.2861328125,-3.5877862595419847,0.04580152671755725,-2.3893129770992365,-0.95849609375,0.133056640625,-0.129638671875,-0.29770992366412213,-1.4885496183206106,0.5954198473282443
172,1779652917.1852388,0.09765625,0.978515625,-0.27587890625,-3.5267175572519083,-1.9236641221374047,-2.3740458015267176,-0.95703125,0.140380859375,-0.136962890625,-0.29770992366412213,-1.6259541984732824,0.6259541984732825
173,1779652917.1963096,0.095703125,0.972900390625,-0.28857421875,-3.6259541984732824,0.19083969465648856,-2.4198473282442747,-0.951904296875,0.139404296875,-0.138671875,-0.22137404580152673,-1.4961832061068703,0.6641221374045801
174,1779652917.2073953,0.0927734375,0.976318359375,-0.2802734375,-3.5801526717557253,0.1450381679389313,-2.3053435114503817,-0.96337890625,0.138427734375,-0.1416015625,-0.183206106870229,-1.4122137404580153,0.5877862595419847
175,1779652917.2184765,0.10888671875,0.97509765625,-0.288818359375,-3.6946564885496183,0.10687022900763359,-2.3282442748091605,-0.968505859375,0.139892578125,-0.130859375,-0.2748091603053435,-1.3587786259541985,0.5419847328244275
176,1779652917.2295408,0.0966796875,0.978515625,-0.279296875,-3.6030534351145036,0.1297709923664122,-2.2213740458015265,-0.951904296875,0.14111328125,-0.1357421875,-0.20610687022900764,-1.534351145038168,0.6030534351145038
177,1779652917.2406037,0.095947265625,0.9794921875,-0.281494140625,-3.633587786259542,0.1297709923664122,-2.198473282442748,-0.948974609375,0.1455078125,-0.13720703125,-0.32061068702290074,-1.3206106870229009,0.7251908396946565
178,1779652917.2516642,0.098876953125,0.9765625,-0.28271484375,-3.549618320610687,0.1450381679389313,-2.2900763358778624,-0.960693359375,0.140380859375,-0.141357421875,-0.1450381679389313,-1.3740458015267176,0.5877862595419847
179,1779652917.2627482,0.0927734375,0.974853515625,-0.283447265625,-3.5801526717557253,-0.007633587786259542,-2.183206106870229,-0.95166015625,0.140869140625,-0.142333984375,-0.2900763358778626,-1.549618320610687,0.5877862595419847
180,1779652917.2738192,0.09375,0.97265625,-0.28564453125,-3.5267175572519083,1.9236641221374047,-2.4198473282442747,-0.943115234375,0.1337890625,-0.124755859375,-0.2824427480916031,-1.251908396946565,0.48091603053435117
181,1779652917.2850158,0.097412109375,0.9697265625,-0.285400390625,-3.5572519083969465,0.061068702290076333,-2.4122137404580153,-0.96435546875,0.135986328125,-0.1181640625,-0.24427480916030533,-1.2671755725190839,0.6106870229007634
182,1779652917.2961538,0.092529296875,0.972412109375,-0.29052734375,-3.564885496183206,-0.030534351145038167,-2.33587786259542,-0.96337890625,0.13671875,-0.133544921875,-0.2366412213740458,-1.465648854961832,0.648854961832061
183,1779652917.3072398,0.1005859375,0.97705078125,-0.287841796875,-3.618320610687023,-0.022900763358778626,-2.2595419847328246,-0.95263671875,0.1376953125,-0.133544921875,-0.37404580152671757,-1.3053435114503817,0.6259541984732825
184,1779652917.3183157,0.093505859375,0.970947265625,-0.28662109375,-3.618320610687023,0.04580152671755725,-2.2900763358778624,-0.966796875,0.136962890625,-0.13330078125,-0.40458015267175573,-1.2671755725190839,0.6641221374045801
185,1779652917.3293862,0.078125,0.9560546875,-0.2880859375,-3.6030534351145036,-0.1297709923664122,-2.236641221374046,-0.957763671875,0.13232421875,-0.1376953125,-0.35877862595419846,-1.366412213740458,0.5801526717557252
186,1779652917.3404303,0.103271484375,0.973388671875,-0.291015625,-3.5877862595419847,0.061068702290076333,-2.1755725190839694,-0.967041015625,0.15380859375,-0.13818359375,-0.33587786259541985,-1.2748091603053435,0.6030534351145038
187,1779652917.351536,0.09375,0.9755859375,-0.2919921875,-3.7480916030534353,0.12213740458015267,-2.183206106870229,-0.956298828125,0.1396484375,-0.138671875,-0.2748091603053435,-1.3740458015267176,0.6641221374045801
188,1779652917.3626044,0.089599609375,0.97265625,-0.289794921875,-3.7022900763358777,0.08396946564885496,-2.2748091603053435,-0.95068359375,0.140869140625,-0.134033203125,-0.25190839694656486,-1.3053435114503817,0.5190839694656488
189,1779652917.373674,0.093017578125,0.977294921875,-0.28173828125,-3.5801526717557253,0.1297709923664122,-2.3435114503816794,-0.958251953125,0.1376953125,-0.132080078125,-0.24427480916030533,-1.3893129770992367,0.6946564885496184
190,1779652917.384768,0.0927734375,0.98095703125,-0.29150390625,-3.6412213740458017,0.08396946564885496,-2.4198473282442747,-0.954833984375,0.155517578125,-0.130126953125,-0.3816793893129771,-1.3053435114503817,0.5954198473282443
191,1779652917.3958635,0.080810546875,0.973876953125,-0.28857421875,-3.549618320610687,0.16030534351145037,-2.3587786259541983,-0.94970703125,0.126708984375,-0.13232421875,-0.16030534351145037,-1.465648854961832,0.4961832061068702
192,1779652917.4069388,0.09716796875,0.9833984375,-0.279296875,-3.7557251908396947,0.0916030534351145,-2.145038167938931,-0.953369140625,0.139892578125,-0.13525390625,-0.1984732824427481,-1.5267175572519085,0.7099236641221374
193,1779652917.4180267,0.0947265625,0.974609375,-0.2919921875,-3.633587786259542,0.09923664122137404,-2.2442748091603053,-0.955322265625,0.14111328125,-0.1318359375,-0.3816793893129771,-1.4427480916030535,0.4580152671755725
194,1779652917.4290962,0.096435546875,0.97607421875,-0.28857421875,-3.5114503816793894,0.24427480916030533,-2.2977099236641223,-0.95654296875,0.134033203125,-0.126708984375,-0.2748091603053435,-1.465648854961832,0.5190839694656488
195,1779652917.4401667,0.094970703125,0.97216796875,-0.288818359375,-3.6946564885496183,0.17557251908396945,-2.2290076335877864,-0.963134765625,0.126220703125,-0.12548828125,-0.37404580152671757,-1.3893129770992367,0.6870229007633588
196,1779652917.4512503,0.093505859375,0.977783203125,-0.284423828125,-3.7099236641221376,-1.900763358778626,-2.3053435114503817,-0.957275390625,0.1279296875,-0.13671875,-0.3282442748091603,-1.297709923664122,0.648854961832061
197,1779652917.4623206,0.0986328125,0.978759765625,-0.285888671875,-3.7251908396946565,0.030534351145038167,-2.2442748091603053,-0.954345703125,0.134521484375,-0.127197265625,-0.2748091603053435,-1.3740458015267176,0.5725190839694656
198,1779652917.4733918,0.093505859375,0.969970703125,-0.289306640625,-3.5801526717557253,-0.1297709923664122,-2.145038167938931,-0.94921875,0.137451171875,-0.129150390625,-0.1297709923664122,-1.4045801526717556,0.6183206106870229
199,1779652917.4844599,0.097412109375,0.974365234375,-0.28564453125,-3.5801526717557253,-0.10687022900763359,-2.381679389312977,-0.94775390625,0.140625,-0.135009765625,-0.2748091603053435,-1.282442748091603,0.5267175572519084
200,1779652917.4955273,0.09521484375,0.98291015625,-0.2822265625,-3.519083969465649,0.22900763358778625,-2.1908396946564888,-0.93994140625,0.14013671875,-0.13330078125,-0.2900763358778626,-1.3740458015267176,0.5801526717557252
201,1779652917.5067196,0.094482421875,0.97216796875,-0.29248046875,-3.6717557251908395,0.12213740458015267,-2.3587786259541983,-0.951416015625,0.135009765625,-0.138916015625,-0.44274809160305345,-1.3206106870229009,0.6030534351145038
202,1779652917.5178983,0.0859375,0.970947265625,-0.289794921875,-3.66412213740458,0.09923664122137404,-2.4122137404580153,-0.963134765625,0.13916015625,-0.1376953125,-0.26717557251908397,-1.2748091603053435,0.6717557251908397
203,1779652917.5290165,0.09228515625,0.974609375,-0.283935546875,-3.5114503816793894,1.9389312977099236,-2.2595419847328246,-0.951416015625,0.152587890625,-0.135986328125,-0.21374045801526717,-1.3206106870229009,0.7251908396946565
204,1779652917.5400763,0.093994140625,0.974853515625,-0.280517578125,-3.7022900763358777,0.25190839694656486,-2.0610687022900764,-0.959228515625,0.126708984375,-0.131103515625,-0.2900763358778626,-1.3129770992366412,0.7709923664122137
205,1779652917.5511773,0.108154296875,0.969970703125,-0.2861328125,-3.66412213740458,0.16030534351145037,-2.282442748091603,-0.947998046875,0.13720703125,-0.138671875,-0.19083969465648856,-1.2061068702290076,0.4961832061068702
206,1779652917.562259,0.093505859375,0.979248046875,-0.282470703125,-3.4198473282442747,0.0916030534351145,-2.3969465648854964,-0.9541015625,0.13671875,-0.1318359375,-0.2900763358778626,-1.3511450381679388,0.5114503816793893
207,1779652917.5733342,0.095458984375,0.976318359375,-0.2900390625,-3.5343511450381677,-0.26717557251908397,-2.2519083969465647,-0.955078125,0.143310546875,-0.128173828125,-0.25190839694656486,-1.4580152671755726,0.6641221374045801
208,1779652917.5847118,0.08056640625,0.9736328125,-0.29638671875,-3.6030534351145036,0.19083969465648856,-2.381679389312977,-0.948486328125,0.142822265625,-0.134765625,-0.22137404580152673,-1.213740458015267,0.5801526717557252
209,1779652917.5962338,0.09326171875,0.9736328125,-0.28173828125,-3.480916030534351,0.05343511450381679,-2.2748091603053435,-0.957275390625,0.125,-0.12548828125,-0.22137404580152673,-1.251908396946565,0.732824427480916
210,1779652917.6073194,0.0947265625,0.973388671875,-0.28759765625,-3.5801526717557253,-1.9236641221374047,-2.213740458015267,-0.958251953125,0.1376953125,-0.1337890625,-0.2366412213740458,-1.366412213740458,0.6412213740458015
211,1779652917.6183815,0.09423828125,0.97265625,-0.290771484375,-3.4122137404580153,0.05343511450381679,-2.366412213740458,-0.959716796875,0.13720703125,-0.126220703125,-0.3053435114503817,-1.3435114503816794,0.6412213740458015
212,1779652917.6294727,0.097412109375,0.969482421875,-0.2783203125,-3.6106870229007635,0.2595419847328244,-2.3206106870229006,-0.957275390625,0.140625,-0.126220703125,-0.2900763358778626,-1.4732824427480915,0.732824427480916
213,1779652917.6405387,0.079833984375,0.9755859375,-0.284423828125,-3.427480916030534,-0.08396946564885496,-2.1755725190839694,-0.957763671875,0.14306640625,-0.13623046875,-0.32061068702290074,-1.5267175572519085,0.648854961832061
214,1779652917.651651,0.087158203125,0.974365234375,-0.28564453125,-3.6259541984732824,0.15267175572519084,-2.16793893129771,-0.962158203125,0.152099609375,-0.138427734375,-0.40458015267175573,-1.5572519083969465,0.6259541984732825
215,1779652917.6627164,0.08984375,0.9755859375,-0.276611328125,-3.5572519083969465,0.0916030534351145,-2.114503816793893,-0.937744140625,0.139892578125,-0.129150390625,-0.25190839694656486,-1.3740458015267176,0.7251908396946565
216,1779652917.673803,0.087158203125,0.978271484375,-0.29150390625,-3.648854961832061,0.03816793893129771,-2.519083969465649,-0.960205078125,0.1396484375,-0.138916015625,-0.33587786259541985,-1.381679389312977,0.6564885496183206
217,1779652917.6850343,0.099365234375,0.98388671875,-0.29345703125,-3.572519083969466,0.19083969465648856,-2.1908396946564888,-0.956787109375,0.13427734375,-0.134521484375,-0.3893129770992366,-1.534351145038168,0.6183206106870229
218,1779652917.6961374,0.09375,0.9716796875,-0.27197265625,-3.4732824427480917,-0.09923664122137404,-2.267175572519084,-0.9462890625,0.13720703125,-0.130126953125,-0.15267175572519084,-1.3206106870229009,0.6183206106870229
219,1779652917.7072127,0.09326171875,0.97314453125,-0.28076171875,-3.6564885496183206,-0.007633587786259542,-2.33587786259542,-0.957763671875,0.1337890625,-0.125244140625,-0.24427480916030533,-1.4122137404580153,0.7175572519083969
220,1779652917.7182882,0.0966796875,0.97998046875,-0.27490234375,-3.6946564885496183,0.09923664122137404,-1.984732824427481,-0.958740234375,0.129638671875,-0.130615234375,-0.10687022900763359,-1.366412213740458,0.5648854961832062
221,1779652917.7293646,0.099853515625,0.977294921875,-0.287109375,-3.618320610687023,0.24427480916030533,-2.3282442748091605,-0.948974609375,0.138916015625,-0.1416015625,-0.3893129770992366,-1.549618320610687,0.5877862595419847
222,1779652917.7404356,0.099365234375,0.975830078125,-0.28369140625,-3.564885496183206,0.15267175572519084,-2.3053435114503817,-0.968017578125,0.140380859375,-0.13232421875,-0.32061068702290074,-1.3129770992366412,0.5572519083969466
223,1779652917.751536,0.096435546875,0.9765625,-0.29150390625,-3.564885496183206,0.0916030534351145,-2.351145038167939,-0.951416015625,0.1533203125,-0.13037109375,-0.22900763358778625,-1.3511450381679388,0.5877862595419847
224,1779652917.7625988,0.094970703125,0.972412109375,-0.29345703125,-3.5801526717557253,-0.007633587786259542,-2.4885496183206106,-0.955810546875,0.135009765625,-0.1533203125,-0.4198473282442748,-1.3740458015267176,0.5343511450381679
225,1779652917.773686,0.099609375,0.981201171875,-0.291015625,-3.7404580152671754,0.10687022900763359,-2.3969465648854964,-0.9619140625,0.137451171875,-0.135009765625,-0.1450381679389313,-1.2595419847328244,0.5114503816793893
226,1779652917.7847588,0.098876953125,0.974609375,-0.28857421875,-3.5877862595419847,0.11450381679389313,-2.2061068702290076,-0.95947265625,0.132080078125,-0.132080078125,-0.3053435114503817,-1.3587786259541985,0.6412213740458015
227,1779652917.7958522,0.10791015625,0.9697265625,-0.29052734375,-3.5572519083969465,-1.8473282442748091,-2.33587786259542,-0.96337890625,0.13818359375,-0.12890625,-0.22900763358778625,-1.3129770992366412,0.5343511450381679
228,1779652917.8069384,0.098388671875,0.977294921875,-0.2666015625,-3.5267175572519083,0.09923664122137404,-2.0916030534351147,-0.958740234375,0.133056640625,-0.126708984375,-0.3511450381679389,-1.3587786259541985,0.5343511450381679
229,1779652917.8180206,0.09033203125,0.972412109375,-0.287353515625,-3.7251908396946565,0.15267175572519084,-2.1526717557251906,-0.960693359375,0.150634765625,-0.15576171875,-0.1297709923664122,-1.3969465648854962,0.5725190839694656
230,1779652917.8290937,0.095947265625,0.974609375,-0.28564453125,-3.4885496183206106,0.19083969465648856,-2.2290076335877864,-0.959716796875,0.13671875,-0.1298828125,-0.2366412213740458,-1.4198473282442747,0.648854961832061
231,1779652917.840143,0.090087890625,0.980224609375,-0.291259765625,-3.6412213740458017,1.9083969465648856,-2.3053435114503817,-0.9560546875,0.135009765625,-0.131103515625,-0.31297709923664124,-1.3511450381679388,0.7709923664122137
232,1779652917.8512158,0.0966796875,0.978271484375,-0.284423828125,-3.7480916030534353,-0.04580152671755725,-2.1068702290076335,-0.955810546875,0.13720703125,-0.1328125,-0.1984732824427481,-1.3740458015267176,0.549618320610687
233,1779652917.862287,0.0966796875,0.9765625,-0.277587890625,-3.648854961832061,0.09923664122137404,-2.2748091603053435,-0.947509765625,0.13525390625,-0.12548828125,-0.3511450381679389,-1.3740458015267176,0.7633587786259542
234,1779652917.8733537,0.10693359375,0.979248046875,-0.296142578125,-3.5114503816793894,0.16793893129770993,-2.213740458015267,-0.953125,0.1337890625,-0.133544921875,-0.20610687022900764,-1.3969465648854962,0.7175572519083969
235,1779652917.8844268,0.095703125,0.977294921875,-0.28759765625,-3.49618320610687,0.0916030534351145,-2.3435114503816794,-0.95166015625,0.137451171875,-0.1298828125,-0.2900763358778626,-1.4580152671755726,0.5572519083969466
236,1779652917.8955235,0.093505859375,0.973388671875,-0.289794921875,-3.564885496183206,0.17557251908396945,-2.2213740458015265,-0.962646484375,0.1328125,-0.13427734375,-0.22900763358778625,-1.450381679389313,0.6412213740458015
237,1779652917.9065988,0.09912109375,0.97705078125,-0.286865234375,-3.572519083969466,0.030534351145038167,-2.16793893129771,-0.958251953125,0.137939453125,-0.12646484375,-0.26717557251908397,-1.381679389312977,0.7022900763358778
238,1779652917.9176776,0.101318359375,0.97265625,-0.28662109375,-3.564885496183206,0.2366412213740458,-2.145038167938931,-0.937744140625,0.133056640625,-0.129150390625,-0.35877862595419846,-1.2442748091603053,0.6870229007633588
239,1779652917.9287615,0.090576171875,0.976318359375,-0.2939453125,-3.6030534351145036,0.10687022900763359,-2.213740458015267,-0.9501953125,0.12548828125,-0.117431640625,-0.20610687022900764,-1.4198473282442747,0.6259541984732825
240,1779652917.9398441,0.095947265625,0.982177734375,-0.28955078125,-3.6564885496183206,-0.030534351145038167,-2.2519083969465647,-0.957275390625,0.1376953125,-0.129150390625,-0.2748091603053435,-1.4580152671755726,0.7557251908396947
241,1779652917.9509282,0.094482421875,0.977294921875,-0.297119140625,-3.4656488549618323,0.007633587786259542,-2.2519083969465647,-0.951171875,0.131103515625,-0.135986328125,-0.26717557251908397,-1.5954198473282444,0.549618320610687
242,1779652917.9620197,0.09521484375,0.97509765625,-0.28857421875,-3.5801526717557253,1.9312977099236641,-2.4122137404580153,-0.962890625,0.1357421875,-0.129638671875,-0.31297709923664124,-1.4198473282442747,0.5801526717557252
243,1779652917.9730883,0.108642578125,0.976806640625,-0.288330078125,-3.6717557251908395,0.015267175572519083,-2.2977099236641223,-0.951416015625,0.138671875,-0.112060546875,-0.2366412213740458,-1.2748091603053435,0.6030534351145038
244,1779652917.9841523,0.090087890625,0.980712890625,-0.289794921875,-3.5877862595419847,0.06870229007633588,-2.2061068702290076,-0.95361328125,0.143310546875,-0.135986328125,-0.3969465648854962,-1.4274809160305344,0.48854961832061067
245,1779652917.9952242,0.0986328125,0.972412109375,-0.27783203125,-3.786259541984733,-1.9389312977099236,-2.1908396946564888,-0.95751953125,0.136474609375,-0.133056640625,-0.15267175572519084,-1.3435114503816794,0.6412213740458015
246,1779652918.006298,0.09814453125,0.97412109375,-0.28662109375,-3.549618320610687,0.06870229007633588,-2.282442748091603,-0.95703125,0.14111328125,-0.1416015625,-0.2595419847328244,-1.3206106870229009,0.7022900763358778
247,1779652918.0173612,0.095703125,0.978515625,-0.28515625,-3.618320610687023,1.9236641221374047,-2.099236641221374,-0.968505859375,0.1337890625,-0.12646484375,-0.1984732824427481,-1.366412213740458,0.6259541984732825
248,1779652918.0284257,0.10595703125,0.97119140625,-0.283203125,-3.6030534351145036,-0.17557251908396945,-2.236641221374046,-0.941162109375,0.125244140625,-0.131591796875,-0.22137404580152673,-1.381679389312977,0.5267175572519084
249,1779652918.0395126,0.099853515625,0.9697265625,-0.26953125,-3.49618320610687,0.15267175572519084,-2.2900763358778624,-0.948486328125,0.13916015625,-0.131591796875,-0.29770992366412213,-1.4885496183206106,0.816793893129771
250,1779652918.0505853,0.1044921875,0.97705078125,-0.283447265625,-3.648854961832061,0.15267175572519084,-2.2977099236641223,-0.953857421875,0.135009765625,-0.13671875,-0.11450381679389313,-1.5725190839694656,0.549618320610687
251,1779652918.0616658,0.09375,0.97900390625,-0.29248046875,-3.5877862595419847,-0.06870229007633588,-2.213740458015267,-0.966796875,0.13232421875,-0.12890625,-0.35877862595419846,-1.4045801526717556,0.6870229007633588
252,1779652918.0727494,0.100341796875,0.977294921875,-0.281005859375,-3.564885496183206,-0.07633587786259542,-2.236641221374046,-0.958984375,0.13671875,-0.134033203125,-0.3053435114503817,-1.366412213740458,0.6641221374045801
253,1779652918.0839386,0.09228515625,0.971435546875,-0.285888671875,-3.801526717557252,0.015267175572519083,-2.16793893129771,-0.955810546875,0.136474609375,-0.135986328125,-0.366412213740458,-1.3282442748091603,0.7175572519083969
254,1779652918.0950434,0.09521484375,0.97119140625,-0.2734375,-3.4885496183206106,0.030534351145038167,-2.366412213740458,-0.95166015625,0.134033203125,-0.136962890625,-0.32061068702290074,-1.3587786259541985,0.6030534351145038
255,1779652918.106155,0.09228515625,0.97998046875,-0.295166015625,-3.50381679389313,0.015267175572519083,-2.2748091603053435,-0.95751953125,0.133056640625,-0.140869140625,-0.26717557251908397,-1.4122137404580153,0.46564885496183206
256,1779652918.1172287,0.09326171875,0.97705078125,-0.29736328125,-3.519083969465649,1.9312977099236641,-2.198473282442748,-0.958251953125,0.127685546875,-0.13232421875,-0.2366412213740458,-1.3969465648854962,0.5648854961832062
257,1779652918.1283166,0.093505859375,0.9755859375,-0.283447265625,-3.5877862595419847,0.03816793893129771,-2.2748091603053435,-0.968505859375,0.140869140625,-0.12646484375,-0.2595419847328244,-1.4427480916030535,0.6183206106870229
258,1779652918.1393933,0.096923828125,0.974609375,-0.2880859375,-3.5801526717557253,0.04580152671755725,-2.0916030534351147,-0.95654296875,0.135986328125,-0.134765625,-0.17557251908396945,-1.450381679389313,0.6183206106870229
259,1779652918.1504896,0.08447265625,0.9765625,-0.29052734375,-3.4656488549618323,0.0,-2.0229007633587788,-0.956298828125,0.13525390625,-0.142333984375,-0.2824427480916031,-1.5725190839694656,0.6946564885496184
260,1779652918.161559,0.09423828125,0.969970703125,-0.2822265625,-3.6717557251908395,-0.05343511450381679,-2.2213740458015265,-0.95654296875,0.138916015625,-0.13525390625,-0.33587786259541985,-1.3206106870229009,0.5343511450381679
261,1779652918.172631,0.099365234375,0.9765625,-0.281982421875,-3.633587786259542,0.16030534351145037,-2.2290076335877864,-0.95703125,0.155029296875,-0.134521484375,-0.3435114503816794,-1.2061068702290076,0.732824427480916
262,1779652918.1836894,0.10009765625,0.9775390625,-0.287353515625,-3.572519083969466,0.04580152671755725,-2.2213740458015265,-0.959716796875,0.138671875,-0.1279296875,-0.35877862595419846,-1.381679389312977,0.6335877862595419
263,1779652918.1947548,0.098876953125,0.9775390625,-0.28759765625,-3.7557251908396947,0.183206106870229,-2.3587786259541983,-0.96240234375,0.134521484375,-0.12060546875,-0.37404580152671757,-1.282442748091603,0.6793893129770993
264,1779652918.2058187,0.1083984375,0.972412109375,-0.29150390625,-3.5801526717557253,0.10687022900763359,-2.267175572519084,-0.95556640625,0.13720703125,-0.134521484375,-0.25190839694656486,-1.5267175572519085,0.6717557251908397
265,1779652918.2168806,0.080078125,0.978271484375,-0.28271484375,-3.6259541984732824,-0.16793893129770993,-2.3969465648854964,-0.938232421875,0.12890625,-0.1298828125,-0.24427480916030533,-1.381679389312977,0.6106870229007634
266,1779652918.2279813,0.099365234375,0.9755859375,-0.282958984375,-3.717557251908397,1.916030534351145,-2.450381679389313,-0.948974609375,0.144287109375,-0.122314453125,-0.17557251908396945,-1.3129770992366412,0.6030534351145038
267,1779652918.239045,0.09228515625,0.97265625,-0.28564453125,-3.7557251908396947,0.09923664122137404,-2.145038167938931,-0.958740234375,0.137939453125,-0.1337890625,-0.2900763358778626,-1.251908396946565,0.6106870229007634
268,1779652918.2501266,0.09765625,0.98193359375,-0.28125,-3.5114503816793894,-0.05343511450381679,-2.183206106870229,-0.951171875,0.129150390625,-0.122314453125,-0.366412213740458,-1.4274809160305344,0.6259541984732825
269,1779652918.2612138,0.0986328125,0.97607421875,-0.28125,-3.6030534351145036,0.1450381679389313,-2.4427480916030535,-0.953857421875,0.1328125,-0.134765625,-0.26717557251908397,-1.549618320610687,0.5114503816793893
270,1779652918.2722933,0.1005859375,0.982666015625,-0.29150390625,-3.5572519083969465,0.03816793893129771,-2.3587786259541983,-0.954345703125,0.138427734375,-0.128662109375,-0.3053435114503817,-1.4274809160305344,0.6335877862595419
271,1779652918.2833407,0.095458984375,0.971923828125,-0.287109375,-3.6412213740458017,0.05343511450381679,-2.3969465648854964,-0.9443359375,0.136474609375,-0.13525390625,-0.3435114503816794,-1.2900763358778626,0.45038167938931295
272,1779652918.2944057,0.09423828125,0.977294921875,-0.280517578125,-3.648854961832061,-0.08396946564885496,-2.1603053435114505,-0.951416015625,0.133056640625,-0.13330078125,-0.24427480916030533,-1.450381679389313,0.6183206106870229
273,1779652918.305482,0.102294921875,0.981201171875,-0.2919921875,-3.687022900763359,0.022900763358778626,-2.2519083969465647,-0.9580078125,0.132080078125,-0.149169921875,-0.22137404580152673,-1.465648854961832,0.5648854961832062
274,1779652918.3165305,0.09716796875,0.97412109375,-0.292236328125,-3.763358778625954,-0.08396946564885496,-2.114503816793893,-0.94873046875,0.135986328125,-0.137451171875,-0.3282442748091603,-1.549618320610687,0.5267175572519084
275,1779652918.3276093,0.099365234375,0.979736328125,-0.281494140625,-3.480916030534351,1.9083969465648856,-2.236641221374046,-0.9384765625,0.1455078125,-0.1376953125,-0.1984732824427481,-1.3511450381679388,0.7099236641221374
276,1779652918.3386838,0.085205078125,0.9765625,-0.287353515625,-3.7557251908396947,-0.05343511450381679,-2.145038167938931,-0.956787109375,0.12548828125,-0.127685546875,-0.29770992366412213,-1.366412213740458,0.7938931297709924
277,1779652918.3497715,0.09716796875,0.97119140625,-0.2880859375,-3.4427480916030535,0.183206106870229,-2.236641221374046,-0.964111328125,0.13671875,-0.1318359375,-0.17557251908396945,-1.618320610687023,0.7175572519083969
278,1779652918.360864,0.0947265625,0.975341796875,-0.288330078125,-3.6030534351145036,0.1297709923664122,-2.1603053435114505,-0.959228515625,0.129638671875,-0.134765625,-0.22137404580152673,-1.4961832061068703,0.648854961832061
279,1779652918.3719625,0.102294921875,0.9765625,-0.282470703125,-3.5877862595419847,0.0916030534351145,-2.3053435114503817,-0.94970703125,0.141357421875,-0.1328125,-0.2366412213740458,-1.3740458015267176,0.6335877862595419
280,1779652918.3830452,0.0966796875,0.97900390625,-0.284912109375,-3.572519083969466,0.007633587786259542,-2.282442748091603,-0.9560546875,0.134521484375,-0.131591796875,-0.29770992366412213,-1.4580152671755726,0.5877862595419847
281,1779652918.394124,0.081787109375,0.98095703125,-0.2861328125,-3.549618320610687,-1.8702290076335877,-2.1526717557251906,-0.958984375,0.12646484375,-0.136474609375,-0.12213740458015267,-1.2595419847328244,0.6717557251908397
282,1779652918.4052234,0.097900390625,0.9736328125,-0.28955078125,-3.6717557251908395,0.24427480916030533,-2.3206106870229006,-0.948974609375,0.138427734375,-0.125244140625,-0.16793893129770993,-1.2366412213740459,0.6259541984732825
283,1779652918.416299,0.09228515625,0.9794921875,-0.291748046875,-3.549618320610687,0.1450381679389313,-2.2061068702290076,-0.94921875,0.1357421875,-0.1337890625,-0.15267175572519084,-1.4885496183206106,0.7709923664122137
284,1779652918.4273772,0.10009765625,0.977783203125,-0.287353515625,-3.4427480916030535,0.09923664122137404,-2.183206106870229,-0.95751953125,0.1376953125,-0.13623046875,-0.24427480916030533,-1.4274809160305344,0.5267175572519084
285,1779652918.4384778,0.094970703125,0.97314453125,-0.2822265625,-3.5572519083969465,0.13740458015267176,-2.2519083969465647,-0.954345703125,0.1416015625,-0.133056640625,-0.31297709923664124,-1.3511450381679388,0.5877862595419847
286,1779652918.4495492,0.096923828125,0.97900390625,-0.29052734375,-3.519083969465649,0.030534351145038167,-2.3587786259541983,-0.957763671875,0.138671875,-0.13037109375,-0.2824427480916031,-1.4122137404580153,0.44274809160305345
287,1779652918.4606214,0.0966796875,0.97509765625,-0.2939453125,-3.7709923664122136,0.07633587786259542,-2.1755725190839694,-0.947998046875,0.137939453125,-0.128662109375,-0.20610687022900764,-1.2671755725190839,0.5954198473282443
288,1779652918.4716864,0.09326171875,0.97021484375,-0.281494140625,-3.519083969465649,0.17557251908396945,-2.1297709923664123,-0.951904296875,0.134521484375,-0.138916015625,-0.1450381679389313,-1.4351145038167938,0.6793893129770993
289,1779652918.4828916,0.098388671875,0.97412109375,-0.28564453125,-3.6030534351145036,0.1984732824427481,-2.33587786259542,-0.966552734375,0.128662109375,-0.13720703125,-0.29770992366412213,-1.4045801526717556,0.5114503816793893
290,1779652918.4940178,0.097900390625,0.974365234375,-0.285400390625,-3.480916030534351,-0.0916030534351145,-2.1526717557251906,-0.95751953125,0.126708984375,-0.132568359375,-0.3053435114503817,-1.3282442748091603,0.5877862595419847
291,1779652918.5051033,0.09375,0.973388671875,-0.290771484375,-3.595419847328244,0.16793893129770993,-2.236641221374046,-0.95068359375,0.1396484375,-0.135009765625,-0.15267175572519084,-1.3969465648854962,0.6870229007633588
292,1779652918.5161717,0.100341796875,0.984130859375,-0.282958984375,-3.50381679389313,-0.1450381679389313,-2.3435114503816794,-0.958251953125,0.137451171875,-0.128173828125,-0.2824427480916031,-1.4885496183206106,0.5572519083969466
293,1779652918.5272365,0.09423828125,0.979736328125,-0.2841796875,-3.4580152671755724,0.16030534351145037,-2.1526717557251906,-0.947021484375,0.1416015625,-0.13134765625,-0.2595419847328244,-1.4045801526717556,0.6335877862595419
294,1779652918.5383039,0.09228515625,0.97265625,-0.287841796875,-3.5114503816793894,-0.05343511450381679,-2.1374045801526718,-0.9482421875,0.134521484375,-0.134765625,-0.366412213740458,-1.282442748091603,0.648854961832061
295,1779652918.5493684,0.09912109375,0.976318359375,-0.2890625,-3.5572519083969465,0.08396946564885496,-2.1374045801526718,-0.96630859375,0.126220703125,-0.125244140625,-0.25190839694656486,-1.2595419847328244,0.3816793893129771
296,1779652918.5604374,0.095947265625,0.976318359375,-0.282958984375,-3.5877862595419847,0.1984732824427481,-2.33587786259542,-0.957763671875,0.143310546875,-0.130859375,-0.06870229007633588,-1.3206106870229009,0.648854961832061
297,1779652918.5715792,0.083251953125,0.972900390625,-0.28173828125,-3.6946564885496183,0.03816793893129771,-2.4122137404580153,-0.947265625,0.140869140625,-0.131103515625,-0.07633587786259542,-1.4198473282442747,0.5725190839694656
298,1779652918.5826502,0.096435546875,0.97900390625,-0.282958984375,-3.687022900763359,0.06870229007633588,-2.2748091603053435,-0.96533203125,0.135986328125,-0.128662109375,-0.17557251908396945,-1.297709923664122,0.816793893129771
299,1779652918.5942092,0.105224609375,0.9755859375,-0.2958984375,-3.50381679389313,0.07633587786259542,-2.4732824427480917,-0.947998046875,0.13037109375,-0.139892578125,-0.2900763358778626,-1.282442748091603,0.5038167938931297
300,1779652918.6052842,0.10888671875,0.9755859375,-0.283203125,-3.6946564885496183,1.900763358778626,-2.351145038167939,-0.9541015625,0.14013671875,-0.129638671875,-0.2366412213740458,-1.4198473282442747,0.7862595419847328
301,1779652918.616488,0.0947265625,0.975341796875,-0.285400390625,-3.4427480916030535,-0.07633587786259542,-2.366412213740458,-0.939208984375,0.133544921875,-0.128173828125,-0.37404580152671757,-1.3740458015267176,0.6793893129770993
302,1779652918.6277144,0.07958984375,0.97509765625,-0.29248046875,-3.6412213740458017,0.08396946564885496,-2.427480916030534,-0.9501953125,0.134033203125,-0.12890625,-0.29770992366412213,-1.381679389312977,0.48854961832061067
303,1779652918.6387749,0.0927734375,0.975341796875,-0.28466796875,-3.6717557251908395,0.15267175572519084,-2.1755725190839694,-0.9501953125,0.130859375,-0.1337890625,-0.2748091603053435,-1.3358778625954197,0.6412213740458015
304,1779652918.6498284,0.094970703125,0.97607421875,-0.27978515625,-3.6030534351145036,0.061068702290076333,-2.267175572519084,-0.959228515625,0.139404296875,-0.133056640625,-0.3511450381679389,-1.4351145038167938,0.5648854961832062
305,1779652918.6609218,0.09619140625,0.9775390625,-0.283447265625,-3.6106870229007635,0.08396946564885496,-2.6106870229007635,-0.939208984375,0.136962890625,-0.135498046875,-0.31297709923664124,-1.3358778625954197,0.5267175572519084
306,1779652918.6719902,0.095703125,0.97412109375,-0.28564453125,-3.381679389312977,0.0916030534351145,-2.2290076335877864,-0.9638671875,0.1376953125,-0.137451171875,-0.1450381679389313,-1.4045801526717556,0.7175572519083969
307,1779652918.683079,0.09228515625,0.977783203125,-0.28662109375,-3.7022900763358777,0.1450381679389313,-2.3587786259541983,-0.95849609375,0.137451171875,-0.139404296875,-0.2595419847328244,-1.450381679389313,0.48091603053435117
308,1779652918.6941583,0.09228515625,0.983642578125,-0.283203125,-3.5801526717557253,-0.1297709923664122,-2.3053435114503817,-0.956787109375,0.140380859375,-0.125244140625,-0.3816793893129771,-1.4122137404580153,0.6946564885496184
309,1779652918.705216,0.08056640625,0.973388671875,-0.288818359375,-3.6259541984732824,0.06870229007633588,-2.427480916030534,-0.962158203125,0.14306640625,-0.133544921875,-0.33587786259541985,-1.450381679389313,0.3511450381679389
310,1779652918.7163184,0.09716796875,0.973876953125,-0.2958984375,-3.5114503816793894,0.030534351145038167,-2.3969465648854964,-0.948974609375,0.136474609375,-0.130859375,-0.35877862595419846,-1.3435114503816794,0.6183206106870229
311,1779652918.7274165,0.1015625,0.973876953125,-0.28564453125,-3.6717557251908395,0.061068702290076333,-2.3740458015267176,-0.938720703125,0.134521484375,-0.1357421875,-0.3053435114503817,-1.450381679389313,0.48854961832061067
312,1779652918.738485,0.101806640625,0.969970703125,-0.29296875,-3.7557251908396947,0.1984732824427481,-2.198473282442748,-0.948486328125,0.13720703125,-0.129150390625,-0.33587786259541985,-1.3740458015267176,0.6412213740458015
313,1779652918.7495499,0.095703125,0.98046875,-0.2880859375,-3.66412213740458,-0.061068702290076333,-2.4580152671755724,-0.95849609375,0.138916015625,-0.13330078125,-0.2824427480916031,-1.251908396946565,0.6793893129770993
314,1779652918.7606232,0.09228515625,0.977294921875,-0.287841796875,-3.6717557251908395,0.31297709923664124,-2.5114503816793894,-0.943603515625,0.133056640625,-0.132080078125,-0.24427480916030533,-1.282442748091603,0.5190839694656488
315,1779652918.7716928,0.095458984375,0.97900390625,-0.295654296875,-3.480916030534351,0.06870229007633588,-2.2442748091603053,-0.968017578125,0.13720703125,-0.12939453125,-0.2900763358778626,-1.2671755725190839,0.648854961832061
316,1779652918.782754,0.09912109375,0.982177734375,-0.283447265625,-3.572519083969466,0.0,-2.2748091603053435,-0.952880859375,0.152099609375,-0.13134765625,-0.31297709923664124,-1.4274809160305344,0.5190839694656488
317,1779652918.7938023,0.08935546875,0.974609375,-0.287109375,-3.4732824427480917,0.022900763358778626,-2.3893129770992365,-0.95751953125,0.13623046875,-0.129150390625,-0.32061068702290074,-1.381679389312977,0.6717557251908397
318,1779652918.8048785,0.09765625,0.971435546875,-0.286376953125,-3.5877862595419847,0.16030534351145037,-2.366412213740458,-0.953125,0.13818359375,-0.134521484375,-0.3511450381679389,-1.5038167938931297,0.6106870229007634
319,1779652918.8159618,0.10888671875,0.975830078125,-0.294921875,-3.49618320610687,-0.08396946564885496,-2.4656488549618323,-0.94091796875,0.136474609375,-0.13525390625,-0.48091603053435117,-1.2671755725190839,0.5343511450381679
320,1779652918.8270097,0.08251953125,0.97021484375,-0.27880859375,-3.7022900763358777,0.0916030534351145,-2.2213740458015265,-0.939208984375,0.135986328125,-0.13720703125,-0.20610687022900764,-1.5190839694656488,0.6946564885496184
321,1779652918.8380778,0.09521484375,0.973388671875,-0.286865234375,-3.4732824427480917,1.9389312977099236,-2.3206106870229006,-0.949462890625,0.15234375,-0.126708984375,-0.2900763358778626,-1.366412213740458,0.6641221374045801
322,1779652918.8491428,0.095703125,0.982421875,-0.28759765625,-3.50381679389313,-0.10687022900763359,-2.3587786259541983,-0.955810546875,0.138671875,-0.130859375,-0.3053435114503817,-1.2213740458015268,0.5572519083969466
323,1779652918.8602068,0.094482421875,0.970947265625,-0.283935546875,-3.519083969465649,0.09923664122137404,-2.2748091603053435,-0.952392578125,0.140380859375,-0.12841796875,-0.19083969465648856,-1.3893129770992367,0.4961832061068702
324,1779652918.8712728,0.095458984375,0.98046875,-0.283447265625,-3.595419847328244,-1.9312977099236641,-2.3740458015267176,-0.9501953125,0.14013671875,-0.1416015625,-0.35877862595419846,-1.4580152671755726,0.5648854961832062
325,1779652918.8825028,0.10888671875,0.97900390625,-0.28369140625,-3.564885496183206,-0.09923664122137404,-2.2977099236641223,-0.937744140625,0.154052734375,-0.136962890625,-0.44274809160305345,-1.4427480916030535,0.7022900763358778
326,1779652918.893578,0.10888671875,0.972412109375,-0.283935546875,-3.5114503816793894,0.16030534351145037,-2.381679389312977,-0.953857421875,0.135986328125,-0.1533203125,-0.2900763358778626,-1.1908396946564885,0.46564885496183206
327,1779652918.9046555,0.09912109375,0.97802734375,-0.291748046875,-3.786259541984733,0.06870229007633588,-2.33587786259542,-0.948486328125,0.14111328125,-0.134521484375,-0.26717557251908397,-1.251908396946565,0.5572519083969466
328,1779652918.9157307,0.0947265625,0.973876953125,-0.28515625,-3.5267175572519083,1.8702290076335877,-2.2061068702290076,-0.94921875,0.140869140625,-0.134765625,-0.42748091603053434,-1.251908396946565,0.6106870229007634
329,1779652918.9267902,0.100341796875,0.9775390625,-0.289794921875,-3.519083969465649,0.06870229007633588,-2.213740458015267,-0.94775390625,0.15185546875,-0.128662109375,-0.3053435114503817,-1.5572519083969465,0.5343511450381679
330,1779652918.9378514,0.078857421875,0.974365234375,-0.283447265625,-3.7251908396946565,-0.03816793893129771,-2.312977099236641,-0.9501953125,0.125,-0.135498046875,-0.2595419847328244,-1.3435114503816794,0.5572519083969466
331,1779652918.9489207,0.07958984375,0.97705078125,-0.288330078125,-3.5419847328244276,0.06870229007633588,-2.4732824427480917,-0.953857421875,0.143798828125,-0.13916015625,-0.32061068702290074,-1.282442748091603,0.5877862595419847
332,1779652918.9599948,0.096923828125,0.97314453125,-0.27197265625,-3.7099236641221376,0.1984732824427481,-2.1755725190839694,-0.956298828125,0.135498046875,-0.1318359375,-0.3511450381679389,-1.4122137404580153,0.6335877862595419
333,1779652918.9710608,0.097412109375,0.978271484375,-0.284423828125,-3.687022900763359,0.13740458015267176,-2.2519083969465647,-0.956787109375,0.1376953125,-0.13671875,-0.22900763358778625,-1.2900763358778626,0.6030534351145038
334,1779652918.9821281,0.09375,0.977783203125,-0.28125,-3.519083969465649,-0.022900763358778626,-2.3969465648854964,-0.95361328125,0.1396484375,-0.13330078125,-0.22900763358778625,-1.5038167938931297,0.5801526717557252
335,1779652918.9932268,0.10888671875,0.974853515625,-0.28564453125,-3.6564885496183206,0.030534351145038167,-2.1068702290076335,-0.959716796875,0.136962890625,-0.12939453125,-0.13740458015267176,-1.4274809160305344,0.7099236641221374
336,1779652919.0043087,0.103271484375,0.974853515625,-0.28369140625,-3.5877862595419847,0.1450381679389313,-2.2061068702290076,-0.947998046875,0.136962890625,-0.133056640625,-0.2748091603053435,-1.5419847328244274,0.5267175572519084
337,1779652919.0153997,0.10302734375,0.97900390625,-0.2939453125,-3.66412213740458,-1.9465648854961832,-2.2061068702290076,-0.9609375,0.132568359375,-0.125244140625,-0.20610687022900764,-1.2900763358778626,0.4961832061068702
338,1779652919.0264819,0.09033203125,0.97998046875,-0.284423828125,-3.4656488549618323,0.0916030534351145,-2.3587786259541983,-0.964111328125,0.137451171875,-0.136962890625,-0.2824427480916031,-1.282442748091603,0.732824427480916
339,1779652919.037545,0.096923828125,0.977783203125,-0.282470703125,-3.633587786259542,0.37404580152671757,-2.33587786259542,-0.958740234375,0.137939453125,-0.138427734375,-0.26717557251908397,-1.3435114503816794,0.5572519083969466
340,1779652919.0486078,0.09814453125,0.979248046875,-0.281005859375,-3.519083969465649,-0.022900763358778626,-2.3435114503816794,-0.940673828125,0.135986328125,-0.1533203125,-0.37404580152671757,-1.4122137404580153,0.549618320610687
341,1779652919.05968,0.095458984375,0.977294921875,-0.28564453125,-3.732824427480916,0.061068702290076333,-2.3206106870229006,-0.96044921875,0.13427734375,-0.131591796875,-0.2595419847328244,-1.3435114503816794,0.6030534351145038
342,1779652919.0707445,0.103759765625,0.970703125,-0.2861328125,-3.6946564885496183,-1.916030534351145,-2.282442748091603,-0.9501953125,0.129150390625,-0.1357421875,-0.2366412213740458,-1.2366412213740459,0.6793893129770993
343,1779652919.0818114,0.095947265625,0.98046875,-0.294677734375,-3.4732824427480917,0.22137404580152673,-2.236641221374046,-0.94482421875,0.13720703125,-0.13623046875,-0.007633587786259542,-1.5572519083969465,0.6259541984732825
344,1779652919.0928748,0.097900390625,0.97607421875,-0.285400390625,-3.5877862595419847,0.1450381679389313,-2.282442748091603,-0.960205078125,0.13232421875,-0.136474609375,-0.19083969465648856,-1.3129770992366412,0.648854961832061
345,1779652919.1039894,0.0966796875,0.979248046875,-0.290771484375,-3.687022900763359,0.11450381679389313,-2.3587786259541983,-0.957275390625,0.1376953125,-0.1328125,-0.19083969465648856,-1.3282442748091603,0.6335877862595419
346,1779652919.115069,0.09521484375,0.971923828125,-0.28515625,-3.6564885496183206,-0.061068702290076333,-2.2290076335877864,-0.94921875,0.1376953125,-0.13427734375,-0.2366412213740458,-1.4580152671755726,0.6641221374045801
347,1779652919.126137,0.08203125,0.979736328125,-0.28515625,-3.6717557251908395,1.9465648854961832,-2.366412213740458,-0.9599609375,0.1416015625,-0.13427734375,-0.33587786259541985,-1.2595419847328244,0.6641221374045801
348,1779652919.1372201,0.081787109375,0.977294921875,-0.28759765625,-3.816793893129771,0.25190839694656486,-2.312977099236641,-0.94189453125,0.138671875,-0.135498046875,-0.2595419847328244,-1.4198473282442747,0.46564885496183206
349,1779652919.148312,0.09228515625,0.9853515625,-0.29150390625,-3.549618320610687,0.12213740458015267,-2.145038167938931,-0.95556640625,0.1376953125,-0.131591796875,-0.20610687022900764,-1.4198473282442747,0.48854961832061067
350,1779652919.1593997,0.09765625,0.970947265625,-0.294921875,-3.4732824427480917,0.26717557251908397,-2.145038167938931,-0.961181640625,0.142333984375,-0.111083984375,-0.32061068702290074,-1.3206106870229009,0.46564885496183206
351,1779652919.1704931,0.09521484375,0.978759765625,-0.288330078125,-3.717557251908397,-0.12213740458015267,-2.2061068702290076,-0.94189453125,0.136962890625,-0.1259765625,-0.183206106870229,-1.3435114503816794,0.5343511450381679
352,1779652919.1815617,0.09375,0.97265625,-0.281005859375,-3.7480916030534353,0.05343511450381679,-2.2213740458015265,-0.950927734375,0.13671875,-0.136962890625,-0.32061068702290074,-1.213740458015267,0.648854961832061
353,1779652919.1926239,0.1083984375,0.972900390625,-0.2890625,-3.7022900763358777,1.9389312977099236,-2.312977099236641,-0.961181640625,0.133544921875,-0.13330078125,-0.3282442748091603,-1.4885496183206106,0.7404580152671756
354,1779652919.203785,0.098388671875,0.97802734375,-0.2802734375,-3.5572519083969465,0.10687022900763359,-2.3282442748091605,-0.960693359375,0.140380859375,-0.135009765625,-0.13740458015267176,-1.3969465648854962,0.6335877862595419
355,1779652919.2157812,0.089111328125,0.972900390625,-0.290283203125,-3.633587786259542,0.06870229007633588,-2.3740458015267176,-0.96826171875,0.133544921875,-0.130615234375,-0.15267175572519084,-1.3511450381679388,0.5114503816793893
356,1779652919.227776,0.09375,0.97607421875,-0.28564453125,-3.595419847328244,-0.15267175572519084,-2.213740458015267,-0.9541015625,0.134765625,-0.130615234375,-0.19083969465648856,-1.465648854961832,0.648854961832061
357,1779652919.2397418,0.09619140625,0.982666015625,-0.28125,-3.8091603053435112,0.09923664122137404,-2.2748091603053435,-0.967529296875,0.136474609375,-0.13134765625,-0.1297709923664122,-1.3206106870229009,0.3969465648854962
358,1779652919.2516856,0.08203125,0.9697265625,-0.290771484375,-3.717557251908397,0.12213740458015267,-2.351145038167939,-0.9541015625,0.141357421875,-0.126953125,-0.3969465648854962,-1.3740458015267176,0.6335877862595419
359,1779652919.2636507,0.0947265625,0.978271484375,-0.26611328125,-3.5801526717557253,-0.07633587786259542,-2.3282442748091605,-0.95458984375,0.14501953125,-0.136962890625,-0.29770992366412213,-1.4809160305343512,0.6106870229007634
360,1779652919.2755978,0.0966796875,0.979736328125,-0.29052734375,-3.6717557251908395,0.16030534351145037,-2.3206106870229006,-0.957275390625,0.13232421875,-0.139404296875,-0.2366412213740458,-1.3129770992366412,0.6717557251908397
361,1779652919.2877517,0.080810546875,0.971923828125,-0.288330078125,-3.633587786259542,0.015267175572519083,-2.3053435114503817,-0.959228515625,0.140380859375,-0.125732421875,-0.1984732824427481,-1.3893129770992367,0.6412213740458015
362,1779652919.2997284,0.094970703125,0.9765625,-0.27783203125,-3.6946564885496183,-0.12213740458015267,-2.1755725190839694,-0.951416015625,0.132080078125,-0.110595703125,-0.15267175572519084,-1.4809160305343512,0.45038167938931295
363,1779652919.3116977,0.09814453125,0.974609375,-0.28076171875,-3.6793893129770994,0.24427480916030533,-2.267175572519084,-0.954345703125,0.13916015625,-0.1318359375,-0.2748091603053435,-1.4274809160305344,0.6793893129770993
364,1779652919.3236282,0.0986328125,0.977294921875,-0.2919921875,-3.595419847328244,-0.11450381679389313,-2.427480916030534,-0.93896484375,0.130126953125,-0.1533203125,-0.24427480916030533,-1.3740458015267176,0.5038167938931297
365,1779652919.3356326,0.0947265625,0.97705078125,-0.284912109375,-3.66412213740458,0.022900763358778626,-2.2977099236641223,-0.96630859375,0.14111328125,-0.130859375,-0.33587786259541985,-1.3969465648854962,0.549618320610687
366,1779652919.3475902,0.09423828125,0.97998046875,-0.281982421875,-3.5572519083969465,0.20610687022900764,-2.3587786259541983,-0.956298828125,0.138671875,-0.13427734375,-0.32061068702290074,-1.4122137404580153,0.6412213740458015
367,1779652919.3595862,0.09765625,0.979736328125,-0.292236328125,-3.687022900763359,0.11450381679389313,-2.282442748091603,-0.95654296875,0.140869140625,-0.138916015625,-0.2900763358778626,-1.4351145038167938,0.6259541984732825
368,1779652919.3715603,0.08154296875,0.97412109375,-0.28662109375,-3.480916030534351,-0.03816793893129771,-2.2213740458015265,-0.96337890625,0.136474609375,-0.13427734375,-0.24427480916030533,-1.4732824427480915,0.6259541984732825
369,1779652919.3834856,0.09521484375,0.973388671875,-0.289794921875,-3.4732824427480917,0.007633587786259542,-2.213740458015267,-0.95263671875,0.141845703125,-0.132568359375,-0.183206106870229,-1.3587786259541985,0.48091603053435117
370,1779652919.3954706,0.098876953125,0.975830078125,-0.292724609375,-3.5801526717557253,0.06870229007633588,-2.1755725190839694,-0.95263671875,0.13916015625,-0.139404296875,-0.46564885496183206,-1.4427480916030535,0.4961832061068702
371,1779652919.4074821,0.095947265625,0.979736328125,-0.287353515625,-3.49618320610687,1.9236641221374047,-2.5267175572519083,-0.9638671875,0.143310546875,-0.12548828125,-0.24427480916030533,-1.5877862595419847,0.7786259541984732
372,1779652919.4194622,0.09423828125,0.97265625,-0.2890625,-3.6106870229007635,-1.9083969465648856,-2.16793893129771,-0.962646484375,0.129638671875,-0.1396484375,-0.183206106870229,-1.4427480916030535,0.5419847328244275
373,1779652919.4314551,0.099853515625,0.977783203125,-0.296142578125,-3.7251908396946565,0.19083969465648856,-2.427480916030534,-0.96826171875,0.13818359375,-0.133544921875,-0.1450381679389313,-1.3282442748091603,0.5954198473282443
374,1779652919.4434583,0.094482421875,0.980712890625,-0.2861328125,-3.4656488549618323,0.07633587786259542,-2.198473282442748,-0.9560546875,0.134033203125,-0.132568359375,-0.16030534351145037,-1.2748091603053435,0.5725190839694656
375,1779652919.4554384,0.103759765625,0.98193359375,-0.286865234375,-3.6717557251908395,0.22900763358778625,-2.213740458015267,-0.953369140625,0.135009765625,-0.122802734375,-0.15267175572519084,-1.3358778625954197,0.6259541984732825
376,1779652919.4674463,0.1005859375,0.973876953125,-0.2880859375,-3.3969465648854964,0.03816793893129771,-2.3740458015267176,-0.9619140625,0.140380859375,-0.13427734375,-0.22900763358778625,-1.3282442748091603,0.5572519083969466
377,1779652919.4794285,0.095947265625,0.9736328125,-0.284912109375,-3.5267175572519083,0.09923664122137404,-2.0763358778625953,-0.96044921875,0.141357421875,-0.125244140625,-0.25190839694656486,-1.3282442748091603,0.6030534351145038
378,1779652919.4914107,0.091796875,0.977294921875,-0.2783203125,-3.572519083969466,0.15267175572519084,-2.3282442748091605,-0.953857421875,0.141845703125,-0.136962890625,-0.31297709923664124,-1.3206106870229009,0.6793893129770993
379,1779652919.5033817,0.093994140625,0.975341796875,-0.293212890625,-3.282442748091603,0.1297709923664122,-2.0610687022900764,-0.9580078125,0.134521484375,-0.136962890625,-0.20610687022900764,-1.2900763358778626,0.6946564885496184
380,1779652919.5153906,0.097900390625,0.9755859375,-0.286376953125,-3.7099236641221376,0.04580152671755725,-2.3740458015267176,-0.94189453125,0.134033203125,-0.1298828125,-0.26717557251908397,-1.5801526717557253,0.816793893129771
381,1779652919.5273573,0.0947265625,0.975341796875,-0.283447265625,-3.435114503816794,-0.08396946564885496,-2.2977099236641223,-0.95947265625,0.13720703125,-0.136474609375,-0.24427480916030533,-1.381679389312977,0.6030534351145038
382,1779652919.539303,0.079345703125,0.976318359375,-0.294189453125,-3.6717557251908395,0.05343511450381679,-2.1526717557251906,-0.955810546875,0.141357421875,-0.1298828125,-0.3053435114503817,-1.4198473282442747,0.648854961832061
383,1779652919.5512416,0.095458984375,0.97314453125,-0.2734375,-3.2977099236641223,0.13740458015267176,-2.3206106870229006,-0.959228515625,0.13818359375,-0.12890625,-0.3435114503816794,-1.3893129770992367,0.5954198473282443
384,1779652919.563185,0.096923828125,0.97119140625,-0.2841796875,-3.6793893129770994,0.06870229007633588,-2.267175572519084,-0.953369140625,0.139404296875,-0.13671875,-0.20610687022900764,-1.2900763358778626,0.6946564885496184
385,1779652919.5751047,0.09619140625,0.9765625,-0.305419921875,-3.7099236641221376,0.16793893129770993,-2.4885496183206106,-0.95703125,0.1318359375,-0.12841796875,-0.29770992366412213,-1.5038167938931297,0.6106870229007634
386,1779652919.587466,0.095458984375,0.97412109375,-0.283935546875,-3.595419847328244,-0.061068702290076333,-2.1374045801526718,-0.952392578125,0.15283203125,-0.115966796875,-0.09923664122137404,-1.5038167938931297,0.6335877862595419
387,1779652919.599646,0.1083984375,0.9794921875,-0.296630859375,-3.6717557251908395,0.16030534351145037,-2.351145038167939,-0.947021484375,0.138427734375,-0.1259765625,-0.3893129770992366,-1.4580152671755726,0.6335877862595419
388,1779652919.6116219,0.091552734375,0.9765625,-0.268310546875,-3.6030534351145036,0.08396946564885496,-2.2519083969465647,-0.957763671875,0.1376953125,-0.1376953125,-0.25190839694656486,-1.465648854961832,0.5419847328244275
389,1779652919.6235747,0.107666015625,0.97119140625,-0.282958984375,-3.5419847328244276,-0.030534351145038167,-2.4732824427480917,-0.9560546875,0.142333984375,-0.134033203125,-0.32061068702290074,-1.2671755725190839,0.45038167938931295
390,1779652919.6355693,0.092041015625,0.977783203125,-0.28564453125,-3.6564885496183206,0.10687022900763359,-2.381679389312977,-0.949462890625,0.1337890625,-0.139404296875,-0.2900763358778626,-1.2748091603053435,0.6793893129770993
391,1779652919.647545,0.095947265625,0.976318359375,-0.2890625,-3.50381679389313,0.1297709923664122,-2.2977099236641223,-0.949462890625,0.134521484375,-0.144775390625,-0.183206106870229,-1.4809160305343512,0.6183206106870229
392,1779652919.6603947,0.10107421875,0.97705078125,-0.288818359375,-3.4885496183206106,0.030534351145038167,-2.2213740458015265,-0.956298828125,0.13671875,-0.136962890625,-0.26717557251908397,-1.3893129770992367,0.4961832061068702
393,1779652919.672383,0.09716796875,0.97802734375,-0.286376953125,-3.786259541984733,0.13740458015267176,-2.1755725190839694,-0.949462890625,0.14306640625,-0.128173828125,-0.2595419847328244,-1.282442748091603,0.6106870229007634
394,1779652919.6843584,0.0947265625,0.9765625,-0.282470703125,-3.7404580152671754,0.07633587786259542,-2.267175572519084,-0.9443359375,0.136474609375,-0.126708984375,-0.26717557251908397,-1.251908396946565,0.6641221374045801
395,1779652919.6962838,0.09228515625,0.97607421875,-0.2822265625,-3.6030534351145036,-0.015267175572519083,-2.450381679389313,-0.96630859375,0.126220703125,-0.131103515625,-0.2595419847328244,-1.3206106870229009,0.5877862595419847
396,1779652919.709115,0.099853515625,0.981689453125,-0.288330078125,-3.732824427480916,0.1450381679389313,-2.435114503816794,-0.957763671875,0.154052734375,-0.137939453125,-0.06870229007633588,-1.5648854961832062,0.5801526717557252
397,1779652919.7212653,0.10546875,0.978271484375,-0.286376953125,-3.549618320610687,-0.007633587786259542,-2.50381679389313,-0.96044921875,0.13916015625,-0.130859375,-0.3511450381679389,-1.5267175572519085,0.5954198473282443
398,1779652919.7332342,0.0966796875,0.996337890625,-0.290771484375,-3.5267175572519083,0.183206106870229,-2.427480916030534,-0.95458984375,0.135009765625,-0.13427734375,-0.24427480916030533,-1.4198473282442747,0.7862595419847328
399,1779652919.745194,0.07958984375,0.97314453125,-0.2890625,-3.4732824427480917,-0.06870229007633588,-2.3435114503816794,-0.95947265625,0.138671875,-0.141845703125,-0.1984732824427481,-1.3740458015267176,0.6564885496183206
400,1779652919.7571628,0.08984375,0.9755859375,-0.28759765625,-3.4656488549618323,1.9236641221374047,-2.114503816793893,-0.959228515625,0.141845703125,-0.127197265625,-0.2366412213740458,-1.4351145038167938,0.46564885496183206
401,1779652919.7692823,0.09423828125,0.978759765625,-0.287841796875,-3.5877862595419847,0.08396946564885496,-2.2977099236641223,-0.958740234375,0.126708984375,-0.13525390625,-0.24427480916030533,-1.3358778625954197,0.5190839694656488
402,1779652919.781536,0.101318359375,0.9794921875,-0.28076171875,-3.5877862595419847,0.06870229007633588,-2.3282442748091605,-0.955810546875,0.1396484375,-0.13134765625,-0.4122137404580153,-1.4580152671755726,0.6641221374045801
403,1779652919.7935157,0.1064453125,0.974853515625,-0.2841796875,-3.6564885496183206,0.0916030534351145,-2.16793893129771,-0.951904296875,0.1376953125,-0.14501953125,-0.1297709923664122,-1.4045801526717556,0.48091603053435117
404,1779652919.8054414,0.10400390625,0.97509765625,-0.284423828125,-3.549618320610687,-0.0916030534351145,-2.312977099236641,-0.95263671875,0.13525390625,-0.134033203125,-0.2748091603053435,-1.4198473282442747,0.7862595419847328
405,1779652919.817501,0.099609375,0.980224609375,-0.2822265625,-3.6259541984732824,0.03816793893129771,-2.2061068702290076,-0.95068359375,0.136962890625,-0.155029296875,-0.2748091603053435,-1.5267175572519085,0.6183206106870229
406,1779652919.8295672,0.094970703125,0.97509765625,-0.284912109375,-3.572519083969466,1.9236641221374047,-2.282442748091603,-0.939697265625,0.12841796875,-0.12548828125,-0.3282442748091603,-1.381679389312977,0.7251908396946565
407,1779652919.8415399,0.09716796875,0.97998046875,-0.286865234375,-3.5801526717557253,0.12213740458015267,-2.2977099236641223,-0.954833984375,0.13720703125,-0.138671875,-0.29770992366412213,-1.366412213740458,0.6717557251908397
408,1779652919.853492,0.100830078125,0.977294921875,-0.287109375,-3.4656488549618323,-0.07633587786259542,-2.1526717557251906,-0.96728515625,0.13232421875,-0.133544921875,-0.32061068702290074,-1.3282442748091603,0.6717557251908397
409,1779652919.8654633,0.0986328125,0.975341796875,-0.290283203125,-3.717557251908397,0.1450381679389313,-2.2519083969465647,-0.958984375,0.13916015625,-0.135986328125,-0.33587786259541985,-1.366412213740458,0.9007633587786259
410,1779652919.877442,0.095703125,0.975830078125,-0.281005859375,-3.49618320610687,0.007633587786259542,-2.3893129770992365,-0.959716796875,0.132080078125,-0.141357421875,-0.1297709923664122,-1.549618320610687,0.549618320610687
411,1779652919.8893952,0.095703125,0.972900390625,-0.28173828125,-3.7480916030534353,-0.0916030534351145,-2.3969465648854964,-0.958984375,0.13818359375,-0.126220703125,-0.0916030534351145,-1.3587786259541985,0.5877862595419847
412,1779652919.9013786,0.096435546875,0.974609375,-0.282470703125,-3.5343511450381677,0.015267175572519083,-2.312977099236641,-0.94970703125,0.132568359375,-0.1357421875,-0.3053435114503817,-1.3893129770992367,0.5648854961832062
413,1779652919.913415,0.083251953125,0.9765625,-0.27099609375,-3.50381679389313,0.1450381679389313,-2.366412213740458,-0.96728515625,0.139404296875,-0.130859375,-0.20610687022900764,-1.465648854961832,0.6946564885496184
414,1779652919.9254007,0.09765625,0.98046875,-0.27197265625,-3.5877862595419847,-0.05343511450381679,-2.3282442748091605,-0.96533203125,0.13330078125,-0.13037109375,-0.3053435114503817,-1.4351145038167938,0.7175572519083969
415,1779652919.9373784,0.09423828125,0.977294921875,-0.286376953125,-3.5267175572519083,-0.19083969465648856,-2.236641221374046,-0.94580078125,0.1376953125,-0.13427734375,-0.3511450381679389,-1.549618320610687,0.6106870229007634
416,1779652919.9493678,0.09765625,0.972412109375,-0.28369140625,-3.5877862595419847,-0.05343511450381679,-2.213740458015267,-0.954833984375,0.1396484375,-0.13427734375,-0.24427480916030533,-1.4351145038167938,0.6335877862595419
417,1779652919.9613595,0.097900390625,0.9697265625,-0.27197265625,-3.5343511450381677,0.13740458015267176,-2.572519083969466,-0.952392578125,0.143798828125,-0.13916015625,-0.19083969465648856,-1.3206106870229009,0.816793893129771
418,1779652919.9733407,0.092041015625,0.9716796875,-0.289306640625,-3.480916030534351,0.07633587786259542,-2.4427480916030535,-0.95654296875,0.139892578125,-0.13330078125,-0.16793893129770993,-1.4961832061068703,0.6030534351145038
419,1779652919.9852839,0.09814453125,0.97412109375,-0.280029296875,-3.549618320610687,0.11450381679389313,-2.183206106870229,-0.951904296875,0.140380859375,-0.129150390625,-0.26717557251908397,-1.465648854961832,0.7099236641221374
420,1779652919.9972286,0.096923828125,0.979248046875,-0.30126953125,-3.5114503816793894,0.1297709923664122,-2.3053435114503817,-0.96240234375,0.14453125,-0.141845703125,-0.1297709923664122,-1.4580152671755726,0.5801526717557252
421,1779652920.0092175,0.095458984375,0.97705078125,-0.281494140625,-3.435114503816794,-0.03816793893129771,-2.267175572519084,-0.95654296875,0.135986328125,-0.1337890625,-0.21374045801526717,-1.3969465648854962,0.6717557251908397
422,1779652920.0211859,0.09228515625,0.9833984375,-0.2880859375,-3.351145038167939,-0.030534351145038167,-2.351145038167939,-0.947998046875,0.1416015625,-0.1318359375,-0.17557251908396945,-1.282442748091603,0.5572519083969466
423,1779652920.0331357,0.097900390625,0.97900390625,-0.28759765625,-3.572519083969466,0.1297709923664122,-2.0763358778625953,-0.940185546875,0.139404296875,-0.13232421875,-0.25190839694656486,-1.4809160305343512,0.5343511450381679
424,1779652920.045222,0.091552734375,0.9765625,-0.272216796875,-3.564885496183206,0.1297709923664122,-2.435114503816794,-0.965087890625,0.13623046875,-0.12939453125,-0.35877862595419846,-1.3435114503816794,0.6183206106870229
425,1779652920.0571885,0.078857421875,0.9775390625,-0.2841796875,-3.450381679389313,0.015267175572519083,-2.33587786259542,-0.953857421875,0.13818359375,-0.1279296875,-0.31297709923664124,-1.3893129770992367,0.6946564885496184
426,1779652920.0690796,0.094482421875,0.970703125,-0.2900390625,-3.5114503816793894,-0.10687022900763359,-2.1755725190839694,-0.95556640625,0.14111328125,-0.12841796875,-0.2595419847328244,-1.549618320610687,0.7557251908396947
427,1779652920.0810487,0.0966796875,0.977294921875,-0.28466796875,-3.5114503816793894,-0.08396946564885496,-2.3435114503816794,-0.953369140625,0.135986328125,-0.12939453125,-0.33587786259541985,-1.3587786259541985,0.5801526717557252
428,1779652920.093063,0.1083984375,0.981201171875,-0.291015625,-3.6564885496183206,0.09923664122137404,-2.2519083969465647,-0.958251953125,0.13720703125,-0.130859375,-0.3893129770992366,-1.3740458015267176,0.5419847328244275
429,1779652920.1050344,0.0966796875,0.974853515625,-0.266357421875,-3.6259541984732824,1.9312977099236641,-2.2213740458015265,-0.953125,0.139892578125,-0.129638671875,-0.46564885496183206,-1.3893129770992367,0.6183206106870229
430,1779652920.1170475,0.100341796875,0.978759765625,-0.279296875,-3.687022900763359,-0.09923664122137404,-2.2290076335877864,-0.949462890625,0.139892578125,-0.1357421875,-0.2824427480916031,-1.4732824427480915,0.6870229007633588
431,1779652920.129036,0.094970703125,0.975830078125,-0.283203125,-3.5267175572519083,0.0,-2.1526717557251906,-0.95703125,0.134033203125,-0.12841796875,-0.22137404580152673,-1.4274809160305344,0.4732824427480916
432,1779652920.141015,0.101806640625,0.979736328125,-0.27880859375,-3.732824427480916,0.08396946564885496,-2.045801526717557,-0.95703125,0.14892578125,-0.1328125,-0.16030534351145037,-1.3129770992366412,0.4961832061068702
433,1779652920.1532874,0.107421875,0.97998046875,-0.295654296875,-3.595419847328244,0.2900763358778626,-2.4885496183206106,-0.949951171875,0.135009765625,-0.125732421875,-0.2748091603053435,-1.3893129770992367,0.5801526717557252
434,1779652920.1652944,0.0927734375,0.98193359375,-0.287353515625,-3.6259541984732824,-0.030534351145038167,-2.2519083969465647,-0.957275390625,0.131103515625,-0.128662109375,-0.31297709923664124,-1.4045801526717556,0.5877862595419847
435,1779652920.177262,0.100830078125,0.978271484375,-0.28173828125,-3.3893129770992365,0.1984732824427481,-2.282442748091603,-0.95556640625,0.138427734375,-0.135498046875,-0.4198473282442748,-1.4045801526717556,0.5190839694656488
436,1779652920.1892195,0.09814453125,0.9765625,-0.27783203125,-3.549618320610687,0.007633587786259542,-2.282442748091603,-0.942626953125,0.15478515625,-0.137451171875,-0.366412213740458,-1.2595419847328244,0.6183206106870229
437,1779652920.2011554,0.09619140625,0.97412109375,-0.286376953125,-3.7480916030534353,0.007633587786259542,-2.4732824427480917,-0.938232421875,0.1357421875,-0.1318359375,-0.4198473282442748,-1.282442748091603,0.732824427480916
438,1779652920.2131455,0.093994140625,0.97509765625,-0.283935546875,-3.450381679389313,-0.05343511450381679,-2.33587786259542,-0.95458984375,0.13330078125,-0.13818359375,-0.32061068702290074,-1.3435114503816794,0.6412213740458015
439,1779652920.2251024,0.09423828125,0.98388671875,-0.28125,-3.5572519083969465,-0.09923664122137404,-2.312977099236641,-0.954833984375,0.134765625,-0.1396484375,-0.11450381679389313,-1.3511450381679388,0.8473282442748091
440,1779652920.2370777,0.09814453125,0.984619140625,-0.290283203125,-3.4580152671755724,0.13740458015267176,-2.3053435114503817,-0.966064453125,0.13037109375,-0.132568359375,-0.25190839694656486,-1.1984732824427482,0.6641221374045801
441,1779652920.249033,0.09375,0.975341796875,-0.29443359375,-3.49618320610687,0.030534351145038167,-2.2595419847328246,-0.96142578125,0.137939453125,-0.135009765625,-0.29770992366412213,-1.3435114503816794,0.5801526717557252
442,1779652920.2610734,0.078369140625,0.979248046875,-0.289306640625,-3.5343511450381677,0.1450381679389313,-2.267175572519084,-0.949951171875,0.133056640625,-0.133544921875,-0.26717557251908397,-1.3969465648854962,0.6335877862595419
443,1779652920.2730465,0.087646484375,0.974365234375,-0.28466796875,-3.4656488549618323,0.13740458015267176,-2.2519083969465647,-0.956787109375,0.140625,-0.128173828125,-0.183206106870229,-1.4427480916030535,0.4961832061068702
444,1779652920.28504,0.078125,0.976806640625,-0.28466796875,-3.4656488549618323,0.2366412213740458,-2.3053435114503817,-0.947998046875,0.13427734375,-0.1318359375,-0.22900763358778625,-1.3358778625954197,0.6412213740458015
445,1779652920.2970214,0.09619140625,0.974853515625,-0.28173828125,-3.480916030534351,0.1450381679389313,-2.3206106870229006,-0.96875,0.1357421875,-0.154052734375,-0.4580152671755725,-1.4045801526717556,0.6183206106870229
446,1779652920.3090105,0.086181640625,0.976806640625,-0.281982421875,-3.381679389312977,-0.061068702290076333,-2.3053435114503817,-0.960693359375,0.12548828125,-0.132568359375,-0.3435114503816794,-1.4045801526717556,0.7099236641221374
447,1779652920.3210316,0.096435546875,0.975341796875,-0.274658203125,-3.6412213740458017,0.06870229007633588,-2.3893129770992365,-0.950927734375,0.136962890625,-0.13232421875,-0.15267175572519084,-1.450381679389313,0.5343511450381679
448,1779652920.333015,0.09619140625,0.978759765625,-0.28125,-3.5343511450381677,1.9083969465648856,-2.2900763358778624,-0.95458984375,0.14013671875,-0.129638671875,-0.21374045801526717,-1.366412213740458,0.5648854961832062
449,1779652920.3450277,0.095703125,0.974365234375,-0.29736328125,-3.6564885496183206,-0.030534351145038167,-2.404580152671756,-0.957275390625,0.138427734375,-0.126953125,-0.2595419847328244,-1.2671755725190839,0.42748091603053434
450,1779652920.3570035,0.09130859375,0.9755859375,-0.281494140625,-3.5114503816793894,0.20610687022900764,-2.427480916030534,-0.96240234375,0.13671875,-0.130859375,-0.25190839694656486,-1.4427480916030535,0.6259541984732825
451,1779652920.3690186,0.09716796875,0.971923828125,-0.28662109375,-3.618320610687023,0.05343511450381679,-2.213740458015267,-0.961181640625,0.138916015625,-0.135498046875,-0.1984732824427481,-1.282442748091603,0.6564885496183206
452,1779652920.3810163,0.10107421875,0.98193359375,-0.287841796875,-3.5877862595419847,0.1984732824427481,-2.2290076335877864,-0.963623046875,0.12939453125,-0.1259765625,-0.2900763358778626,-1.3129770992366412,0.7099236641221374
453,1779652920.3930387,0.109130859375,0.97265625,-0.28564453125,-3.595419847328244,0.05343511450381679,-2.2213740458015265,-0.94091796875,0.137939453125,-0.138671875,-0.25190839694656486,-1.465648854961832,0.45038167938931295
454,1779652920.4050324,0.0966796875,0.97119140625,-0.283447265625,-3.6717557251908395,-0.03816793893129771,-2.4732824427480917,-0.95068359375,0.1376953125,-0.139892578125,-0.3282442748091603,-1.2213740458015268,0.7633587786259542
455,1779652920.4170268,0.0986328125,0.9765625,-0.28955078125,-3.6946564885496183,0.1450381679389313,-2.3435114503816794,-0.952880859375,0.13623046875,-0.138427734375,-0.2748091603053435,-1.3893129770992367,0.6793893129770993
456,1779652920.4290295,0.099609375,0.971923828125,-0.292236328125,-3.5267175572519083,0.16793893129770993,-2.030534351145038,-0.959228515625,0.133544921875,-0.129150390625,-0.1297709923664122,-1.4351145038167938,0.6641221374045801
457,1779652920.4410286,0.098388671875,0.977294921875,-0.28125,-3.66412213740458,0.2366412213740458,-2.3740458015267176,-0.960205078125,0.138916015625,-0.130615234375,-0.31297709923664124,-1.3740458015267176,0.48091603053435117
458,1779652920.4530096,0.095703125,0.9794921875,-0.287109375,-3.717557251908397,0.061068702290076333,-2.3053435114503817,-0.956787109375,0.13720703125,-0.134033203125,-0.3053435114503817,-1.3740458015267176,0.6259541984732825
459,1779652920.4650693,0.093017578125,0.972412109375,-0.2880859375,-3.450381679389313,0.05343511450381679,-2.3587786259541983,-0.960205078125,0.138671875,-0.1279296875,-0.2824427480916031,-1.3435114503816794,0.7480916030534351
460,1779652920.4770734,0.093994140625,0.9716796875,-0.28369140625,-3.6717557251908395,0.10687022900763359,-2.49618320610687,-0.949951171875,0.137451171875,-0.1279296875,-0.4351145038167939,-1.3740458015267176,0.6183206106870229
461,1779652920.489054,0.091064453125,0.976318359375,-0.29296875,-3.4656488549618323,0.04580152671755725,-2.4122137404580153,-0.953857421875,0.132568359375,-0.13427734375,-0.4122137404580153,-1.4122137404580153,0.46564885496183206
462,1779652920.501052,0.08056640625,0.9755859375,-0.290771484375,-3.6946564885496183,1.916030534351145,-2.33587786259542,-0.960693359375,0.135986328125,-0.1337890625,-0.20610687022900764,-1.5954198473282444,0.5267175572519084
463,1779652920.513053,0.109130859375,0.976318359375,-0.283447265625,-3.50381679389313,-1.9389312977099236,-2.33587786259542,-0.949951171875,0.135498046875,-0.136474609375,-0.22137404580152673,-1.3740458015267176,0.48854961832061067
464,1779652920.5250468,0.091796875,0.974609375,-0.291015625,-3.66412213740458,-0.022900763358778626,-2.3740458015267176,-0.952880859375,0.136474609375,-0.128662109375,-0.20610687022900764,-1.4274809160305344,0.5725190839694656
465,1779652920.5370448,0.102294921875,0.982421875,-0.273681640625,-3.6793893129770994,0.04580152671755725,-2.450381679389313,-0.954833984375,0.132568359375,-0.130126953125,-0.2748091603053435,-1.297709923664122,0.5801526717557252
466,1779652920.5490541,0.09716796875,0.978271484375,-0.289306640625,-3.572519083969466,-1.8702290076335877,-2.2900763358778624,-0.94140625,0.14453125,-0.13232421875,-0.33587786259541985,-1.3587786259541985,0.6793893129770993
467,1779652920.5610132,0.091796875,0.9794921875,-0.285400390625,-3.549618320610687,0.030534351145038167,-2.282442748091603,-0.957275390625,0.13671875,-0.136962890625,-0.29770992366412213,-1.4122137404580153,0.6564885496183206
468,1779652920.5730402,0.107666015625,0.976806640625,-0.281494140625,-3.5419847328244276,0.061068702290076333,-2.2595419847328246,-0.95849609375,0.134521484375,-0.132080078125,-0.35877862595419846,-1.3206106870229009,0.5267175572519084
469,1779652920.5853996,0.095703125,0.97705078125,-0.289794921875,-3.648854961832061,-0.015267175572519083,-2.2442748091603053,-0.958251953125,0.138916015625,-0.130859375,-0.2595419847328244,-1.297709923664122,0.5343511450381679
470,1779652920.5978055,0.097900390625,0.9736328125,-0.290283203125,-3.595419847328244,-0.03816793893129771,-2.267175572519084,-0.9560546875,0.1396484375,-0.13427734375,-0.26717557251908397,-1.3740458015267176,0.648854961832061
471,1779652920.6097722,0.097412109375,0.977783203125,-0.282470703125,-3.4656488549618323,0.08396946564885496,-1.9923664122137406,-0.96337890625,0.138427734375,-0.13525390625,-0.3282442748091603,-1.4351145038167938,0.6946564885496184
472,1779652920.6217747,0.095703125,0.972900390625,-0.28857421875,-3.564885496183206,-1.900763358778626,-2.2900763358778624,-0.9560546875,0.139404296875,-0.130859375,-0.2900763358778626,-1.4351145038167938,0.45038167938931295
473,1779652920.6337204,0.09912109375,0.971435546875,-0.28759765625,-3.4198473282442747,0.03816793893129771,-2.3893129770992365,-0.946533203125,0.141845703125,-0.1337890625,-0.2595419847328244,-1.5038167938931297,0.7557251908396947
474,1779652920.6456714,0.0986328125,0.97265625,-0.2802734375,-3.6946564885496183,0.21374045801526717,-2.1603053435114505,-0.9541015625,0.126220703125,-0.1328125,-0.1297709923664122,-1.366412213740458,0.5877862595419847
475,1779652920.6576455,0.10791015625,0.982666015625,-0.2939453125,-3.4656488549618323,-1.916030534351145,-2.3206106870229006,-0.968505859375,0.125,-0.126708984375,-0.25190839694656486,-1.450381679389313,0.5419847328244275
476,1779652920.6696284,0.096435546875,0.9765625,-0.28515625,-3.480916030534351,0.1297709923664122,-2.1297709923664123,-0.96875,0.140380859375,-0.1513671875,-0.13740458015267176,-1.3435114503816794,0.6183206106870229
477,1779652920.681603,0.097412109375,0.97802734375,-0.28564453125,-3.5267175572519083,0.030534351145038167,-2.236641221374046,-0.9404296875,0.139404296875,-0.109619140625,-0.44274809160305345,-1.366412213740458,0.5954198473282443
478,1779652920.6935666,0.098876953125,0.97265625,-0.2880859375,-3.6412213740458017,-1.8854961832061068,-2.427480916030534,-0.957275390625,0.140380859375,-0.145263671875,-0.37404580152671757,-1.4961832061068703,0.648854961832061
479,1779652920.7055407,0.09423828125,0.9775390625,-0.2802734375,-3.549618320610687,0.04580152671755725,-2.267175572519084,-0.957275390625,0.14990234375,-0.137451171875,-0.2595419847328244,-1.1221374045801527,0.6793893129770993
480,1779652920.718265,0.0947265625,0.97607421875,-0.28759765625,-3.8396946564885495,0.022900763358778626,-2.480916030534351,-0.959228515625,0.137939453125,-0.13623046875,-0.183206106870229,-1.3969465648854962,0.648854961832061
481,1779652920.7303212,0.098388671875,0.970947265625,-0.28466796875,-3.5801526717557253,0.26717557251908397,-2.2748091603053435,-0.95703125,0.13623046875,-0.132080078125,-0.31297709923664124,-1.4732824427480915,0.5572519083969466
482,1779652920.742295,0.095703125,0.97021484375,-0.290283203125,-3.5801526717557253,0.16793893129770993,-2.282442748091603,-0.956298828125,0.1337890625,-0.1376953125,-0.32061068702290074,-1.3206106870229009,0.6564885496183206
483,1779652920.7542503,0.0947265625,0.98095703125,-0.285400390625,-3.519083969465649,0.022900763358778626,-2.2442748091603053,-0.95654296875,0.130615234375,-0.136962890625,-0.24427480916030533,-1.1908396946564885,0.5267175572519084
484,1779652920.766211,0.1015625,0.9814453125,-0.281982421875,-3.732824427480916,-0.030534351145038167,-2.3282442748091605,-0.9658203125,0.15478515625,-0.137939453125,-0.366412213740458,-1.2900763358778626,0.5877862595419847
485,1779652920.7781837,0.089599609375,0.977294921875,-0.26708984375,-3.595419847328244,0.03816793893129771,-2.33587786259542,-0.96875,0.138916015625,-0.1396484375,-0.2748091603053435,-1.3282442748091603,0.7022900763358778
486,1779652920.7901504,0.08154296875,0.978515625,-0.29052734375,-3.6030534351145036,0.08396946564885496,-2.2442748091603053,-0.962890625,0.13916015625,-0.133544921875,-0.32061068702290074,-1.2442748091603053,0.6793893129770993
487,1779652920.802125,0.094482421875,0.9716796875,-0.28955078125,-3.618320610687023,0.16030534351145037,-2.282442748091603,-0.93798828125,0.13916015625,-0.149658203125,-0.17557251908396945,-1.381679389312977,0.48854961832061067
488,1779652920.8141108,0.09521484375,0.97900390625,-0.270263671875,-3.480916030534351,0.22900763358778625,-2.3282442748091605,-0.950439453125,0.134521484375,-0.128662109375,-0.15267175572519084,-1.465648854961832,0.5877862595419847
489,1779652920.826138,0.089111328125,0.97021484375,-0.287841796875,-3.4427480916030535,-1.9389312977099236,-2.236641221374046,-0.95849609375,0.13818359375,-0.13818359375,-0.20610687022900764,-1.3435114503816794,0.6412213740458015
490,1779652920.8381045,0.1015625,0.982421875,-0.28515625,-3.5419847328244276,-1.9541984732824427,-2.381679389312977,-0.956298828125,0.13525390625,-0.13671875,-0.2366412213740458,-1.4045801526717556,0.7175572519083969
491,1779652920.8501134,0.091796875,0.969482421875,-0.28564453125,-3.6412213740458017,-1.9465648854961832,-2.3053435114503817,-0.94970703125,0.14111328125,-0.141845703125,-0.2366412213740458,-1.4961832061068703,0.6564885496183206
492,1779652920.8621063,0.091796875,0.975341796875,-0.28076171875,-3.50381679389313,0.2900763358778626,-2.282442748091603,-0.9404296875,0.132080078125,-0.133056640625,-0.22137404580152673,-1.366412213740458,0.6946564885496184
493,1779652920.8740938,0.092529296875,0.974365234375,-0.281982421875,-3.5801526717557253,0.015267175572519083,-2.122137404580153,-0.960205078125,0.139892578125,-0.135009765625,-0.2366412213740458,-1.3511450381679388,0.6564885496183206
494,1779652920.8860915,0.080078125,0.97265625,-0.2900390625,-3.816793893129771,0.15267175572519084,-2.3053435114503817,-0.9580078125,0.136962890625,-0.125732421875,-0.3435114503816794,-1.251908396946565,0.42748091603053434
495,1779652920.8980718,0.10595703125,0.978271484375,-0.286376953125,-3.4656488549618323,1.916030534351145,-2.427480916030534,-0.957763671875,0.134033203125,-0.129638671875,-0.19083969465648856,-1.4732824427480915,0.6259541984732825
496,1779652920.9100726,0.09765625,0.972900390625,-0.285400390625,-3.6259541984732824,0.007633587786259542,-2.404580152671756,-0.952880859375,0.140869140625,-0.13525390625,-0.2824427480916031,-1.3129770992366412,0.7786259541984732
497,1779652920.9220846,0.1005859375,0.975341796875,-0.28369140625,-3.4198473282442747,0.061068702290076333,-2.2442748091603053,-0.953125,0.14306640625,-0.130615234375,-0.21374045801526717,-1.4274809160305344,0.7175572519083969
498,1779652920.934084,0.095703125,0.973876953125,-0.28515625,-3.572519083969466,-0.1297709923664122,-2.33587786259542,-0.9560546875,0.1337890625,-0.140625,-0.24427480916030533,-1.2442748091603053,0.7022900763358778
499,1779652920.9460628,0.1015625,0.98046875,-0.28271484375,-3.7480916030534353,0.10687022900763359,-2.450381679389313,-0.963134765625,0.12548828125,-0.133544921875,-0.26717557251908397,-1.4427480916030535,0.7709923664122137
500,1779652920.9580524,0.093994140625,0.979248046875,-0.2783203125,-3.519083969465649,0.16793893129770993,-2.1297709923664123,-0.953369140625,0.1337890625,-0.128662109375,-0.26717557251908397,-1.2595419847328244,0.648854961832061
501,1779652920.9701476,0.09765625,0.974609375,-0.282958984375,-3.4122137404580153,0.09923664122137404,-2.1755725190839694,-0.956787109375,0.137939453125,-0.1337890625,-0.19083969465648856,-1.3740458015267176,0.6335877862595419
502,1779652920.9825864,0.100830078125,0.975830078125,-0.29296875,-3.717557251908397,0.2824427480916031,-2.4580152671755724,-0.9560546875,0.13916015625,-0.1298828125,-0.3053435114503817,-1.251908396946565,0.732824427480916
503,1779652920.994556,0.09130859375,0.976318359375,-0.27685546875,-3.480916030534351,0.061068702290076333,-2.33587786259542,-0.95361328125,0.15283203125,-0.1474609375,-0.22137404580152673,-1.5419847328244274,0.5038167938931297
504,1779652921.006581,0.097900390625,0.97265625,-0.28564453125,-3.633587786259542,0.08396946564885496,-2.3282442748091605,-0.938232421875,0.13330078125,-0.1376953125,-0.32061068702290074,-1.4351145038167938,0.6335877862595419
505,1779652921.0186114,0.0966796875,0.98291015625,-0.284423828125,-3.2442748091603053,-0.12213740458015267,-2.2442748091603053,-0.943359375,0.134765625,-0.128662109375,-0.26717557251908397,-1.3969465648854962,0.5877862595419847
506,1779652921.0308459,0.10888671875,0.977294921875,-0.296630859375,-3.7709923664122136,0.1450381679389313,-2.1755725190839694,-0.945068359375,0.135986328125,-0.133056640625,-0.31297709923664124,-1.3206106870229009,0.5648854961832062
507,1779652921.0428104,0.107177734375,0.97607421875,-0.272705078125,-3.5419847328244276,0.09923664122137404,-2.2900763358778624,-0.951416015625,0.13232421875,-0.133544921875,-0.4122137404580153,-1.5267175572519085,0.6335877862595419
508,1779652921.0547638,0.082275390625,0.97265625,-0.2880859375,-3.4427480916030535,0.03816793893129771,-2.282442748091603,-0.951904296875,0.146240234375,-0.1416015625,-0.24427480916030533,-1.3587786259541985,0.7633587786259542
509,1779652921.0667007,0.094970703125,0.9697265625,-0.294677734375,-3.5267175572519083,-1.9312977099236641,-2.33587786259542,-0.955322265625,0.13525390625,-0.138427734375,-0.1984732824427481,-1.4351145038167938,0.7557251908396947
510,1779652921.07865,0.09814453125,0.97802734375,-0.28466796875,-3.6717557251908395,0.17557251908396945,-2.351145038167939,-0.94189453125,0.13330078125,-0.1298828125,-0.25190839694656486,-1.4580152671755726,0.5725190839694656
511,1779652921.0905933,0.093505859375,0.977294921875,-0.291015625,-3.4885496183206106,0.17557251908396945,-2.3206106870229006,-0.956787109375,0.13623046875,-0.1298828125,-0.33587786259541985,-1.3511450381679388,0.6259541984732825
512,1779652921.102612,0.094970703125,0.9853515625,-0.285400390625,-3.49618320610687,0.08396946564885496,-2.282442748091603,-0.9580078125,0.1337890625,-0.127197265625,-0.2366412213740458,-1.3511450381679388,0.48091603053435117
513,1779652921.1145964,0.09228515625,0.97705078125,-0.285400390625,-3.450381679389313,-1.8931297709923665,-2.427480916030534,-0.96435546875,0.13134765625,-0.1318359375,-0.22137404580152673,-1.4580152671755726,0.7557251908396947
514,1779652921.1266098,0.09814453125,0.976806640625,-0.29443359375,-3.5801526717557253,0.11450381679389313,-2.1908396946564888,-0.950439453125,0.136474609375,-0.134765625,-0.25190839694656486,-1.3587786259541985,0.5877862595419847
515,1779652921.1386151,0.095947265625,0.9765625,-0.28662109375,-3.7786259541984735,0.26717557251908397,-2.1908396946564888,-0.958984375,0.1357421875,-0.134033203125,-0.21374045801526717,-1.3435114503816794,0.5190839694656488
516,1779652921.1506104,0.09716796875,0.97802734375,-0.2919921875,-3.6412213740458017,0.22137404580152673,-2.145038167938931,-0.967529296875,0.138427734375,-0.122314453125,-0.3511450381679389,-1.4045801526717556,0.6564885496183206
517,1779652921.1625988,0.096923828125,0.975341796875,-0.291015625,-3.6564885496183206,0.21374045801526717,-2.4122137404580153,-0.9580078125,0.138671875,-0.1357421875,-0.22900763358778625,-1.3969465648854962,0.5801526717557252
518,1779652921.1745899,0.10009765625,0.97412109375,-0.2861328125,-3.6946564885496183,0.12213740458015267,-2.2213740458015265,-0.94970703125,0.151123046875,-0.126220703125,-0.31297709923664124,-1.4274809160305344,0.648854961832061
519,1779652921.18658,0.080810546875,0.979248046875,-0.286865234375,-3.6259541984732824,1.916030534351145,-2.2977099236641223,-0.963134765625,0.15380859375,-0.132080078125,-0.3282442748091603,-1.4580152671755726,0.816793893129771
520,1779652921.1985762,0.098876953125,0.976806640625,-0.2861328125,-3.6793893129770994,0.08396946564885496,-2.33587786259542,-0.950927734375,0.14013671875,-0.137451171875,-0.3969465648854962,-1.3206106870229009,0.5877862595419847
521,1779652921.2105722,0.094970703125,0.975830078125,-0.299072265625,-3.480916030534351,-0.007633587786259542,-2.2595419847328246,-0.95166015625,0.137451171875,-0.139404296875,-0.20610687022900764,-1.4885496183206106,0.46564885496183206
522,1779652921.2226076,0.099365234375,0.972900390625,-0.2861328125,-3.6946564885496183,0.06870229007633588,-2.2442748091603053,-0.960693359375,0.135986328125,-0.13330078125,-0.22137404580152673,-1.3969465648854962,0.6793893129770993
523,1779652921.2345984,0.0927734375,0.9775390625,-0.290283203125,-3.427480916030534,-0.03816793893129771,-2.053435114503817,-0.95751953125,0.13525390625,-0.13525390625,-0.10687022900763359,-1.4122137404580153,0.5267175572519084
524,1779652921.2465858,0.098876953125,0.9755859375,-0.27490234375,-3.7022900763358777,1.9389312977099236,-2.236641221374046,-0.938232421875,0.13671875,-0.1337890625,-0.1450381679389313,-1.4885496183206106,0.5419847328244275
525,1779652921.2585583,0.107421875,0.97607421875,-0.28369140625,-3.7480916030534353,-1.83206106870229,-2.2061068702290076,-0.96337890625,0.13232421875,-0.135009765625,-0.061068702290076333,-1.465648854961832,0.5801526717557252
526,1779652921.2704902,0.108154296875,0.9765625,-0.29052734375,-3.6946564885496183,0.030534351145038167,-2.312977099236641,-0.941650390625,0.138671875,-0.128662109375,-0.24427480916030533,-1.282442748091603,0.4961832061068702
527,1779652921.2824807,0.10791015625,0.977294921875,-0.28564453125,-3.4885496183206106,0.030534351145038167,-2.2977099236641223,-0.94921875,0.14013671875,-0.130615234375,-0.2595419847328244,-1.2442748091603053,0.6106870229007634
528,1779652921.294516,0.10888671875,0.974365234375,-0.286376953125,-3.519083969465649,0.10687022900763359,-2.2061068702290076,-0.951416015625,0.134521484375,-0.129638671875,-0.3435114503816794,-1.5725190839694656,0.8015267175572519
529,1779652921.306468,0.109130859375,0.977783203125,-0.277099609375,-3.4580152671755724,-0.1984732824427481,-2.2519083969465647,-0.946533203125,0.136474609375,-0.140380859375,-0.32061068702290074,-1.2290076335877862,0.5190839694656488
530,1779652921.318573,0.091552734375,0.978515625,-0.285400390625,-3.687022900763359,-1.9083969465648856,-2.183206106870229,-0.95703125,0.13916015625,-0.133544921875,-0.1984732824427481,-1.4045801526717556,0.7633587786259542
531,1779652921.3305686,0.091796875,0.9794921875,-0.28515625,-3.5114503816793894,0.09923664122137404,-2.236641221374046,-0.9677734375,0.137939453125,-0.13232421875,-0.15267175572519084,-1.4351145038167938,0.6717557251908397
532,1779652921.342561,0.100830078125,0.972412109375,-0.286376953125,-3.50381679389313,0.0916030534351145,-2.427480916030534,-0.94580078125,0.13427734375,-0.132080078125,-0.22137404580152673,-1.366412213740458,0.6641221374045801
533,1779652921.3545263,0.09423828125,0.980224609375,-0.27978515625,-3.6106870229007635,0.2366412213740458,-2.50381679389313,-0.966796875,0.139892578125,-0.137939453125,-0.2366412213740458,-1.3282442748091603,0.4580152671755725
534,1779652921.366567,0.09716796875,0.972412109375,-0.296875,-3.549618320610687,-0.11450381679389313,-2.3206106870229006,-0.95751953125,0.13720703125,-0.13330078125,-0.20610687022900764,-1.2748091603053435,0.5801526717557252
535,1779652921.3785543,0.09130859375,0.974609375,-0.28955078125,-3.6717557251908395,0.11450381679389313,-2.2442748091603053,-0.946533203125,0.13671875,-0.1376953125,-0.3282442748091603,-1.4427480916030535,0.48854961832061067
536,1779652921.3904898,0.108154296875,0.972900390625,-0.278564453125,-3.687022900763359,0.16793893129770993,-2.3435114503816794,-0.9541015625,0.138427734375,-0.135986328125,-0.2595419847328244,-1.4045801526717556,0.5038167938931297
537,1779652921.4025047,0.09765625,0.978759765625,-0.282958984375,-3.6793893129770994,-0.04580152671755725,-2.33587786259542,-0.95703125,0.13232421875,-0.130615234375,-0.15267175572519084,-1.4045801526717556,0.6946564885496184
538,1779652921.4145586,0.099609375,0.975341796875,-0.29296875,-3.427480916030534,0.13740458015267176,-2.1526717557251906,-0.952880859375,0.1552734375,-0.13818359375,-0.33587786259541985,-1.3893129770992367,0.5877862595419847
539,1779652921.426586,0.088134765625,0.978515625,-0.2880859375,-3.6564885496183206,0.0,-2.2442748091603053,-0.965576171875,0.15478515625,-0.12548828125,-0.22900763358778625,-1.3435114503816794,0.6564885496183206
540,1779652921.4385738,0.088623046875,0.974609375,-0.281982421875,-3.549618320610687,0.0916030534351145,-2.2061068702290076,-0.94482421875,0.13427734375,-0.14306640625,-0.3435114503816794,-1.4274809160305344,0.5801526717557252
541,1779652921.4506097,0.095703125,0.978271484375,-0.285400390625,-3.4732824427480917,0.022900763358778626,-2.2213740458015265,-0.9501953125,0.136474609375,-0.135986328125,-0.2824427480916031,-1.4198473282442747,0.6259541984732825
542,1779652921.4628007,0.107421875,0.9736328125,-0.28173828125,-3.5343511450381677,0.11450381679389313,-2.4427480916030535,-0.96240234375,0.1376953125,-0.12890625,-0.22137404580152673,-1.2900763358778626,0.7633587786259542
543,1779652921.4747872,0.099853515625,0.974609375,-0.289306640625,-3.5267175572519083,0.19083969465648856,-2.1297709923664123,-0.9658203125,0.1396484375,-0.1318359375,-0.16030534351145037,-1.4427480916030535,0.6641221374045801
544,1779652921.486744,0.093505859375,0.979736328125,-0.273193359375,-3.549618320610687,0.061068702290076333,-2.1068702290076335,-0.944580078125,0.136962890625,-0.1337890625,-0.22900763358778625,-1.3129770992366412,0.6412213740458015
545,1779652921.4987016,0.09423828125,0.98046875,-0.2734375,-3.595419847328244,-0.05343511450381679,-2.2748091603053435,-0.9560546875,0.136962890625,-0.131103515625,-0.22900763358778625,-1.5114503816793894,0.6412213740458015
546,1779652921.510646,0.0966796875,0.979736328125,-0.28076171875,-3.801526717557252,0.03816793893129771,-2.3587786259541983,-0.942626953125,0.132080078125,-0.151611328125,-0.2824427480916031,-1.3893129770992367,0.44274809160305345
547,1779652921.5226293,0.10107421875,0.97265625,-0.284423828125,-3.6106870229007635,0.022900763358778626,-2.145038167938931,-0.960205078125,0.13720703125,-0.13330078125,-0.19083969465648856,-1.3358778625954197,0.4961832061068702
548,1779652921.534639,0.0966796875,0.979736328125,-0.291748046875,-3.564885496183206,-0.061068702290076333,-2.3969465648854964,-0.955810546875,0.135498046875,-0.137451171875,-0.29770992366412213,-1.534351145038168,0.6870229007633588
549,1779652921.5466049,0.095947265625,0.97705078125,-0.291748046875,-3.618320610687023,0.0916030534351145,-2.366412213740458,-0.959716796875,0.13818359375,-0.13671875,-0.1984732824427481,-1.4351145038167938,0.6641221374045801
550,1779652921.5585988,0.09326171875,0.974609375,-0.288818359375,-3.50381679389313,0.030534351145038167,-2.366412213740458,-0.960693359375,0.1357421875,-0.137939453125,-0.19083969465648856,-1.4122137404580153,0.5419847328244275
551,1779652921.5705955,0.095703125,0.979248046875,-0.293212890625,-3.4580152671755724,1.8854961832061068,-2.3587786259541983,-0.951904296875,0.133544921875,-0.138671875,-0.24427480916030533,-1.4045801526717556,0.648854961832061
552,1779652921.5825775,0.09619140625,0.976806640625,-0.281982421875,-3.480916030534351,0.04580152671755725,-2.122137404580153,-0.958740234375,0.133056640625,-0.1318359375,-0.2900763358778626,-1.3969465648854962,0.6259541984732825
553,1779652921.595035,0.092529296875,0.978271484375,-0.281005859375,-3.572519083969466,0.09923664122137404,-2.2900763358778624,-0.958251953125,0.141357421875,-0.142578125,-0.21374045801526717,-1.3053435114503817,0.5038167938931297
554,1779652921.6070118,0.099853515625,0.97998046875,-0.291748046875,-3.618320610687023,0.08396946564885496,-2.1297709923664123,-0.949462890625,0.135009765625,-0.1376953125,-0.15267175572519084,-1.1984732824427482,0.732824427480916
555,1779652921.6191003,0.096923828125,0.97998046875,-0.284912109375,-3.6717557251908395,0.19083969465648856,-2.3053435114503817,-0.9609375,0.139404296875,-0.12548828125,-0.3282442748091603,-1.297709923664122,0.6030534351145038
556,1779652921.6310935,0.093994140625,0.974853515625,-0.28955078125,-3.6564885496183206,0.022900763358778626,-2.3893129770992365,-0.962890625,0.13818359375,-0.131103515625,-0.22137404580152673,-1.251908396946565,0.7709923664122137
557,1779652921.64311,0.092041015625,0.97705078125,-0.28564453125,-3.687022900763359,0.24427480916030533,-2.1297709923664123,-0.95556640625,0.137939453125,-0.13720703125,-0.2748091603053435,-1.4427480916030535,0.6030534351145038
558,1779652921.6551068,0.08984375,0.971923828125,-0.278564453125,-3.4732824427480917,0.12213740458015267,-2.4427480916030535,-0.95556640625,0.151611328125,-0.135498046875,-0.25190839694656486,-1.3435114503816794,0.5114503816793893
559,1779652921.6671033,0.08984375,0.97705078125,-0.286376953125,-3.4198473282442747,0.13740458015267176,-2.2290076335877864,-0.951416015625,0.1337890625,-0.130615234375,-0.2748091603053435,-1.3129770992366412,0.7557251908396947
560,1779652921.6791074,0.0966796875,0.97802734375,-0.274169921875,-3.3282442748091605,-0.05343511450381679,-2.2977099236641223,-0.946044921875,0.134033203125,-0.134521484375,-0.22900763358778625,-1.4274809160305344,0.42748091603053434
561,1779652921.691108,0.0966796875,0.969482421875,-0.2861328125,-3.6259541984732824,-0.10687022900763359,-2.1603053435114505,-0.958251953125,0.135986328125,-0.136962890625,-0.2595419847328244,-1.4274809160305344,0.7022900763358778
562,1779652921.7030988,0.0966796875,0.97314453125,-0.286865234375,-3.5114503816793894,-0.03816793893129771,-2.1908396946564888,-0.9521484375,0.137939453125,-0.127197265625,-0.33587786259541985,-1.3587786259541985,0.5877862595419847
563,1779652921.7150962,0.091796875,0.972412109375,-0.289794921875,-3.7022900763358777,0.25190839694656486,-2.236641221374046,-0.9619140625,0.13623046875,-0.14208984375,-0.22137404580152673,-1.381679389312977,0.5267175572519084
564,1779652921.72712,0.0927734375,0.975341796875,-0.296142578125,-3.6946564885496183,0.030534351145038167,-2.4198473282442747,-0.95849609375,0.139892578125,-0.1318359375,-0.31297709923664124,-1.2213740458015268,0.6030534351145038
565,1779652921.739093,0.106201171875,0.974853515625,-0.283447265625,-3.633587786259542,-0.061068702290076333,-2.0839694656488548,-0.947998046875,0.127197265625,-0.132568359375,-0.15267175572519084,-1.4732824427480915,0.6717557251908397
566,1779652921.7511082,0.094482421875,0.972900390625,-0.281005859375,-3.618320610687023,0.061068702290076333,-2.099236641221374,-0.95751953125,0.138427734375,-0.136962890625,-0.2595419847328244,-1.5801526717557253,0.6717557251908397
567,1779652921.7631223,0.087646484375,0.971435546875,-0.28515625,-3.786259541984733,0.07633587786259542,-2.4198473282442747,-0.949462890625,0.13916015625,-0.13134765625,-0.16030534351145037,-1.4198473282442747,0.6641221374045801
568,1779652921.7750962,0.093017578125,0.975341796875,-0.282958984375,-3.4198473282442747,0.022900763358778626,-2.2900763358778624,-0.95458984375,0.13916015625,-0.132080078125,-0.24427480916030533,-1.450381679389313,0.48091603053435117
569,1779652921.7871063,0.097412109375,0.97509765625,-0.281005859375,-3.450381679389313,0.20610687022900764,-2.213740458015267,-0.942138671875,0.155029296875,-0.134521484375,-0.3053435114503817,-1.4198473282442747,0.5419847328244275
570,1779652921.7990763,0.095458984375,0.977294921875,-0.287353515625,-3.50381679389313,-1.8778625954198473,-2.1908396946564888,-0.94482421875,0.1279296875,-0.12939453125,-0.20610687022900764,-1.3358778625954197,0.6259541984732825
571,1779652921.8110766,0.093994140625,0.974609375,-0.279296875,-3.4580152671755724,0.22137404580152673,-2.4580152671755724,-0.961669921875,0.1259765625,-0.134521484375,-0.2366412213740458,-1.3893129770992367,0.648854961832061
572,1779652921.8230803,0.093017578125,0.969970703125,-0.275634765625,-3.6564885496183206,-0.04580152671755725,-2.2900763358778624,-0.96142578125,0.125732421875,-0.135498046875,-0.1450381679389313,-1.366412213740458,0.5648854961832062
573,1779652921.8350685,0.097412109375,0.97314453125,-0.291748046875,-3.7480916030534353,0.015267175572519083,-2.2519083969465647,-0.9501953125,0.131103515625,-0.134033203125,-0.22137404580152673,-1.251908396946565,0.7175572519083969
574,1779652921.8470726,0.0927734375,0.974609375,-0.290771484375,-3.572519083969466,0.1297709923664122,-2.183206106870229,-0.952392578125,0.13037109375,-0.13623046875,-0.2595419847328244,-1.2290076335877862,0.5648854961832062
575,1779652921.8590794,0.100341796875,0.975830078125,-0.28564453125,-3.595419847328244,-0.015267175572519083,-2.2061068702290076,-0.951171875,0.135009765625,-0.13525390625,-0.26717557251908397,-1.4045801526717556,0.5801526717557252
576,1779652921.8710845,0.09521484375,0.975830078125,-0.28955078125,-3.6030534351145036,1.9083969465648856,-2.2442748091603053,-0.951904296875,0.136962890625,-0.126708984375,-0.24427480916030533,-1.465648854961832,0.6030534351145038
577,1779652921.8830986,0.093017578125,0.977294921875,-0.2841796875,-3.6259541984732824,0.16030534351145037,-2.0839694656488548,-0.96630859375,0.12646484375,-0.132080078125,-0.3282442748091603,-1.381679389312977,0.6412213740458015
578,1779652921.8953004,0.09228515625,0.979248046875,-0.28857421875,-3.618320610687023,-0.007633587786259542,-2.5114503816793894,-0.94921875,0.13671875,-0.133544921875,-0.3435114503816794,-1.3587786259541985,0.48091603053435117
579,1779652921.907313,0.088134765625,0.972412109375,-0.2822265625,-3.763358778625954,0.11450381679389313,-2.2900763358778624,-0.9599609375,0.1396484375,-0.129150390625,-0.40458015267175573,-1.4274809160305344,0.7251908396946565
580,1779652921.9192924,0.100341796875,0.9736328125,-0.282958984375,-3.3893129770992365,0.04580152671755725,-2.1755725190839694,-0.95849609375,0.141357421875,-0.131591796875,-0.183206106870229,-1.2595419847328244,0.5114503816793893
581,1779652921.9312894,0.09912109375,0.973876953125,-0.292236328125,-3.6946564885496183,-1.9465648854961832,-2.3435114503816794,-0.949951171875,0.136474609375,-0.12890625,-0.17557251908396945,-1.450381679389313,0.6946564885496184
582,1779652921.9432573,0.097412109375,0.97998046875,-0.29443359375,-3.5877862595419847,0.29770992366412213,-2.1526717557251906,-0.9482421875,0.14013671875,-0.140380859375,-0.2824427480916031,-1.4045801526717556,0.6183206106870229
583,1779652921.9552417,0.091552734375,0.969482421875,-0.2841796875,-3.6106870229007635,0.10687022900763359,-2.3587786259541983,-0.962646484375,0.125244140625,-0.139404296875,-0.3893129770992366,-1.2748091603053435,0.5038167938931297
584,1779652921.9672022,0.093505859375,0.97607421875,-0.290771484375,-3.786259541984733,0.05343511450381679,-2.5114503816793894,-0.96728515625,0.141357421875,-0.1328125,-0.3893129770992366,-1.2671755725190839,0.6106870229007634
585,1779652921.9791648,0.09716796875,0.97509765625,-0.283447265625,-3.5267175572519083,1.9312977099236641,-2.1908396946564888,-0.949462890625,0.15283203125,-0.11669921875,-0.22900763358778625,-1.381679389312977,0.5648854961832062
586,1779652921.9911373,0.0966796875,0.977783203125,-0.282958984375,-3.6412213740458017,0.21374045801526717,-2.2519083969465647,-0.94287109375,0.139404296875,-0.13427734375,-0.17557251908396945,-1.2900763358778626,0.7022900763358778
587,1779652922.0031006,0.0966796875,0.97412109375,-0.286376953125,-3.312977099236641,0.030534351145038167,-2.1068702290076335,-0.9599609375,0.138427734375,-0.13623046875,-0.20610687022900764,-1.366412213740458,0.648854961832061
588,1779652922.0150785,0.0986328125,0.977783203125,-0.280029296875,-3.6564885496183206,-1.9312977099236641,-2.2900763358778624,-0.961669921875,0.14013671875,-0.13330078125,-0.20610687022900764,-1.2748091603053435,0.5725190839694656
589,1779652922.027088,0.0947265625,0.978759765625,-0.284423828125,-3.5114503816793894,0.1984732824427481,-2.3587786259541983,-0.957275390625,0.142333984375,-0.13232421875,-0.09923664122137404,-1.366412213740458,0.6793893129770993
590,1779652922.0391111,0.10791015625,0.97900390625,-0.2744140625,-3.7480916030534353,0.015267175572519083,-2.2519083969465647,-0.95361328125,0.141357421875,-0.1376953125,-0.25190839694656486,-1.4732824427480915,0.6335877862595419
591,1779652922.0510597,0.1064453125,0.958984375,-0.287109375,-3.7480916030534353,-1.9236641221374047,-2.1908396946564888,-0.94384765625,0.133544921875,-0.117431640625,-0.22900763358778625,-1.3893129770992367,0.7099236641221374
592,1779652922.062998,0.096435546875,0.982421875,-0.283203125,-3.6564885496183206,-0.007633587786259542,-2.2442748091603053,-0.948486328125,0.13232421875,-0.13330078125,-0.183206106870229,-1.3282442748091603,0.5419847328244275
593,1779652922.0749679,0.093994140625,0.97314453125,-0.29541015625,-3.7022900763358777,-0.03816793893129771,-2.312977099236641,-0.940673828125,0.136962890625,-0.140625,-0.20610687022900764,-1.3282442748091603,0.549618320610687
594,1779652922.0869339,0.0966796875,0.97412109375,-0.290771484375,-3.595419847328244,-1.9389312977099236,-2.1374045801526718,-0.9560546875,0.140380859375,-0.1279296875,-0.3511450381679389,-1.3358778625954197,0.5114503816793893
595,1779652922.0988996,0.09716796875,0.973388671875,-0.284912109375,-3.648854961832061,0.04580152671755725,-2.2977099236641223,-0.951171875,0.153076171875,-0.13427734375,-0.25190839694656486,-1.2366412213740459,0.5954198473282443
596,1779652922.1108658,0.092041015625,0.973388671875,-0.2900390625,-3.687022900763359,0.22137404580152673,-2.2519083969465647,-0.947998046875,0.1396484375,-0.130615234375,-0.26717557251908397,-1.4809160305343512,0.5801526717557252
597,1779652922.1228743,0.0927734375,0.979248046875,-0.2958984375,-3.5343511450381677,0.030534351145038167,-2.114503816793893,-0.94970703125,0.138427734375,-0.125732421875,-0.24427480916030533,-1.381679389312977,0.6717557251908397
598,1779652922.134852,0.091796875,0.969970703125,-0.285400390625,-3.549618320610687,1.9083969465648856,-2.045801526717557,-0.948486328125,0.141357421875,-0.13525390625,-0.2900763358778626,-1.4580152671755726,0.6335877862595419
599,1779652922.1468198,0.100341796875,0.9775390625,-0.292724609375,-3.6259541984732824,0.07633587786259542,-2.3053435114503817,-0.946533203125,0.1376953125,-0.142333984375,-0.183206106870229,-1.5190839694656488,0.732824427480916
600,1779652922.15878,0.09423828125,0.976806640625,-0.29345703125,-3.381679389312977,0.11450381679389313,-2.236641221374046,-0.9658203125,0.142333984375,-0.13671875,-0.24427480916030533,-1.4427480916030535,0.5877862595419847
601,1779652922.170891,0.1005859375,0.97412109375,-0.2919921875,-3.5114503816793894,0.12213740458015267,-2.404580152671756,-0.966796875,0.12646484375,-0.144775390625,-0.37404580152671757,-1.3435114503816794,0.6106870229007634
602,1779652922.1830661,0.093505859375,0.97607421875,-0.2900390625,-3.66412213740458,0.22137404580152673,-2.16793893129771,-0.953125,0.1396484375,-0.128662109375,-0.17557251908396945,-1.2595419847328244,0.6183206106870229
603,1779652922.1950727,0.099853515625,0.97998046875,-0.28564453125,-3.435114503816794,0.022900763358778626,-2.2442748091603053,-0.96142578125,0.135986328125,-0.13671875,-0.2366412213740458,-1.4427480916030535,0.7786259541984732
604,1779652922.207058,0.0947265625,0.978759765625,-0.281982421875,-3.5343511450381677,-1.9083969465648856,-2.2213740458015265,-0.95556640625,0.140380859375,-0.138671875,-0.2748091603053435,-1.366412213740458,0.6106870229007634
605,1779652922.219069,0.101318359375,0.97900390625,-0.293212890625,-3.7251908396946565,0.04580152671755725,-2.2442748091603053,-0.945068359375,0.136474609375,-0.13134765625,-0.31297709923664124,-1.4809160305343512,0.5343511450381679
606,1779652922.2313569,0.101318359375,0.975341796875,-0.294677734375,-3.6030534351145036,0.2366412213740458,-2.3969465648854964,-0.961669921875,0.1259765625,-0.13427734375,-0.3511450381679389,-1.4198473282442747,0.6717557251908397
607,1779652922.2433176,0.081298828125,0.97412109375,-0.287109375,-3.6412213740458017,0.16793893129770993,-2.4885496183206106,-0.956298828125,0.138427734375,-0.140380859375,-0.3511450381679389,-1.2442748091603053,0.6717557251908397
608,1779652922.2552702,0.080322265625,0.97412109375,-0.2841796875,-3.7480916030534353,-0.007633587786259542,-2.3282442748091605,-0.951416015625,0.135009765625,-0.125732421875,-0.2824427480916031,-1.2595419847328244,0.7251908396946565
609,1779652922.2672107,0.095458984375,0.98388671875,-0.283203125,-3.3740458015267176,0.20610687022900764,-2.49618320610687,-0.953857421875,0.138427734375,-0.130615234375,-0.32061068702290074,-1.4809160305343512,0.6641221374045801
610,1779652922.279163,0.10107421875,0.9755859375,-0.2958984375,-3.564885496183206,0.015267175572519083,-2.16793893129771,-0.9501953125,0.137451171875,-0.139404296875,-0.19083969465648856,-1.3740458015267176,0.6259541984732825
611,1779652922.2911303,0.107177734375,0.961181640625,-0.28759765625,-3.4732824427480917,-0.05343511450381679,-2.2519083969465647,-0.960693359375,0.138916015625,-0.1416015625,-0.1297709923664122,-1.3358778625954197,0.6183206106870229
612,1779652922.3031015,0.093994140625,0.977783203125,-0.28564453125,-3.633587786259542,0.022900763358778626,-2.0839694656488548,-0.957275390625,0.1328125,-0.135986328125,-0.25190839694656486,-1.450381679389313,0.6259541984732825
613,1779652922.3150742,0.0908203125,0.970703125,-0.2802734375,-3.572519083969466,-0.08396946564885496,-2.213740458015267,-0.950439453125,0.13671875,-0.137451171875,-0.29770992366412213,-1.3129770992366412,0.6106870229007634
614,1779652922.327297,0.092529296875,0.97021484375,-0.27880859375,-3.5267175572519083,-0.13740458015267176,-2.404580152671756,-0.9560546875,0.13623046875,-0.135498046875,-0.2824427480916031,-1.3587786259541985,0.5572519083969466
615,1779652922.3392909,0.07861328125,0.9794921875,-0.289794921875,-3.5801526717557253,1.9312977099236641,-2.381679389312977,-0.95654296875,0.13623046875,-0.13720703125,-0.183206106870229,-1.4122137404580153,0.5954198473282443
616,1779652922.3512478,0.078125,0.974609375,-0.2861328125,-3.633587786259542,0.04580152671755725,-2.2290076335877864,-0.959228515625,0.132080078125,-0.126953125,-0.21374045801526717,-1.4198473282442747,0.7709923664122137
617,1779652922.3632007,0.0810546875,0.982666015625,-0.282958984375,-3.7938931297709924,0.1297709923664122,-2.2213740458015265,-0.954833984375,0.14404296875,-0.135986328125,-0.15267175572519084,-1.4809160305343512,0.6564885496183206
618,1779652922.3751264,0.103271484375,0.961181640625,-0.28466796875,-3.6106870229007635,0.13740458015267176,-2.3282442748091605,-0.957763671875,0.136474609375,-0.1337890625,-0.1984732824427481,-1.4580152671755726,0.6564885496183206
619,1779652922.3870986,0.098388671875,0.97265625,-0.288330078125,-3.564885496183206,0.09923664122137404,-2.3435114503816794,-0.95703125,0.133544921875,-0.133056640625,-0.44274809160305345,-1.3740458015267176,0.6946564885496184
620,1779652922.39908,0.097900390625,0.972412109375,-0.281494140625,-3.3740458015267176,0.12213740458015267,-2.2061068702290076,-0.96728515625,0.136474609375,-0.131591796875,-0.29770992366412213,-1.2900763358778626,0.6030534351145038
621,1779652922.4110923,0.096435546875,0.974609375,-0.28759765625,-3.618320610687023,-1.9236641221374047,-2.33587786259542,-0.9609375,0.133056640625,-0.1357421875,-0.29770992366412213,-1.2748091603053435,0.6183206106870229
622,1779652922.4230754,0.09423828125,0.98193359375,-0.2939453125,-3.7022900763358777,0.0916030534351145,-2.3206106870229006,-0.947998046875,0.135498046875,-0.136962890625,-0.31297709923664124,-1.4198473282442747,0.549618320610687
623,1779652922.4350665,0.089599609375,0.971923828125,-0.289306640625,-3.6717557251908395,0.13740458015267176,-2.3893129770992365,-0.947509765625,0.126953125,-0.115478515625,-0.16030534351145037,-1.3282442748091603,0.6259541984732825
624,1779652922.446991,0.097900390625,0.977294921875,-0.286865234375,-3.6030534351145036,-1.9236641221374047,-2.2519083969465647,-0.951171875,0.13525390625,-0.131591796875,-0.29770992366412213,-1.4274809160305344,0.5648854961832062
625,1779652922.4589648,0.097412109375,0.974853515625,-0.28125,-3.564885496183206,0.05343511450381679,-2.3893129770992365,-0.94970703125,0.1376953125,-0.123779296875,-0.32061068702290074,-1.2900763358778626,0.7404580152671756
626,1779652922.470943,0.09765625,0.97509765625,-0.284423828125,-3.5343511450381677,0.09923664122137404,-1.9770992366412214,-0.955810546875,0.13720703125,-0.13134765625,-0.11450381679389313,-1.3435114503816794,0.6564885496183206
627,1779652922.4829493,0.099853515625,0.97802734375,-0.28369140625,-3.4732824427480917,0.17557251908396945,-2.450381679389313,-0.947998046875,0.140380859375,-0.1357421875,-0.3816793893129771,-1.3206106870229009,0.45038167938931295
628,1779652922.494926,0.081787109375,0.9755859375,-0.2919921875,-3.6259541984732824,0.15267175572519084,-2.4122137404580153,-0.957275390625,0.139404296875,-0.128173828125,-0.19083969465648856,-1.450381679389313,0.5725190839694656
629,1779652922.5068955,0.09228515625,0.9765625,-0.29296875,-3.572519083969466,-0.10687022900763359,-2.427480916030534,-0.944580078125,0.1552734375,-0.140380859375,-0.3969465648854962,-1.5877862595419847,0.6641221374045801
630,1779652922.5188448,0.098876953125,0.978271484375,-0.2890625,-3.564885496183206,1.9312977099236641,-2.030534351145038,-0.96630859375,0.125,-0.126220703125,-0.31297709923664124,-1.3358778625954197,0.5190839694656488
631,1779652922.5308192,0.0810546875,0.97119140625,-0.281494140625,-3.633587786259542,-0.007633587786259542,-2.351145038167939,-0.94287109375,0.136962890625,-0.125244140625,-0.2748091603053435,-1.4045801526717556,0.5648854961832062
632,1779652922.5427697,0.094482421875,0.972900390625,-0.2880859375,-3.618320610687023,0.08396946564885496,-2.0839694656488548,-0.938720703125,0.13134765625,-0.12060546875,-0.2595419847328244,-1.4274809160305344,0.6030534351145038
633,1779652922.5547044,0.09716796875,0.9775390625,-0.269775390625,-3.6564885496183206,0.12213740458015267,-2.427480916030534,-0.9501953125,0.12744140625,-0.1357421875,-0.19083969465648856,-1.3511450381679388,0.6183206106870229
634,1779652922.5666494,0.094482421875,0.977783203125,-0.28466796875,-3.480916030534351,-1.9541984732824427,-2.5419847328244276,-0.9541015625,0.13818359375,-0.129150390625,-0.21374045801526717,-1.3740458015267176,0.5954198473282443
635,1779652922.5785987,0.08935546875,0.97802734375,-0.28369140625,-3.7251908396946565,0.16793893129770993,-2.3435114503816794,-0.9560546875,0.13232421875,-0.129638671875,-0.35877862595419846,-1.4580152671755726,0.7099236641221374
636,1779652922.5910203,0.08837890625,0.970947265625,-0.291015625,-3.6412213740458017,0.061068702290076333,-2.3587786259541983,-0.96435546875,0.127685546875,-0.13427734375,-0.1984732824427481,-1.4274809160305344,0.5801526717557252
637,1779652922.6031036,0.109130859375,0.9765625,-0.287353515625,-3.6564885496183206,0.12213740458015267,-2.1755725190839694,-0.955322265625,0.138671875,-0.149658203125,-0.12213740458015267,-1.2671755725190839,0.7175572519083969
638,1779652922.6150799,0.082763671875,0.977294921875,-0.27294921875,-3.7099236641221376,0.21374045801526717,-2.3282442748091605,-0.961181640625,0.134521484375,-0.139892578125,-0.2900763358778626,-1.3587786259541985,0.549618320610687
639,1779652922.6271062,0.09326171875,0.9765625,-0.283935546875,-3.7099236641221376,0.06870229007633588,-2.312977099236641,-0.95458984375,0.1357421875,-0.136474609375,-0.2595419847328244,-1.4732824427480915,0.5572519083969466
640,1779652922.6390884,0.0927734375,0.97705078125,-0.285400390625,-3.5267175572519083,0.06870229007633588,-2.236641221374046,-0.94677734375,0.140869140625,-0.139892578125,-0.31297709923664124,-1.4809160305343512,0.6641221374045801
641,1779652922.6510913,0.094970703125,0.976806640625,-0.28173828125,-3.687022900763359,0.08396946564885496,-2.312977099236641,-0.95703125,0.131103515625,-0.14111328125,-0.24427480916030533,-1.3740458015267176,0.7099236641221374
642,1779652922.663013,0.0947265625,0.975341796875,-0.28759765625,-3.687022900763359,0.13740458015267176,-2.3740458015267176,-0.958984375,0.144287109375,-0.131103515625,-0.2366412213740458,-1.5725190839694656,0.6717557251908397
643,1779652922.6750457,0.09619140625,0.97802734375,-0.29248046875,-3.6946564885496183,0.15267175572519084,-2.2595419847328246,-0.959716796875,0.138916015625,-0.135986328125,-0.21374045801526717,-1.2900763358778626,0.7099236641221374
644,1779652922.687015,0.09130859375,0.97607421875,-0.295654296875,-3.7786259541984735,0.09923664122137404,-2.1374045801526718,-0.958251953125,0.1376953125,-0.132568359375,-0.31297709923664124,-1.297709923664122,0.6030534351145038
645,1779652922.6989837,0.093994140625,0.982421875,-0.29541015625,-3.687022900763359,-1.9389312977099236,-2.2519083969465647,-0.9619140625,0.132080078125,-0.129150390625,-0.2595419847328244,-1.282442748091603,0.5419847328244275
646,1779652922.7109768,0.09326171875,0.973388671875,-0.2861328125,-3.5801526717557253,0.16793893129770993,-2.2900763358778624,-0.96240234375,0.1328125,-0.12939453125,-0.1984732824427481,-1.3358778625954197,0.5877862595419847
647,1779652922.7229674,0.097412109375,0.97705078125,-0.2890625,-3.7099236641221376,0.030534351145038167,-2.145038167938931,-0.95166015625,0.13671875,-0.13232421875,-0.22900763358778625,-1.4045801526717556,0.732824427480916
648,1779652922.7349916,0.094970703125,0.97265625,-0.295654296875,-3.564885496183206,0.015267175572519083,-2.4198473282442747,-0.951416015625,0.138427734375,-0.12890625,-0.1450381679389313,-1.3129770992366412,0.6106870229007634
649,1779652922.7469742,0.09814453125,0.980224609375,-0.291259765625,-3.366412213740458,0.09923664122137404,-2.1908396946564888,-0.9609375,0.130615234375,-0.135009765625,-0.22137404580152673,-1.297709923664122,0.6412213740458015
650,1779652922.7591817,0.091796875,0.96875,-0.292236328125,-3.5267175572519083,-0.11450381679389313,-2.3053435114503817,-0.953369140625,0.134033203125,-0.1298828125,-0.183206106870229,-1.381679389312977,0.5725190839694656
651,1779652922.7711582,0.078857421875,0.9736328125,-0.2880859375,-3.4580152671755724,0.1450381679389313,-2.2977099236641223,-0.958740234375,0.13525390625,-0.130126953125,-0.2900763358778626,-1.450381679389313,0.5572519083969466
652,1779652922.7831266,0.095947265625,0.96923828125,-0.2919921875,-3.6106870229007635,0.15267175572519084,-2.068702290076336,-0.96142578125,0.142578125,-0.13232421875,-0.3969465648854962,-1.3129770992366412,0.40458015267175573
653,1779652922.7950723,0.098876953125,0.97607421875,-0.2861328125,-3.572519083969466,0.08396946564885496,-2.351145038167939,-0.95361328125,0.137939453125,-0.135986328125,-0.3053435114503817,-1.3053435114503817,0.6641221374045801
654,1779652922.8070738,0.0947265625,0.978271484375,-0.28857421875,-3.7786259541984735,0.09923664122137404,-2.267175572519084,-0.96337890625,0.13671875,-0.1298828125,-0.061068702290076333,-1.3435114503816794,0.5877862595419847
655,1779652922.8190563,0.09375,0.974609375,-0.282958984375,-3.5572519083969465,0.20610687022900764,-2.213740458015267,-0.95458984375,0.138916015625,-0.1328125,-0.21374045801526717,-1.4427480916030535,0.6564885496183206
656,1779652922.8310673,0.098388671875,0.9716796875,-0.294921875,-3.6030534351145036,0.06870229007633588,-2.267175572519084,-0.957763671875,0.132568359375,-0.1328125,-0.20610687022900764,-1.251908396946565,0.6717557251908397
657,1779652922.8430514,0.095703125,0.979736328125,-0.281494140625,-3.572519083969466,-0.015267175572519083,-2.2213740458015265,-0.9609375,0.126708984375,-0.12646484375,-0.37404580152671757,-1.3053435114503817,0.5190839694656488
658,1779652922.8550487,0.094970703125,0.97265625,-0.287353515625,-3.7022900763358777,0.16030534351145037,-2.2213740458015265,-0.96044921875,0.13232421875,-0.14013671875,-0.1297709923664122,-1.4351145038167938,0.5648854961832062
659,1779652922.8669984,0.092041015625,0.97509765625,-0.282470703125,-3.49618320610687,0.05343511450381679,-2.3282442748091605,-0.9443359375,0.142578125,-0.11767578125,-0.22900763358778625,-1.4580152671755726,0.6259541984732825
660,1779652922.8789604,0.09326171875,0.97900390625,-0.29248046875,-3.595419847328244,-0.06870229007633588,-2.2748091603053435,-0.967529296875,0.156005859375,-0.13037109375,-0.37404580152671757,-1.1450381679389312,0.6106870229007634
661,1779652922.8909059,0.097900390625,0.974609375,-0.2880859375,-3.572519083969466,0.21374045801526717,-2.2290076335877864,-0.948974609375,0.138916015625,-0.129638671875,-0.19083969465648856,-1.2900763358778626,0.4961832061068702
662,1779652922.9028494,0.09326171875,0.97705078125,-0.291259765625,-3.564885496183206,0.04580152671755725,-2.122137404580153,-0.94482421875,0.138916015625,-0.1337890625,-0.22137404580152673,-1.3587786259541985,0.4732824427480916
663,1779652922.9147959,0.096923828125,0.9814453125,-0.291259765625,-3.66412213740458,0.1297709923664122,-2.312977099236641,-0.95556640625,0.135498046875,-0.140380859375,-0.366412213740458,-1.2442748091603053,0.5190839694656488
664,1779652922.926784,0.093994140625,0.978759765625,-0.2666015625,-3.66412213740458,0.183206106870229,-2.2748091603053435,-0.948486328125,0.13037109375,-0.1318359375,-0.45038167938931295,-1.4198473282442747,0.5190839694656488
665,1779652922.9387503,0.093994140625,0.976318359375,-0.288330078125,-3.5267175572519083,-1.9465648854961832,-2.4656488549618323,-0.96484375,0.13720703125,-0.131591796875,-0.17557251908396945,-1.4427480916030535,0.6259541984732825
666,1779652922.9506888,0.099853515625,0.97412109375,-0.2939453125,-3.5801526717557253,-0.022900763358778626,-2.2290076335877864,-0.962158203125,0.139404296875,-0.122314453125,-0.31297709923664124,-1.4427480916030535,0.7633587786259542
667,1779652922.9626305,0.093505859375,0.975830078125,-0.287109375,-3.49618320610687,0.11450381679389313,-2.366412213740458,-0.9384765625,0.14501953125,-0.13134765625,-0.22137404580152673,-1.5038167938931297,0.5419847328244275
668,1779652922.9746068,0.10888671875,0.97265625,-0.2890625,-3.5114503816793894,0.183206106870229,-2.1908396946564888,-0.954345703125,0.13818359375,-0.13916015625,-0.2900763358778626,-1.3587786259541985,0.5725190839694656
669,1779652922.9866016,0.09521484375,0.975341796875,-0.28466796875,-3.732824427480916,-1.8854961832061068,-2.1755725190839694,-0.940185546875,0.128662109375,-0.136474609375,-0.22137404580152673,-1.4198473282442747,0.44274809160305345
670,1779652922.998602,0.093994140625,0.9736328125,-0.290283203125,-3.6106870229007635,-0.061068702290076333,-2.1374045801526718,-0.959716796875,0.136474609375,-0.134521484375,-0.1450381679389313,-1.3511450381679388,0.648854961832061
671,1779652923.0105906,0.0927734375,0.972900390625,-0.285400390625,-3.4580152671755724,-0.20610687022900764,-2.183206106870229,-0.951904296875,0.134033203125,-0.13671875,-0.16793893129770993,-1.4885496183206106,0.6946564885496184
672,1779652923.0225804,0.0947265625,0.971923828125,-0.283203125,-3.49618320610687,0.22137404580152673,-2.068702290076336,-0.95751953125,0.134765625,-0.12890625,-0.16030534351145037,-1.3740458015267176,0.6030534351145038
673,1779652923.0345721,0.08935546875,0.97802734375,-0.28369140625,-3.49618320610687,0.09923664122137404,-2.2519083969465647,-0.952880859375,0.135009765625,-0.130859375,-0.26717557251908397,-1.366412213740458,0.5343511450381679
674,1779652923.0464988,0.092529296875,0.97900390625,-0.284912109375,-3.5801526717557253,0.1450381679389313,-2.312977099236641,-0.94873046875,0.139892578125,-0.1328125,-0.2366412213740458,-1.3511450381679388,0.6870229007633588
675,1779652923.0584557,0.095458984375,0.971435546875,-0.285400390625,-3.519083969465649,-0.15267175572519084,-2.068702290076336,-0.9541015625,0.1513671875,-0.128173828125,-0.24427480916030533,-1.4274809160305344,0.5877862595419847
676,1779652923.0704048,0.10009765625,0.97607421875,-0.28955078125,-3.5114503816793894,-0.10687022900763359,-2.3740458015267176,-0.968017578125,0.1396484375,-0.129150390625,-0.26717557251908397,-1.3358778625954197,0.5877862595419847
677,1779652923.0823374,0.08056640625,0.974365234375,-0.26953125,-3.549618320610687,0.16030534351145037,-2.3053435114503817,-0.94384765625,0.13525390625,-0.1396484375,-0.3053435114503817,-1.5038167938931297,0.4198473282442748
678,1779652923.0942695,0.09814453125,0.9736328125,-0.284423828125,-3.5267175572519083,-0.03816793893129771,-2.2213740458015265,-0.959228515625,0.133056640625,-0.130126953125,-0.24427480916030533,-1.3969465648854962,0.6946564885496184
679,1779652923.106239,0.09716796875,0.979248046875,-0.287109375,-3.7099236641221376,-0.015267175572519083,-2.4122137404580153,-0.946533203125,0.136474609375,-0.1474609375,-0.2824427480916031,-1.4045801526717556,0.48091603053435117
680,1779652923.118184,0.094482421875,0.973876953125,-0.28271484375,-3.6946564885496183,0.11450381679389313,-2.3893129770992365,-0.938720703125,0.1259765625,-0.126220703125,-0.31297709923664124,-1.4045801526717556,0.6106870229007634
681,1779652923.1301472,0.0986328125,0.97265625,-0.283203125,-3.6259541984732824,0.1297709923664122,-2.1526717557251906,-0.95361328125,0.134521484375,-0.137451171875,-0.22900763358778625,-1.3435114503816794,0.6335877862595419
682,1779652923.142145,0.106201171875,0.974365234375,-0.288818359375,-3.572519083969466,0.022900763358778626,-2.183206106870229,-0.94580078125,0.13671875,-0.134521484375,-0.3053435114503817,-1.381679389312977,0.7099236641221374
683,1779652923.1541126,0.0966796875,0.97900390625,-0.286376953125,-3.6259541984732824,0.061068702290076333,-2.3969465648854964,-0.949951171875,0.13037109375,-0.13134765625,-0.24427480916030533,-1.251908396946565,0.5267175572519084
684,1779652923.1661022,0.09423828125,0.97607421875,-0.280517578125,-3.435114503816794,0.05343511450381679,-2.2977099236641223,-0.94775390625,0.14306640625,-0.12939453125,-0.2748091603053435,-1.3435114503816794,0.6793893129770993
685,1779652923.1780922,0.09423828125,0.971923828125,-0.285400390625,-3.49618320610687,0.022900763358778626,-2.236641221374046,-0.958251953125,0.13720703125,-0.142333984375,-0.37404580152671757,-1.3435114503816794,0.6717557251908397
686,1779652923.1902733,0.10546875,0.97607421875,-0.286376953125,-3.435114503816794,0.06870229007633588,-2.1908396946564888,-0.95068359375,0.134521484375,-0.14111328125,-0.22137404580152673,-1.4732824427480915,0.5648854961832062
687,1779652923.2022576,0.088134765625,0.993408203125,-0.285888671875,-3.6106870229007635,0.13740458015267176,-2.267175572519084,-0.9541015625,0.1318359375,-0.13525390625,-0.22137404580152673,-1.4351145038167938,0.5648854961832062
688,1779652923.2142308,0.08251953125,0.978515625,-0.289794921875,-3.50381679389313,0.19083969465648856,-2.1603053435114505,-0.95947265625,0.13623046875,-0.127685546875,-0.3282442748091603,-1.3129770992366412,0.5877862595419847
689,1779652923.2261722,0.092529296875,0.97802734375,-0.29541015625,-3.618320610687023,-1.9389312977099236,-2.381679389312977,-0.95751953125,0.133544921875,-0.13427734375,-0.15267175572519084,-1.366412213740458,0.6412213740458015
690,1779652923.238154,0.078857421875,0.97216796875,-0.290771484375,-3.480916030534351,-0.03816793893129771,-2.5114503816793894,-0.95751953125,0.133056640625,-0.1396484375,-0.33587786259541985,-1.4885496183206106,0.6793893129770993
691,1779652923.2501082,0.09814453125,0.9736328125,-0.28759765625,-3.564885496183206,0.11450381679389313,-2.1297709923664123,-0.95458984375,0.13916015625,-0.13037109375,-0.2900763358778626,-1.3435114503816794,0.6641221374045801
692,1779652923.26211,0.099609375,0.975341796875,-0.282470703125,-3.549618320610687,-0.04580152671755725,-2.3587786259541983,-0.947509765625,0.12646484375,-0.14013671875,-0.2366412213740458,-1.450381679389313,0.732824427480916
693,1779652923.274094,0.097900390625,0.977294921875,-0.2841796875,-3.6793893129770994,0.022900763358778626,-2.2519083969465647,-0.94384765625,0.14404296875,-0.13671875,-0.2595419847328244,-1.3893129770992367,0.48854961832061067
694,1779652923.2860742,0.09228515625,0.977783203125,-0.287841796875,-3.5343511450381677,1.9236641221374047,-2.236641221374046,-0.968505859375,0.139892578125,-0.132568359375,-0.3435114503816794,-1.3740458015267176,0.6183206106870229
695,1779652923.2980459,0.091552734375,0.973388671875,-0.288330078125,-3.6030534351145036,0.03816793893129771,-2.3740458015267176,-0.96142578125,0.134765625,-0.134521484375,-0.2595419847328244,-1.3435114503816794,0.5954198473282443
696,1779652923.3100405,0.096435546875,0.96826171875,-0.283935546875,-3.549618320610687,0.07633587786259542,-2.564885496183206,-0.946044921875,0.131103515625,-0.135009765625,-0.1984732824427481,-1.3893129770992367,0.6717557251908397
697,1779652923.3220406,0.089111328125,0.974853515625,-0.2861328125,-3.5114503816793894,-1.9236641221374047,-2.3893129770992365,-0.950439453125,0.134765625,-0.1259765625,-0.33587786259541985,-1.3435114503816794,0.4732824427480916
698,1779652923.3340602,0.10888671875,0.972900390625,-0.29345703125,-3.3969465648854964,0.1450381679389313,-2.2061068702290076,-0.95556640625,0.135498046875,-0.12451171875,-0.1984732824427481,-1.5190839694656488,0.6106870229007634
699,1779652923.3460352,0.09765625,0.975830078125,-0.295654296875,-3.618320610687023,0.10687022900763359,-2.3282442748091605,-0.958984375,0.136962890625,-0.128173828125,-0.22900763358778625,-1.4427480916030535,0.5343511450381679
700,1779652923.3580322,0.100830078125,0.971923828125,-0.296630859375,-3.5572519083969465,0.022900763358778626,-2.267175572519084,-0.96142578125,0.12548828125,-0.13818359375,-0.2824427480916031,-1.3129770992366412,0.6793893129770993
701,1779652923.370184,0.09716796875,0.979248046875,-0.298095703125,-3.7099236641221376,-0.04580152671755725,-2.4656488549618323,-0.960205078125,0.1416015625,-0.137451171875,-0.1984732824427481,-1.3206106870229009,0.5801526717557252
702,1779652923.3825102,0.096923828125,0.97900390625,-0.296142578125,-3.717557251908397,-0.1297709923664122,-2.1374045801526718,-0.955810546875,0.133544921875,-0.128173828125,-0.24427480916030533,-1.381679389312977,0.8473282442748091
703,1779652923.3944962,0.107666015625,0.97314453125,-0.2890625,-3.5343511450381677,0.15267175572519084,-2.2061068702290076,-0.9677734375,0.13525390625,-0.1357421875,-0.20610687022900764,-1.4351145038167938,0.6717557251908397
704,1779652923.4063895,0.079833984375,0.970458984375,-0.28759765625,-3.450381679389313,0.0916030534351145,-2.1908396946564888,-0.963623046875,0.13037109375,-0.139892578125,-0.37404580152671757,-1.3435114503816794,0.4122137404580153
705,1779652923.4183526,0.101318359375,0.97998046875,-0.28466796875,-3.435114503816794,-0.13740458015267176,-2.2442748091603053,-0.955810546875,0.125244140625,-0.1328125,-0.2900763358778626,-1.4885496183206106,0.5038167938931297
706,1779652923.4304242,0.098388671875,0.977783203125,-0.29052734375,-3.5801526717557253,0.10687022900763359,-2.5572519083969465,-0.955078125,0.13671875,-0.1337890625,-0.33587786259541985,-1.5190839694656488,0.5877862595419847
707,1779652923.4424868,0.09912109375,0.97802734375,-0.290283203125,-3.732824427480916,0.061068702290076333,-2.4122137404580153,-0.955078125,0.14111328125,-0.133056640625,-0.22137404580152673,-1.282442748091603,0.6335877862595419
708,1779652923.4545066,0.097412109375,0.978759765625,-0.282958984375,-3.6793893129770994,0.15267175572519084,-2.1526717557251906,-0.956298828125,0.143798828125,-0.131103515625,-0.33587786259541985,-1.4809160305343512,0.6870229007633588
709,1779652923.4664876,0.096923828125,0.975341796875,-0.293212890625,-3.549618320610687,0.2366412213740458,-2.3282442748091605,-0.9560546875,0.13720703125,-0.130859375,-0.11450381679389313,-1.381679389312977,0.6946564885496184
710,1779652923.4784374,0.09814453125,0.981201171875,-0.2861328125,-3.4427480916030535,1.9312977099236641,-2.2595419847328246,-0.956298828125,0.142578125,-0.13232421875,-0.1984732824427481,-1.4732824427480915,0.6106870229007634
711,1779652923.4904366,0.09423828125,0.98388671875,-0.285400390625,-3.549618320610687,-0.022900763358778626,-2.3587786259541983,-0.958251953125,0.128662109375,-0.12890625,-0.2900763358778626,-1.3969465648854962,0.7786259541984732
712,1779652923.5024378,0.09423828125,0.977294921875,-0.2822265625,-3.8396946564885495,-0.11450381679389313,-2.366412213740458,-0.956298828125,0.1396484375,-0.136474609375,-0.08396946564885496,-1.465648854961832,0.5190839694656488
713,1779652923.5144165,0.10302734375,0.977783203125,-0.284423828125,-3.549618320610687,-1.9541984732824427,-2.267175572519084,-0.954833984375,0.14599609375,-0.128662109375,-0.26717557251908397,-1.4427480916030535,0.6793893129770993
714,1779652923.5263722,0.089599609375,0.975341796875,-0.2939453125,-3.6106870229007635,1.9389312977099236,-2.33587786259542,-0.9560546875,0.140625,-0.126953125,-0.1984732824427481,-1.3893129770992367,0.5419847328244275
715,1779652923.5383065,0.096435546875,0.97607421875,-0.28857421875,-3.5877862595419847,-0.0916030534351145,-2.267175572519084,-0.960205078125,0.13427734375,-0.134765625,-0.3053435114503817,-1.4580152671755726,0.7175572519083969
716,1779652923.5502405,0.080078125,0.982421875,-0.29541015625,-3.4122137404580153,0.022900763358778626,-2.427480916030534,-0.95849609375,0.132568359375,-0.142333984375,-0.366412213740458,-1.282442748091603,0.7099236641221374
717,1779652923.5621858,0.0947265625,0.97509765625,-0.287841796875,-3.595419847328244,0.12213740458015267,-2.3740458015267176,-0.9609375,0.137939453125,-0.127197265625,-0.2900763358778626,-1.2671755725190839,0.7480916030534351
718,1779652923.574132,0.09765625,0.97705078125,-0.28369140625,-3.5877862595419847,-1.916030534351145,-2.099236641221374,-0.9560546875,0.140380859375,-0.13525390625,-0.26717557251908397,-1.5114503816793894,0.6412213740458015
719,1779652923.5862608,0.09326171875,0.97509765625,-0.296630859375,-3.595419847328244,0.12213740458015267,-2.2290076335877864,-0.963623046875,0.136962890625,-0.131591796875,-0.22137404580152673,-1.3587786259541985,0.7938931297709924
720,1779652923.5986454,0.0966796875,0.979736328125,-0.288818359375,-3.519083969465649,0.07633587786259542,-2.1374045801526718,-0.952880859375,0.13818359375,-0.13720703125,-0.35877862595419846,-1.3511450381679388,0.6335877862595419
721,1779652923.6106403,0.107421875,0.97802734375,-0.284423828125,-3.564885496183206,-0.03816793893129771,-2.33587786259542,-0.954833984375,0.141357421875,-0.134521484375,-0.2595419847328244,-1.4045801526717556,0.6259541984732825
722,1779652923.6228352,0.09814453125,0.97802734375,-0.2861328125,-3.6106870229007635,0.03816793893129771,-2.267175572519084,-0.947265625,0.1259765625,-0.128662109375,-0.3511450381679389,-1.3511450381679388,0.5648854961832062
723,1779652923.634896,0.09375,0.980712890625,-0.287109375,-3.5572519083969465,0.007633587786259542,-2.404580152671756,-0.955810546875,0.136962890625,-0.138671875,-0.3282442748091603,-1.4885496183206106,0.48091603053435117
724,1779652923.6468792,0.095947265625,0.976318359375,-0.29541015625,-3.6106870229007635,0.13740458015267176,-2.3740458015267176,-0.948486328125,0.139404296875,-0.130859375,-0.2595419847328244,-1.3282442748091603,0.7786259541984732
725,1779652923.6588898,0.08251953125,0.97314453125,-0.28515625,-3.50381679389313,0.1450381679389313,-2.3053435114503817,-0.9560546875,0.137451171875,-0.141357421875,-0.22900763358778625,-1.381679389312977,0.6717557251908397
726,1779652923.6708372,0.093994140625,0.976318359375,-0.287841796875,-3.5419847328244276,-0.015267175572519083,-2.2595419847328246,-0.95458984375,0.1376953125,-0.14404296875,-0.2595419847328244,-1.2671755725190839,0.7786259541984732
727,1779652923.682812,0.093017578125,0.95654296875,-0.2861328125,-3.564885496183206,0.0,-2.480916030534351,-0.94873046875,0.14306640625,-0.1357421875,-0.3435114503816794,-1.4045801526717556,0.4580152671755725
728,1779652923.694742,0.0966796875,0.97314453125,-0.269287109375,-3.5572519083969465,0.08396946564885496,-2.5267175572519083,-0.94970703125,0.135009765625,-0.133544921875,-0.35877862595419846,-1.2290076335877862,0.7022900763358778
729,1779652923.7066996,0.096923828125,0.97216796875,-0.2822265625,-3.595419847328244,-1.9389312977099236,-2.3206106870229006,-0.967529296875,0.135009765625,-0.134765625,-0.2748091603053435,-1.4045801526717556,0.7709923664122137
730,1779652923.718669,0.091552734375,0.97412109375,-0.287841796875,-3.595419847328244,0.3282442748091603,-2.3282442748091605,-0.958740234375,0.13720703125,-0.120849609375,-0.35877862595419846,-1.3358778625954197,0.6030534351145038
731,1779652923.7306685,0.098876953125,0.974365234375,-0.289794921875,-3.687022900763359,0.2824427480916031,-2.4732824427480917,-0.95751953125,0.13720703125,-0.132568359375,-0.3511450381679389,-1.4045801526717556,0.6564885496183206
732,1779652923.742667,0.09716796875,0.971923828125,-0.280029296875,-3.5877862595419847,-0.12213740458015267,-2.2900763358778624,-0.95654296875,0.131103515625,-0.132568359375,-0.21374045801526717,-1.3053435114503817,0.6641221374045801
733,1779652923.7546325,0.09375,0.974853515625,-0.28173828125,-3.6793893129770994,0.24427480916030533,-2.2519083969465647,-0.958984375,0.13818359375,-0.1318359375,-0.3893129770992366,-1.2595419847328244,0.549618320610687
734,1779652923.7665923,0.090576171875,0.9755859375,-0.27880859375,-3.786259541984733,-1.9541984732824427,-2.33587786259542,-0.95166015625,0.13720703125,-0.13818359375,-0.48854961832061067,-1.366412213740458,0.5343511450381679
735,1779652923.7785907,0.09326171875,0.981689453125,-0.293212890625,-3.7251908396946565,0.0,-2.2519083969465647,-0.95068359375,0.14013671875,-0.128173828125,-0.2748091603053435,-1.4580152671755726,0.4198473282442748
736,1779652923.7905545,0.09912109375,0.9765625,-0.287353515625,-3.519083969465649,0.030534351145038167,-2.351145038167939,-0.952392578125,0.13232421875,-0.141357421875,-0.35877862595419846,-1.4122137404580153,0.5419847328244275
737,1779652923.8025181,0.09619140625,0.970703125,-0.28369140625,-3.519083969465649,0.0916030534351145,-2.1603053435114505,-0.967041015625,0.15478515625,-0.140625,-0.32061068702290074,-1.3206106870229009,0.6412213740458015
738,1779652923.8145142,0.10888671875,0.978271484375,-0.291748046875,-3.4580152671755724,-0.04580152671755725,-2.3893129770992365,-0.95556640625,0.125244140625,-0.140625,-0.32061068702290074,-1.2290076335877862,0.5343511450381679
739,1779652923.826502,0.094482421875,0.9833984375,-0.2763671875,-3.732824427480916,0.11450381679389313,-2.2290076335877864,-0.954345703125,0.1396484375,-0.133544921875,-0.22137404580152673,-1.4274809160305344,0.5190839694656488
740,1779652923.8384998,0.09423828125,0.9765625,-0.288818359375,-3.6793893129770994,0.08396946564885496,-2.267175572519084,-0.93994140625,0.133056640625,-0.131103515625,-0.16030534351145037,-1.2671755725190839,0.6412213740458015
741,1779652923.8504977,0.09228515625,0.97265625,-0.292724609375,-3.3893129770992365,-0.0916030534351145,-2.213740458015267,-0.96142578125,0.138427734375,-0.13818359375,-0.26717557251908397,-1.5648854961832062,0.7251908396946565
742,1779652923.8625014,0.095947265625,0.973876953125,-0.28369140625,-3.549618320610687,0.11450381679389313,-2.4427480916030535,-0.95361328125,0.129150390625,-0.125244140625,-0.0916030534351145,-1.3358778625954197,0.6870229007633588
743,1779652923.874499,0.088134765625,0.97607421875,-0.27978515625,-3.5114503816793894,0.0916030534351145,-2.3282442748091605,-0.947998046875,0.136962890625,-0.138671875,-0.2900763358778626,-1.251908396946565,0.5267175572519084
744,1779652923.8864913,0.099853515625,0.975341796875,-0.28564453125,-3.5114503816793894,-0.08396946564885496,-2.3435114503816794,-0.955078125,0.1328125,-0.1337890625,-0.29770992366412213,-1.4274809160305344,0.648854961832061
745,1779652923.8984966,0.099609375,0.9736328125,-0.283203125,-3.6412213740458017,0.061068702290076333,-2.236641221374046,-0.958740234375,0.1376953125,-0.127197265625,-0.183206106870229,-1.3129770992366412,0.3893129770992366
746,1779652923.9104578,0.09912109375,0.969482421875,-0.283447265625,-3.618320610687023,0.05343511450381679,-2.2900763358778624,-0.9560546875,0.152099609375,-0.1142578125,-0.2900763358778626,-1.4961832061068703,0.8778625954198473
747,1779652923.9224536,0.09423828125,0.98583984375,-0.273681640625,-3.50381679389313,-0.030534351145038167,-2.1374045801526718,-0.95556640625,0.138671875,-0.13232421875,-0.37404580152671757,-1.3282442748091603,0.6641221374045801
748,1779652923.9345055,0.089599609375,0.97998046875,-0.283447265625,-3.4732824427480917,-0.05343511450381679,-2.3206106870229006,-0.95458984375,0.137451171875,-0.134765625,-0.1450381679389313,-1.3053435114503817,0.5725190839694656
749,1779652923.946499,0.091796875,0.979736328125,-0.283203125,-3.6717557251908395,0.0916030534351145,-2.3740458015267176,-0.949951171875,0.1337890625,-0.133544921875,-0.22900763358778625,-1.1755725190839694,0.5725190839694656
750,1779652923.9584923,0.10009765625,0.977294921875,-0.287841796875,-3.717557251908397,0.09923664122137404,-2.3969465648854964,-0.953125,0.14013671875,-0.136962890625,-0.19083969465648856,-1.4809160305343512,0.6030534351145038
751,1779652923.9704704,0.079345703125,0.97509765625,-0.289306640625,-3.633587786259542,0.015267175572519083,-2.2519083969465647,-0.963623046875,0.1376953125,-0.135986328125,-0.3435114503816794,-1.3435114503816794,0.7099236641221374
752,1779652923.9824789,0.100830078125,0.975830078125,-0.28759765625,-3.6946564885496183,0.05343511450381679,-2.2748091603053435,-0.96875,0.139404296875,-0.1357421875,-0.45038167938931295,-1.5877862595419847,0.8091603053435115
753,1779652923.994457,0.09716796875,0.976318359375,-0.283203125,-3.450381679389313,0.03816793893129771,-2.381679389312977,-0.952392578125,0.135498046875,-0.12646484375,-0.33587786259541985,-1.5114503816793894,0.6870229007633588
754,1779652924.0064266,0.097900390625,0.97021484375,-0.286865234375,-3.3740458015267176,0.2366412213740458,-2.2748091603053435,-0.951416015625,0.130126953125,-0.1318359375,-0.16793893129770993,-1.4427480916030535,0.6259541984732825
755,1779652924.0184145,0.095947265625,0.978271484375,-0.287109375,-3.519083969465649,0.061068702290076333,-2.4122137404580153,-0.9599609375,0.136474609375,-0.112060546875,-0.2748091603053435,-1.3893129770992367,0.6870229007633588
756,1779652924.0303738,0.0966796875,0.978515625,-0.290283203125,-3.564885496183206,0.20610687022900764,-2.381679389312977,-0.951171875,0.136962890625,-0.13671875,-0.3282442748091603,-1.3358778625954197,0.5419847328244275
757,1779652924.042327,0.10546875,0.97412109375,-0.281005859375,-3.572519083969466,0.061068702290076333,-2.33587786259542,-0.95654296875,0.142822265625,-0.13525390625,-0.29770992366412213,-1.4961832061068703,0.7022900763358778
758,1779652924.0544596,0.10791015625,0.971923828125,-0.283935546875,-3.6412213740458017,0.007633587786259542,-2.572519083969466,-0.9609375,0.139892578125,-0.13330078125,-0.1984732824427481,-1.3129770992366412,0.4351145038167939
759,1779652924.0665193,0.08056640625,0.9716796875,-0.294921875,-3.4732824427480917,0.05343511450381679,-2.312977099236641,-0.957275390625,0.134521484375,-0.12646484375,-0.33587786259541985,-1.465648854961832,0.5648854961832062
760,1779652924.0784845,0.093505859375,0.976806640625,-0.2958984375,-3.717557251908397,0.12213740458015267,-2.1755725190839694,-0.9541015625,0.137451171875,-0.133056640625,-0.3511450381679389,-1.1526717557251909,0.5954198473282443
761,1779652924.090455,0.093505859375,0.97021484375,-0.287109375,-3.595419847328244,0.12213740458015267,-2.3053435114503817,-0.949951171875,0.151611328125,-0.133056640625,-0.26717557251908397,-1.3129770992366412,0.5190839694656488
762,1779652924.1024253,0.096435546875,0.975830078125,-0.275634765625,-3.633587786259542,0.1450381679389313,-2.3282442748091605,-0.94873046875,0.130859375,-0.13232421875,-0.22900763358778625,-1.450381679389313,0.5801526717557252
763,1779652924.1144333,0.101318359375,0.975341796875,-0.287353515625,-3.7099236641221376,-1.9236641221374047,-2.2290076335877864,-0.95556640625,0.13623046875,-0.13330078125,-0.3969465648854962,-1.251908396946565,0.6106870229007634
764,1779652924.1264367,0.092529296875,0.981201171875,-0.285400390625,-3.5343511450381677,-1.9389312977099236,-2.3435114503816794,-0.960693359375,0.138916015625,-0.141845703125,-0.3435114503816794,-1.366412213740458,0.6259541984732825
765,1779652924.1384447,0.07958984375,0.97607421875,-0.28662109375,-3.4580152671755724,0.022900763358778626,-2.3206106870229006,-0.956298828125,0.137451171875,-0.130859375,-0.2748091603053435,-1.4274809160305344,0.549618320610687
766,1779652924.150437,0.09765625,0.974609375,-0.291748046875,-3.6106870229007635,0.21374045801526717,-2.351145038167939,-0.95361328125,0.136474609375,-0.1318359375,-0.2900763358778626,-1.3893129770992367,0.5725190839694656
767,1779652924.1624336,0.09765625,0.977294921875,-0.29541015625,-3.648854961832061,-0.015267175572519083,-2.4122137404580153,-0.968505859375,0.154052734375,-0.130859375,-0.26717557251908397,-1.3969465648854962,0.5648854961832062
768,1779652924.1744256,0.10791015625,0.97802734375,-0.287353515625,-3.6412213740458017,-1.9236641221374047,-2.2290076335877864,-0.95947265625,0.1376953125,-0.12744140625,-0.3893129770992366,-1.3740458015267176,0.6870229007633588
769,1779652924.1863859,0.09716796875,0.968994140625,-0.29345703125,-3.6564885496183206,0.0916030534351145,-2.2213740458015265,-0.96533203125,0.133056640625,-0.139404296875,-0.4122137404580153,-1.5877862595419847,0.5114503816793893
770,1779652924.198351,0.09326171875,0.973876953125,-0.268798828125,-3.618320610687023,0.183206106870229,-2.3206106870229006,-0.955322265625,0.14208984375,-0.139892578125,-0.2824427480916031,-1.3206106870229009,0.48091603053435117
771,1779652924.2103193,0.09423828125,0.97802734375,-0.28564453125,-3.5877862595419847,-0.007633587786259542,-2.3435114503816794,-0.951416015625,0.1416015625,-0.136474609375,-0.2595419847328244,-1.5114503816793894,0.8931297709923665
772,1779652924.2222707,0.0927734375,0.97216796875,-0.28271484375,-3.480916030534351,0.04580152671755725,-2.3435114503816794,-0.95751953125,0.138671875,-0.13671875,-0.3435114503816794,-1.2900763358778626,0.5419847328244275
773,1779652924.234212,0.09716796875,0.971435546875,-0.289306640625,-3.6564885496183206,-1.9083969465648856,-2.5114503816793894,-0.95068359375,0.14111328125,-0.131591796875,-0.25190839694656486,-1.4809160305343512,0.5038167938931297
774,1779652924.246165,0.093505859375,0.975830078125,-0.282958984375,-3.427480916030534,0.022900763358778626,-2.1526717557251906,-0.955078125,0.13134765625,-0.130859375,-0.2900763358778626,-1.3282442748091603,0.6793893129770993
775,1779652924.2581189,0.096923828125,0.978759765625,-0.2880859375,-3.6717557251908395,-0.05343511450381679,-2.3206106870229006,-0.9404296875,0.134033203125,-0.12744140625,-0.1984732824427481,-1.1755725190839694,0.6641221374045801
776,1779652924.2701313,0.10205078125,0.977783203125,-0.294921875,-3.5572519083969465,0.08396946564885496,-2.450381679389313,-0.957763671875,0.1396484375,-0.134033203125,-0.15267175572519084,-1.3969465648854962,0.549618320610687
777,1779652924.2820978,0.095947265625,0.978515625,-0.287353515625,-3.618320610687023,-0.061068702290076333,-2.4122137404580153,-0.9609375,0.135498046875,-0.13623046875,-0.19083969465648856,-1.3511450381679388,0.7709923664122137
778,1779652924.2941136,0.078369140625,0.97314453125,-0.28662109375,-3.5801526717557253,0.12213740458015267,-2.2213740458015265,-0.95556640625,0.140625,-0.125244140625,-0.25190839694656486,-1.3511450381679388,0.6641221374045801
779,1779652924.3061142,0.09326171875,0.956787109375,-0.29638671875,-3.6030534351145036,0.09923664122137404,-2.267175572519084,-0.9599609375,0.14306640625,-0.135009765625,-0.21374045801526717,-1.4427480916030535,0.5801526717557252
780,1779652924.3181143,0.094970703125,0.9765625,-0.29443359375,-3.6564885496183206,0.1984732824427481,-2.3206106870229006,-0.947265625,0.13232421875,-0.1328125,-0.366412213740458,-1.4122137404580153,0.5954198473282443
781,1779652924.330098,0.092529296875,0.975341796875,-0.29052734375,-3.7099236641221376,0.06870229007633588,-2.1526717557251906,-0.95654296875,0.138427734375,-0.13525390625,-0.25190839694656486,-1.4351145038167938,0.5572519083969466
782,1779652924.3421192,0.09423828125,0.96875,-0.2822265625,-3.618320610687023,0.04580152671755725,-2.4580152671755724,-0.94873046875,0.14794921875,-0.12841796875,-0.2748091603053435,-1.381679389312977,0.5419847328244275
783,1779652924.354114,0.096923828125,0.97607421875,-0.288818359375,-3.450381679389313,0.183206106870229,-2.3893129770992365,-0.94287109375,0.134033203125,-0.126953125,-0.183206106870229,-1.4427480916030535,0.5954198473282443
784,1779652924.3661187,0.09765625,0.97021484375,-0.285400390625,-3.4732824427480917,0.06870229007633588,-2.3435114503816794,-0.943603515625,0.141845703125,-0.1279296875,-0.20610687022900764,-1.3282442748091603,0.3435114503816794
785,1779652924.3781152,0.09912109375,0.974853515625,-0.29296875,-3.5877862595419847,0.04580152671755725,-2.183206106870229,-0.95263671875,0.137451171875,-0.13671875,-0.29770992366412213,-1.3893129770992367,0.5648854961832062
786,1779652924.3901079,0.09716796875,0.976806640625,-0.2890625,-3.564885496183206,0.061068702290076333,-2.2748091603053435,-0.955810546875,0.133544921875,-0.13037109375,-0.3282442748091603,-1.3282442748091603,0.5648854961832062
787,1779652924.4021125,0.09619140625,0.976806640625,-0.29150390625,-3.5419847328244276,0.022900763358778626,-2.213740458015267,-0.956787109375,0.135986328125,-0.14306640625,-0.40458015267175573,-1.4351145038167938,0.6335877862595419
788,1779652924.4141045,0.109130859375,0.978515625,-0.287841796875,-3.6106870229007635,-0.06870229007633588,-2.267175572519084,-0.9521484375,0.137451171875,-0.12451171875,-0.183206106870229,-1.3435114503816794,0.648854961832061
789,1779652924.4260774,0.10693359375,0.972900390625,-0.27099609375,-3.5572519083969465,-0.10687022900763359,-2.1068702290076335,-0.95361328125,0.134521484375,-0.15185546875,-0.19083969465648856,-1.1450381679389312,0.6717557251908397
790,1779652924.4380913,0.09619140625,0.970703125,-0.28369140625,-3.6030534351145036,1.9312977099236641,-2.1908396946564888,-0.9541015625,0.1337890625,-0.153564453125,-0.25190839694656486,-1.4732824427480915,0.4351145038167939
791,1779652924.45009,0.093505859375,0.978271484375,-0.28076171875,-3.564885496183206,-1.9312977099236641,-2.267175572519084,-0.96826171875,0.134765625,-0.1376953125,-0.3511450381679389,-1.5190839694656488,0.7557251908396947
792,1779652924.462042,0.09716796875,0.972412109375,-0.288330078125,-3.6793893129770994,-0.09923664122137404,-2.450381679389313,-0.957275390625,0.127685546875,-0.135009765625,-0.26717557251908397,-1.381679389312977,0.7557251908396947
793,1779652924.4740508,0.09716796875,0.97607421875,-0.291748046875,-3.572519083969466,0.061068702290076333,-2.1908396946564888,-0.959716796875,0.1337890625,-0.133056640625,-0.2366412213740458,-1.3206106870229009,0.5877862595419847
794,1779652924.486251,0.08154296875,0.973388671875,-0.2939453125,-3.6412213740458017,1.9083969465648856,-2.183206106870229,-0.9521484375,0.13330078125,-0.131591796875,-0.21374045801526717,-1.3435114503816794,0.5190839694656488
795,1779652924.4982297,0.09423828125,0.982421875,-0.28564453125,-3.7709923664122136,0.03816793893129771,-2.4580152671755724,-0.948974609375,0.136962890625,-0.14208984375,-0.3511450381679389,-1.3129770992366412,0.7251908396946565
796,1779652924.510183,0.108642578125,0.9794921875,-0.287353515625,-3.549618320610687,0.2824427480916031,-2.312977099236641,-0.963623046875,0.15185546875,-0.125732421875,-0.183206106870229,-1.4961832061068703,0.6183206106870229
797,1779652924.5221412,0.09521484375,0.978759765625,-0.290771484375,-3.4885496183206106,0.06870229007633588,-2.16793893129771,-0.954345703125,0.125732421875,-0.137451171875,-0.19083969465648856,-1.251908396946565,0.5801526717557252
798,1779652924.5340931,0.09130859375,0.98193359375,-0.29931640625,-3.549618320610687,-1.9312977099236641,-2.427480916030534,-0.95751953125,0.136962890625,-0.136962890625,-0.1450381679389313,-1.4198473282442747,0.6335877862595419
799,1779652924.5461037,0.09521484375,0.976806640625,-0.294921875,-3.572519083969466,0.06870229007633588,-2.33587786259542,-0.955810546875,0.133056640625,-0.13427734375,-0.35877862595419846,-1.5114503816793894,0.648854961832061
800,1779652924.5580878,0.09375,0.976806640625,-0.285400390625,-3.595419847328244,0.04580152671755725,-2.282442748091603,-0.947998046875,0.140380859375,-0.133056640625,-0.31297709923664124,-1.3206106870229009,0.816793893129771
801,1779652924.5702238,0.09375,0.97998046875,-0.2861328125,-3.564885496183206,0.04580152671755725,-2.427480916030534,-0.963623046875,0.13818359375,-0.133056640625,-0.32061068702290074,-1.4732824427480915,0.7938931297709924
802,1779652924.5822847,0.095703125,0.981689453125,-0.28369140625,-3.5801526717557253,0.1297709923664122,-2.267175572519084,-0.954345703125,0.13525390625,-0.136962890625,-0.2595419847328244,-1.4351145038167938,0.6870229007633588
803,1779652924.594664,0.10302734375,0.97900390625,-0.282958984375,-3.564885496183206,0.1297709923664122,-2.381679389312977,-0.955078125,0.141357421875,-0.138427734375,-0.2366412213740458,-1.6106870229007633,0.6183206106870229
804,1779652924.606648,0.092529296875,0.981201171875,-0.29541015625,-3.66412213740458,0.15267175572519084,-2.267175572519084,-0.952880859375,0.1396484375,-0.138916015625,-0.24427480916030533,-1.3893129770992367,0.732824427480916
805,1779652924.6185915,0.1025390625,0.980712890625,-0.2861328125,-3.6946564885496183,0.19083969465648856,-2.312977099236641,-0.950439453125,0.139404296875,-0.13525390625,-0.3893129770992366,-1.5190839694656488,0.5725190839694656
806,1779652924.6305747,0.09716796875,0.978515625,-0.285888671875,-3.5114503816793894,0.05343511450381679,-2.2519083969465647,-0.957763671875,0.154541015625,-0.134521484375,-0.3435114503816794,-1.3053435114503817,0.7251908396946565
807,1779652924.642589,0.093994140625,0.97998046875,-0.279052734375,-3.595419847328244,0.13740458015267176,-2.4198473282442747,-0.96240234375,0.138671875,-0.13232421875,-0.20610687022900764,-1.3435114503816794,0.7862595419847328
808,1779652924.6547725,0.08349609375,0.97998046875,-0.282470703125,-3.816793893129771,0.16793893129770993,-2.3053435114503817,-0.951171875,0.142333984375,-0.14013671875,-0.37404580152671757,-1.3740458015267176,0.6412213740458015
809,1779652924.6667292,0.091552734375,0.975830078125,-0.293701171875,-3.6259541984732824,1.9312977099236641,-2.351145038167939,-0.952880859375,0.135498046875,-0.140869140625,-0.2595419847328244,-1.251908396946565,0.6870229007633588
810,1779652924.6786792,0.099853515625,0.9580078125,-0.28759765625,-3.519083969465649,-1.9236641221374047,-2.2213740458015265,-0.949951171875,0.138916015625,-0.12841796875,-0.40458015267175573,-1.2595419847328244,0.5267175572519084
811,1779652924.6906521,0.095703125,0.973876953125,-0.284912109375,-3.6564885496183206,0.10687022900763359,-2.1908396946564888,-0.956787109375,0.139404296875,-0.1279296875,-0.2824427480916031,-1.465648854961832,0.6183206106870229
812,1779652924.7026217,0.089111328125,0.9775390625,-0.28515625,-3.4198473282442747,-0.15267175572519084,-2.2442748091603053,-0.950439453125,0.136474609375,-0.122314453125,-0.11450381679389313,-1.381679389312977,0.5419847328244275
813,1779652924.7146258,0.095947265625,0.97509765625,-0.286376953125,-3.50381679389313,1.9236641221374047,-2.267175572519084,-0.96240234375,0.1376953125,-0.129150390625,-0.3511450381679389,-1.534351145038168,0.7175572519083969
814,1779652924.7265902,0.0947265625,0.97412109375,-0.292724609375,-3.648854961832061,0.1297709923664122,-2.1755725190839694,-0.9560546875,0.1416015625,-0.133544921875,-0.3893129770992366,-1.5572519083969465,0.6564885496183206
815,1779652924.7386193,0.092529296875,0.981689453125,-0.2822265625,-3.6030534351145036,0.16793893129770993,-2.4656488549618323,-0.952392578125,0.14306640625,-0.133056640625,-0.3053435114503817,-1.5267175572519085,0.7022900763358778
816,1779652924.750612,0.09521484375,0.978515625,-0.28466796875,-3.450381679389313,0.1297709923664122,-2.1908396946564888,-0.968505859375,0.1396484375,-0.13916015625,-0.3893129770992366,-1.282442748091603,0.6717557251908397
817,1779652924.7625966,0.0986328125,0.977783203125,-0.2822265625,-3.450381679389313,0.19083969465648856,-2.33587786259542,-0.955810546875,0.13525390625,-0.1328125,-0.25190839694656486,-1.465648854961832,0.6641221374045801
818,1779652924.7745924,0.078369140625,0.97509765625,-0.294677734375,-3.5572519083969465,-0.09923664122137404,-2.1755725190839694,-0.959228515625,0.13232421875,-0.130859375,-0.24427480916030533,-1.4045801526717556,0.5648854961832062
819,1779652924.7866015,0.08984375,0.97119140625,-0.2890625,-3.6259541984732824,0.2595419847328244,-2.1755725190839694,-0.96044921875,0.136474609375,-0.12255859375,-0.3053435114503817,-1.4351145038167938,0.5038167938931297
820,1779652924.7985935,0.10693359375,0.977294921875,-0.2890625,-3.6106870229007635,0.16793893129770993,-2.099236641221374,-0.945556640625,0.139892578125,-0.13330078125,-0.40458015267175573,-1.450381679389313,0.4351145038167939
821,1779652924.8106072,0.093994140625,0.9775390625,-0.28564453125,-3.595419847328244,0.25190839694656486,-2.1603053435114505,-0.959716796875,0.1357421875,-0.13720703125,-0.25190839694656486,-1.4045801526717556,0.7251908396946565
822,1779652924.822605,0.1005859375,0.972900390625,-0.28369140625,-3.549618320610687,1.916030534351145,-2.198473282442748,-0.9580078125,0.135498046875,-0.129638671875,-0.1984732824427481,-1.3969465648854962,0.6717557251908397
823,1779652924.8345857,0.0947265625,0.9833984375,-0.277099609375,-3.5419847328244276,0.11450381679389313,-2.3740458015267176,-0.96044921875,0.125244140625,-0.130615234375,-0.29770992366412213,-1.3893129770992367,0.5954198473282443
824,1779652924.8465788,0.096923828125,0.97705078125,-0.2890625,-3.5572519083969465,0.17557251908396945,-2.267175572519084,-0.955810546875,0.1396484375,-0.122802734375,-0.32061068702290074,-1.5267175572519085,0.4198473282442748
825,1779652924.858569,0.08935546875,0.979248046875,-0.291748046875,-3.595419847328244,0.08396946564885496,-2.198473282442748,-0.950927734375,0.142333984375,-0.135498046875,-0.2595419847328244,-1.450381679389313,0.6259541984732825
826,1779652924.8705568,0.090087890625,0.977294921875,-0.29638671875,-3.633587786259542,1.9312977099236641,-2.33587786259542,-0.95361328125,0.136474609375,-0.130859375,-0.3282442748091603,-1.3206106870229009,0.6030534351145038
827,1779652924.882579,0.078369140625,0.976806640625,-0.29541015625,-3.6030534351145036,0.09923664122137404,-2.3206106870229006,-0.943115234375,0.1328125,-0.134765625,-0.2595419847328244,-1.3511450381679388,0.648854961832061
828,1779652924.8945773,0.0888671875,0.97265625,-0.285888671875,-3.7099236641221376,0.08396946564885496,-2.1908396946564888,-0.950927734375,0.135986328125,-0.13818359375,-0.183206106870229,-1.3511450381679388,0.5954198473282443
829,1779652924.9065723,0.091552734375,0.974853515625,-0.26806640625,-3.564885496183206,0.061068702290076333,-2.3587786259541983,-0.95361328125,0.129150390625,-0.13720703125,-0.12213740458015267,-1.3358778625954197,0.3893129770992366
830,1779652924.9187703,0.0947265625,0.971923828125,-0.286865234375,-3.4656488549618323,0.07633587786259542,-2.3587786259541983,-0.94677734375,0.135498046875,-0.14306640625,-0.183206106870229,-1.3435114503816794,0.5419847328244275
831,1779652924.9307606,0.09912109375,0.98046875,-0.29052734375,-3.49618320610687,1.9312977099236641,-2.3435114503816794,-0.951416015625,0.135498046875,-0.136474609375,-0.2748091603053435,-1.251908396946565,0.48854961832061067
832,1779652924.9427316,0.09814453125,0.97998046875,-0.278564453125,-3.50381679389313,0.13740458015267176,-2.3740458015267176,-0.960693359375,0.136962890625,-0.133056640625,-0.35877862595419846,-1.4198473282442747,0.4961832061068702
833,1779652924.9546895,0.09814453125,0.9765625,-0.29443359375,-3.7251908396946565,0.07633587786259542,-2.3893129770992365,-0.953857421875,0.129638671875,-0.143310546875,-0.32061068702290074,-1.3740458015267176,0.5801526717557252
834,1779652924.9666548,0.094482421875,0.97705078125,-0.283203125,-3.633587786259542,1.9389312977099236,-2.16793893129771,-0.960693359375,0.13427734375,-0.142578125,-0.2900763358778626,-1.4122137404580153,0.5572519083969466
835,1779652924.9786055,0.08056640625,0.976806640625,-0.28759765625,-3.4580152671755724,0.183206106870229,-2.1374045801526718,-0.957275390625,0.134765625,-0.132568359375,-0.42748091603053434,-1.3358778625954197,0.5801526717557252
836,1779652924.9906092,0.079345703125,0.973388671875,-0.28857421875,-3.5419847328244276,0.0,-2.213740458015267,-0.943115234375,0.139892578125,-0.1552734375,-0.37404580152671757,-1.3053435114503817,0.48854961832061067
837,1779652925.002586,0.092529296875,0.979736328125,-0.26904296875,-3.404580152671756,0.022900763358778626,-2.16793893129771,-0.961181640625,0.138916015625,-0.112060546875,-0.35877862595419846,-1.3587786259541985,0.7480916030534351
838,1779652925.0146012,0.09912109375,0.9765625,-0.2822265625,-3.732824427480916,1.9465648854961832,-2.2442748091603053,-0.952392578125,0.13916015625,-0.129150390625,-0.16030534351145037,-1.5267175572519085,0.6106870229007634
839,1779652925.0265572,0.097900390625,0.976318359375,-0.294677734375,-3.450381679389313,0.0916030534351145,-2.312977099236641,-0.9599609375,0.140380859375,-0.127685546875,-0.3511450381679389,-1.3893129770992367,0.6793893129770993
840,1779652925.0385754,0.093505859375,0.974609375,-0.298828125,-3.5572519083969465,1.9236641221374047,-2.236641221374046,-0.954345703125,0.1318359375,-0.129638671875,-0.3893129770992366,-1.4274809160305344,0.7251908396946565
841,1779652925.0505848,0.09375,0.97021484375,-0.283935546875,-3.4580152671755724,-0.07633587786259542,-2.198473282442748,-0.951416015625,0.13623046875,-0.131103515625,-0.16030534351145037,-1.3206106870229009,0.5877862595419847
842,1779652925.0625134,0.09228515625,0.97607421875,-0.287841796875,-3.6793893129770994,0.15267175572519084,-2.450381679389313,-0.955810546875,0.14306640625,-0.155029296875,-0.24427480916030533,-1.4427480916030535,0.6335877862595419
843,1779652925.074495,0.09912109375,0.979248046875,-0.2880859375,-3.6412213740458017,0.16030534351145037,-2.0916030534351147,-0.9404296875,0.13330078125,-0.136962890625,-0.2748091603053435,-1.3587786259541985,0.4961832061068702
844,1779652925.0864563,0.094482421875,0.97509765625,-0.288330078125,-3.5801526717557253,-0.08396946564885496,-2.1603053435114505,-0.957763671875,0.128662109375,-0.133056640625,-0.22900763358778625,-1.4198473282442747,0.6641221374045801
845,1779652925.0984352,0.087890625,0.9775390625,-0.269775390625,-3.6030534351145036,-0.030534351145038167,-2.3740458015267176,-0.95556640625,0.1318359375,-0.12646484375,-0.32061068702290074,-1.366412213740458,0.549618320610687
846,1779652925.110463,0.07861328125,0.97509765625,-0.28759765625,-3.435114503816794,-0.06870229007633588,-2.3206106870229006,-0.955322265625,0.135986328125,-0.1337890625,-0.2595419847328244,-1.3358778625954197,0.5725190839694656
847,1779652925.12249,0.09814453125,0.97705078125,-0.2880859375,-3.633587786259542,0.16030534351145037,-2.2061068702290076,-0.9560546875,0.135009765625,-0.1357421875,-0.11450381679389313,-1.3358778625954197,0.45038167938931295
848,1779652925.1344962,0.102783203125,0.970703125,-0.291748046875,-3.6412213740458017,0.10687022900763359,-2.351145038167939,-0.962890625,0.138916015625,-0.134521484375,-0.17557251908396945,-1.4122137404580153,0.648854961832061
849,1779652925.146498,0.09326171875,0.977294921875,-0.279052734375,-3.732824427480916,0.16030534351145037,-2.198473282442748,-0.947021484375,0.135498046875,-0.12939453125,-0.19083969465648856,-1.4351145038167938,0.5038167938931297
850,1779652925.158483,0.09423828125,0.982177734375,-0.286376953125,-3.6106870229007635,-0.16030534351145037,-2.3206106870229006,-0.96875,0.135986328125,-0.133544921875,-0.24427480916030533,-1.3511450381679388,0.6717557251908397
851,1779652925.1704783,0.097900390625,0.9765625,-0.289794921875,-3.4427480916030535,-0.06870229007633588,-2.4122137404580153,-0.9580078125,0.1279296875,-0.131591796875,-0.44274809160305345,-1.213740458015267,0.5114503816793893
852,1779652925.1824925,0.09375,0.97509765625,-0.2880859375,-3.564885496183206,0.0,-2.2595419847328246,-0.944580078125,0.125732421875,-0.12353515625,-0.2824427480916031,-1.3435114503816794,0.5954198473282443
853,1779652925.1944628,0.099853515625,0.98193359375,-0.286865234375,-3.564885496183206,0.16030534351145037,-2.0839694656488548,-0.94287109375,0.134033203125,-0.13623046875,-0.17557251908396945,-1.282442748091603,0.6183206106870229
854,1779652925.2064774,0.098876953125,0.9755859375,-0.290283203125,-3.572519083969466,0.09923664122137404,-2.3435114503816794,-0.959228515625,0.1357421875,-0.138916015625,-0.2824427480916031,-1.3435114503816794,0.6335877862595419
855,1779652925.2184796,0.103759765625,0.971435546875,-0.277099609375,-3.6412213740458017,0.015267175572519083,-2.3435114503816794,-0.95458984375,0.136962890625,-0.137451171875,-0.3511450381679389,-1.3053435114503817,0.3511450381679389
856,1779652925.2304752,0.083984375,0.982421875,-0.289306640625,-3.5572519083969465,-1.8702290076335877,-2.351145038167939,-0.96533203125,0.139892578125,-0.128662109375,-0.31297709923664124,-1.2442748091603053,0.5648854961832062
857,1779652925.2425091,0.09130859375,0.973876953125,-0.287109375,-3.7099236641221376,-0.04580152671755725,-2.2213740458015265,-0.95458984375,0.13427734375,-0.13330078125,-0.3893129770992366,-1.381679389312977,0.5419847328244275
858,1779652925.2545078,0.09814453125,0.97900390625,-0.285888671875,-3.5801526717557253,0.04580152671755725,-2.145038167938931,-0.953369140625,0.13525390625,-0.15185546875,-0.31297709923664124,-1.3587786259541985,0.549618320610687
859,1779652925.2664895,0.095703125,0.97705078125,-0.29052734375,-3.549618320610687,0.061068702290076333,-2.4122137404580153,-0.95654296875,0.125244140625,-0.136474609375,-0.2748091603053435,-1.4045801526717556,0.6412213740458015
860,1779652925.2784073,0.0947265625,0.971435546875,-0.2841796875,-3.5572519083969465,0.17557251908396945,-2.3206106870229006,-0.96875,0.13330078125,-0.11376953125,-0.1984732824427481,-1.381679389312977,0.6412213740458015
861,1779652925.2903507,0.096923828125,0.973388671875,-0.282958984375,-3.519083969465649,0.06870229007633588,-2.1908396946564888,-0.951171875,0.1376953125,-0.134521484375,-0.366412213740458,-1.2671755725190839,0.42748091603053434
862,1779652925.3023553,0.094482421875,0.970947265625,-0.283203125,-3.687022900763359,0.13740458015267176,-2.366412213740458,-0.952392578125,0.137451171875,-0.130615234375,-0.4198473282442748,-1.4732824427480915,0.8015267175572519
863,1779652925.3142967,0.10009765625,0.972412109375,-0.293701171875,-3.5343511450381677,0.08396946564885496,-2.198473282442748,-0.949951171875,0.13623046875,-0.139404296875,-0.21374045801526717,-1.3587786259541985,0.5343511450381679
864,1779652925.3262367,0.08154296875,0.975830078125,-0.291748046875,-3.564885496183206,0.022900763358778626,-2.2061068702290076,-0.948974609375,0.138916015625,-0.132080078125,-0.22137404580152673,-1.282442748091603,0.648854961832061
865,1779652925.3381715,0.106689453125,0.9736328125,-0.28759765625,-3.7022900763358777,0.33587786259541985,-2.1526717557251906,-0.961181640625,0.1357421875,-0.136962890625,-0.2595419847328244,-1.183206106870229,0.6412213740458015
866,1779652925.3503847,0.096435546875,0.9755859375,-0.289794921875,-3.633587786259542,-1.916030534351145,-2.2748091603053435,-0.958740234375,0.138427734375,-0.12548828125,-0.2595419847328244,-1.4427480916030535,0.6030534351145038
867,1779652925.3623788,0.0869140625,0.976318359375,-0.286376953125,-3.6793893129770994,0.16030534351145037,-2.198473282442748,-0.955810546875,0.133056640625,-0.135009765625,-0.22137404580152673,-1.3129770992366412,0.6183206106870229
868,1779652925.3743532,0.095703125,0.978515625,-0.28857421875,-3.564885496183206,-0.13740458015267176,-2.1603053435114505,-0.943603515625,0.137939453125,-0.13232421875,-0.3053435114503817,-1.3511450381679388,0.549618320610687
869,1779652925.3863037,0.09765625,0.979248046875,-0.287109375,-3.549618320610687,-0.022900763358778626,-2.267175572519084,-0.947509765625,0.138427734375,-0.140380859375,-0.33587786259541985,-1.4198473282442747,0.7404580152671756
870,1779652925.398256,0.10205078125,0.972412109375,-0.287109375,-3.4198473282442747,0.09923664122137404,-2.282442748091603,-0.9560546875,0.13427734375,-0.139404296875,-0.16793893129770993,-1.5114503816793894,0.6259541984732825
871,1779652925.4102013,0.10009765625,0.97412109375,-0.288818359375,-3.549618320610687,0.0916030534351145,-2.3893129770992365,-0.961669921875,0.13232421875,-0.1337890625,-0.22137404580152673,-1.3893129770992367,0.7022900763358778
872,1779652925.4221594,0.09716796875,0.9814453125,-0.2890625,-3.6106870229007635,0.05343511450381679,-2.4656488549618323,-0.95849609375,0.138427734375,-0.138427734375,-0.29770992366412213,-1.3740458015267176,0.48854961832061067
873,1779652925.4341369,0.09912109375,0.978515625,-0.292236328125,-3.7022900763358777,0.0916030534351145,-2.2900763358778624,-0.9423828125,0.134765625,-0.1376953125,-0.2824427480916031,-1.4198473282442747,0.6641221374045801
874,1779652925.44612,0.09814453125,0.97900390625,-0.284912109375,-3.7099236641221376,0.022900763358778626,-2.1908396946564888,-0.9404296875,0.134521484375,-0.135498046875,-0.29770992366412213,-1.465648854961832,0.5419847328244275
875,1779652925.458103,0.09130859375,0.998046875,-0.296142578125,-3.648854961832061,0.061068702290076333,-2.2900763358778624,-0.956787109375,0.14111328125,-0.131591796875,-0.17557251908396945,-1.3740458015267176,0.5190839694656488
876,1779652925.4700735,0.09375,0.971923828125,-0.281494140625,-3.2900763358778624,0.1297709923664122,-2.2595419847328246,-0.953125,0.133056640625,-0.13330078125,-0.37404580152671757,-1.2213740458015268,0.6641221374045801
877,1779652925.4820755,0.091796875,0.979736328125,-0.282470703125,-3.5114503816793894,-0.08396946564885496,-2.366412213740458,-0.96142578125,0.140380859375,-0.123779296875,-0.16793893129770993,-1.633587786259542,0.5190839694656488
878,1779652925.494085,0.099365234375,0.98095703125,-0.28515625,-3.7557251908396947,-0.0916030534351145,-2.1297709923664123,-0.958984375,0.13671875,-0.144287109375,-0.33587786259541985,-1.2671755725190839,0.5419847328244275
879,1779652925.5060594,0.09228515625,0.97705078125,-0.290771484375,-3.648854961832061,0.05343511450381679,-2.1526717557251906,-0.9521484375,0.1337890625,-0.130615234375,-0.2900763358778626,-1.3893129770992367,0.6259541984732825
880,1779652925.5180528,0.095947265625,0.979248046875,-0.2880859375,-3.519083969465649,0.1297709923664122,-2.213740458015267,-0.948486328125,0.14013671875,-0.1328125,-0.3893129770992366,-1.4427480916030535,0.648854961832061
881,1779652925.5300229,0.097900390625,0.976318359375,-0.289306640625,-3.50381679389313,0.06870229007633588,-2.2061068702290076,-0.9560546875,0.134765625,-0.136962890625,-0.40458015267175573,-1.4198473282442747,0.5801526717557252
882,1779652925.5420637,0.100341796875,0.971435546875,-0.294921875,-3.5114503816793894,-0.06870229007633588,-2.4427480916030535,-0.962646484375,0.13916015625,-0.15234375,-0.2900763358778626,-1.4809160305343512,0.5114503816793893
883,1779652925.5540617,0.095703125,0.983642578125,-0.287841796875,-3.6717557251908395,-0.07633587786259542,-2.2748091603053435,-0.940185546875,0.152099609375,-0.13818359375,-0.29770992366412213,-1.4198473282442747,0.5954198473282443
884,1779652925.56604,0.09619140625,0.979736328125,-0.292724609375,-3.5267175572519083,0.08396946564885496,-2.183206106870229,-0.953125,0.1435546875,-0.13916015625,-0.1450381679389313,-1.2061068702290076,0.6870229007633588
885,1779652925.5780308,0.083740234375,0.978759765625,-0.28857421875,-3.5114503816793894,0.0916030534351145,-2.3969465648854964,-0.951904296875,0.14111328125,-0.137451171875,-0.26717557251908397,-1.213740458015267,0.5419847328244275
886,1779652925.5903955,0.09326171875,0.976806640625,-0.281982421875,-3.5801526717557253,1.8931297709923665,-2.3740458015267176,-0.93896484375,0.135498046875,-0.139404296875,-0.2824427480916031,-1.4198473282442747,0.7480916030534351
887,1779652925.6024551,0.09228515625,0.97216796875,-0.286376953125,-3.648854961832061,-0.06870229007633588,-2.312977099236641,-0.960693359375,0.13916015625,-0.1318359375,-0.35877862595419846,-1.4427480916030535,0.5114503816793893
888,1779652925.614477,0.088623046875,0.978759765625,-0.283447265625,-3.7786259541984735,0.03816793893129771,-2.3053435114503817,-0.94970703125,0.136962890625,-0.12939453125,-0.183206106870229,-1.4580152671755726,0.6106870229007634
889,1779652925.626494,0.093994140625,0.976318359375,-0.281494140625,-3.5877862595419847,0.022900763358778626,-2.2213740458015265,-0.9501953125,0.138427734375,-0.141845703125,-0.19083969465648856,-1.1984732824427482,0.7786259541984732
890,1779652925.638497,0.09521484375,0.959716796875,-0.286865234375,-3.66412213740458,0.08396946564885496,-2.183206106870229,-0.945556640625,0.140380859375,-0.142822265625,-0.08396946564885496,-1.3893129770992367,0.648854961832061
891,1779652925.6505055,0.0947265625,0.971435546875,-0.286376953125,-3.6106870229007635,0.06870229007633588,-2.267175572519084,-0.959716796875,0.1357421875,-0.129150390625,-0.15267175572519084,-1.534351145038168,0.648854961832061
892,1779652925.6633668,0.10498046875,0.975341796875,-0.294189453125,-3.6564885496183206,0.15267175572519084,-2.1908396946564888,-0.94580078125,0.1396484375,-0.134033203125,-0.22900763358778625,-1.4198473282442747,0.7404580152671756
893,1779652925.675334,0.078125,0.97265625,-0.3056640625,-3.595419847328244,0.06870229007633588,-2.213740458015267,-0.93896484375,0.1357421875,-0.128173828125,-0.21374045801526717,-1.2290076335877862,0.7099236641221374
894,1779652925.6872797,0.096435546875,0.977294921875,-0.287109375,-3.5267175572519083,1.9465648854961832,-2.2061068702290076,-0.961669921875,0.12744140625,-0.132568359375,-0.3435114503816794,-1.4961832061068703,0.8396946564885496
895,1779652925.6992383,0.092041015625,0.9794921875,-0.2763671875,-3.633587786259542,-0.1450381679389313,-2.1908396946564888,-0.938232421875,0.1376953125,-0.134521484375,-0.26717557251908397,-1.3969465648854962,0.6564885496183206
896,1779652925.7112143,0.0966796875,0.97412109375,-0.287109375,-3.5267175572519083,-1.8625954198473282,-2.3893129770992365,-0.950927734375,0.14111328125,-0.152587890625,-0.2595419847328244,-1.3511450381679388,0.6030534351145038
897,1779652925.7231882,0.098876953125,0.974609375,-0.29248046875,-3.572519083969466,-1.900763358778626,-2.282442748091603,-0.95166015625,0.134033203125,-0.14208984375,-0.2595419847328244,-1.5038167938931297,0.8015267175572519
898,1779652925.7351968,0.09716796875,0.968994140625,-0.28125,-3.5419847328244276,0.2366412213740458,-2.2442748091603053,-0.95947265625,0.13916015625,-0.133544921875,-0.24427480916030533,-1.4351145038167938,0.44274809160305345
899,1779652925.7471719,0.09619140625,0.975830078125,-0.278076171875,-3.564885496183206,0.16030534351145037,-2.282442748091603,-0.95263671875,0.14306640625,-0.134765625,-0.32061068702290074,-1.3358778625954197,0.6412213740458015
900,1779652925.759114,0.080810546875,0.97998046875,-0.282470703125,-3.6106870229007635,0.16793893129770993,-2.2290076335877864,-0.951416015625,0.12939453125,-0.130615234375,-0.25190839694656486,-1.4351145038167938,0.5801526717557252
901,1779652925.7711906,0.09619140625,0.975830078125,-0.291259765625,-3.5267175572519083,-0.061068702290076333,-2.4580152671755724,-0.952880859375,0.13525390625,-0.13037109375,-0.31297709923664124,-1.282442748091603,0.44274809160305345
902,1779652925.7834992,0.09716796875,0.975341796875,-0.29443359375,-3.7022900763358777,0.1297709923664122,-2.2442748091603053,-0.956298828125,0.138427734375,-0.1357421875,-0.29770992366412213,-1.465648854961832,0.6106870229007634
903,1779652925.795608,0.09033203125,0.971435546875,-0.281494140625,-3.50381679389313,-0.007633587786259542,-2.3206106870229006,-0.95263671875,0.134765625,-0.13525390625,-0.3511450381679389,-1.2061068702290076,0.549618320610687
904,1779652925.8075788,0.089599609375,0.979248046875,-0.286376953125,-3.6412213740458017,0.06870229007633588,-0.08396946564885496,-0.9677734375,0.141845703125,-0.138916015625,-0.31297709923664124,-1.297709923664122,0.5801526717557252
905,1779652925.8195803,0.0986328125,0.977783203125,-0.26953125,-3.5572519083969465,-0.03816793893129771,-2.198473282442748,-0.954833984375,0.13330078125,-0.132080078125,-0.26717557251908397,-1.3969465648854962,0.6259541984732825
906,1779652925.831577,0.095703125,0.971435546875,-0.27490234375,-3.618320610687023,0.06870229007633588,-2.2595419847328246,-0.942626953125,0.15478515625,-0.133056640625,-0.17557251908396945,-1.3053435114503817,0.5343511450381679
907,1779652925.8436112,0.091796875,0.969970703125,-0.295166015625,-3.5419847328244276,0.06870229007633588,-2.2290076335877864,-0.954833984375,0.1416015625,-0.131591796875,-0.1984732824427481,-1.381679389312977,0.6564885496183206
908,1779652925.8558507,0.095703125,0.978759765625,-0.28564453125,-3.6106870229007635,-0.16793893129770993,-2.1755725190839694,-0.9599609375,0.138916015625,-0.1337890625,-0.20610687022900764,-1.3511450381679388,0.5267175572519084
909,1779652925.8677943,0.093994140625,0.974609375,-0.28515625,-3.7099236641221376,0.15267175572519084,-2.3740458015267176,-0.962158203125,0.1357421875,-0.123046875,-0.1450381679389313,-1.4045801526717556,0.5038167938931297
910,1779652925.8797278,0.09619140625,0.9814453125,-0.287353515625,-3.6564885496183206,0.16793893129770993,-2.2900763358778624,-0.96484375,0.13818359375,-0.133544921875,-0.3969465648854962,-1.5038167938931297,0.5648854961832062
911,1779652925.89171,0.096923828125,0.974853515625,-0.28564453125,-3.5877862595419847,-0.06870229007633588,-2.213740458015267,-0.9521484375,0.1435546875,-0.132568359375,-0.12213740458015267,-1.4045801526717556,0.6106870229007634
912,1779652925.9036903,0.09423828125,0.976318359375,-0.293701171875,-3.633587786259542,-1.9465648854961832,-2.4580152671755724,-0.956787109375,0.134033203125,-0.126708984375,-0.22900763358778625,-1.4198473282442747,0.7175572519083969
913,1779652925.9156268,0.099365234375,0.97216796875,-0.282470703125,-3.5114503816793894,0.183206106870229,-2.366412213740458,-0.9482421875,0.13916015625,-0.135986328125,-0.3816793893129771,-1.3282442748091603,0.7251908396946565
914,1779652925.9275994,0.09619140625,0.979248046875,-0.2880859375,-3.7251908396946565,0.08396946564885496,-2.114503816793893,-0.943603515625,0.137939453125,-0.12939453125,-0.44274809160305345,-1.4580152671755726,0.6412213740458015
915,1779652925.939597,0.07958984375,0.978271484375,-0.2724609375,-3.633587786259542,0.03816793893129771,-2.2595419847328246,-0.94873046875,0.14794921875,-0.138671875,-0.17557251908396945,-1.4580152671755726,0.6564885496183206
916,1779652925.9515774,0.080078125,0.9765625,-0.28759765625,-3.6717557251908395,0.06870229007633588,-2.16793893129771,-0.953857421875,0.13232421875,-0.1298828125,-0.3282442748091603,-1.3206106870229009,0.6030534351145038
917,1779652925.963548,0.09912109375,0.971923828125,-0.28369140625,-3.549618320610687,0.061068702290076333,-2.366412213740458,-0.951904296875,0.140869140625,-0.133056640625,-0.31297709923664124,-1.1374045801526718,0.5954198473282443
918,1779652925.9755373,0.080078125,0.974853515625,-0.288330078125,-3.5877862595419847,0.0916030534351145,-2.3740458015267176,-0.9580078125,0.144287109375,-0.131103515625,-0.2748091603053435,-1.5267175572519085,0.6183206106870229
919,1779652925.9874952,0.094482421875,0.975341796875,-0.279052734375,-3.4198473282442747,0.04580152671755725,-2.2519083969465647,-0.962646484375,0.1376953125,-0.129150390625,-0.40458015267175573,-1.1984732824427482,0.6412213740458015
920,1779652925.999498,0.101318359375,0.974853515625,-0.281005859375,-3.6259541984732824,0.16793893129770993,-2.2595419847328246,-0.938720703125,0.1552734375,-0.133544921875,-0.3435114503816794,-1.4809160305343512,0.7022900763358778
921,1779652926.0114827,0.093017578125,0.978271484375,-0.281982421875,-3.4580152671755724,0.0916030534351145,-2.2290076335877864,-0.964599609375,0.15185546875,-0.136474609375,-0.24427480916030533,-1.2061068702290076,0.5114503816793893
922,1779652926.0234601,0.095947265625,0.97314453125,-0.29638671875,-3.49618320610687,0.03816793893129771,-2.381679389312977,-0.96337890625,0.13916015625,-0.134521484375,-0.25190839694656486,-1.4351145038167938,0.5877862595419847
923,1779652926.035475,0.0986328125,0.975341796875,-0.28125,-3.6717557251908395,1.9236641221374047,-2.3053435114503817,-0.94287109375,0.1318359375,-0.138427734375,-0.3053435114503817,-1.3587786259541985,0.648854961832061
924,1779652926.0475411,0.106201171875,0.9765625,-0.28759765625,-3.633587786259542,0.030534351145038167,-2.3893129770992365,-0.960693359375,0.140380859375,-0.125,-0.4961832061068702,-1.3511450381679388,0.5954198473282443
925,1779652926.0594873,0.078857421875,0.9775390625,-0.289794921875,-3.633587786259542,0.12213740458015267,-2.3053435114503817,-0.950439453125,0.1357421875,-0.12451171875,-0.2748091603053435,-1.450381679389313,0.46564885496183206
926,1779652926.071494,0.091796875,0.9765625,-0.285400390625,-3.5801526717557253,0.12213740458015267,-2.213740458015267,-0.938720703125,0.15478515625,-0.129150390625,-0.19083969465648856,-1.4732824427480915,0.7480916030534351
927,1779652926.0834768,0.08447265625,0.970458984375,-0.283203125,-3.763358778625954,0.030534351145038167,-2.3435114503816794,-0.956787109375,0.13525390625,-0.1474609375,-0.3282442748091603,-1.3511450381679388,0.5419847328244275
928,1779652926.0962067,0.09375,0.974609375,-0.288330078125,-3.480916030534351,-0.11450381679389313,-2.2290076335877864,-0.960205078125,0.139892578125,-0.126708984375,-0.16030534351145037,-1.4045801526717556,0.5725190839694656
929,1779652926.1082053,0.080322265625,0.970703125,-0.28515625,-3.549618320610687,0.04580152671755725,-2.3587786259541983,-0.968505859375,0.128173828125,-0.131103515625,-0.24427480916030533,-1.3435114503816794,0.5572519083969466
930,1779652926.1201653,0.094970703125,0.968994140625,-0.287353515625,-3.6793893129770994,-0.05343511450381679,-2.3053435114503817,-0.960205078125,0.125,-0.136474609375,-0.24427480916030533,-1.2213740458015268,0.48854961832061067
931,1779652926.1321175,0.089111328125,0.97412109375,-0.296875,-3.687022900763359,0.08396946564885496,-2.33587786259542,-0.9619140625,0.13818359375,-0.133544921875,-0.22137404580152673,-1.3969465648854962,0.648854961832061
932,1779652926.1440704,0.09814453125,0.974609375,-0.287109375,-3.5343511450381677,-1.8625954198473282,-2.2213740458015265,-0.968505859375,0.14306640625,-0.143798828125,-0.2824427480916031,-1.2900763358778626,0.5648854961832062
933,1779652926.1560833,0.092529296875,0.970458984375,-0.293212890625,-3.816793893129771,0.15267175572519084,-2.0839694656488548,-0.952880859375,0.139404296875,-0.135986328125,-0.22137404580152673,-1.3511450381679388,0.6412213740458015
934,1779652926.1680667,0.09765625,0.977783203125,-0.290771484375,-3.5114503816793894,0.13740458015267176,-2.2213740458015265,-0.955078125,0.136474609375,-0.141357421875,-0.32061068702290074,-1.213740458015267,0.5801526717557252
935,1779652926.1800697,0.095458984375,0.973388671875,-0.29150390625,-3.549618320610687,0.1297709923664122,-2.282442748091603,-0.956298828125,0.135986328125,-0.136474609375,-0.3435114503816794,-1.1908396946564885,0.5419847328244275
936,1779652926.1920657,0.1083984375,0.976318359375,-0.28466796875,-3.7480916030534353,0.07633587786259542,-2.282442748091603,-0.951904296875,0.134521484375,-0.138916015625,-0.44274809160305345,-1.3740458015267176,0.4122137404580153
937,1779652926.2040584,0.108642578125,0.97705078125,-0.280517578125,-3.5419847328244276,0.061068702290076333,-2.3893129770992365,-0.951416015625,0.126708984375,-0.133056640625,-0.22900763358778625,-1.3511450381679388,0.6564885496183206
938,1779652926.2162712,0.095458984375,0.973388671875,-0.286376953125,-3.572519083969466,0.04580152671755725,-2.3740458015267176,-0.954833984375,0.142578125,-0.131591796875,-0.26717557251908397,-1.4274809160305344,0.5648854961832062
939,1779652926.2282727,0.099365234375,0.9755859375,-0.285888671875,-3.6946564885496183,-0.015267175572519083,-2.2595419847328246,-0.957275390625,0.14111328125,-0.136962890625,-0.3282442748091603,-1.3053435114503817,0.549618320610687
940,1779652926.240245,0.0908203125,0.981201171875,-0.27978515625,-3.648854961832061,-0.15267175572519084,-2.2442748091603053,-0.960205078125,0.14208984375,-0.1337890625,-0.35877862595419846,-1.5267175572519085,0.5343511450381679
941,1779652926.2522035,0.09619140625,0.97607421875,-0.281005859375,-3.6412213740458017,-0.04580152671755725,-2.3435114503816794,-0.9443359375,0.138427734375,-0.138671875,-0.25190839694656486,-1.183206106870229,0.45038167938931295
942,1779652926.2641418,0.095458984375,0.980224609375,-0.2900390625,-3.6412213740458017,0.04580152671755725,-2.0916030534351147,-0.945068359375,0.14013671875,-0.1376953125,-0.3053435114503817,-1.381679389312977,0.5877862595419847
943,1779652926.2760808,0.09619140625,0.976806640625,-0.27978515625,-3.5801526717557253,0.24427480916030533,-2.3282442748091605,-0.94970703125,0.155517578125,-0.12841796875,-0.21374045801526717,-1.3129770992366412,0.7099236641221374
944,1779652926.288065,0.0966796875,0.969482421875,-0.289306640625,-3.633587786259542,0.04580152671755725,-2.2595419847328246,-0.963134765625,0.1357421875,-0.14892578125,-0.1297709923664122,-1.0763358778625953,0.648854961832061
945,1779652926.3000789,0.09228515625,0.976318359375,-0.290771484375,-3.5877862595419847,-0.007633587786259542,-2.2519083969465647,-0.947509765625,0.13037109375,-0.137451171875,-0.3893129770992366,-1.2442748091603053,0.5572519083969466
946,1779652926.312078,0.100341796875,0.975341796875,-0.28515625,-3.7099236641221376,-1.9389312977099236,-2.2290076335877864,-0.9619140625,0.140380859375,-0.13916015625,-0.32061068702290074,-1.4122137404580153,0.5114503816793893
947,1779652926.324069,0.096435546875,0.977294921875,-0.282470703125,-3.49618320610687,0.06870229007633588,-2.1755725190839694,-0.958740234375,0.13232421875,-0.137451171875,-0.2824427480916031,-1.2900763358778626,0.6030534351145038
948,1779652926.3360667,0.093505859375,0.983642578125,-0.287353515625,-3.6793893129770994,0.0916030534351145,-2.5114503816793894,-0.95703125,0.133056640625,-0.142822265625,-0.29770992366412213,-1.3282442748091603,0.7099236641221374
949,1779652926.3480878,0.091796875,0.9775390625,-0.285888671875,-3.5114503816793894,-1.9541984732824427,-2.236641221374046,-0.960693359375,0.13671875,-0.130859375,-0.33587786259541985,-1.3206106870229009,0.6793893129770993
950,1779652926.360066,0.093505859375,0.980224609375,-0.286376953125,-3.648854961832061,0.16793893129770993,-2.381679389312977,-0.94677734375,0.132568359375,-0.1357421875,-0.33587786259541985,-1.3053435114503817,0.48854961832061067
951,1779652926.3720555,0.10009765625,0.972412109375,-0.2900390625,-3.595419847328244,0.1297709923664122,-2.2519083969465647,-0.9580078125,0.136962890625,-0.141845703125,-0.29770992366412213,-1.3282442748091603,0.6030534351145038
952,1779652926.3840508,0.09375,0.974365234375,-0.292236328125,-3.6564885496183206,-0.061068702290076333,-2.236641221374046,-0.942138671875,0.13427734375,-0.126708984375,-0.17557251908396945,-1.366412213740458,0.7862595419847328
953,1779652926.3960376,0.095703125,0.9736328125,-0.289794921875,-3.732824427480916,0.2595419847328244,-2.312977099236641,-0.939697265625,0.13818359375,-0.130859375,-0.3816793893129771,-1.549618320610687,0.5954198473282443
954,1779652926.4080658,0.09619140625,0.978271484375,-0.28369140625,-3.6030534351145036,0.1450381679389313,-2.2748091603053435,-0.955810546875,0.139404296875,-0.129150390625,-0.25190839694656486,-1.5267175572519085,0.6870229007633588
955,1779652926.420072,0.1025390625,0.9765625,-0.283935546875,-3.7480916030534353,-1.9312977099236641,-2.4732824427480917,-0.95166015625,0.139892578125,-0.1328125,-0.2900763358778626,-1.3435114503816794,0.4961832061068702
956,1779652926.4320552,0.09326171875,0.978271484375,-0.287353515625,-3.7480916030534353,1.9465648854961832,-2.0229007633587788,-0.958251953125,0.13427734375,-0.13671875,-0.2748091603053435,-1.5114503816793894,0.5801526717557252
957,1779652926.4440382,0.088623046875,0.9736328125,-0.290771484375,-3.7404580152671754,-0.12213740458015267,-2.2748091603053435,-0.953857421875,0.135498046875,-0.135986328125,-0.32061068702290074,-1.5267175572519085,0.46564885496183206
958,1779652926.456066,0.0966796875,0.97607421875,-0.287109375,-3.4732824427480917,-1.9389312977099236,-2.3435114503816794,-0.967041015625,0.13720703125,-0.135009765625,-0.32061068702290074,-1.282442748091603,0.6183206106870229
959,1779652926.4680445,0.08984375,0.977783203125,-0.28662109375,-3.6106870229007635,0.06870229007633588,-2.2213740458015265,-0.9384765625,0.131103515625,-0.1337890625,-0.3435114503816794,-1.3435114503816794,0.48091603053435117
960,1779652926.4800673,0.095458984375,0.97216796875,-0.285888671875,-3.633587786259542,0.12213740458015267,-2.2900763358778624,-0.9404296875,0.136962890625,-0.146240234375,-0.2824427480916031,-1.381679389312977,0.6335877862595419
961,1779652926.4920642,0.09326171875,0.97509765625,-0.289306640625,-3.6106870229007635,1.916030534351145,-2.114503816793893,-0.953369140625,0.13818359375,-0.13330078125,-0.20610687022900764,-1.3358778625954197,0.5954198473282443
962,1779652926.5040636,0.097412109375,0.973388671875,-0.28759765625,-3.50381679389313,0.10687022900763359,-2.3206106870229006,-0.94873046875,0.141845703125,-0.136474609375,-0.20610687022900764,-1.2595419847328244,0.7099236641221374
963,1779652926.5160284,0.0830078125,0.96923828125,-0.28955078125,-3.49618320610687,0.1450381679389313,-2.1755725190839694,-0.960693359375,0.134033203125,-0.1337890625,-0.29770992366412213,-1.2748091603053435,0.7099236641221374
964,1779652926.528046,0.078369140625,0.98046875,-0.28857421875,-3.7709923664122136,-1.8931297709923665,-2.282442748091603,-0.963623046875,0.1357421875,-0.13427734375,-0.29770992366412213,-1.3969465648854962,0.5114503816793893
965,1779652926.5400455,0.0966796875,0.974609375,-0.28369140625,-3.427480916030534,0.04580152671755725,-2.404580152671756,-0.93994140625,0.12890625,-0.13134765625,-0.11450381679389313,-1.297709923664122,0.5190839694656488
966,1779652926.5520797,0.07958984375,0.97607421875,-0.2880859375,-3.648854961832061,0.1297709923664122,-2.404580152671756,-0.940673828125,0.1328125,-0.137939453125,-0.21374045801526717,-1.3587786259541985,0.5419847328244275
967,1779652926.5640595,0.103759765625,0.975341796875,-0.296630859375,-3.66412213740458,0.22137404580152673,-2.3587786259541983,-0.943603515625,0.136474609375,-0.134033203125,-0.4122137404580153,-1.4580152671755726,0.549618320610687
968,1779652926.5760505,0.09033203125,0.977294921875,-0.287109375,-3.50381679389313,0.10687022900763359,-2.0916030534351147,-0.957275390625,0.135986328125,-0.13427734375,-0.25190839694656486,-1.4732824427480915,0.6259541984732825
969,1779652926.5884266,0.098876953125,0.974609375,-0.268798828125,-3.6946564885496183,0.1450381679389313,-2.2290076335877864,-0.957275390625,0.1376953125,-0.13037109375,-0.2824427480916031,-1.183206106870229,0.7022900763358778
970,1779652926.6005788,0.096923828125,0.974365234375,-0.296630859375,-3.6412213740458017,-1.9236641221374047,-2.3282442748091605,-0.9521484375,0.135986328125,-0.135009765625,-0.3282442748091603,-1.5114503816793894,0.5267175572519084
971,1779652926.6125803,0.107177734375,0.98193359375,-0.2861328125,-3.6259541984732824,-0.061068702290076333,-2.1908396946564888,-0.957763671875,0.12890625,-0.139404296875,-0.26717557251908397,-1.3435114503816794,0.6946564885496184
972,1779652926.6245656,0.0966796875,0.97900390625,-0.289306640625,-3.5114503816793894,0.17557251908396945,-2.2595419847328246,-0.9599609375,0.141357421875,-0.135498046875,-0.17557251908396945,-1.2900763358778626,0.6259541984732825
973,1779652926.636614,0.09765625,0.97998046875,-0.281494140625,-3.4732824427480917,-0.07633587786259542,-2.50381679389313,-0.94677734375,0.1396484375,-0.134765625,-0.32061068702290074,-1.2900763358778626,0.6106870229007634
974,1779652926.6488373,0.07861328125,0.972900390625,-0.269287109375,-3.6259541984732824,0.061068702290076333,-2.3435114503816794,-0.960693359375,0.12548828125,-0.130859375,-0.183206106870229,-1.3435114503816794,0.45038167938931295
975,1779652926.660897,0.097900390625,0.9736328125,-0.27392578125,-3.7938931297709924,0.21374045801526717,-2.0916030534351147,-0.955078125,0.135009765625,-0.13037109375,-0.3053435114503817,-1.3969465648854962,0.6870229007633588
976,1779652926.6729074,0.094970703125,0.981201171875,-0.287841796875,-3.6106870229007635,0.07633587786259542,-2.1526717557251906,-0.961669921875,0.13818359375,-0.12548828125,-0.2748091603053435,-1.297709923664122,0.48854961832061067
977,1779652926.684952,0.097900390625,0.977294921875,-0.28857421875,-3.450381679389313,-1.9389312977099236,-2.3435114503816794,-0.95654296875,0.134033203125,-0.136962890625,-0.24427480916030533,-1.2442748091603053,0.6030534351145038
978,1779652926.6970077,0.097412109375,0.975830078125,-0.2939453125,-3.66412213740458,-0.04580152671755725,-2.3053435114503817,-0.9482421875,0.142578125,-0.131591796875,-0.15267175572519084,-1.2366412213740459,0.5801526717557252
979,1779652926.7090294,0.095458984375,0.974609375,-0.283935546875,-3.648854961832061,0.08396946564885496,-2.3740458015267176,-0.95263671875,0.1357421875,-0.139892578125,-0.16793893129770993,-1.3587786259541985,0.5877862595419847
980,1779652926.7210274,0.0888671875,0.980224609375,-0.28857421875,-3.7022900763358777,-0.007633587786259542,-2.2290076335877864,-0.938232421875,0.13720703125,-0.1298828125,-0.35877862595419846,-1.3358778625954197,0.5801526717557252
981,1779652926.7330258,0.082763671875,0.975341796875,-0.287353515625,-3.564885496183206,0.15267175572519084,-2.16793893129771,-0.961669921875,0.133544921875,-0.137939453125,-0.24427480916030533,-1.366412213740458,0.732824427480916
982,1779652926.7450387,0.10009765625,0.974365234375,-0.271728515625,-3.404580152671756,0.2366412213740458,-2.427480916030534,-0.9541015625,0.13818359375,-0.14013671875,-0.16030534351145037,-1.366412213740458,0.7175572519083969
983,1779652926.7570367,0.094970703125,0.980712890625,-0.2783203125,-3.480916030534351,1.9465648854961832,-2.3893129770992365,-0.951171875,0.14013671875,-0.1279296875,-0.2595419847328244,-1.282442748091603,0.6717557251908397
984,1779652926.7690487,0.078125,0.973388671875,-0.266357421875,-3.6106870229007635,0.06870229007633588,-2.3053435114503817,-0.952880859375,0.135986328125,-0.134521484375,-0.32061068702290074,-1.2748091603053435,0.6259541984732825
985,1779652926.7810364,0.095458984375,0.978271484375,-0.288330078125,-3.5877862595419847,0.11450381679389313,-2.366412213740458,-0.955078125,0.135498046875,-0.137939453125,-0.24427480916030533,-1.183206106870229,0.6717557251908397
986,1779652926.7930343,0.0927734375,0.9794921875,-0.283447265625,-3.648854961832061,0.1984732824427481,-2.2290076335877864,-0.955078125,0.1533203125,-0.130615234375,-0.22137404580152673,-1.5114503816793894,0.5801526717557252
987,1779652926.8050363,0.099609375,0.977783203125,-0.2861328125,-3.7022900763358777,1.9389312977099236,-2.145038167938931,-0.956787109375,0.1376953125,-0.156005859375,-0.3053435114503817,-1.4274809160305344,0.5572519083969466
988,1779652926.8170316,0.09765625,0.974853515625,-0.27490234375,-3.6793893129770994,-1.9465648854961832,-2.030534351145038,-0.952880859375,0.134521484375,-0.132080078125,-0.25190839694656486,-1.2900763358778626,0.5954198473282443
989,1779652926.8290343,0.103759765625,0.9833984375,-0.291015625,-3.6412213740458017,0.22137404580152673,-2.2519083969465647,-0.95703125,0.1259765625,-0.129638671875,-0.2900763358778626,-1.4580152671755726,0.5725190839694656
990,1779652926.8410168,0.097412109375,0.98046875,-0.286865234375,-3.6946564885496183,0.08396946564885496,-2.381679389312977,-0.955810546875,0.14111328125,-0.14208984375,-0.20610687022900764,-1.3206106870229009,0.6335877862595419
991,1779652926.8530548,0.094970703125,0.974609375,-0.28662109375,-3.595419847328244,0.0916030534351145,-2.3587786259541983,-0.962158203125,0.136962890625,-0.13330078125,-0.183206106870229,-1.4351145038167938,0.6793893129770993
992,1779652926.8650515,0.095458984375,0.97705078125,-0.26806640625,-3.3969465648854964,0.0916030534351145,-2.3206106870229006,-0.9501953125,0.138916015625,-0.130859375,-0.22900763358778625,-1.1755725190839694,0.5572519083969466
993,1779652926.8770473,0.091552734375,0.9765625,-0.29052734375,-3.519083969465649,0.0,-2.312977099236641,-0.959228515625,0.131591796875,-0.12744140625,-0.3816793893129771,-1.213740458015267,0.7099236641221374
994,1779652926.8890378,0.0966796875,0.97802734375,-0.29345703125,-3.6412213740458017,-0.11450381679389313,-2.351145038167939,-0.9599609375,0.129638671875,-0.132568359375,-0.4580152671755725,-1.4351145038167938,0.5801526717557252
995,1779652926.9010396,0.0966796875,0.9765625,-0.289794921875,-3.6412213740458017,-0.061068702290076333,-2.0763358778625953,-0.947998046875,0.15576171875,-0.13623046875,-0.25190839694656486,-1.1374045801526718,0.7251908396946565
996,1779652926.9130363,0.092529296875,0.974609375,-0.294921875,-3.5343511450381677,0.11450381679389313,-2.4580152671755724,-0.96435546875,0.1513671875,-0.12890625,-0.2900763358778626,-1.1755725190839694,0.5114503816793893
997,1779652926.9250302,0.09228515625,0.97265625,-0.28466796875,-3.618320610687023,1.9312977099236641,-2.2900763358778624,-0.948974609375,0.13525390625,-0.126953125,-0.31297709923664124,-1.4198473282442747,0.7175572519083969
998,1779652926.9370246,0.094482421875,0.9814453125,-0.28466796875,-3.5572519083969465,0.09923664122137404,-2.480916030534351,-0.951904296875,0.129638671875,-0.137939453125,-0.33587786259541985,-1.4732824427480915,0.5877862595419847
999,1779652926.949027,0.08056640625,0.973388671875,-0.28759765625,-3.5801526717557253,0.03816793893129771,-2.282442748091603,-0.948486328125,0.1376953125,-0.1328125,-0.32061068702290074,-1.5419847328244274,0.48854961832061067
1000,1779652926.9610555,0.095703125,0.970458984375,-0.29052734375,-3.648854961832061,-0.1450381679389313,-2.114503816793893,-0.94873046875,0.137451171875,-0.130615234375,-0.22137404580152673,-1.282442748091603,0.6946564885496184
1001,1779652926.9731536,0.108642578125,0.97802734375,-0.292236328125,-3.633587786259542,-0.07633587786259542,-2.183206106870229,-0.9560546875,0.139892578125,-0.1376953125,-0.1297709923664122,-1.3893129770992367,0.5725190839694656
1002,1779652926.985301,0.09228515625,0.97412109375,-0.291015625,-3.816793893129771,-0.03816793893129771,-2.0610687022900764,-0.95751953125,0.13671875,-0.13671875,-0.40458015267175573,-1.4274809160305344,0.6106870229007634
1003,1779652926.9972565,0.0986328125,0.97607421875,-0.283203125,-3.572519083969466,0.08396946564885496,-2.1526717557251906,-0.9619140625,0.13330078125,-0.127197265625,-0.2366412213740458,-1.465648854961832,0.6946564885496184
1004,1779652927.0091753,0.10107421875,0.974853515625,-0.2802734375,-3.572519083969466,0.05343511450381679,-2.2519083969465647,-0.949951171875,0.13818359375,-0.135009765625,-0.3282442748091603,-1.3587786259541985,0.648854961832061
1005,1779652927.021128,0.091796875,0.972412109375,-0.28369140625,-3.717557251908397,-0.007633587786259542,-2.4122137404580153,-0.954345703125,0.138671875,-0.13623046875,-0.25190839694656486,-1.3969465648854962,0.5190839694656488
1006,1779652927.0331438,0.102294921875,0.9755859375,-0.29345703125,-3.5419847328244276,-0.03816793893129771,-2.450381679389313,-0.95654296875,0.1337890625,-0.138671875,-0.25190839694656486,-1.450381679389313,0.5419847328244275
1007,1779652927.0450888,0.0986328125,0.9775390625,-0.28125,-3.7251908396946565,-0.030534351145038167,-2.3740458015267176,-0.939697265625,0.1279296875,-0.12939453125,-0.26717557251908397,-1.4198473282442747,0.6564885496183206
1008,1779652927.057094,0.092041015625,0.97607421875,-0.283203125,-3.6412213740458017,-0.022900763358778626,-2.351145038167939,-0.961181640625,0.13525390625,-0.13525390625,-0.31297709923664124,-1.465648854961832,0.6717557251908397
1009,1779652927.069042,0.1064453125,0.97265625,-0.2880859375,-3.633587786259542,0.13740458015267176,-2.1755725190839694,-0.966552734375,0.133544921875,-0.136962890625,-0.31297709923664124,-1.2290076335877862,0.4122137404580153
1010,1779652927.081259,0.096435546875,0.976318359375,-0.287841796875,-3.5801526717557253,-0.07633587786259542,-2.183206106870229,-0.947998046875,0.141845703125,-0.12255859375,-0.37404580152671757,-1.2671755725190839,0.6870229007633588
1011,1779652927.0932565,0.093505859375,0.97412109375,-0.281005859375,-3.6946564885496183,1.9083969465648856,-2.2442748091603053,-0.959228515625,0.14013671875,-0.1328125,-0.2366412213740458,-1.3893129770992367,0.6259541984732825
1012,1779652927.1051812,0.097412109375,0.971435546875,-0.29296875,-3.6106870229007635,0.07633587786259542,-2.3206106870229006,-0.954833984375,0.140380859375,-0.132568359375,-0.19083969465648856,-1.4732824427480915,0.6335877862595419
1013,1779652927.1171458,0.09130859375,0.97802734375,-0.29150390625,-3.5267175572519083,0.022900763358778626,-2.4122137404580153,-0.968505859375,0.125732421875,-0.12890625,-0.1984732824427481,-1.251908396946565,0.6183206106870229
1014,1779652927.129109,0.0927734375,0.975341796875,-0.2919921875,-3.6030534351145036,-0.1297709923664122,-2.3435114503816794,-0.944091796875,0.1337890625,-0.134033203125,-0.2900763358778626,-1.3740458015267176,0.648854961832061
1015,1779652927.1410801,0.088134765625,0.979248046875,-0.291015625,-3.6564885496183206,0.12213740458015267,-2.351145038167939,-0.961669921875,0.139892578125,-0.136474609375,-0.22137404580152673,-1.3969465648854962,0.5725190839694656
1016,1779652927.1530688,0.088134765625,0.9765625,-0.27587890625,-3.49618320610687,0.10687022900763359,-2.236641221374046,-0.947265625,0.135986328125,-0.13330078125,-0.16030534351145037,-1.4580152671755726,0.6259541984732825
1017,1779652927.165045,0.08251953125,0.97802734375,-0.290771484375,-3.4427480916030535,0.13740458015267176,-2.267175572519084,-0.952392578125,0.152099609375,-0.129150390625,-0.2366412213740458,-1.3053435114503817,0.6335877862595419
1018,1779652927.1770725,0.083984375,0.980712890625,-0.296875,-3.564885496183206,0.06870229007633588,-2.3893129770992365,-0.953369140625,0.138916015625,-0.127685546875,-0.19083969465648856,-1.4274809160305344,0.40458015267175573
1019,1779652927.189065,0.091796875,0.978515625,-0.290771484375,-3.6106870229007635,0.10687022900763359,-2.282442748091603,-0.950439453125,0.135498046875,-0.138916015625,-0.31297709923664124,-1.3587786259541985,0.6793893129770993
1020,1779652927.2010777,0.091552734375,0.980224609375,-0.28759765625,-3.6717557251908395,0.0,-2.2900763358778624,-0.951171875,0.13330078125,-0.135009765625,-0.31297709923664124,-1.183206106870229,0.5343511450381679
1021,1779652927.2130432,0.091796875,0.97216796875,-0.27978515625,-3.564885496183206,-0.03816793893129771,-2.312977099236641,-0.958740234375,0.140380859375,-0.12548828125,-0.1450381679389313,-1.16793893129771,0.6717557251908397
1022,1779652927.2250624,0.08935546875,0.975341796875,-0.29248046875,-3.7251908396946565,-0.04580152671755725,-2.1908396946564888,-0.959228515625,0.127685546875,-0.130615234375,-0.40458015267175573,-1.3358778625954197,0.549618320610687
1023,1779652927.2370465,0.0947265625,0.9775390625,-0.28466796875,-3.4580152671755724,-0.05343511450381679,-2.381679389312977,-0.956298828125,0.135009765625,-0.139892578125,-0.2900763358778626,-1.4122137404580153,0.5801526717557252
1024,1779652927.249069,0.102294921875,0.97802734375,-0.28955078125,-3.6946564885496183,0.17557251908396945,-2.4122137404580153,-0.957763671875,0.13330078125,-0.13720703125,-0.33587786259541985,-1.251908396946565,0.5877862595419847
1025,1779652927.2610545,0.078857421875,0.96923828125,-0.289794921875,-3.564885496183206,-0.05343511450381679,-2.213740458015267,-0.955322265625,0.136962890625,-0.13134765625,-0.22900763358778625,-1.3587786259541985,0.7022900763358778
1026,1779652927.2730336,0.095947265625,0.975830078125,-0.286865234375,-3.4885496183206106,-0.06870229007633588,-2.3206106870229006,-0.955810546875,0.13525390625,-0.140869140625,-0.26717557251908397,-1.3358778625954197,0.7251908396946565
1027,1779652927.2850337,0.09375,0.975830078125,-0.290283203125,-3.6030534351145036,0.07633587786259542,-2.145038167938931,-0.949462890625,0.1337890625,-0.134521484375,-0.19083969465648856,-1.366412213740458,0.732824427480916
1028,1779652927.2970243,0.107421875,0.97265625,-0.28662109375,-3.4656488549618323,0.16793893129770993,-2.351145038167939,-0.942138671875,0.140380859375,-0.1337890625,-0.19083969465648856,-1.3206106870229009,0.5114503816793893
1029,1779652927.3090384,0.0947265625,0.974365234375,-0.28564453125,-3.564885496183206,0.1297709923664122,-2.282442748091603,-0.946044921875,0.139892578125,-0.136474609375,-0.2748091603053435,-1.366412213740458,0.5343511450381679
1030,1779652927.3210106,0.089599609375,0.97412109375,-0.28857421875,-3.5801526717557253,-0.09923664122137404,-2.404580152671756,-0.94873046875,0.1552734375,-0.109619140625,-0.26717557251908397,-1.3969465648854962,0.6717557251908397
1031,1779652927.3330154,0.092529296875,0.974365234375,-0.288330078125,-3.5801526717557253,0.030534351145038167,-2.2900763358778624,-0.95361328125,0.137939453125,-0.13427734375,-0.2824427480916031,-1.4045801526717556,0.6946564885496184
1032,1779652927.3450022,0.099365234375,0.97998046875,-0.28955078125,-3.6259541984732824,0.15267175572519084,-2.33587786259542,-0.95703125,0.136474609375,-0.13232421875,-0.3816793893129771,-1.3129770992366412,0.6870229007633588
1033,1779652927.357062,0.0927734375,0.971923828125,-0.27880859375,-3.519083969465649,1.916030534351145,-2.633587786259542,-0.955078125,0.139404296875,-0.13427734375,-0.2595419847328244,-1.3893129770992367,0.4961832061068702
1034,1779652927.3690553,0.093505859375,0.974365234375,-0.28271484375,-3.3740458015267176,0.08396946564885496,-2.3282442748091605,-0.946044921875,0.147705078125,-0.14306640625,-0.2824427480916031,-1.4122137404580153,0.7099236641221374
1035,1779652927.3810399,0.091796875,0.974853515625,-0.28271484375,-3.4732824427480917,-0.09923664122137404,-2.3053435114503817,-0.961669921875,0.134033203125,-0.137451171875,-0.3969465648854962,-1.5572519083969465,0.6259541984732825
1036,1779652927.393039,0.096923828125,0.979736328125,-0.29052734375,-3.519083969465649,-0.007633587786259542,-2.2977099236641223,-0.953369140625,0.126708984375,-0.148193359375,-0.26717557251908397,-1.4274809160305344,0.7175572519083969
1037,1779652927.4050257,0.098388671875,0.97119140625,-0.294189453125,-3.7022900763358777,-0.061068702290076333,-2.312977099236641,-0.964111328125,0.1552734375,-0.13427734375,-0.2366412213740458,-1.2671755725190839,0.7633587786259542
1038,1779652927.4170163,0.10888671875,0.9775390625,-0.283447265625,-3.648854961832061,0.12213740458015267,-2.2900763358778624,-0.960693359375,0.135986328125,-0.15283203125,-0.3511450381679389,-1.3053435114503817,0.48091603053435117
1039,1779652927.4290187,0.089111328125,0.97509765625,-0.289794921875,-3.6030534351145036,0.11450381679389313,-2.1374045801526718,-0.957763671875,0.14501953125,-0.1357421875,-0.3282442748091603,-1.2366412213740459,0.5954198473282443
1040,1779652927.4410584,0.0927734375,0.96875,-0.28955078125,-3.5877862595419847,0.06870229007633588,-2.33587786259542,-0.9599609375,0.139404296875,-0.12939453125,-0.2824427480916031,-1.5190839694656488,0.4580152671755725
1041,1779652927.4530942,0.097412109375,0.976806640625,-0.292236328125,-3.5801526717557253,-0.11450381679389313,-2.381679389312977,-0.957763671875,0.134521484375,-0.1357421875,-0.183206106870229,-1.366412213740458,0.6259541984732825
1042,1779652927.4650438,0.0927734375,0.975341796875,-0.2861328125,-3.5419847328244276,0.0,-2.068702290076336,-0.947265625,0.140625,-0.135009765625,-0.2595419847328244,-1.3053435114503817,0.7022900763358778
1043,1779652927.4770446,0.0947265625,0.979248046875,-0.267822265625,-3.6793893129770994,0.12213740458015267,-2.3740458015267176,-0.950439453125,0.135498046875,-0.131103515625,-0.29770992366412213,-1.4351145038167938,0.6412213740458015
1044,1779652927.4890602,0.091552734375,0.975341796875,-0.29541015625,-3.4198473282442747,0.0,-2.312977099236641,-0.965087890625,0.1533203125,-0.13525390625,-0.29770992366412213,-1.3893129770992367,0.648854961832061
1045,1779652927.5010831,0.09130859375,0.97412109375,-0.285400390625,-3.633587786259542,0.015267175572519083,-2.3893129770992365,-0.960205078125,0.135498046875,-0.134765625,-0.20610687022900764,-1.4732824427480915,0.6106870229007634
1046,1779652927.513246,0.093017578125,0.977294921875,-0.288330078125,-3.6259541984732824,1.9236641221374047,-2.3969465648854964,-0.94677734375,0.137451171875,-0.133544921875,-0.2748091603053435,-1.3358778625954197,0.6793893129770993
1047,1779652927.525214,0.095703125,0.9716796875,-0.284423828125,-3.6946564885496183,-0.04580152671755725,-2.2519083969465647,-0.952392578125,0.13232421875,-0.13232421875,-0.22900763358778625,-1.3587786259541985,0.6564885496183206
1048,1779652927.5371625,0.094970703125,0.976806640625,-0.2841796875,-3.6106870229007635,-0.06870229007633588,-2.435114503816794,-0.95263671875,0.140380859375,-0.132568359375,-0.32061068702290074,-1.282442748091603,0.48854961832061067
1049,1779652927.5491042,0.0947265625,0.973388671875,-0.286376953125,-3.4656488549618323,0.32061068702290074,-2.198473282442748,-0.93798828125,0.13525390625,-0.138427734375,-0.3435114503816794,-1.450381679389313,0.48091603053435117
1050,1779652927.5611038,0.0966796875,0.9814453125,-0.28076171875,-3.687022900763359,-0.07633587786259542,-2.3740458015267176,-0.968505859375,0.1357421875,-0.132080078125,-0.31297709923664124,-1.2595419847328244,0.6183206106870229
1051,1779652927.5730774,0.093505859375,0.97607421875,-0.291748046875,-3.5572519083969465,0.0916030534351145,-2.2519083969465647,-0.961181640625,0.1435546875,-0.1328125,-0.20610687022900764,-1.3129770992366412,0.6641221374045801
1052,1779652927.585157,0.101318359375,0.9765625,-0.291748046875,-3.618320610687023,0.10687022900763359,-2.312977099236641,-0.95947265625,0.13232421875,-0.129150390625,-0.29770992366412213,-1.381679389312977,0.5725190839694656
1053,1779652927.5975552,0.097412109375,0.97412109375,-0.295166015625,-3.5877862595419847,-1.9541984732824427,-2.2748091603053435,-0.949462890625,0.1376953125,-0.140380859375,-0.29770992366412213,-1.534351145038168,0.4961832061068702
1054,1779652927.6095505,0.099853515625,0.975341796875,-0.28515625,-3.427480916030534,-1.8931297709923665,-2.2900763358778624,-0.958984375,0.131591796875,-0.137939453125,-0.3053435114503817,-1.3282442748091603,0.5267175572519084
1055,1779652927.621533,0.10107421875,0.975341796875,-0.290283203125,-3.66412213740458,-0.11450381679389313,-2.3969465648854964,-0.967041015625,0.127685546875,-0.13671875,-0.22900763358778625,-1.4198473282442747,0.8473282442748091
1056,1779652927.6336079,0.09326171875,0.97607421875,-0.289306640625,-3.366412213740458,1.9465648854961832,-2.33587786259542,-0.955322265625,0.13818359375,-0.12939453125,-0.3511450381679389,-1.465648854961832,0.7404580152671756
1057,1779652927.645566,0.09814453125,0.973876953125,-0.2958984375,-3.7251908396946565,0.04580152671755725,-2.213740458015267,-0.95654296875,0.13623046875,-0.137939453125,-0.33587786259541985,-1.3587786259541985,0.7251908396946565
1058,1779652927.6575782,0.101318359375,0.980224609375,-0.290283203125,-3.6106870229007635,0.05343511450381679,-2.427480916030534,-0.9580078125,0.138916015625,-0.1435546875,-0.40458015267175573,-1.3053435114503817,0.44274809160305345
1059,1779652927.6695566,0.10693359375,0.97998046875,-0.284912109375,-3.633587786259542,0.022900763358778626,-2.2519083969465647,-0.9580078125,0.13037109375,-0.134033203125,-0.2595419847328244,-1.183206106870229,0.6412213740458015
1060,1779652927.6815245,0.10205078125,0.97216796875,-0.2861328125,-3.480916030534351,0.10687022900763359,-2.33587786259542,-0.951904296875,0.14892578125,-0.132080078125,-0.26717557251908397,-1.282442748091603,0.5267175572519084
1061,1779652927.6935213,0.0927734375,0.97802734375,-0.289306640625,-3.5877862595419847,0.2595419847328244,-2.4732824427480917,-0.955078125,0.13818359375,-0.135986328125,-0.19083969465648856,-1.3587786259541985,0.6335877862595419
1062,1779652927.7055128,0.09716796875,0.9765625,-0.2890625,-3.6717557251908395,1.900763358778626,-2.1603053435114505,-0.938720703125,0.133056640625,-0.13720703125,-0.2366412213740458,-1.3358778625954197,0.5801526717557252
1063,1779652927.7175043,0.091796875,0.97265625,-0.280029296875,-3.6564885496183206,0.04580152671755725,-2.4427480916030535,-0.93994140625,0.132568359375,-0.131591796875,-0.31297709923664124,-1.381679389312977,0.6335877862595419
1064,1779652927.7294939,0.09423828125,0.974609375,-0.2880859375,-3.5343511450381677,1.900763358778626,-2.3053435114503817,-0.95263671875,0.135009765625,-0.135498046875,-0.3893129770992366,-1.3129770992366412,0.7251908396946565
1065,1779652927.741461,0.094970703125,0.972900390625,-0.285400390625,-3.450381679389313,-0.015267175572519083,-2.236641221374046,-0.94873046875,0.13671875,-0.1435546875,-0.2366412213740458,-1.3893129770992367,0.5190839694656488
1066,1779652927.753447,0.095947265625,0.97705078125,-0.292236328125,-3.564885496183206,0.03816793893129771,-2.183206106870229,-0.958251953125,0.138427734375,-0.131591796875,-0.3893129770992366,-1.3511450381679388,0.6106870229007634
1067,1779652927.765447,0.0966796875,0.973876953125,-0.269775390625,-3.5877862595419847,0.24427480916030533,-2.2442748091603053,-0.94970703125,0.13623046875,-0.138916015625,-0.3816793893129771,-1.4274809160305344,0.6335877862595419
1068,1779652927.7773926,0.09423828125,0.974853515625,-0.29345703125,-3.5343511450381677,0.007633587786259542,-2.2977099236641223,-0.95654296875,0.143310546875,-0.129638671875,-0.22900763358778625,-1.4122137404580153,0.4961832061068702
1069,1779652927.789368,0.101318359375,0.972900390625,-0.2890625,-3.6259541984732824,0.04580152671755725,-2.213740458015267,-0.957763671875,0.130615234375,-0.130615234375,-0.19083969465648856,-1.4122137404580153,0.5877862595419847
1070,1779652927.8013754,0.081298828125,0.978759765625,-0.29345703125,-3.7022900763358777,-1.9389312977099236,-2.427480916030534,-0.961669921875,0.125732421875,-0.126708984375,-0.2824427480916031,-1.2900763358778626,0.7786259541984732
1071,1779652927.8133945,0.09423828125,0.975341796875,-0.293701171875,-3.572519083969466,0.16030534351145037,-2.4580152671755724,-0.96875,0.13232421875,-0.152099609375,-0.33587786259541985,-1.2900763358778626,0.48091603053435117
1072,1779652927.8253725,0.09716796875,0.970703125,-0.283935546875,-3.6793893129770994,0.061068702290076333,-2.16793893129771,-0.951416015625,0.13720703125,-0.132568359375,-0.3053435114503817,-1.3129770992366412,0.5267175572519084
1073,1779652927.8373594,0.093994140625,0.98095703125,-0.28857421875,-3.4656488549618323,0.07633587786259542,-2.33587786259542,-0.958740234375,0.1318359375,-0.126220703125,-0.2900763358778626,-1.297709923664122,0.732824427480916
1074,1779652927.8493602,0.08984375,0.972412109375,-0.28125,-3.549618320610687,0.04580152671755725,-2.312977099236641,-0.9501953125,0.138916015625,-0.127685546875,-0.31297709923664124,-1.2366412213740459,0.6183206106870229
1075,1779652927.861379,0.09521484375,0.954345703125,-0.28466796875,-3.4732824427480917,0.0916030534351145,-2.404580152671756,-0.943115234375,0.138427734375,-0.13671875,-0.22137404580152673,-1.251908396946565,0.7480916030534351
1076,1779652927.8733644,0.105712890625,0.9765625,-0.29248046875,-3.6259541984732824,-0.03816793893129771,-2.2213740458015265,-0.955322265625,0.13525390625,-0.126220703125,-0.16793893129770993,-1.2671755725190839,0.6641221374045801
1077,1779652927.8853612,0.078125,0.970703125,-0.292236328125,-3.50381679389313,-1.900763358778626,-2.3053435114503817,-0.945068359375,0.1298828125,-0.138916015625,-0.3816793893129771,-1.3511450381679388,0.5267175572519084
1078,1779652927.89735,0.0966796875,0.969482421875,-0.29638671875,-3.648854961832061,-0.03816793893129771,-2.2977099236641223,-0.954833984375,0.1376953125,-0.1328125,-0.15267175572519084,-1.1145038167938932,0.648854961832061
1079,1779652927.9093292,0.0927734375,0.971923828125,-0.28857421875,-3.6106870229007635,0.1984732824427481,-2.2977099236641223,-0.943115234375,0.1376953125,-0.13330078125,-0.10687022900763359,-1.5267175572519085,0.48854961832061067
1080,1779652927.9212852,0.097412109375,0.97802734375,-0.294921875,-3.6717557251908395,0.05343511450381679,-2.427480916030534,-0.959716796875,0.138671875,-0.132568359375,-0.17557251908396945,-1.4427480916030535,0.7251908396946565
1081,1779652927.9332376,0.094970703125,0.970458984375,-0.286865234375,-3.7022900763358777,0.09923664122137404,-2.198473282442748,-0.95751953125,0.13427734375,-0.1279296875,-0.21374045801526717,-1.2671755725190839,0.7175572519083969
1082,1779652927.9453914,0.09716796875,0.977783203125,-0.291015625,-3.618320610687023,0.12213740458015267,-2.4885496183206106,-0.967529296875,0.136474609375,-0.1259765625,-0.2748091603053435,-1.3969465648854962,0.5572519083969466
1083,1779652927.9574883,0.086669921875,0.971435546875,-0.289794921875,-3.7251908396946565,0.17557251908396945,-2.236641221374046,-0.939697265625,0.135498046875,-0.12744140625,-0.16030534351145037,-1.3969465648854962,0.5801526717557252
1084,1779652927.9695008,0.079345703125,0.97607421875,-0.26904296875,-3.7557251908396947,0.05343511450381679,-2.122137404580153,-0.951416015625,0.15283203125,-0.130859375,-0.19083969465648856,-1.4809160305343512,0.6793893129770993
1085,1779652927.9814606,0.0908203125,0.97412109375,-0.281494140625,-3.633587786259542,1.9389312977099236,-2.3282442748091605,-0.95654296875,0.142333984375,-0.143798828125,-0.2900763358778626,-1.4732824427480915,0.4961832061068702
1086,1779652927.9934487,0.082763671875,0.974853515625,-0.269775390625,-3.564885496183206,0.09923664122137404,-2.3206106870229006,-0.962890625,0.1376953125,-0.130859375,-0.40458015267175573,-1.366412213740458,0.6793893129770993
1087,1779652928.0053575,0.104736328125,0.978515625,-0.296630859375,-3.6106870229007635,0.13740458015267176,-2.198473282442748,-0.950927734375,0.133544921875,-0.124755859375,-0.37404580152671757,-1.3053435114503817,0.6335877862595419
1088,1779652928.017295,0.099365234375,0.9814453125,-0.2822265625,-3.4885496183206106,0.15267175572519084,-2.16793893129771,-0.953857421875,0.141357421875,-0.1376953125,-0.31297709923664124,-1.4198473282442747,0.6870229007633588
1089,1779652928.0292313,0.103515625,0.9765625,-0.286376953125,-3.7099236641221376,0.16030534351145037,-2.3969465648854964,-0.955322265625,0.142578125,-0.136962890625,-0.3282442748091603,-1.3969465648854962,0.5267175572519084
1090,1779652928.0411668,0.095703125,0.973876953125,-0.285400390625,-3.5114503816793894,0.07633587786259542,-2.1526717557251906,-0.94091796875,0.144287109375,-0.13623046875,-0.2595419847328244,-1.3435114503816794,0.5877862595419847
1091,1779652928.0531068,0.09765625,0.97705078125,-0.28125,-3.687022900763359,0.05343511450381679,-2.282442748091603,-0.945068359375,0.139404296875,-0.150634765625,-0.20610687022900764,-1.450381679389313,0.6793893129770993
1092,1779652928.0650826,0.095703125,0.976806640625,-0.27978515625,-3.5877862595419847,-1.9389312977099236,-2.16793893129771,-0.96875,0.134765625,-0.132080078125,-0.3053435114503817,-1.3053435114503817,0.4732824427480916
1093,1779652928.0770445,0.099609375,0.9765625,-0.288818359375,-3.7557251908396947,0.007633587786259542,-2.2442748091603053,-0.96435546875,0.1357421875,-0.1298828125,-0.24427480916030533,-1.4122137404580153,0.549618320610687
1094,1779652928.089002,0.090087890625,0.97900390625,-0.287109375,-3.5267175572519083,0.13740458015267176,-2.4198473282442747,-0.942626953125,0.131103515625,-0.1357421875,-0.29770992366412213,-1.4198473282442747,0.6106870229007634
1095,1779652928.1009955,0.10205078125,0.981689453125,-0.28515625,-3.6030534351145036,0.13740458015267176,-2.183206106870229,-0.95556640625,0.1396484375,-0.1416015625,-0.26717557251908397,-1.4427480916030535,0.5114503816793893
1096,1779652928.1129684,0.099853515625,0.97900390625,-0.283203125,-3.564885496183206,0.10687022900763359,-2.1908396946564888,-0.957763671875,0.13720703125,-0.13818359375,-0.40458015267175573,-1.3893129770992367,0.6717557251908397
1097,1779652928.1249661,0.10791015625,0.971923828125,-0.295654296875,-3.5114503816793894,0.17557251908396945,-2.236641221374046,-0.955810546875,0.13330078125,-0.13623046875,-0.22137404580152673,-1.2061068702290076,0.5725190839694656
1098,1779652928.1369522,0.081787109375,0.97802734375,-0.28955078125,-3.4656488549618323,0.06870229007633588,-2.2900763358778624,-0.959716796875,0.136474609375,-0.135986328125,-0.29770992366412213,-1.282442748091603,0.2748091603053435
1099,1779652928.14892,0.10888671875,0.981201171875,-0.295166015625,-3.5343511450381677,-0.05343511450381679,-2.053435114503817,-0.963623046875,0.154541015625,-0.128173828125,-0.2366412213740458,-1.4732824427480915,0.6030534351145038
1100,1779652928.1609757,0.096435546875,0.97705078125,-0.292724609375,-3.5267175572519083,0.37404580152671757,-2.351145038167939,-0.954833984375,0.125732421875,-0.130126953125,-0.22137404580152673,-1.3282442748091603,0.5648854961832062
1101,1779652928.1731336,0.09326171875,0.97705078125,-0.288330078125,-3.519083969465649,-0.04580152671755725,-2.2442748091603053,-0.959228515625,0.1357421875,-0.13232421875,-0.29770992366412213,-1.4274809160305344,0.8473282442748091
1102,1779652928.1852307,0.101318359375,0.975341796875,-0.291259765625,-3.595419847328244,1.916030534351145,-2.1297709923664123,-0.95361328125,0.138671875,-0.1328125,-0.2595419847328244,-1.2900763358778626,0.5648854961832062
1103,1779652928.1971738,0.096435546875,0.97607421875,-0.278564453125,-3.618320610687023,0.25190839694656486,-2.3969465648854964,-0.950439453125,0.141845703125,-0.130615234375,-0.2366412213740458,-1.3206106870229009,0.5267175572519084
1104,1779652928.209146,0.0966796875,0.973388671875,-0.2802734375,-3.6793893129770994,0.1984732824427481,-2.2213740458015265,-0.94970703125,0.139892578125,-0.138671875,-0.17557251908396945,-1.3435114503816794,0.5190839694656488
1105,1779652928.2211177,0.1064453125,0.974853515625,-0.28076171875,-3.7022900763358777,-0.05343511450381679,-2.4580152671755724,-0.95849609375,0.13720703125,-0.1328125,-0.20610687022900764,-1.3435114503816794,0.6106870229007634
1106,1779652928.2331161,0.108154296875,0.973876953125,-0.289794921875,-3.4427480916030535,0.05343511450381679,-2.4656488549618323,-0.949951171875,0.1318359375,-0.13232421875,-0.42748091603053434,-1.3282442748091603,0.5725190839694656
1107,1779652928.2451138,0.09228515625,0.97900390625,-0.281982421875,-3.6030534351145036,0.20610687022900764,-2.4580152671755724,-0.953857421875,0.138427734375,-0.1298828125,-0.35877862595419846,-1.4427480916030535,0.5648854961832062
1108,1779652928.2570674,0.092041015625,0.97802734375,-0.29296875,-3.3740458015267176,0.03816793893129771,-2.3587786259541983,-0.9541015625,0.150634765625,-0.135009765625,-0.3816793893129771,-1.297709923664122,0.7251908396946565
1109,1779652928.2690632,0.09326171875,0.9775390625,-0.267822265625,-3.6946564885496183,-0.16793893129770993,-2.3435114503816794,-0.958984375,0.135498046875,-0.136474609375,-0.2366412213740458,-1.4351145038167938,0.5038167938931297
1110,1779652928.281053,0.0908203125,0.97705078125,-0.292236328125,-3.4885496183206106,0.08396946564885496,-2.2595419847328246,-0.9599609375,0.1376953125,-0.134765625,-0.2366412213740458,-1.297709923664122,0.7633587786259542
1111,1779652928.2930274,0.09521484375,0.9765625,-0.282470703125,-3.4427480916030535,0.061068702290076333,-2.198473282442748,-0.956298828125,0.140869140625,-0.133056640625,-0.2824427480916031,-1.4045801526717556,0.5267175572519084
1112,1779652928.30502,0.09423828125,0.972900390625,-0.290283203125,-3.618320610687023,-0.0916030534351145,-2.3206106870229006,-0.956787109375,0.155517578125,-0.1318359375,-0.2748091603053435,-1.3358778625954197,0.6106870229007634
1113,1779652928.3170204,0.092041015625,0.977783203125,-0.296630859375,-3.50381679389313,0.007633587786259542,-2.3282442748091605,-0.9560546875,0.143310546875,-0.127685546875,-0.21374045801526717,-1.5038167938931297,0.549618320610687
1114,1779652928.3290215,0.10791015625,0.976806640625,-0.287353515625,-3.6564885496183206,0.13740458015267176,-2.2213740458015265,-0.95556640625,0.127197265625,-0.13427734375,-0.183206106870229,-1.4045801526717556,0.7099236641221374
1115,1779652928.3410225,0.108154296875,0.97900390625,-0.28857421875,-3.6106870229007635,0.13740458015267176,-2.1526717557251906,-0.940185546875,0.143310546875,-0.13818359375,-0.25190839694656486,-1.3587786259541985,0.7022900763358778
1116,1779652928.3530273,0.098388671875,0.97412109375,-0.28369140625,-3.4122137404580153,0.19083969465648856,-2.366412213740458,-0.95703125,0.134521484375,-0.136962890625,-0.25190839694656486,-1.3053435114503817,0.44274809160305345
1117,1779652928.3650353,0.099853515625,0.9755859375,-0.281982421875,-3.4885496183206106,0.07633587786259542,-2.2519083969465647,-0.953125,0.137939453125,-0.13671875,-0.1984732824427481,-1.3129770992366412,0.5954198473282443
1118,1779652928.3772144,0.094970703125,0.97705078125,-0.28125,-3.450381679389313,0.05343511450381679,-2.351145038167939,-0.955322265625,0.1259765625,-0.136962890625,-0.2900763358778626,-1.450381679389313,0.6717557251908397
1119,1779652928.3892016,0.095703125,0.977783203125,-0.2890625,-3.4885496183206106,-1.9389312977099236,-2.4198473282442747,-0.954833984375,0.143798828125,-0.12841796875,-0.3511450381679389,-1.3893129770992367,0.5419847328244275
1120,1779652928.401178,0.09521484375,0.97802734375,-0.28466796875,-3.5419847328244276,0.1450381679389313,-2.4656488549618323,-0.955078125,0.13720703125,-0.132080078125,-0.20610687022900764,-1.4809160305343512,0.6183206106870229
1121,1779652928.413153,0.090576171875,0.98388671875,-0.280029296875,-3.7404580152671754,0.07633587786259542,-2.3053435114503817,-0.94580078125,0.125,-0.128662109375,-0.12213740458015267,-1.5572519083969465,0.648854961832061
1122,1779652928.425109,0.10498046875,0.977783203125,-0.27392578125,-3.572519083969466,0.06870229007633588,-2.267175572519084,-0.9541015625,0.137451171875,-0.134521484375,-0.4580152671755725,-1.3893129770992367,0.7175572519083969
1123,1779652928.4370642,0.088623046875,0.971435546875,-0.287841796875,-3.564885496183206,1.8778625954198473,-2.183206106870229,-0.954833984375,0.131103515625,-0.131103515625,-0.44274809160305345,-1.3206106870229009,0.5267175572519084
1124,1779652928.4490423,0.0908203125,0.974853515625,-0.2890625,-3.6106870229007635,-0.03816793893129771,-2.1603053435114505,-0.949462890625,0.1337890625,-0.13623046875,-0.3282442748091603,-1.3358778625954197,0.5572519083969466
1125,1779652928.4610648,0.10791015625,0.974609375,-0.28369140625,-3.6946564885496183,1.9312977099236641,-2.2519083969465647,-0.95166015625,0.130859375,-0.143798828125,-0.2900763358778626,-1.4045801526717556,0.5572519083969466
1126,1779652928.4730406,0.09423828125,0.969970703125,-0.28515625,-3.66412213740458,0.16030534351145037,-2.564885496183206,-0.94091796875,0.136962890625,-0.133056640625,-0.3893129770992366,-1.4274809160305344,0.648854961832061
1127,1779652928.4850192,0.0927734375,0.9765625,-0.288818359375,-3.7404580152671754,-0.07633587786259542,-2.4885496183206106,-0.953369140625,0.140380859375,-0.14990234375,-0.2824427480916031,-1.366412213740458,0.6183206106870229
1128,1779652928.497,0.099853515625,0.971923828125,-0.293701171875,-3.66412213740458,0.16793893129770993,-2.2061068702290076,-0.947021484375,0.135986328125,-0.135009765625,-0.24427480916030533,-1.4198473282442747,0.6259541984732825
1129,1779652928.509016,0.095703125,0.978515625,-0.279296875,-3.5114503816793894,-0.022900763358778626,-2.2213740458015265,-0.953857421875,0.142578125,-0.12744140625,-0.15267175572519084,-1.282442748091603,0.6946564885496184
1130,1779652928.5209546,0.091552734375,0.973876953125,-0.28466796875,-3.564885496183206,1.8625954198473282,-2.1374045801526718,-0.960205078125,0.139404296875,-0.1337890625,-0.3435114503816794,-1.3435114503816794,0.4351145038167939
1131,1779652928.5329456,0.093017578125,0.97607421875,-0.29345703125,-3.648854961832061,0.061068702290076333,-2.3282442748091605,-0.95556640625,0.1357421875,-0.1357421875,-0.21374045801526717,-1.450381679389313,0.6793893129770993
1132,1779652928.5449011,0.093505859375,0.973388671875,-0.286376953125,-3.427480916030534,-0.04580152671755725,-2.3435114503816794,-0.955322265625,0.133056640625,-0.134033203125,-0.2748091603053435,-1.4122137404580153,0.5801526717557252
1133,1779652928.5568573,0.1044921875,0.97265625,-0.295166015625,-3.7557251908396947,0.1297709923664122,-2.2442748091603053,-0.95263671875,0.13671875,-0.125,-0.2824427480916031,-1.2290076335877862,0.5725190839694656
1134,1779652928.568844,0.09033203125,0.97216796875,-0.287841796875,-3.648854961832061,0.1297709923664122,-2.381679389312977,-0.961669921875,0.1376953125,-0.125244140625,-0.3969465648854962,-1.3358778625954197,0.5877862595419847
1135,1779652928.580778,0.0927734375,0.974853515625,-0.284423828125,-3.5572519083969465,0.16030534351145037,-2.236641221374046,-0.959716796875,0.135986328125,-0.131591796875,-0.2595419847328244,-1.450381679389313,0.6335877862595419
1136,1779652928.5931554,0.099365234375,0.970703125,-0.289306640625,-3.7251908396946565,0.10687022900763359,-2.3053435114503817,-0.959716796875,0.14013671875,-0.14404296875,-0.183206106870229,-1.2595419847328244,0.816793893129771
1137,1779652928.60515,0.095703125,0.977294921875,-0.290771484375,-3.5572519083969465,0.061068702290076333,-2.282442748091603,-0.95458984375,0.1337890625,-0.1396484375,-0.3969465648854962,-1.2900763358778626,0.6183206106870229
1138,1779652928.6171308,0.09423828125,0.978515625,-0.2841796875,-3.7786259541984735,0.09923664122137404,-2.282442748091603,-0.955810546875,0.133544921875,-0.12744140625,-0.4122137404580153,-1.4732824427480915,0.7404580152671756
1139,1779652928.6291046,0.0986328125,0.974365234375,-0.28759765625,-3.595419847328244,0.15267175572519084,-2.4580152671755724,-0.965576171875,0.135498046875,-0.132568359375,-0.3282442748091603,-1.3206106870229009,0.5954198473282443
1140,1779652928.641075,0.108642578125,0.957763671875,-0.28076171875,-3.480916030534351,0.061068702290076333,-2.312977099236641,-0.941162109375,0.156005859375,-0.140625,-0.16793893129770993,-1.3587786259541985,0.6717557251908397
1141,1779652928.6531386,0.09375,0.97900390625,-0.28759765625,-3.5419847328244276,-0.11450381679389313,-2.1755725190839694,-0.939697265625,0.133056640625,-0.13330078125,-0.29770992366412213,-1.5572519083969465,0.5954198473282443
1142,1779652928.6651506,0.093994140625,0.97705078125,-0.284423828125,-3.66412213740458,-0.022900763358778626,-2.2442748091603053,-0.951416015625,0.140380859375,-0.133544921875,-0.2595419847328244,-1.3435114503816794,0.5190839694656488
1143,1779652928.6771176,0.095703125,0.97509765625,-0.284423828125,-3.618320610687023,0.0,-2.3206106870229006,-0.9501953125,0.140869140625,-0.12646484375,-0.2366412213740458,-1.465648854961832,0.5190839694656488
1144,1779652928.6890664,0.08984375,0.977294921875,-0.27978515625,-3.6106870229007635,-0.08396946564885496,-2.3206106870229006,-0.948486328125,0.138916015625,-0.132080078125,-0.31297709923664124,-1.297709923664122,0.5801526717557252
1145,1779652928.7010608,0.09716796875,0.974365234375,-0.2861328125,-3.6793893129770994,0.1984732824427481,-2.1374045801526718,-0.9560546875,0.1376953125,-0.129150390625,-0.22137404580152673,-1.2671755725190839,0.6717557251908397
1146,1779652928.713067,0.093994140625,0.974609375,-0.28173828125,-3.5343511450381677,0.05343511450381679,-2.1755725190839694,-0.964111328125,0.1396484375,-0.1337890625,-0.3816793893129771,-1.4122137404580153,0.6183206106870229
1147,1779652928.7250488,0.09130859375,0.97119140625,-0.284912109375,-3.717557251908397,-1.9465648854961832,-2.33587786259542,-0.942138671875,0.128173828125,-0.140380859375,-0.1984732824427481,-1.3435114503816794,0.6717557251908397
1148,1779652928.7370222,0.08642578125,0.974365234375,-0.285888671875,-3.564885496183206,0.16030534351145037,-2.3587786259541983,-0.94970703125,0.138427734375,-0.13037109375,-0.183206106870229,-1.4045801526717556,0.6717557251908397
1149,1779652928.7489443,0.09716796875,0.97265625,-0.283935546875,-3.5877862595419847,0.07633587786259542,-2.3587786259541983,-0.9482421875,0.1396484375,-0.138916015625,-0.29770992366412213,-1.3358778625954197,0.6564885496183206
1150,1779652928.7609384,0.107666015625,0.975341796875,-0.27294921875,-3.50381679389313,0.08396946564885496,-2.1908396946564888,-0.952392578125,0.13623046875,-0.131103515625,-0.26717557251908397,-1.5267175572519085,0.6564885496183206
1151,1779652928.7729197,0.102294921875,0.979736328125,-0.29248046875,-3.3206106870229006,0.007633587786259542,-2.366412213740458,-0.962646484375,0.140380859375,-0.131103515625,-0.3511450381679389,-1.2748091603053435,0.648854961832061
1152,1779652928.7848978,0.081298828125,0.972412109375,-0.290283203125,-3.5877862595419847,0.1984732824427481,-2.2977099236641223,-0.945068359375,0.13623046875,-0.13232421875,-0.31297709923664124,-1.2595419847328244,0.5648854961832062
1153,1779652928.796891,0.08251953125,0.97412109375,-0.267333984375,-3.6946564885496183,-0.25190839694656486,-2.236641221374046,-0.9638671875,0.148193359375,-0.135986328125,-0.25190839694656486,-1.4045801526717556,0.6412213740458015
1154,1779652928.809063,0.09326171875,0.973388671875,-0.287353515625,-3.6030534351145036,0.11450381679389313,-2.145038167938931,-0.951904296875,0.140380859375,-0.136474609375,-0.25190839694656486,-1.4122137404580153,0.5343511450381679
1155,1779652928.8211098,0.093994140625,0.98193359375,-0.2802734375,-3.7022900763358777,0.22137404580152673,-2.3282442748091605,-0.9501953125,0.13427734375,-0.129150390625,-0.3893129770992366,-1.4122137404580153,0.4580152671755725
1156,1779652928.8330915,0.09326171875,0.978515625,-0.28515625,-3.7709923664122136,0.16793893129770993,-2.2748091603053435,-0.956298828125,0.135986328125,-0.128662109375,-0.3511450381679389,-1.213740458015267,0.6870229007633588
1157,1779652928.845038,0.1005859375,0.975341796875,-0.289794921875,-3.7480916030534353,-0.03816793893129771,-2.122137404580153,-0.951904296875,0.140625,-0.136474609375,-0.3053435114503817,-1.5419847328244274,0.4961832061068702
1158,1779652928.8570552,0.10888671875,0.971435546875,-0.268310546875,-3.450381679389313,0.061068702290076333,-2.2900763358778624,-0.94970703125,0.1376953125,-0.1357421875,-0.29770992366412213,-1.4045801526717556,0.5725190839694656
1159,1779652928.869065,0.078125,0.995361328125,-0.28466796875,-3.6106870229007635,-0.11450381679389313,-2.0916030534351147,-0.961181640625,0.141357421875,-0.132568359375,-0.366412213740458,-1.4045801526717556,0.5572519083969466
1160,1779652928.8810363,0.09423828125,0.9716796875,-0.26953125,-3.633587786259542,0.2900763358778626,-2.1755725190839694,-0.9677734375,0.154541015625,-0.15234375,-0.3282442748091603,-1.3053435114503817,0.5038167938931297
1161,1779652928.892997,0.096435546875,0.98095703125,-0.2861328125,-3.6793893129770994,-0.26717557251908397,-2.312977099236641,-0.949462890625,0.1328125,-0.126708984375,-0.12213740458015267,-1.465648854961832,0.46564885496183206
1162,1779652928.9049964,0.09521484375,0.97705078125,-0.28857421875,-3.763358778625954,0.17557251908396945,-2.2213740458015265,-0.966796875,0.13916015625,-0.13720703125,-0.32061068702290074,-1.4122137404580153,0.5572519083969466
1163,1779652928.9169588,0.09521484375,0.9775390625,-0.2890625,-3.7251908396946565,0.183206106870229,-2.267175572519084,-0.95361328125,0.13427734375,-0.1298828125,-0.22137404580152673,-1.4580152671755726,0.6106870229007634
1164,1779652928.9289088,0.09326171875,0.97802734375,-0.284423828125,-3.572519083969466,-1.9389312977099236,-2.267175572519084,-0.95068359375,0.134521484375,-0.13525390625,-0.17557251908396945,-1.3893129770992367,0.7099236641221374
1165,1779652928.9408824,0.090576171875,0.9775390625,-0.29296875,-3.6564885496183206,-0.015267175572519083,-2.114503816793893,-0.95849609375,0.133056640625,-0.136962890625,-0.37404580152671757,-1.5038167938931297,0.5877862595419847
1166,1779652928.9528632,0.09765625,0.9853515625,-0.28857421875,-3.564885496183206,0.11450381679389313,-2.351145038167939,-0.947998046875,0.136962890625,-0.137451171875,-0.35877862595419846,-1.3511450381679388,0.6183206106870229
1167,1779652928.9648602,0.09521484375,0.974853515625,-0.283935546875,-3.6717557251908395,0.10687022900763359,-2.351145038167939,-0.95849609375,0.141357421875,-0.130859375,-0.22137404580152673,-1.3511450381679388,0.5877862595419847
1168,1779652928.976798,0.0986328125,0.971435546875,-0.29443359375,-3.687022900763359,1.9465648854961832,-2.236641221374046,-0.95166015625,0.1357421875,-0.13525390625,-0.16030534351145037,-1.3053435114503817,0.8015267175572519
1169,1779652928.9887297,0.0966796875,0.97705078125,-0.28955078125,-3.687022900763359,-0.05343511450381679,-2.2595419847328246,-0.953125,0.14306640625,-0.13525390625,-0.2595419847328244,-1.3358778625954197,0.7251908396946565
1170,1779652929.0006611,0.101806640625,0.958740234375,-0.282470703125,-3.6259541984732824,0.022900763358778626,-2.183206106870229,-0.967529296875,0.136962890625,-0.12939453125,-0.24427480916030533,-1.3053435114503817,0.7099236641221374
1171,1779652929.0126095,0.101806640625,0.972412109375,-0.2890625,-3.6564885496183206,0.17557251908396945,-2.267175572519084,-0.958984375,0.140380859375,-0.138916015625,-0.2900763358778626,-1.2671755725190839,0.5877862595419847
1172,1779652929.0245564,0.094482421875,0.981201171875,-0.287353515625,-3.7404580152671754,-0.05343511450381679,-2.1297709923664123,-0.950439453125,0.138427734375,-0.136962890625,-0.44274809160305345,-1.3053435114503817,0.6412213740458015
1173,1779652929.0365348,0.09326171875,0.9755859375,-0.295166015625,-3.687022900763359,0.03816793893129771,-2.427480916030534,-0.93896484375,0.136962890625,-0.12890625,-0.22137404580152673,-1.2366412213740459,0.6259541984732825
1174,1779652929.0485163,0.109130859375,0.9736328125,-0.2861328125,-3.519083969465649,1.9465648854961832,-2.3435114503816794,-0.956298828125,0.134521484375,-0.1396484375,-0.24427480916030533,-1.5725190839694656,0.5190839694656488
1175,1779652929.0604665,0.0927734375,0.984130859375,-0.281982421875,-3.49618320610687,-0.04580152671755725,-2.2213740458015265,-0.952392578125,0.136962890625,-0.134765625,-0.31297709923664124,-1.4580152671755726,0.4580152671755725
1176,1779652929.0724177,0.097412109375,0.9765625,-0.2841796875,-3.5419847328244276,0.13740458015267176,-2.3282442748091605,-0.952880859375,0.139404296875,-0.132568359375,-0.2595419847328244,-1.3511450381679388,0.6335877862595419
1177,1779652929.0843933,0.091796875,0.9716796875,-0.2890625,-3.549618320610687,0.09923664122137404,-2.213740458015267,-0.9453125,0.1298828125,-0.129150390625,-0.24427480916030533,-1.4732824427480915,0.6106870229007634
1178,1779652929.0963597,0.096923828125,0.97216796875,-0.28173828125,-3.5419847328244276,0.1297709923664122,-2.2748091603053435,-0.95556640625,0.140625,-0.132568359375,-0.3053435114503817,-1.3129770992366412,0.7022900763358778
1179,1779652929.1083074,0.0986328125,0.976318359375,-0.284912109375,-3.66412213740458,0.13740458015267176,-2.2213740458015265,-0.94140625,0.129150390625,-0.13671875,-0.25190839694656486,-1.4351145038167938,0.6641221374045801
1180,1779652929.12026,0.0908203125,0.98291015625,-0.2890625,-3.4885496183206106,0.21374045801526717,-2.1755725190839694,-0.952392578125,0.13916015625,-0.135009765625,-0.19083969465648856,-1.465648854961832,0.5267175572519084
1181,1779652929.13221,0.094482421875,0.97705078125,-0.291015625,-3.4732824427480917,0.13740458015267176,-2.381679389312977,-0.94287109375,0.12890625,-0.131591796875,-0.19083969465648856,-1.4885496183206106,0.6335877862595419
1182,1779652929.1441832,0.0927734375,0.98046875,-0.29296875,-3.6793893129770994,0.15267175572519084,-2.3282442748091605,-0.966796875,0.138671875,-0.111328125,-0.20610687022900764,-1.3740458015267176,0.6641221374045801
1183,1779652929.1561413,0.104736328125,0.9775390625,-0.288818359375,-3.6259541984732824,0.16793893129770993,-2.2290076335877864,-0.951416015625,0.1357421875,-0.13671875,-0.1450381679389313,-1.534351145038168,0.6564885496183206
1184,1779652929.1681569,0.081787109375,0.982421875,-0.28662109375,-3.6564885496183206,0.32061068702290074,-2.3053435114503817,-0.95849609375,0.135009765625,-0.141845703125,-0.3969465648854962,-1.251908396946565,0.48854961832061067
1185,1779652929.180143,0.094482421875,0.97802734375,-0.287109375,-3.7709923664122136,0.1984732824427481,-2.4198473282442747,-0.94921875,0.140625,-0.1435546875,-0.22137404580152673,-1.2671755725190839,0.648854961832061
1186,1779652929.1920922,0.096435546875,0.972900390625,-0.291015625,-3.4427480916030535,-0.07633587786259542,-2.33587786259542,-0.951904296875,0.135498046875,-0.139892578125,-0.2748091603053435,-1.465648854961832,0.40458015267175573
1187,1779652929.2040563,0.078125,0.9755859375,-0.27001953125,-3.7022900763358777,0.06870229007633588,-2.381679389312977,-0.953369140625,0.140869140625,-0.13330078125,-0.33587786259541985,-1.4045801526717556,0.6564885496183206
1188,1779652929.2160637,0.0947265625,0.97509765625,-0.289794921875,-3.648854961832061,0.007633587786259542,-2.114503816793893,-0.9599609375,0.130615234375,-0.126708984375,-0.3893129770992366,-1.3893129770992367,0.5114503816793893
1189,1779652929.2280471,0.0947265625,0.971435546875,-0.2890625,-3.366412213740458,-1.9236641221374047,-2.2061068702290076,-0.938232421875,0.13671875,-0.12939453125,-0.3511450381679389,-1.3893129770992367,0.648854961832061
1190,1779652929.2402215,0.099365234375,0.974365234375,-0.279052734375,-3.5419847328244276,-0.061068702290076333,-2.2061068702290076,-0.947509765625,0.136962890625,-0.138671875,-0.3282442748091603,-1.5114503816793894,0.5267175572519084
1191,1779652929.2522135,0.094970703125,0.9736328125,-0.280029296875,-3.648854961832061,1.9236641221374047,-2.3740458015267176,-0.961181640625,0.133544921875,-0.13525390625,-0.21374045801526717,-1.3282442748091603,0.5648854961832062
1192,1779652929.2642121,0.093994140625,0.980224609375,-0.28857421875,-3.4732824427480917,-1.9312977099236641,-2.3206106870229006,-0.948974609375,0.13330078125,-0.137451171875,-0.26717557251908397,-1.4198473282442747,0.5419847328244275
1193,1779652929.2762039,0.099853515625,0.974853515625,-0.295654296875,-3.404580152671756,1.8931297709923665,-2.381679389312977,-0.95556640625,0.146484375,-0.130615234375,-0.20610687022900764,-1.3511450381679388,0.6259541984732825
1194,1779652929.2881777,0.097900390625,0.974609375,-0.29150390625,-3.595419847328244,0.0,-2.3206106870229006,-0.947021484375,0.135009765625,-0.150390625,-0.31297709923664124,-1.3587786259541985,0.6106870229007634
1195,1779652929.300146,0.09423828125,0.97607421875,-0.2822265625,-3.572519083969466,0.1297709923664122,-2.183206106870229,-0.952880859375,0.139404296875,-0.127685546875,-0.2748091603053435,-1.4274809160305344,0.6259541984732825
1196,1779652929.3120854,0.092529296875,0.97705078125,-0.26708984375,-3.4885496183206106,0.030534351145038167,-2.3969465648854964,-0.9404296875,0.132568359375,-0.13134765625,-0.21374045801526717,-1.251908396946565,0.6412213740458015
1197,1779652929.3240538,0.099853515625,0.9736328125,-0.29296875,-3.6412213740458017,0.007633587786259542,-2.2748091603053435,-0.937744140625,0.13427734375,-0.116943359375,-0.2366412213740458,-1.4122137404580153,0.6412213740458015
1198,1779652929.3360546,0.09423828125,0.976806640625,-0.293212890625,-3.480916030534351,-0.061068702290076333,-2.2977099236641223,-0.956298828125,0.136474609375,-0.13671875,-0.1297709923664122,-1.3587786259541985,0.5419847328244275
1199,1779652929.3480482,0.09130859375,0.973876953125,-0.290283203125,-3.5877862595419847,1.9389312977099236,-2.1755725190839694,-0.960205078125,0.13916015625,-0.130126953125,-0.29770992366412213,-1.3435114503816794,0.648854961832061
1200,1779652929.360042,0.09619140625,0.9765625,-0.29736328125,-3.564885496183206,0.04580152671755725,-2.2213740458015265,-0.955078125,0.138916015625,-0.1357421875,-0.33587786259541985,-1.3893129770992367,0.4580152671755725
1201,1779652929.372211,0.084228515625,0.975830078125,-0.286865234375,-3.4656488549618323,0.06870229007633588,-2.145038167938931,-0.9501953125,0.125244140625,-0.135009765625,-0.3435114503816794,-1.3282442748091603,0.5343511450381679
1202,1779652929.3845701,0.091552734375,0.973388671875,-0.296142578125,-3.6259541984732824,0.12213740458015267,-2.435114503816794,-0.959716796875,0.136962890625,-0.13134765625,-0.24427480916030533,-1.4274809160305344,0.7404580152671756
1203,1779652929.3965557,0.09765625,0.975341796875,-0.286376953125,-3.4732824427480917,0.03816793893129771,-2.1908396946564888,-0.955322265625,0.136474609375,-0.134765625,-0.2595419847328244,-1.381679389312977,0.48091603053435117
1204,1779652929.4084642,0.098388671875,0.97607421875,-0.28759765625,-3.50381679389313,0.16793893129770993,-2.2213740458015265,-0.95068359375,0.14013671875,-0.125732421875,-0.1984732824427481,-1.4122137404580153,0.6259541984732825
1205,1779652929.4204533,0.095947265625,0.973388671875,-0.293701171875,-3.801526717557252,0.1450381679389313,-2.4580152671755724,-0.964599609375,0.1416015625,-0.139404296875,-0.21374045801526717,-1.3053435114503817,0.4122137404580153
1206,1779652929.4327984,0.095703125,0.968505859375,-0.29541015625,-3.5801526717557253,0.015267175572519083,-2.2290076335877864,-0.95703125,0.134521484375,-0.133544921875,-0.20610687022900764,-1.282442748091603,0.6412213740458015
1207,1779652929.4447465,0.088623046875,0.97021484375,-0.290771484375,-3.435114503816794,0.007633587786259542,-2.3053435114503817,-0.955810546875,0.136474609375,-0.140869140625,-0.16030534351145037,-1.3893129770992367,0.7557251908396947
1208,1779652929.4566758,0.09423828125,0.9755859375,-0.28466796875,-3.633587786259542,0.11450381679389313,-2.213740458015267,-0.951416015625,0.140380859375,-0.1474609375,-0.3435114503816794,-1.4351145038167938,0.6793893129770993
1209,1779652929.4687152,0.097412109375,0.97607421875,-0.291748046875,-3.4580152671755724,0.1984732824427481,-2.1297709923664123,-0.955810546875,0.134521484375,-0.135009765625,-0.4580152671755725,-1.3435114503816794,0.5267175572519084
1210,1779652929.4806972,0.0966796875,0.974365234375,-0.287353515625,-3.5114503816793894,0.030534351145038167,-2.2900763358778624,-0.954833984375,0.13916015625,-0.130126953125,-0.2748091603053435,-1.5190839694656488,0.5419847328244275
1211,1779652929.4926233,0.099609375,0.97412109375,-0.29443359375,-3.572519083969466,-0.05343511450381679,-2.099236641221374,-0.955322265625,0.131103515625,-0.135986328125,-0.2595419847328244,-1.4732824427480915,0.549618320610687
1212,1779652929.5045757,0.096923828125,0.9736328125,-0.2783203125,-3.572519083969466,0.03816793893129771,-2.145038167938931,-0.940673828125,0.134521484375,-0.134521484375,-0.2366412213740458,-1.366412213740458,0.6870229007633588
1213,1779652929.5165515,0.09814453125,0.97998046875,-0.293701171875,-3.6946564885496183,0.11450381679389313,-2.4427480916030535,-0.949462890625,0.13232421875,-0.14013671875,-0.4122137404580153,-1.3129770992366412,0.7938931297709924
1214,1779652929.528541,0.098388671875,0.975341796875,-0.296630859375,-3.435114503816794,-1.8854961832061068,-2.381679389312977,-0.947998046875,0.140380859375,-0.13330078125,-0.25190839694656486,-1.4580152671755726,0.6412213740458015
1215,1779652929.5405333,0.086181640625,0.975341796875,-0.28564453125,-3.480916030534351,-0.09923664122137404,-2.267175572519084,-0.955322265625,0.141357421875,-0.13525390625,-0.1984732824427481,-1.3053435114503817,0.5267175572519084
1216,1779652929.5525424,0.10107421875,0.979248046875,-0.28564453125,-3.7404580152671754,0.2824427480916031,-2.2061068702290076,-0.95361328125,0.134033203125,-0.129150390625,-0.24427480916030533,-1.3511450381679388,0.6717557251908397
1217,1779652929.5645468,0.1083984375,0.973388671875,-0.26806640625,-3.687022900763359,0.03816793893129771,-2.50381679389313,-0.94970703125,0.1337890625,-0.128662109375,-0.26717557251908397,-1.2748091603053435,0.648854961832061
1218,1779652929.576462,0.09521484375,0.98095703125,-0.288330078125,-3.595419847328244,0.2900763358778626,-2.1755725190839694,-0.9482421875,0.137451171875,-0.131591796875,-0.183206106870229,-1.534351145038168,0.45038167938931295
1219,1779652929.5889282,0.09912109375,0.97607421875,-0.28759765625,-3.8091603053435112,0.22900763358778625,-2.267175572519084,-0.9462890625,0.13720703125,-0.130615234375,-0.22137404580152673,-1.4122137404580153,0.5725190839694656
1220,1779652929.601047,0.091796875,0.9716796875,-0.28466796875,-3.4885496183206106,1.9389312977099236,-2.404580152671756,-0.958251953125,0.138427734375,-0.129150390625,-0.25190839694656486,-1.366412213740458,0.6793893129770993
1221,1779652929.6130407,0.09521484375,0.978271484375,-0.281494140625,-3.5801526717557253,0.12213740458015267,-2.1755725190839694,-0.950927734375,0.140625,-0.13427734375,-0.4198473282442748,-1.251908396946565,0.7022900763358778
1222,1779652929.6250577,0.094970703125,0.97119140625,-0.29248046875,-3.7251908396946565,0.15267175572519084,-2.4122137404580153,-0.949951171875,0.140380859375,-0.13720703125,-0.3969465648854962,-1.4885496183206106,0.5648854961832062
1223,1779652929.637043,0.09814453125,0.97509765625,-0.28369140625,-3.5801526717557253,0.061068702290076333,-2.213740458015267,-0.955078125,0.126708984375,-0.13720703125,-0.16793893129770993,-1.2900763358778626,0.6412213740458015
1224,1779652929.6490376,0.097412109375,0.974609375,-0.286376953125,-3.5801526717557253,-1.9312977099236641,-2.1755725190839694,-0.955078125,0.1357421875,-0.1357421875,-0.09923664122137404,-1.4198473282442747,0.6870229007633588
1225,1779652929.661039,0.10107421875,0.977294921875,-0.28173828125,-3.366412213740458,0.06870229007633588,-2.312977099236641,-0.94091796875,0.136962890625,-0.12744140625,-0.3282442748091603,-1.3358778625954197,0.6946564885496184
1226,1779652929.6732583,0.080810546875,0.978515625,-0.285400390625,-3.49618320610687,0.19083969465648856,-2.2977099236641223,-0.955322265625,0.13623046875,-0.135498046875,-0.2900763358778626,-1.3053435114503817,0.6030534351145038
1227,1779652929.6852515,0.097412109375,0.97705078125,-0.2861328125,-3.595419847328244,-0.061068702290076333,-2.2061068702290076,-0.958251953125,0.14404296875,-0.14453125,-0.25190839694656486,-1.5877862595419847,0.5801526717557252
1228,1779652929.6972156,0.09619140625,0.984130859375,-0.2900390625,-3.6564885496183206,-1.9312977099236641,-2.0763358778625953,-0.958740234375,0.138427734375,-0.13671875,-0.2824427480916031,-1.3893129770992367,0.6183206106870229
1229,1779652929.709212,0.07861328125,0.969482421875,-0.2958984375,-3.7022900763358777,0.03816793893129771,-2.2061068702290076,-0.965087890625,0.13818359375,-0.1318359375,-0.25190839694656486,-1.4274809160305344,0.4122137404580153
1230,1779652929.7211976,0.095458984375,0.976318359375,-0.296630859375,-3.549618320610687,0.13740458015267176,-2.282442748091603,-0.95751953125,0.1357421875,-0.13671875,-0.3511450381679389,-1.366412213740458,0.7022900763358778
1231,1779652929.7331457,0.079345703125,0.980224609375,-0.29150390625,-3.5419847328244276,-1.900763358778626,-2.33587786259542,-0.93896484375,0.13427734375,-0.136962890625,-0.19083969465648856,-1.5954198473282444,0.7786259541984732
1232,1779652929.7450893,0.098876953125,0.975830078125,-0.293701171875,-3.5572519083969465,0.08396946564885496,-2.1908396946564888,-0.956298828125,0.140380859375,-0.139892578125,-0.3053435114503817,-1.4427480916030535,0.6259541984732825
1233,1779652929.7570493,0.09521484375,0.97119140625,-0.28369140625,-3.6259541984732824,0.007633587786259542,-2.2519083969465647,-0.95166015625,0.136474609375,-0.1240234375,-0.3893129770992366,-1.3740458015267176,0.6641221374045801
1234,1779652929.7690716,0.091064453125,0.976806640625,-0.2890625,-3.6793893129770994,0.09923664122137404,-2.33587786259542,-0.953369140625,0.138671875,-0.13427734375,-0.183206106870229,-1.3129770992366412,0.48854961832061067
1235,1779652929.78106,0.093994140625,0.96875,-0.29443359375,-3.66412213740458,0.03816793893129771,-2.2061068702290076,-0.950439453125,0.130859375,-0.132568359375,-0.20610687022900764,-1.4198473282442747,0.7251908396946565
1236,1779652929.7930596,0.093505859375,0.971923828125,-0.28076171875,-3.519083969465649,0.2366412213740458,-2.2442748091603053,-0.959228515625,0.140625,-0.13916015625,-0.2595419847328244,-1.4809160305343512,0.7786259541984732
1237,1779652929.8050513,0.10009765625,0.9755859375,-0.283447265625,-3.7022900763358777,1.9312977099236641,-2.3053435114503817,-0.960205078125,0.136474609375,-0.13427734375,-0.183206106870229,-1.549618320610687,0.3893129770992366
1238,1779652929.8170474,0.096923828125,0.9775390625,-0.286865234375,-3.435114503816794,0.19083969465648856,-2.450381679389313,-0.960205078125,0.136474609375,-0.13720703125,-0.22900763358778625,-1.3282442748091603,0.5648854961832062
1239,1779652929.8290067,0.096435546875,0.9755859375,-0.28466796875,-3.5267175572519083,0.16030534351145037,-2.213740458015267,-0.93896484375,0.137939453125,-0.132568359375,-0.2366412213740458,-1.3358778625954197,0.6717557251908397
1240,1779652929.841041,0.09619140625,0.975830078125,-0.28369140625,-3.564885496183206,-0.08396946564885496,-2.2977099236641223,-0.95068359375,0.141845703125,-0.130859375,-0.1450381679389313,-1.3358778625954197,0.5954198473282443
1241,1779652929.853029,0.091796875,0.974853515625,-0.273193359375,-3.648854961832061,0.21374045801526717,-2.427480916030534,-0.95703125,0.14453125,-0.132080078125,-0.1984732824427481,-1.4427480916030535,0.6030534351145038
1242,1779652929.8650339,0.09228515625,0.97900390625,-0.287353515625,-3.5572519083969465,0.16030534351145037,-2.2519083969465647,-0.949951171875,0.1337890625,-0.1416015625,-0.366412213740458,-1.3587786259541985,0.5572519083969466
1243,1779652929.877055,0.091552734375,0.97216796875,-0.2744140625,-3.5801526717557253,0.15267175572519084,-2.267175572519084,-0.95556640625,0.13232421875,-0.13818359375,-0.33587786259541985,-1.4580152671755726,0.7251908396946565
1244,1779652929.8890536,0.097900390625,0.9765625,-0.27978515625,-3.5267175572519083,0.09923664122137404,-2.267175572519084,-0.961669921875,0.14013671875,-0.138916015625,-0.1984732824427481,-1.465648854961832,0.5572519083969466
1245,1779652929.901043,0.09423828125,0.97607421875,-0.29296875,-3.6259541984732824,0.030534351145038167,-2.312977099236641,-0.95849609375,0.136962890625,-0.139892578125,-0.2595419847328244,-1.450381679389313,0.7480916030534351
1246,1779652929.9130363,0.1083984375,0.97802734375,-0.28369140625,-3.6412213740458017,0.05343511450381679,-2.312977099236641,-0.949462890625,0.152587890625,-0.12646484375,-0.21374045801526717,-1.381679389312977,0.6335877862595419
1247,1779652929.9250426,0.082275390625,0.974365234375,-0.27001953125,-3.50381679389313,0.21374045801526717,-2.312977099236641,-0.95458984375,0.140380859375,-0.140380859375,-0.1984732824427481,-1.5267175572519085,0.732824427480916
1248,1779652929.9370508,0.096923828125,0.976806640625,-0.28173828125,-3.480916030534351,1.916030534351145,-2.282442748091603,-0.953857421875,0.140869140625,-0.131591796875,-0.19083969465648856,-1.3511450381679388,0.648854961832061
1249,1779652929.949041,0.092041015625,0.9794921875,-0.29248046875,-3.6793893129770994,0.0916030534351145,-2.351145038167939,-0.953125,0.1318359375,-0.14013671875,-0.09923664122137404,-1.2900763358778626,0.7557251908396947
1250,1779652929.9610534,0.09130859375,0.97412109375,-0.269287109375,-3.6412213740458017,-0.15267175572519084,-2.427480916030534,-0.9638671875,0.154052734375,-0.137451171875,-0.16030534351145037,-1.366412213740458,0.549618320610687
1251,1779652929.9730499,0.0947265625,0.971923828125,-0.2958984375,-3.519083969465649,0.16030534351145037,-2.3740458015267176,-0.954345703125,0.135986328125,-0.138916015625,-0.3053435114503817,-1.4045801526717556,0.5267175572519084
1252,1779652929.9850302,0.091796875,0.977783203125,-0.2890625,-3.6259541984732824,-0.10687022900763359,-2.0076335877862594,-0.958740234375,0.14990234375,-0.130859375,-0.2900763358778626,-1.3358778625954197,0.5343511450381679
1253,1779652929.9970388,0.099365234375,0.976806640625,-0.284912109375,-3.519083969465649,0.08396946564885496,-2.2748091603053435,-0.951904296875,0.129638671875,-0.126953125,-0.12213740458015267,-1.534351145038168,0.6641221374045801
1254,1779652930.0090482,0.092041015625,0.97412109375,-0.288330078125,-3.6564885496183206,-0.16030534351145037,-2.381679389312977,-0.9560546875,0.140869140625,-0.125732421875,-0.22900763358778625,-1.366412213740458,0.6030534351145038
1255,1779652930.021059,0.078125,0.974853515625,-0.28662109375,-3.5114503816793894,0.21374045801526717,-2.564885496183206,-0.95263671875,0.1376953125,-0.126708984375,-0.183206106870229,-1.3740458015267176,0.5038167938931297
1256,1779652930.0330486,0.099853515625,0.983642578125,-0.29296875,-3.480916030534351,-0.03816793893129771,-2.4427480916030535,-0.9462890625,0.13232421875,-0.134521484375,-0.22900763358778625,-1.4961832061068703,0.6259541984732825
1257,1779652930.0450356,0.096923828125,0.99267578125,-0.284912109375,-3.5572519083969465,0.16793893129770993,-2.3969465648854964,-0.957763671875,0.138427734375,-0.136474609375,-0.24427480916030533,-1.3893129770992367,0.6106870229007634
1258,1779652930.0570018,0.09423828125,0.9755859375,-0.286865234375,-3.480916030534351,0.09923664122137404,-2.2519083969465647,-0.9384765625,0.138916015625,-0.150634765625,-0.3511450381679389,-1.4809160305343512,0.5725190839694656
1259,1779652930.0690506,0.092529296875,0.976318359375,-0.279052734375,-3.4580152671755724,0.16793893129770993,-2.2290076335877864,-0.966552734375,0.132080078125,-0.1396484375,-0.022900763358778626,-1.4274809160305344,0.6183206106870229
1260,1779652930.081023,0.08935546875,0.97314453125,-0.29248046875,-3.480916030534351,1.9465648854961832,-2.450381679389313,-0.94482421875,0.136474609375,-0.1328125,-0.26717557251908397,-1.4961832061068703,0.6106870229007634
1261,1779652930.0930073,0.09765625,0.984375,-0.27734375,-3.572519083969466,-0.20610687022900764,-2.4732824427480917,-0.95556640625,0.138916015625,-0.13037109375,-0.42748091603053434,-1.3740458015267176,0.6412213740458015
1262,1779652930.1051943,0.080322265625,0.982177734375,-0.28564453125,-3.618320610687023,0.2900763358778626,-2.267175572519084,-0.955322265625,0.140380859375,-0.13671875,-0.21374045801526717,-1.2748091603053435,0.5114503816793893
1263,1779652930.1172516,0.091552734375,0.97265625,-0.286376953125,-3.763358778625954,0.2366412213740458,-2.33587786259542,-0.956298828125,0.134033203125,-0.13330078125,-0.2900763358778626,-1.4274809160305344,0.6106870229007634
1264,1779652930.1292179,0.09619140625,0.9765625,-0.28271484375,-3.595419847328244,0.0916030534351145,-2.2290076335877864,-0.95654296875,0.133056640625,-0.12744140625,-0.3282442748091603,-1.3129770992366412,0.6641221374045801
1265,1779652930.1411858,0.09423828125,0.97802734375,-0.29248046875,-3.66412213740458,0.11450381679389313,-2.1603053435114505,-0.939208984375,0.138427734375,-0.134521484375,-0.2366412213740458,-1.3893129770992367,0.5801526717557252
1266,1779652930.1531372,0.079833984375,0.97216796875,-0.291015625,-3.519083969465649,0.0916030534351145,-2.1908396946564888,-0.954833984375,0.140380859375,-0.12890625,-0.26717557251908397,-1.4809160305343512,0.7099236641221374
1267,1779652930.1651144,0.095947265625,0.975830078125,-0.267578125,-3.549618320610687,-0.1297709923664122,-2.381679389312977,-0.951171875,0.134033203125,-0.13623046875,-0.48091603053435117,-1.4045801526717556,0.6412213740458015
1268,1779652930.177122,0.09326171875,0.9755859375,-0.29296875,-3.4732824427480917,0.04580152671755725,-2.312977099236641,-0.95166015625,0.1376953125,-0.13720703125,-0.2900763358778626,-1.4351145038167938,0.5114503816793893
1269,1779652930.1890938,0.095947265625,0.97265625,-0.288330078125,-3.66412213740458,0.19083969465648856,-2.2213740458015265,-0.952880859375,0.135498046875,-0.13232421875,-0.07633587786259542,-1.3206106870229009,0.46564885496183206
1270,1779652930.2010736,0.09765625,0.981201171875,-0.291015625,-3.6564885496183206,0.1297709923664122,-2.366412213740458,-0.951171875,0.138671875,-0.12646484375,-0.2900763358778626,-1.3053435114503817,0.7175572519083969
1271,1779652930.213055,0.092529296875,0.980224609375,-0.283203125,-3.648854961832061,0.24427480916030533,-2.2595419847328246,-0.958984375,0.1337890625,-0.138671875,-0.25190839694656486,-1.5114503816793894,0.5572519083969466
1272,1779652930.2250788,0.094482421875,0.978271484375,-0.2900390625,-3.564885496183206,-0.07633587786259542,-2.3282442748091605,-0.968017578125,0.1357421875,-0.137939453125,-0.24427480916030533,-1.3893129770992367,0.5419847328244275
1273,1779652930.237047,0.109130859375,0.9814453125,-0.2880859375,-3.595419847328244,-0.08396946564885496,-2.435114503816794,-0.954833984375,0.125732421875,-0.13623046875,-0.2824427480916031,-1.3587786259541985,0.5648854961832062
1274,1779652930.249058,0.108154296875,0.974853515625,-0.2958984375,-3.4885496183206106,0.0916030534351145,-2.404580152671756,-0.954833984375,0.1318359375,-0.127197265625,-0.15267175572519084,-1.4732824427480915,0.7175572519083969
1275,1779652930.2610493,0.1005859375,0.978271484375,-0.288818359375,-3.49618320610687,0.07633587786259542,-2.3435114503816794,-0.954345703125,0.1435546875,-0.135498046875,-0.31297709923664124,-1.2671755725190839,0.6564885496183206
1276,1779652930.2730682,0.08349609375,0.974365234375,-0.285400390625,-3.5572519083969465,-0.12213740458015267,-2.198473282442748,-0.9580078125,0.142822265625,-0.138427734375,-0.3511450381679389,-1.2061068702290076,0.5267175572519084
1277,1779652930.285047,0.09814453125,0.977783203125,-0.281005859375,-3.5572519083969465,0.061068702290076333,-2.4580152671755724,-0.955810546875,0.135009765625,-0.1357421875,-0.25190839694656486,-1.3511450381679388,0.6335877862595419
1278,1779652930.2970378,0.094970703125,0.97607421875,-0.288330078125,-3.5343511450381677,0.061068702290076333,-2.2061068702290076,-0.963134765625,0.141357421875,-0.125244140625,-0.26717557251908397,-1.1984732824427482,0.5343511450381679
1279,1779652930.3090274,0.095703125,0.974609375,-0.2900390625,-3.717557251908397,-0.015267175572519083,-2.183206106870229,-0.9482421875,0.13720703125,-0.1337890625,-0.21374045801526717,-1.3740458015267176,0.5648854961832062
1280,1779652930.3210204,0.093994140625,0.97314453125,-0.283447265625,-3.5877862595419847,0.1984732824427481,-2.1374045801526718,-0.953369140625,0.137451171875,-0.135986328125,-0.4198473282442748,-1.3358778625954197,0.6030534351145038
1281,1779652930.333024,0.095458984375,0.97802734375,-0.283935546875,-3.687022900763359,0.19083969465648856,-2.2748091603053435,-0.939208984375,0.15185546875,-0.1357421875,-0.26717557251908397,-1.381679389312977,0.6793893129770993
1282,1779652930.3450117,0.0947265625,0.977294921875,-0.2890625,-3.5343511450381677,0.015267175572519083,-2.3282442748091605,-0.953125,0.13916015625,-0.141845703125,-0.183206106870229,-1.3740458015267176,0.5572519083969466
1283,1779652930.3570004,0.0966796875,0.975830078125,-0.29296875,-3.66412213740458,0.16030534351145037,-2.3053435114503817,-0.9521484375,0.13330078125,-0.133544921875,-0.2824427480916031,-1.282442748091603,0.6641221374045801
1284,1779652930.3689911,0.10693359375,0.978515625,-0.289306640625,-3.5343511450381677,0.0916030534351145,-2.2595419847328246,-0.947998046875,0.135986328125,-0.13525390625,-0.15267175572519084,-1.4961832061068703,0.5114503816793893
1285,1779652930.381011,0.1064453125,0.972412109375,-0.2822265625,-3.5877862595419847,0.1984732824427481,-2.213740458015267,-0.95361328125,0.142822265625,-0.13623046875,-0.2900763358778626,-1.4351145038167938,0.732824427480916
1286,1779652930.3929942,0.091064453125,0.9765625,-0.27294921875,-3.5419847328244276,0.11450381679389313,-2.282442748091603,-0.96484375,0.13818359375,-0.134521484375,-0.1984732824427481,-1.2748091603053435,0.5877862595419847
1287,1779652930.405006,0.0966796875,0.969482421875,-0.291748046875,-3.572519083969466,0.06870229007633588,-2.282442748091603,-0.965576171875,0.126220703125,-0.1298828125,-0.29770992366412213,-1.3511450381679388,0.5877862595419847
1288,1779652930.4169981,0.09716796875,0.9794921875,-0.285400390625,-3.6564885496183206,0.22137404580152673,-2.3435114503816794,-0.959716796875,0.1337890625,-0.149658203125,-0.26717557251908397,-1.2442748091603053,0.5038167938931297
1289,1779652930.429015,0.095703125,0.9755859375,-0.2890625,-3.633587786259542,-0.015267175572519083,-2.3206106870229006,-0.953125,0.14013671875,-0.13916015625,-0.37404580152671757,-1.381679389312977,0.7938931297709924
1290,1779652930.441025,0.09375,0.983642578125,-0.288330078125,-3.648854961832061,0.061068702290076333,-2.2290076335877864,-0.953369140625,0.125244140625,-0.135498046875,-0.3053435114503817,-1.3435114503816794,0.6030534351145038
1291,1779652930.4530146,0.08056640625,0.973388671875,-0.28662109375,-3.687022900763359,0.007633587786259542,-2.1068702290076335,-0.956298828125,0.14208984375,-0.134521484375,-0.35877862595419846,-1.4122137404580153,0.7099236641221374
1292,1779652930.4650145,0.078125,0.974365234375,-0.289306640625,-3.6564885496183206,0.061068702290076333,-2.282442748091603,-0.96630859375,0.138671875,-0.1328125,-0.45038167938931295,-1.2213740458015268,0.6564885496183206
1293,1779652930.4770205,0.0947265625,0.9716796875,-0.26611328125,-3.5419847328244276,0.08396946564885496,-2.1908396946564888,-0.967041015625,0.149169921875,-0.12890625,-0.33587786259541985,-1.3358778625954197,0.7404580152671756
1294,1779652930.4889812,0.107666015625,0.9697265625,-0.28466796875,-3.633587786259542,0.05343511450381679,-2.2595419847328246,-0.957275390625,0.143310546875,-0.132568359375,-0.1450381679389313,-1.2366412213740459,0.6106870229007634
1295,1779652930.5009491,0.09375,0.974609375,-0.28466796875,-3.4656488549618323,0.061068702290076333,-2.2900763358778624,-0.96337890625,0.13671875,-0.138916015625,-0.366412213740458,-1.2671755725190839,0.6412213740458015
1296,1779652930.512875,0.091796875,0.975830078125,-0.289794921875,-3.572519083969466,0.13740458015267176,-2.3587786259541983,-0.956298828125,0.13671875,-0.129638671875,-0.22137404580152673,-1.3511450381679388,0.5648854961832062
1297,1779652930.524875,0.093505859375,0.973876953125,-0.289794921875,-3.5801526717557253,0.12213740458015267,-2.2213740458015265,-0.963623046875,0.134033203125,-0.141357421875,-0.21374045801526717,-1.4732824427480915,0.6030534351145038
1298,1779652930.5370722,0.09326171875,0.97900390625,-0.28515625,-3.66412213740458,0.20610687022900764,-2.1908396946564888,-0.944091796875,0.133544921875,-0.1357421875,-0.25190839694656486,-1.2671755725190839,0.7251908396946565
1299,1779652930.549064,0.09521484375,0.97900390625,-0.289794921875,-3.549618320610687,0.06870229007633588,-2.4198473282442747,-0.949462890625,0.155029296875,-0.127685546875,-0.19083969465648856,-1.251908396946565,0.5190839694656488
1300,1779652930.5610704,0.09228515625,0.97412109375,-0.284912109375,-3.4122137404580153,0.1450381679389313,-2.3893129770992365,-0.961181640625,0.133544921875,-0.125244140625,-0.5190839694656488,-1.2900763358778626,0.6335877862595419
1301,1779652930.573192,0.093505859375,0.98291015625,-0.289306640625,-3.50381679389313,0.2595419847328244,-2.3282442748091605,-0.951416015625,0.13818359375,-0.135009765625,-0.32061068702290074,-1.4885496183206106,0.732824427480916
1302,1779652930.5853512,0.09228515625,0.9765625,-0.287841796875,-3.4656488549618323,0.15267175572519084,-2.381679389312977,-0.95703125,0.125244140625,-0.1357421875,-0.2824427480916031,-1.3587786259541985,0.5725190839694656
1303,1779652930.5976884,0.081787109375,0.973388671875,-0.290283203125,-3.5267175572519083,0.05343511450381679,-2.213740458015267,-0.94921875,0.151611328125,-0.14013671875,-0.22900763358778625,-1.4427480916030535,0.6335877862595419
1304,1779652930.609646,0.09814453125,0.976318359375,-0.284423828125,-3.5801526717557253,0.19083969465648856,-2.2900763358778624,-0.9609375,0.12890625,-0.13232421875,-0.19083969465648856,-1.099236641221374,0.6946564885496184
1305,1779652930.6216018,0.0986328125,0.97705078125,-0.2958984375,-3.786259541984733,0.06870229007633588,-2.404580152671756,-0.958984375,0.1328125,-0.14111328125,-0.15267175572519084,-1.3740458015267176,0.549618320610687
1306,1779652930.6335719,0.10546875,0.979248046875,-0.276611328125,-3.549618320610687,0.061068702290076333,-2.366412213740458,-0.95703125,0.1376953125,-0.13671875,-0.25190839694656486,-1.5038167938931297,0.6335877862595419
1307,1779652930.6455154,0.078369140625,0.98095703125,-0.29296875,-3.717557251908397,0.015267175572519083,-2.2519083969465647,-0.958251953125,0.136962890625,-0.13330078125,-0.33587786259541985,-1.3206106870229009,0.816793893129771
1308,1779652930.657531,0.09619140625,0.972900390625,-0.289306640625,-3.5343511450381677,0.04580152671755725,-2.198473282442748,-0.963134765625,0.136962890625,-0.130615234375,-0.26717557251908397,-1.3053435114503817,0.5114503816793893
1309,1779652930.6695657,0.097900390625,0.975830078125,-0.285888671875,-3.480916030534351,1.9236641221374047,-2.33587786259542,-0.949951171875,0.15478515625,-0.12890625,-0.3053435114503817,-1.251908396946565,0.6870229007633588
1310,1779652930.6815279,0.093994140625,0.97314453125,-0.28369140625,-3.5343511450381677,0.04580152671755725,-2.2595419847328246,-0.939453125,0.1337890625,-0.13427734375,-0.2366412213740458,-1.3053435114503817,0.5038167938931297
1311,1779652930.6935265,0.096923828125,0.979248046875,-0.277099609375,-3.549618320610687,0.25190839694656486,-2.33587786259542,-0.968505859375,0.131103515625,-0.133056640625,-0.3053435114503817,-1.1450381679389312,0.6641221374045801
1312,1779652930.7055287,0.093994140625,0.9765625,-0.280517578125,-3.50381679389313,-1.9541984732824427,-2.2519083969465647,-0.9443359375,0.13916015625,-0.13232421875,-0.2595419847328244,-1.2442748091603053,0.6564885496183206
1313,1779652930.717529,0.095458984375,0.978759765625,-0.2666015625,-3.5419847328244276,0.04580152671755725,-2.2748091603053435,-0.957763671875,0.136962890625,-0.134765625,-0.24427480916030533,-1.4045801526717556,0.648854961832061
1314,1779652930.729495,0.095703125,0.970703125,-0.2783203125,-3.6793893129770994,0.05343511450381679,-2.0763358778625953,-0.95166015625,0.133544921875,-0.139404296875,-0.3969465648854962,-1.4732824427480915,0.7709923664122137
1315,1779652930.7415242,0.0927734375,0.9716796875,-0.287841796875,-3.5801526717557253,0.10687022900763359,-2.236641221374046,-0.956787109375,0.1416015625,-0.140869140625,-0.32061068702290074,-1.3740458015267176,0.4732824427480916
1316,1779652930.753535,0.10791015625,0.97265625,-0.286865234375,-3.4885496183206106,0.0916030534351145,-2.4732824427480917,-0.9462890625,0.13671875,-0.13037109375,-0.20610687022900764,-1.4198473282442747,0.6641221374045801
1317,1779652930.765531,0.088623046875,0.97705078125,-0.284912109375,-3.5801526717557253,0.022900763358778626,-2.2595419847328246,-0.954833984375,0.13916015625,-0.136962890625,-0.42748091603053434,-1.3893129770992367,0.6412213740458015
1318,1779652930.7775445,0.1015625,0.97265625,-0.2890625,-3.572519083969466,0.05343511450381679,-2.4122137404580153,-0.958251953125,0.1376953125,-0.141357421875,-0.2748091603053435,-1.2595419847328244,0.6412213740458015
1319,1779652930.7895443,0.094482421875,0.983154296875,-0.282958984375,-3.49618320610687,-1.900763358778626,-2.50381679389313,-0.95947265625,0.14404296875,-0.138427734375,-0.33587786259541985,-1.450381679389313,0.6106870229007634
1320,1779652930.8015316,0.09326171875,0.9765625,-0.279052734375,-3.519083969465649,0.15267175572519084,-2.122137404580153,-0.950439453125,0.138427734375,-0.136474609375,-0.2900763358778626,-1.4045801526717556,0.7099236641221374
1321,1779652930.813534,0.088623046875,0.978515625,-0.291748046875,-3.6946564885496183,-0.11450381679389313,-2.3587786259541983,-0.954345703125,0.13525390625,-0.13037109375,-0.29770992366412213,-1.3129770992366412,0.5725190839694656
1322,1779652930.8255384,0.097412109375,0.97216796875,-0.291748046875,-3.564885496183206,0.24427480916030533,-2.2595419847328246,-0.950927734375,0.136962890625,-0.128173828125,-0.1297709923664122,-1.366412213740458,0.6564885496183206
1323,1779652930.837543,0.081298828125,0.97900390625,-0.286376953125,-3.618320610687023,0.022900763358778626,-2.3435114503816794,-0.95458984375,0.13525390625,-0.13330078125,-0.2900763358778626,-1.3435114503816794,0.46564885496183206
1324,1779652930.849525,0.0927734375,0.980224609375,-0.29541015625,-3.5267175572519083,0.17557251908396945,-2.2213740458015265,-0.9384765625,0.1318359375,-0.15625,-0.22900763358778625,-1.465648854961832,0.6183206106870229
1325,1779652930.8615227,0.108642578125,0.972412109375,-0.289794921875,-3.6412213740458017,0.015267175572519083,-2.3435114503816794,-0.958251953125,0.1357421875,-0.13232421875,-0.32061068702290074,-1.3435114503816794,0.6641221374045801
1326,1779652930.8735523,0.095703125,0.978759765625,-0.29296875,-3.572519083969466,-0.05343511450381679,-2.2442748091603053,-0.946533203125,0.140625,-0.126220703125,-0.2824427480916031,-1.3206106870229009,0.46564885496183206
1327,1779652930.885547,0.094970703125,0.970703125,-0.2841796875,-3.618320610687023,0.12213740458015267,-2.145038167938931,-0.948974609375,0.134765625,-0.131591796875,-0.2824427480916031,-1.4198473282442747,0.5648854961832062
1328,1779652930.8975353,0.097900390625,0.97509765625,-0.28662109375,-3.3740458015267176,0.12213740458015267,-2.404580152671756,-0.947998046875,0.130126953125,-0.13671875,-0.3282442748091603,-1.1068702290076335,0.8320610687022901
1329,1779652930.9095302,0.093505859375,0.972900390625,-0.290771484375,-3.717557251908397,0.11450381679389313,-2.282442748091603,-0.951416015625,0.143310546875,-0.134765625,-0.35877862595419846,-1.3358778625954197,0.5801526717557252
1330,1779652930.9215224,0.09228515625,0.97412109375,-0.28662109375,-3.801526717557252,0.09923664122137404,-2.3587786259541983,-0.95458984375,0.1376953125,-0.132568359375,-0.3435114503816794,-1.5038167938931297,0.6106870229007634
1331,1779652930.9335396,0.09375,0.974609375,-0.29150390625,-3.5419847328244276,0.08396946564885496,-2.2519083969465647,-0.9638671875,0.13330078125,-0.12890625,-0.37404580152671757,-1.4198473282442747,0.7022900763358778
1332,1779652930.945494,0.0830078125,0.97412109375,-0.282470703125,-3.7022900763358777,0.15267175572519084,-2.351145038167939,-0.95458984375,0.136474609375,-0.1298828125,-0.4122137404580153,-1.297709923664122,0.4961832061068702
1333,1779652930.9574883,0.0947265625,0.972900390625,-0.28857421875,-3.595419847328244,0.1450381679389313,-2.045801526717557,-0.939453125,0.14306640625,-0.13916015625,-0.05343511450381679,-1.1755725190839694,0.7251908396946565
1334,1779652930.9696655,0.095947265625,0.968505859375,-0.289794921875,-3.572519083969466,-0.12213740458015267,-2.2290076335877864,-0.960205078125,0.1376953125,-0.138427734375,-0.26717557251908397,-1.2900763358778626,0.7099236641221374
1335,1779652930.9816425,0.1015625,0.971435546875,-0.284423828125,-3.5801526717557253,-0.0916030534351145,-2.068702290076336,-0.957275390625,0.14404296875,-0.134521484375,-0.24427480916030533,-1.3358778625954197,0.5648854961832062
1336,1779652930.993595,0.090087890625,0.9716796875,-0.29248046875,-3.687022900763359,-0.13740458015267176,-2.2061068702290076,-0.967529296875,0.15380859375,-0.126220703125,-0.29770992366412213,-1.381679389312977,0.5648854961832062
1337,1779652931.005537,0.0947265625,0.976806640625,-0.2861328125,-3.5877862595419847,0.11450381679389313,-2.3587786259541983,-0.941162109375,0.136962890625,-0.1484375,-0.2748091603053435,-1.4885496183206106,0.5801526717557252
1338,1779652931.0175118,0.093505859375,0.97119140625,-0.287353515625,-3.687022900763359,0.1297709923664122,-2.519083969465649,-0.951416015625,0.1513671875,-0.140625,-0.1450381679389313,-1.1755725190839694,0.6030534351145038
1339,1779652931.0295208,0.079833984375,0.976318359375,-0.289794921875,-3.648854961832061,0.015267175572519083,-2.198473282442748,-0.940185546875,0.137939453125,-0.127685546875,-0.3282442748091603,-1.2748091603053435,0.732824427480916
1340,1779652931.0414913,0.095947265625,0.9736328125,-0.282958984375,-3.633587786259542,-1.9465648854961832,-2.480916030534351,-0.95947265625,0.134765625,-0.124755859375,-0.2595419847328244,-1.465648854961832,0.6793893129770993
1341,1779652931.0534892,0.081787109375,0.975830078125,-0.295654296875,-3.6793893129770994,0.29770992366412213,-2.4122137404580153,-0.951904296875,0.13330078125,-0.132568359375,-0.31297709923664124,-1.3435114503816794,0.6030534351145038
1342,1779652931.0654647,0.0947265625,0.977294921875,-0.28466796875,-3.549618320610687,0.11450381679389313,-2.2595419847328246,-0.953125,0.137451171875,-0.13818359375,-0.33587786259541985,-1.1755725190839694,0.5190839694656488
1343,1779652931.077498,0.09765625,0.975830078125,-0.29150390625,-3.564885496183206,-0.11450381679389313,-2.3740458015267176,-0.957275390625,0.142822265625,-0.1318359375,-0.24427480916030533,-1.4122137404580153,0.48091603053435117
1344,1779652931.0894947,0.0986328125,0.972412109375,-0.29248046875,-3.5267175572519083,0.05343511450381679,-2.381679389312977,-0.941162109375,0.133544921875,-0.138671875,-0.22137404580152673,-1.3740458015267176,0.6870229007633588
1345,1779652931.1014645,0.09130859375,0.9697265625,-0.289794921875,-3.633587786259542,0.07633587786259542,-2.3740458015267176,-0.96337890625,0.13720703125,-0.1328125,-0.19083969465648856,-1.3282442748091603,0.6412213740458015
1346,1779652931.1134324,0.094482421875,0.97021484375,-0.28759765625,-3.6106870229007635,-0.05343511450381679,-2.312977099236641,-0.966796875,0.12890625,-0.1318359375,-0.25190839694656486,-1.3129770992366412,0.48854961832061067
1347,1779652931.125465,0.0888671875,0.96826171875,-0.282958984375,-3.6106870229007635,0.04580152671755725,-2.3053435114503817,-0.953857421875,0.13916015625,-0.13818359375,-0.31297709923664124,-1.5419847328244274,0.6183206106870229
1348,1779652931.1375034,0.10595703125,0.970947265625,-0.281494140625,-3.7022900763358777,-0.06870229007633588,-2.549618320610687,-0.953125,0.136474609375,-0.135986328125,-0.4351145038167939,-1.3587786259541985,0.648854961832061
1349,1779652931.1495218,0.09765625,0.9775390625,-0.2666015625,-3.4885496183206106,0.12213740458015267,-2.2290076335877864,-0.95068359375,0.135009765625,-0.133544921875,-0.2748091603053435,-1.3511450381679388,0.5801526717557252
1350,1779652931.1615064,0.096435546875,0.9775390625,-0.296142578125,-3.6030534351145036,0.0916030534351145,-2.145038167938931,-0.957275390625,0.13134765625,-0.133056640625,-0.2824427480916031,-1.3053435114503817,0.732824427480916
1351,1779652931.173509,0.091552734375,0.9765625,-0.287353515625,-3.633587786259542,0.007633587786259542,-2.3206106870229006,-0.962646484375,0.134765625,-0.13232421875,-0.3435114503816794,-1.3587786259541985,0.6106870229007634
1352,1779652931.1855116,0.0947265625,0.977294921875,-0.289794921875,-3.5572519083969465,1.8854961832061068,-2.1755725190839694,-0.942626953125,0.13623046875,-0.14892578125,-0.13740458015267176,-1.4961832061068703,0.6106870229007634
1353,1779652931.1975276,0.09521484375,0.9755859375,-0.28759765625,-3.6946564885496183,0.05343511450381679,-2.3282442748091605,-0.9541015625,0.132080078125,-0.139892578125,-0.31297709923664124,-1.3206106870229009,0.5801526717557252
1354,1779652931.2095144,0.09716796875,0.976318359375,-0.291259765625,-3.7404580152671754,0.32061068702290074,-2.351145038167939,-0.96240234375,0.141845703125,-0.133544921875,-0.183206106870229,-1.2366412213740459,0.48854961832061067
1355,1779652931.2215028,0.095458984375,0.96875,-0.2900390625,-3.6030534351145036,0.03816793893129771,-2.2061068702290076,-0.955078125,0.13525390625,-0.123046875,-0.2748091603053435,-1.3893129770992367,0.5038167938931297
1356,1779652931.23352,0.0966796875,0.970947265625,-0.2861328125,-3.633587786259542,0.13740458015267176,-2.595419847328244,-0.953369140625,0.140625,-0.130126953125,-0.25190839694656486,-1.282442748091603,0.6106870229007634
1357,1779652931.2455237,0.086181640625,0.97607421875,-0.29248046875,-3.49618320610687,-0.1984732824427481,-2.3587786259541983,-0.946044921875,0.13916015625,-0.135986328125,-0.22900763358778625,-1.2213740458015268,0.7480916030534351
1358,1779652931.2575073,0.096923828125,0.97265625,-0.310791015625,-3.5343511450381677,0.06870229007633588,-2.0839694656488548,-0.945068359375,0.12646484375,-0.1376953125,-0.37404580152671757,-1.3435114503816794,0.5267175572519084
1359,1779652931.2695158,0.0927734375,0.982421875,-0.291748046875,-3.572519083969466,-0.04580152671755725,-2.198473282442748,-0.960693359375,0.135498046875,-0.129638671875,-0.2824427480916031,-1.2900763358778626,0.5190839694656488
1360,1779652931.2815394,0.1083984375,0.97509765625,-0.287841796875,-3.450381679389313,0.25190839694656486,-2.1603053435114505,-0.953369140625,0.1337890625,-0.1279296875,-0.24427480916030533,-1.6106870229007633,0.6412213740458015
1361,1779652931.2935398,0.090087890625,0.976318359375,-0.288818359375,-3.49618320610687,0.03816793893129771,-2.267175572519084,-0.959228515625,0.129638671875,-0.138671875,-0.19083969465648856,-1.366412213740458,0.6030534351145038
1362,1779652931.3054938,0.09912109375,0.978271484375,-0.29150390625,-3.564885496183206,0.061068702290076333,-2.2748091603053435,-0.953857421875,0.137451171875,-0.13330078125,-0.4198473282442748,-1.381679389312977,0.6946564885496184
1363,1779652931.3174522,0.09619140625,0.974609375,-0.281005859375,-3.5801526717557253,0.04580152671755725,-2.2595419847328246,-0.955078125,0.1318359375,-0.117919921875,-0.40458015267175573,-1.381679389312977,0.6717557251908397
1364,1779652931.3294063,0.1005859375,0.973876953125,-0.28564453125,-3.6030534351145036,0.16030534351145037,-2.381679389312977,-0.962890625,0.13525390625,-0.141357421875,-0.2900763358778626,-1.4580152671755726,0.549618320610687
1365,1779652931.341384,0.09228515625,0.980712890625,-0.28515625,-3.717557251908397,0.06870229007633588,-2.2061068702290076,-0.95166015625,0.138427734375,-0.1396484375,-0.25190839694656486,-1.3435114503816794,0.5190839694656488
1366,1779652931.3533664,0.09912109375,0.97802734375,-0.286865234375,-3.66412213740458,0.08396946564885496,-2.2900763358778624,-0.943359375,0.136962890625,-0.13427734375,-0.15267175572519084,-1.1755725190839694,0.6564885496183206
1367,1779652931.365355,0.0947265625,0.980712890625,-0.295654296875,-3.6259541984732824,-1.9083969465648856,-2.50381679389313,-0.96728515625,0.13671875,-0.127197265625,-0.2900763358778626,-1.2748091603053435,0.6259541984732825
1368,1779652931.3773878,0.09765625,0.97802734375,-0.267822265625,-3.595419847328244,0.07633587786259542,-2.145038167938931,-0.958740234375,0.134765625,-0.1279296875,-0.32061068702290074,-1.2900763358778626,0.6335877862595419
1369,1779652931.38937,0.100341796875,0.98193359375,-0.287841796875,-3.519083969465649,0.0916030534351145,-2.1755725190839694,-0.948486328125,0.138427734375,-0.1337890625,-0.24427480916030533,-1.549618320610687,0.5038167938931297
1370,1779652931.4015646,0.095458984375,0.973876953125,-0.290771484375,-3.6412213740458017,-0.16793893129770993,-2.2290076335877864,-0.967529296875,0.1396484375,-0.13037109375,-0.17557251908396945,-1.534351145038168,0.7404580152671756
1371,1779652931.4136488,0.0947265625,0.974609375,-0.2861328125,-3.633587786259542,0.07633587786259542,-2.2748091603053435,-0.9609375,0.12890625,-0.146484375,-0.0916030534351145,-1.4045801526717556,0.6870229007633588
1372,1779652931.4256132,0.095703125,0.9775390625,-0.28564453125,-3.49618320610687,0.04580152671755725,-2.213740458015267,-0.957275390625,0.13916015625,-0.1328125,-0.2824427480916031,-1.4961832061068703,0.6106870229007634
1373,1779652931.4375756,0.09716796875,0.971923828125,-0.2890625,-3.595419847328244,0.03816793893129771,-2.351145038167939,-0.9482421875,0.135009765625,-0.13671875,-0.3053435114503817,-1.465648854961832,0.5801526717557252
1374,1779652931.4495184,0.095703125,0.97802734375,-0.2939453125,-3.3893129770992365,0.20610687022900764,-2.3893129770992365,-0.952392578125,0.13330078125,-0.135009765625,-0.3969465648854962,-1.2748091603053435,0.5877862595419847
1375,1779652931.4614904,0.081298828125,0.9765625,-0.296875,-3.7557251908396947,0.030534351145038167,-2.2519083969465647,-0.941162109375,0.130859375,-0.138671875,-0.3893129770992366,-1.450381679389313,0.6335877862595419
1376,1779652931.474154,0.09326171875,0.971923828125,-0.287353515625,-3.5877862595419847,0.1297709923664122,-2.183206106870229,-0.964599609375,0.134033203125,-0.130859375,-0.1984732824427481,-1.381679389312977,0.5954198473282443
1377,1779652931.4861794,0.09326171875,0.9736328125,-0.290283203125,-3.5877862595419847,0.1984732824427481,-2.4122137404580153,-0.957275390625,0.142578125,-0.14306640625,-0.33587786259541985,-1.282442748091603,0.6412213740458015
1378,1779652931.4981432,0.09912109375,0.971435546875,-0.293212890625,-3.4732824427480917,1.9465648854961832,-2.3893129770992365,-0.959228515625,0.135498046875,-0.13916015625,-0.17557251908396945,-1.4351145038167938,0.6106870229007634
1379,1779652931.5101118,0.099609375,0.980712890625,-0.287353515625,-3.7404580152671754,1.9465648854961832,-2.2442748091603053,-0.951904296875,0.136962890625,-0.1298828125,-0.3511450381679389,-1.183206106870229,0.45038167938931295
1380,1779652931.5221002,0.08154296875,0.97265625,-0.28369140625,-3.366412213740458,0.08396946564885496,-2.2061068702290076,-0.9541015625,0.1337890625,-0.14404296875,-0.16793893129770993,-1.2671755725190839,0.6870229007633588
1381,1779652931.534091,0.095703125,0.976318359375,-0.285888671875,-3.6412213740458017,0.1297709923664122,-2.3435114503816794,-0.96044921875,0.1357421875,-0.14208984375,-0.2824427480916031,-1.3587786259541985,0.5801526717557252
1382,1779652931.5460775,0.103271484375,0.97265625,-0.29150390625,-3.7557251908396947,0.13740458015267176,-2.3587786259541983,-0.955322265625,0.134765625,-0.12939453125,-0.29770992366412213,-1.2290076335877862,0.5877862595419847
1383,1779652931.5580828,0.093017578125,0.97119140625,-0.289794921875,-3.2900763358778624,0.03816793893129771,-2.312977099236641,-0.95458984375,0.154541015625,-0.13720703125,-0.2595419847328244,-1.2366412213740459,0.5725190839694656
1384,1779652931.5700767,0.0966796875,0.97509765625,-0.28759765625,-3.6412213740458017,0.11450381679389313,-2.2977099236641223,-0.938720703125,0.1357421875,-0.134765625,-0.1984732824427481,-1.381679389312977,0.6183206106870229
1385,1779652931.58209,0.101318359375,0.975341796875,-0.296142578125,-3.7480916030534353,0.1297709923664122,-2.2977099236641223,-0.956298828125,0.139404296875,-0.134765625,-0.2748091603053435,-1.4122137404580153,0.4732824427480916
1386,1779652931.5945559,0.1083984375,0.975341796875,-0.29345703125,-3.6106870229007635,-1.900763358778626,-2.2290076335877864,-0.95458984375,0.136962890625,-0.140380859375,-0.32061068702290074,-1.366412213740458,0.5801526717557252
1387,1779652931.6065931,0.096923828125,0.969970703125,-0.285888671875,-3.4656488549618323,0.12213740458015267,-2.2519083969465647,-0.95703125,0.137451171875,-0.118408203125,-0.32061068702290074,-1.381679389312977,0.5725190839694656
1388,1779652931.6185994,0.091064453125,0.97998046875,-0.282958984375,-3.6946564885496183,1.9465648854961832,-2.1908396946564888,-0.947998046875,0.137939453125,-0.136962890625,-0.183206106870229,-1.3893129770992367,0.5419847328244275
1389,1779652931.6305795,0.0908203125,0.9736328125,-0.28369140625,-3.4732824427480917,0.04580152671755725,-2.1908396946564888,-0.953369140625,0.1416015625,-0.126708984375,-0.35877862595419846,-1.381679389312977,0.7480916030534351
1390,1779652931.6425643,0.093994140625,0.9794921875,-0.28466796875,-3.618320610687023,0.1297709923664122,-2.198473282442748,-0.9501953125,0.135009765625,-0.145263671875,-0.42748091603053434,-1.3969465648854962,0.6564885496183206
1391,1779652931.6546688,0.0947265625,0.98046875,-0.288330078125,-3.7557251908396947,0.16030534351145037,-2.16793893129771,-0.94873046875,0.14501953125,-0.12744140625,-0.25190839694656486,-1.3587786259541985,0.5954198473282443
1392,1779652931.6668694,0.106689453125,0.97314453125,-0.287353515625,-3.66412213740458,0.015267175572519083,-2.2748091603053435,-0.961669921875,0.135009765625,-0.13134765625,-0.29770992366412213,-1.4351145038167938,0.6412213740458015
1393,1779652931.6788807,0.09033203125,0.971435546875,-0.27783203125,-3.5419847328244276,1.8778625954198473,-2.2290076335877864,-0.959228515625,0.138671875,-0.138916015625,-0.22900763358778625,-1.3129770992366412,0.3893129770992366
1394,1779652931.6908045,0.09326171875,0.973388671875,-0.282470703125,-3.4580152671755724,0.12213740458015267,-2.236641221374046,-0.9501953125,0.13525390625,-0.137451171875,-0.25190839694656486,-1.4122137404580153,0.5725190839694656
1395,1779652931.7027738,0.097900390625,0.974853515625,-0.290283203125,-3.618320610687023,0.030534351145038167,-2.4122137404580153,-0.957275390625,0.1376953125,-0.133544921875,-0.21374045801526717,-1.3893129770992367,0.5267175572519084
1396,1779652931.714724,0.096923828125,0.97705078125,-0.286865234375,-3.5267175572519083,0.11450381679389313,-2.267175572519084,-0.95361328125,0.1357421875,-0.136474609375,-0.2748091603053435,-1.5801526717557253,0.5954198473282443
1397,1779652931.726658,0.098876953125,0.9775390625,-0.2919921875,-3.435114503816794,1.9236641221374047,-2.1755725190839694,-0.951416015625,0.1376953125,-0.13330078125,-0.35877862595419846,-1.4045801526717556,0.6641221374045801
1398,1779652931.738657,0.093505859375,0.976318359375,-0.287109375,-3.5419847328244276,-1.9389312977099236,-2.3435114503816794,-0.953369140625,0.13720703125,-0.138671875,-0.2595419847328244,-1.3587786259541985,0.648854961832061
1399,1779652931.7506452,0.0908203125,0.97607421875,-0.287109375,-3.49618320610687,0.022900763358778626,-2.198473282442748,-0.9609375,0.138916015625,-0.154541015625,-0.3053435114503817,-1.549618320610687,0.6793893129770993
1400,1779652931.7626045,0.093505859375,0.973876953125,-0.28564453125,-3.5114503816793894,-0.11450381679389313,-2.312977099236641,-0.943115234375,0.129638671875,-0.131591796875,-0.2824427480916031,-1.4122137404580153,0.5648854961832062
1401,1779652931.7746894,0.07861328125,0.983154296875,-0.285400390625,-3.4885496183206106,0.11450381679389313,-2.1755725190839694,-0.948974609375,0.13525390625,-0.1494140625,-0.3435114503816794,-1.3282442748091603,0.6870229007633588
1402,1779652931.786787,0.09521484375,0.98046875,-0.27001953125,-3.549618320610687,-1.8931297709923665,-2.2900763358778624,-0.957763671875,0.136962890625,-0.137451171875,-0.2748091603053435,-1.4580152671755726,0.48854961832061067
1403,1779652931.7987287,0.095947265625,0.9853515625,-0.28369140625,-3.5419847328244276,0.06870229007633588,-2.3969465648854964,-0.94970703125,0.134765625,-0.140625,-0.31297709923664124,-1.5419847328244274,0.6717557251908397
1404,1779652931.810672,0.09912109375,0.97705078125,-0.290771484375,-3.5343511450381677,0.007633587786259542,-2.3893129770992365,-0.95458984375,0.1337890625,-0.133544921875,-0.19083969465648856,-1.4809160305343512,0.6564885496183206
1405,1779652931.822637,0.091552734375,0.970947265625,-0.29345703125,-3.5114503816793894,0.1297709923664122,-2.4427480916030535,-0.9541015625,0.133544921875,-0.1337890625,-0.44274809160305345,-1.3969465648854962,0.5267175572519084
1406,1779652931.8348572,0.1064453125,0.980224609375,-0.298583984375,-3.5419847328244276,0.1450381679389313,-2.435114503816794,-0.955078125,0.13916015625,-0.13427734375,-0.22137404580152673,-1.465648854961832,0.4198473282442748
1407,1779652931.8468764,0.098388671875,0.976318359375,-0.292236328125,-3.5801526717557253,0.03816793893129771,-2.2290076335877864,-0.96533203125,0.1552734375,-0.155029296875,-0.25190839694656486,-1.381679389312977,0.6335877862595419
1408,1779652931.8588254,0.10791015625,0.974365234375,-0.293701171875,-3.6412213740458017,0.06870229007633588,-2.404580152671756,-0.963623046875,0.13623046875,-0.1337890625,-0.2900763358778626,-1.2900763358778626,0.8549618320610687
1409,1779652931.87077,0.09912109375,0.9765625,-0.29638671875,-3.6946564885496183,0.17557251908396945,-2.351145038167939,-0.94921875,0.140625,-0.14013671875,-0.183206106870229,-1.4274809160305344,0.6106870229007634
1410,1779652931.8827174,0.1064453125,0.9765625,-0.288330078125,-3.572519083969466,-0.08396946564885496,-2.4122137404580153,-0.949462890625,0.13720703125,-0.13232421875,-0.24427480916030533,-1.3587786259541985,0.6259541984732825
1411,1779652931.8946824,0.09033203125,0.9775390625,-0.281982421875,-3.6717557251908395,0.04580152671755725,-2.351145038167939,-0.94921875,0.14013671875,-0.135986328125,-0.24427480916030533,-1.2442748091603053,0.5648854961832062
1412,1779652931.9066534,0.100341796875,0.97509765625,-0.27099609375,-3.6412213740458017,-0.061068702290076333,-2.2595419847328246,-0.9609375,0.13623046875,-0.14013671875,-0.2824427480916031,-1.3206106870229009,0.5038167938931297
1413,1779652931.9186182,0.095458984375,0.97802734375,-0.285888671875,-3.5343511450381677,-0.061068702290076333,-2.435114503816794,-0.96142578125,0.138427734375,-0.139404296875,-0.2366412213740458,-1.366412213740458,0.6412213740458015
1414,1779652931.9306204,0.095703125,0.97900390625,-0.297607421875,-3.595419847328244,0.04580152671755725,-2.2061068702290076,-0.956787109375,0.134765625,-0.13623046875,-0.37404580152671757,-1.3893129770992367,0.6793893129770993
1415,1779652931.9425948,0.0986328125,0.97607421875,-0.286376953125,-3.4885496183206106,-0.04580152671755725,-2.0839694656488548,-0.956298828125,0.13818359375,-0.138671875,-0.2366412213740458,-1.2213740458015268,0.7251908396946565
1416,1779652931.9545665,0.093994140625,0.976318359375,-0.282958984375,-3.5572519083969465,0.183206106870229,-2.2900763358778624,-0.96044921875,0.136962890625,-0.13623046875,-0.2748091603053435,-1.5419847328244274,0.6030534351145038
1417,1779652931.9665198,0.09912109375,0.973388671875,-0.280517578125,-3.66412213740458,0.08396946564885496,-2.3587786259541983,-0.954345703125,0.13525390625,-0.1328125,-0.2900763358778626,-1.3358778625954197,0.6335877862595419
1418,1779652931.9784875,0.0908203125,0.979248046875,-0.290283203125,-3.450381679389313,0.15267175572519084,-2.2519083969465647,-0.961669921875,0.1396484375,-0.13427734375,-0.16793893129770993,-1.6030534351145038,0.35877862595419846
1419,1779652931.9904933,0.0947265625,0.978271484375,-0.285400390625,-3.7099236641221376,-0.07633587786259542,-2.2519083969465647,-0.953125,0.136474609375,-0.130859375,-0.33587786259541985,-1.4122137404580153,0.6641221374045801
1420,1779652932.0024776,0.09423828125,0.97119140625,-0.288818359375,-3.6030534351145036,0.05343511450381679,-2.427480916030534,-0.952392578125,0.13134765625,-0.140625,-0.3053435114503817,-1.1908396946564885,0.7022900763358778
1421,1779652932.0144897,0.09619140625,0.970947265625,-0.284423828125,-3.4885496183206106,0.015267175572519083,-2.366412213740458,-0.9462890625,0.1533203125,-0.128173828125,-0.25190839694656486,-1.2366412213740459,0.6412213740458015
1422,1779652932.0264852,0.079345703125,0.9736328125,-0.28759765625,-3.5343511450381677,0.10687022900763359,-2.366412213740458,-0.959716796875,0.156005859375,-0.12646484375,-0.2824427480916031,-1.2213740458015268,0.5725190839694656
1423,1779652932.0384717,0.089111328125,0.97705078125,-0.291259765625,-3.717557251908397,0.2366412213740458,-2.2213740458015265,-0.9638671875,0.13037109375,-0.12744140625,-0.20610687022900764,-1.297709923664122,0.5648854961832062
1424,1779652932.0504947,0.0927734375,0.97412109375,-0.288818359375,-3.4580152671755724,-0.1297709923664122,-2.213740458015267,-0.951171875,0.1337890625,-0.127197265625,-0.22900763358778625,-1.2748091603053435,0.6106870229007634
1425,1779652932.0625017,0.094970703125,0.9794921875,-0.28564453125,-3.564885496183206,0.07633587786259542,-2.1603053435114505,-0.952880859375,0.132568359375,-0.123291015625,-0.26717557251908397,-1.282442748091603,0.6259541984732825
1426,1779652932.0744932,0.09423828125,0.978759765625,-0.291259765625,-3.6717557251908395,0.20610687022900764,-2.122137404580153,-0.95361328125,0.1376953125,-0.138671875,-0.12213740458015267,-1.450381679389313,0.48854961832061067
1427,1779652932.0865026,0.0888671875,0.97998046875,-0.28955078125,-3.633587786259542,-1.9236641221374047,-2.236641221374046,-0.954833984375,0.140869140625,-0.14013671875,-0.22137404580152673,-1.2595419847328244,0.5877862595419847
1428,1779652932.0985029,0.098388671875,0.96875,-0.271484375,-3.648854961832061,-0.06870229007633588,-2.145038167938931,-0.968505859375,0.140380859375,-0.130126953125,-0.15267175572519084,-1.3511450381679388,0.6259541984732825
1429,1779652932.1105075,0.09716796875,0.971923828125,-0.289794921875,-3.450381679389313,0.12213740458015267,-2.2900763358778624,-0.946044921875,0.132080078125,-0.13525390625,-0.2366412213740458,-1.534351145038168,0.4351145038167939
1430,1779652932.122524,0.093505859375,0.97509765625,-0.286376953125,-3.6259541984732824,0.05343511450381679,-2.1526717557251906,-0.950927734375,0.13818359375,-0.138671875,-0.24427480916030533,-1.183206106870229,0.7633587786259542
1431,1779652932.1345139,0.08837890625,0.978759765625,-0.289794921875,-3.5419847328244276,0.20610687022900764,-2.2290076335877864,-0.95166015625,0.13525390625,-0.13427734375,-0.2748091603053435,-1.3358778625954197,0.5038167938931297
1432,1779652932.146526,0.09521484375,0.97998046875,-0.291015625,-3.6259541984732824,0.05343511450381679,-2.2213740458015265,-0.953369140625,0.135986328125,-0.139892578125,-0.2748091603053435,-1.3893129770992367,0.6106870229007634
1433,1779652932.1585293,0.09619140625,0.973388671875,-0.28466796875,-3.3587786259541983,0.03816793893129771,-2.404580152671756,-0.955322265625,0.1396484375,-0.137939453125,-0.3816793893129771,-1.4427480916030535,0.5725190839694656
1434,1779652932.170521,0.093994140625,0.968994140625,-0.281494140625,-3.6259541984732824,-0.05343511450381679,-2.2900763358778624,-0.951171875,0.140869140625,-0.1279296875,-0.35877862595419846,-1.2595419847328244,0.5572519083969466
1435,1779652932.1825914,0.09326171875,0.98046875,-0.2900390625,-3.4732824427480917,-1.9389312977099236,-2.3893129770992365,-0.950927734375,0.13916015625,-0.126708984375,-0.32061068702290074,-1.465648854961832,0.6564885496183206
1436,1779652932.1945796,0.107421875,0.975341796875,-0.28564453125,-3.595419847328244,0.06870229007633588,-2.3435114503816794,-0.9580078125,0.128662109375,-0.131103515625,-0.20610687022900764,-1.2442748091603053,0.5877862595419847
1437,1779652932.206564,0.09765625,0.97705078125,-0.284423828125,-3.5877862595419847,-0.0916030534351145,-2.2595419847328246,-0.95654296875,0.13671875,-0.130615234375,-0.16030534351145037,-1.3511450381679388,0.5114503816793893
1438,1779652932.218467,0.090576171875,0.973388671875,-0.292236328125,-3.6030534351145036,0.06870229007633588,-2.33587786259542,-0.953857421875,0.139892578125,-0.129638671875,-0.3893129770992366,-1.366412213740458,0.5267175572519084
1439,1779652932.2305067,0.09130859375,0.981201171875,-0.2890625,-3.7480916030534353,0.12213740458015267,-2.33587786259542,-0.95654296875,0.135009765625,-0.13134765625,-0.19083969465648856,-1.3893129770992367,0.5801526717557252
1440,1779652932.2425551,0.0908203125,0.973876953125,-0.28955078125,-3.6564885496183206,0.22900763358778625,-2.4122137404580153,-0.94775390625,0.137451171875,-0.1298828125,-0.33587786259541985,-1.4198473282442747,0.4732824427480916
1441,1779652932.254516,0.09716796875,0.974365234375,-0.289794921875,-3.4885496183206106,0.07633587786259542,-2.381679389312977,-0.960693359375,0.137451171875,-0.127685546875,-0.2824427480916031,-1.3740458015267176,0.6335877862595419
1442,1779652932.2667246,0.095703125,0.972900390625,-0.28662109375,-3.450381679389313,0.06870229007633588,-2.3587786259541983,-0.948974609375,0.13623046875,-0.132080078125,-0.2900763358778626,-1.3206106870229009,0.6030534351145038
1443,1779652932.278727,0.108154296875,0.9619140625,-0.2841796875,-3.633587786259542,0.19083969465648856,-2.1908396946564888,-0.9384765625,0.1376953125,-0.138671875,-0.32061068702290074,-1.4274809160305344,0.8396946564885496
1444,1779652932.2907412,0.098388671875,0.975341796875,-0.292236328125,-3.5419847328244276,0.19083969465648856,-2.50381679389313,-0.95458984375,0.139404296875,-0.13134765625,-0.3893129770992366,-1.4427480916030535,0.6793893129770993
1445,1779652932.3027189,0.09423828125,0.97900390625,-0.2900390625,-3.572519083969466,0.22900763358778625,-2.2213740458015265,-0.96044921875,0.13232421875,-0.135498046875,-0.3816793893129771,-1.1755725190839694,0.6412213740458015
1446,1779652932.3146818,0.10546875,0.97607421875,-0.285400390625,-3.5877862595419847,-1.900763358778626,-2.267175572519084,-0.95947265625,0.1376953125,-0.1298828125,-0.2900763358778626,-1.2366412213740459,0.7633587786259542
1447,1779652932.326631,0.106689453125,0.97998046875,-0.290771484375,-3.519083969465649,0.12213740458015267,-2.282442748091603,-0.951904296875,0.13671875,-0.143310546875,-0.22900763358778625,-1.381679389312977,0.4961832061068702
1448,1779652932.3385997,0.0927734375,0.972900390625,-0.272216796875,-3.6412213740458017,0.061068702290076333,-2.3206106870229006,-0.956787109375,0.139892578125,-0.136474609375,-0.2824427480916031,-1.1908396946564885,0.7175572519083969
1449,1779652932.350595,0.09912109375,0.974609375,-0.283447265625,-3.8244274809160306,0.09923664122137404,-2.3435114503816794,-0.94580078125,0.1357421875,-0.125244140625,-0.3893129770992366,-1.4198473282442747,0.5572519083969466
1450,1779652932.362592,0.09423828125,0.969482421875,-0.288330078125,-3.519083969465649,0.022900763358778626,-2.267175572519084,-0.943603515625,0.1396484375,-0.135009765625,-0.22137404580152673,-1.2748091603053435,0.6564885496183206
1451,1779652932.3745775,0.09912109375,0.975341796875,-0.288330078125,-3.427480916030534,0.061068702290076333,-2.3053435114503817,-0.959716796875,0.13916015625,-0.12646484375,-0.2900763358778626,-1.3969465648854962,0.5343511450381679
1452,1779652932.3865814,0.099853515625,0.98193359375,-0.282958984375,-3.7022900763358777,0.1297709923664122,-2.2213740458015265,-0.9599609375,0.137939453125,-0.13232421875,-0.3511450381679389,-1.213740458015267,0.5877862595419847
1453,1779652932.3985815,0.082275390625,0.97216796875,-0.28466796875,-3.6030534351145036,-0.03816793893129771,-2.1068702290076335,-0.957275390625,0.12548828125,-0.13330078125,-0.22900763358778625,-1.3969465648854962,0.6793893129770993
1454,1779652932.4105802,0.0986328125,0.97802734375,-0.26708984375,-3.7938931297709924,-0.030534351145038167,-2.1374045801526718,-0.951904296875,0.136962890625,-0.13134765625,-0.2824427480916031,-1.4351145038167938,0.5572519083969466
1455,1779652932.4225254,0.0986328125,0.97607421875,-0.289794921875,-3.572519083969466,0.10687022900763359,-2.3893129770992365,-0.948486328125,0.142333984375,-0.13037109375,-0.3511450381679389,-1.3435114503816794,0.5801526717557252
1456,1779652932.4345236,0.09814453125,0.9775390625,-0.28369140625,-3.519083969465649,1.8625954198473282,-2.114503816793893,-0.959716796875,0.132080078125,-0.1357421875,-0.32061068702290074,-1.2366412213740459,0.5877862595419847
1457,1779652932.4465597,0.101806640625,0.975830078125,-0.2861328125,-3.4732824427480917,0.007633587786259542,-2.198473282442748,-0.95361328125,0.135986328125,-0.139404296875,-0.15267175572519084,-1.282442748091603,0.5801526717557252
1458,1779652932.4585223,0.0927734375,0.976318359375,-0.287841796875,-3.549618320610687,-0.10687022900763359,-2.3206106870229006,-0.962890625,0.12548828125,-0.118408203125,-0.2824427480916031,-1.4122137404580153,0.732824427480916
1459,1779652932.4704921,0.091552734375,0.978759765625,-0.287109375,-3.519083969465649,-1.916030534351145,-2.236641221374046,-0.958984375,0.135986328125,-0.143798828125,-0.16793893129770993,-1.3206106870229009,0.5190839694656488
1460,1779652932.4825094,0.09033203125,0.9736328125,-0.283203125,-3.6106870229007635,0.22900763358778625,-2.2442748091603053,-0.9560546875,0.135498046875,-0.135986328125,-0.20610687022900764,-1.4809160305343512,0.7022900763358778
1461,1779652932.4945178,0.09033203125,0.979248046875,-0.28857421875,-3.435114503816794,0.1450381679389313,-2.183206106870229,-0.951904296875,0.138427734375,-0.12939453125,-0.2366412213740458,-1.297709923664122,0.6641221374045801
1462,1779652932.5065165,0.0986328125,0.980712890625,-0.28759765625,-3.6793893129770994,0.13740458015267176,-2.381679389312977,-0.95556640625,0.134033203125,-0.126220703125,-0.17557251908396945,-1.3969465648854962,0.5419847328244275
1463,1779652932.5185177,0.095947265625,0.97509765625,-0.289794921875,-3.687022900763359,0.0916030534351145,-2.3969465648854964,-0.956787109375,0.130859375,-0.128173828125,-0.17557251908396945,-1.4198473282442747,0.6564885496183206
1464,1779652932.5305092,0.082275390625,0.972900390625,-0.294189453125,-3.6106870229007635,0.13740458015267176,-2.3435114503816794,-0.9609375,0.1318359375,-0.135009765625,-0.22900763358778625,-1.3969465648854962,0.6106870229007634
1465,1779652932.5425134,0.09912109375,0.970458984375,-0.291748046875,-3.5877862595419847,0.0,-2.183206106870229,-0.951171875,0.1318359375,-0.1328125,-0.2900763358778626,-1.4274809160305344,0.5801526717557252
1466,1779652932.554496,0.09521484375,0.978271484375,-0.283935546875,-3.5267175572519083,-0.0916030534351145,-2.282442748091603,-0.958984375,0.135986328125,-0.133544921875,-0.32061068702290074,-1.366412213740458,0.549618320610687
1467,1779652932.56649,0.086669921875,0.97412109375,-0.286376953125,-3.5343511450381677,1.9465648854961832,-2.3282442748091605,-0.956298828125,0.13720703125,-0.133056640625,-0.26717557251908397,-1.3893129770992367,0.6030534351145038
1468,1779652932.5784953,0.095703125,0.97705078125,-0.280517578125,-3.6030534351145036,0.05343511450381679,-2.312977099236641,-0.947509765625,0.138427734375,-0.137451171875,-0.35877862595419846,-1.4045801526717556,0.48091603053435117
1469,1779652932.5909338,0.09619140625,0.976806640625,-0.28515625,-3.5572519083969465,0.13740458015267176,-2.404580152671756,-0.947998046875,0.129638671875,-0.142822265625,-0.26717557251908397,-1.3053435114503817,0.7786259541984732
1470,1779652932.6030579,0.108154296875,0.977783203125,-0.292236328125,-3.5801526717557253,0.20610687022900764,-2.2748091603053435,-0.960693359375,0.1357421875,-0.126708984375,-0.2900763358778626,-1.1908396946564885,0.4580152671755725
1471,1779652932.6150153,0.100830078125,0.979248046875,-0.29052734375,-3.595419847328244,0.030534351145038167,-2.2595419847328246,-0.959228515625,0.138427734375,-0.13427734375,-0.2366412213740458,-1.3893129770992367,0.6183206106870229
1472,1779652932.6270537,0.096923828125,0.9736328125,-0.284423828125,-3.5877862595419847,-1.916030534351145,-2.2061068702290076,-0.95263671875,0.134521484375,-0.124755859375,-0.2824427480916031,-1.5572519083969465,0.7786259541984732
1473,1779652932.6390746,0.089111328125,0.97265625,-0.285888671875,-3.7709923664122136,0.061068702290076333,-2.3435114503816794,-0.941650390625,0.1298828125,-0.139892578125,-0.2595419847328244,-1.4351145038167938,0.5572519083969466
1474,1779652932.651101,0.099609375,0.977783203125,-0.2900390625,-3.4427480916030535,0.26717557251908397,-2.427480916030534,-0.945556640625,0.140380859375,-0.138427734375,-0.16030534351145037,-1.2671755725190839,0.6259541984732825
1475,1779652932.6630886,0.09423828125,0.976318359375,-0.27978515625,-3.5572519083969465,0.09923664122137404,-2.213740458015267,-0.938232421875,0.13623046875,-0.135986328125,-0.32061068702290074,-1.282442748091603,0.6717557251908397
1476,1779652932.675089,0.078857421875,0.982666015625,-0.286865234375,-3.595419847328244,0.1297709923664122,-2.198473282442748,-0.94775390625,0.13916015625,-0.1416015625,-0.1450381679389313,-1.2671755725190839,0.5267175572519084
1477,1779652932.6870892,0.09814453125,0.98046875,-0.29296875,-3.50381679389313,-1.9083969465648856,-2.312977099236641,-0.952392578125,0.13623046875,-0.130859375,-0.3511450381679389,-1.3893129770992367,0.5190839694656488
1478,1779652932.6992807,0.0908203125,0.96875,-0.28173828125,-3.6717557251908395,0.17557251908396945,-2.4656488549618323,-0.960693359375,0.1376953125,-0.132568359375,-0.26717557251908397,-1.381679389312977,0.6564885496183206
1479,1779652932.711243,0.09375,0.97216796875,-0.2861328125,-3.618320610687023,0.07633587786259542,-2.404580152671756,-0.9619140625,0.12548828125,-0.150634765625,-0.2900763358778626,-1.4122137404580153,0.5877862595419847
1480,1779652932.7231905,0.0966796875,0.9814453125,-0.282470703125,-3.549618320610687,0.04580152671755725,-2.1526717557251906,-0.955322265625,0.138427734375,-0.133056640625,-0.2595419847328244,-1.534351145038168,0.6335877862595419
1481,1779652932.735156,0.100341796875,0.9755859375,-0.28662109375,-3.7022900763358777,0.0916030534351145,-2.16793893129771,-0.947509765625,0.1357421875,-0.13916015625,-0.2824427480916031,-1.4045801526717556,0.5954198473282443
1482,1779652932.7471213,0.096435546875,0.9775390625,-0.2900390625,-3.6106870229007635,-0.05343511450381679,-2.3435114503816794,-0.9619140625,0.13427734375,-0.132568359375,-0.3053435114503817,-1.3587786259541985,0.6946564885496184
1483,1779652932.7590957,0.098876953125,0.974853515625,-0.28125,-3.6259541984732824,-0.08396946564885496,-2.351145038167939,-0.953857421875,0.13720703125,-0.140869140625,-0.3053435114503817,-1.366412213740458,0.5038167938931297
1484,1779652932.7710917,0.09521484375,0.97802734375,-0.283935546875,-3.49618320610687,0.08396946564885496,-2.2595419847328246,-0.963134765625,0.13720703125,-0.14111328125,-0.15267175572519084,-1.3206106870229009,0.549618320610687
1485,1779652932.7831137,0.099365234375,0.9697265625,-0.2900390625,-3.6030534351145036,0.0916030534351145,-2.4122137404580153,-0.948974609375,0.134521484375,-0.137939453125,-0.16793893129770993,-1.3893129770992367,0.6717557251908397
1486,1779652932.795091,0.107666015625,0.96875,-0.287353515625,-3.549618320610687,0.05343511450381679,-2.3435114503816794,-0.94287109375,0.133056640625,-0.134033203125,-0.3053435114503817,-1.4732824427480915,0.5343511450381679
1487,1779652932.8070984,0.10888671875,0.970703125,-0.28564453125,-3.450381679389313,0.0916030534351145,-2.1908396946564888,-0.9462890625,0.138427734375,-0.150390625,-0.33587786259541985,-1.2671755725190839,0.6717557251908397
1488,1779652932.8190641,0.093017578125,0.9765625,-0.276611328125,-3.5572519083969465,0.04580152671755725,-2.2748091603053435,-0.964111328125,0.154052734375,-0.12841796875,-0.16793893129770993,-1.465648854961832,0.6106870229007634
1489,1779652932.8310096,0.1015625,0.98095703125,-0.277587890625,-3.6412213740458017,-0.05343511450381679,-2.1068702290076335,-0.943603515625,0.135009765625,-0.13818359375,-0.2824427480916031,-1.2671755725190839,0.5725190839694656
1490,1779652932.8429835,0.10302734375,0.972900390625,-0.28857421875,-3.7557251908396947,0.17557251908396945,-2.435114503816794,-0.943359375,0.13720703125,-0.128662109375,-0.25190839694656486,-1.3129770992366412,0.5725190839694656
1491,1779652932.8549783,0.0927734375,0.976806640625,-0.28759765625,-3.519083969465649,0.20610687022900764,-2.312977099236641,-0.95361328125,0.14111328125,-0.13330078125,-0.2824427480916031,-1.3969465648854962,0.5877862595419847
1492,1779652932.8669791,0.100830078125,0.972900390625,-0.285888671875,-3.5801526717557253,0.061068702290076333,-2.198473282442748,-0.953125,0.14306640625,-0.134033203125,-0.3893129770992366,-1.4351145038167938,0.46564885496183206
1493,1779652932.8789663,0.096435546875,0.975830078125,-0.287109375,-3.49618320610687,0.0916030534351145,-2.3969465648854964,-0.945068359375,0.1396484375,-0.133056640625,-0.2900763358778626,-1.3206106870229009,0.6335877862595419
1494,1779652932.890999,0.108642578125,0.977783203125,-0.292236328125,-3.633587786259542,0.1297709923664122,-2.4580152671755724,-0.954345703125,0.134765625,-0.1337890625,-0.2366412213740458,-1.2671755725190839,0.648854961832061
1495,1779652932.9029613,0.08056640625,0.9765625,-0.28564453125,-3.633587786259542,-0.08396946564885496,-2.3435114503816794,-0.955810546875,0.1298828125,-0.135498046875,-0.4198473282442748,-1.6106870229007633,0.6106870229007634
1496,1779652932.914967,0.093017578125,0.978515625,-0.287109375,-3.6793893129770994,0.030534351145038167,-2.404580152671756,-0.96044921875,0.126220703125,-0.126708984375,-0.26717557251908397,-1.4961832061068703,0.6870229007633588
1497,1779652932.9269726,0.106201171875,0.970703125,-0.284423828125,-3.5419847328244276,-0.06870229007633588,-2.312977099236641,-0.959716796875,0.137939453125,-0.128173828125,-0.22137404580152673,-1.450381679389313,0.5343511450381679
1498,1779652932.938995,0.092041015625,0.9755859375,-0.28515625,-3.648854961832061,0.12213740458015267,-2.267175572519084,-0.964599609375,0.137451171875,-0.13818359375,-0.4198473282442748,-1.282442748091603,0.4961832061068702
1499,1779652932.9509835,0.09326171875,0.976318359375,-0.292724609375,-3.6106870229007635,0.022900763358778626,-2.2900763358778624,-0.955322265625,0.13525390625,-0.1279296875,-0.24427480916030533,-1.381679389312977,0.7480916030534351
1500,1779652932.9629452,0.0966796875,0.968994140625,-0.2978515625,-3.572519083969466,-0.20610687022900764,-2.3206106870229006,-0.950927734375,0.13623046875,-0.1376953125,-0.3969465648854962,-1.4122137404580153,0.6030534351145038
1501,1779652932.975097,0.10595703125,0.978271484375,-0.281005859375,-3.595419847328244,-1.9465648854961832,-2.33587786259542,-0.94970703125,0.13330078125,-0.137451171875,-0.20610687022900764,-1.366412213740458,0.7251908396946565
1502,1779652932.9871855,0.09521484375,0.954833984375,-0.28759765625,-3.648854961832061,0.3053435114503817,-2.2595419847328246,-0.94677734375,0.15234375,-0.13525390625,-0.22900763358778625,-1.2442748091603053,0.5877862595419847
1503,1779652932.9991364,0.096923828125,0.97265625,-0.294921875,-3.5572519083969465,-0.04580152671755725,-2.6946564885496183,-0.9677734375,0.13427734375,-0.1298828125,-0.37404580152671757,-1.3358778625954197,0.5572519083969466
1504,1779652933.0111144,0.08984375,0.974365234375,-0.294189453125,-3.66412213740458,-0.061068702290076333,-2.2748091603053435,-0.952392578125,0.13330078125,-0.138671875,-0.11450381679389313,-1.2671755725190839,0.6641221374045801
1505,1779652933.0230925,0.095458984375,0.976318359375,-0.2880859375,-3.50381679389313,0.05343511450381679,-2.2442748091603053,-0.955078125,0.133544921875,-0.1376953125,-0.3282442748091603,-1.4809160305343512,0.6106870229007634
1506,1779652933.0350885,0.099609375,0.98193359375,-0.28564453125,-3.519083969465649,0.22137404580152673,-2.4122137404580153,-0.952880859375,0.133544921875,-0.1455078125,-0.2900763358778626,-1.2671755725190839,0.6946564885496184
1507,1779652933.0470612,0.091064453125,0.971923828125,-0.290283203125,-3.7099236641221376,0.19083969465648856,-2.4732824427480917,-0.961181640625,0.13232421875,-0.134521484375,-0.3053435114503817,-1.3587786259541985,0.732824427480916
1508,1779652933.058991,0.09130859375,0.977294921875,-0.2880859375,-3.480916030534351,0.17557251908396945,-2.213740458015267,-0.95947265625,0.134765625,-0.137451171875,-0.31297709923664124,-1.4427480916030535,0.48091603053435117
1509,1779652933.0709736,0.093994140625,0.979736328125,-0.2861328125,-3.572519083969466,0.03816793893129771,-2.2748091603053435,-0.96240234375,0.136474609375,-0.138916015625,-0.29770992366412213,-1.3053435114503817,0.5114503816793893
1510,1779652933.082984,0.101806640625,0.979248046875,-0.287841796875,-3.5114503816793894,-0.17557251908396945,-2.3740458015267176,-0.96240234375,0.126220703125,-0.138671875,-0.33587786259541985,-1.366412213740458,0.5343511450381679
1511,1779652933.0950468,0.094970703125,0.977783203125,-0.2919921875,-3.618320610687023,0.04580152671755725,-2.1908396946564888,-0.9599609375,0.133544921875,-0.127197265625,-0.22900763358778625,-1.4122137404580153,0.5648854961832062
1512,1779652933.1069903,0.09375,0.9736328125,-0.285888671875,-3.7022900763358777,-0.015267175572519083,-2.3206106870229006,-0.95751953125,0.1328125,-0.133056640625,-0.19083969465648856,-1.5267175572519085,0.6870229007633588
1513,1779652933.1190538,0.08984375,0.977783203125,-0.2900390625,-3.6106870229007635,0.29770992366412213,-2.213740458015267,-0.95556640625,0.1396484375,-0.129638671875,-0.10687022900763359,-1.3358778625954197,0.6793893129770993
1514,1779652933.1312647,0.095947265625,0.974853515625,-0.292724609375,-3.5419847328244276,0.05343511450381679,-2.2290076335877864,-0.952880859375,0.13671875,-0.13232421875,-0.3511450381679389,-1.3435114503816794,0.6259541984732825
1515,1779652933.1432316,0.095458984375,0.977783203125,-0.2861328125,-3.5267175572519083,1.8854961832061068,-2.1908396946564888,-0.956787109375,0.133056640625,-0.138671875,-0.2748091603053435,-1.3893129770992367,0.5877862595419847
1516,1779652933.155212,0.09326171875,0.977783203125,-0.2890625,-3.6793893129770994,0.1297709923664122,-2.2977099236641223,-0.95751953125,0.13525390625,-0.130859375,-0.2900763358778626,-1.3435114503816794,0.6870229007633588
1517,1779652933.1671863,0.094970703125,0.979736328125,-0.293701171875,-3.786259541984733,-0.05343511450381679,-2.2213740458015265,-0.959228515625,0.144775390625,-0.131103515625,-0.25190839694656486,-1.465648854961832,0.5267175572519084
1518,1779652933.179154,0.09326171875,0.97802734375,-0.285888671875,-3.6412213740458017,0.16793893129770993,-2.351145038167939,-0.956298828125,0.132080078125,-0.126220703125,-0.19083969465648856,-1.4122137404580153,0.6641221374045801
1519,1779652933.1911576,0.10205078125,0.980712890625,-0.2880859375,-3.633587786259542,-0.030534351145038167,-2.2748091603053435,-0.949951171875,0.138916015625,-0.13232421875,-0.2900763358778626,-1.4580152671755726,0.5343511450381679
1520,1779652933.2031171,0.0927734375,0.97900390625,-0.282470703125,-3.7557251908396947,-0.022900763358778626,-2.267175572519084,-0.94873046875,0.13818359375,-0.13427734375,-0.24427480916030533,-1.282442748091603,0.6717557251908397
1521,1779652933.2150843,0.10888671875,0.971923828125,-0.290771484375,-3.549618320610687,0.11450381679389313,-2.2213740458015265,-0.945068359375,0.138427734375,-0.13916015625,-0.1450381679389313,-1.5038167938931297,0.7557251908396947
1522,1779652933.2270803,0.095703125,0.97412109375,-0.282470703125,-3.572519083969466,0.1450381679389313,-2.3893129770992365,-0.95849609375,0.12548828125,-0.139404296875,-0.29770992366412213,-1.297709923664122,0.8473282442748091
1523,1779652933.2390637,0.1064453125,0.9765625,-0.280029296875,-3.6564885496183206,0.07633587786259542,-2.4885496183206106,-0.94677734375,0.134033203125,-0.133056640625,-0.4351145038167939,-1.4961832061068703,0.6412213740458015
1524,1779652933.25104,0.09130859375,0.9736328125,-0.287109375,-3.549618320610687,0.16793893129770993,-2.2748091603053435,-0.96435546875,0.154296875,-0.1337890625,-0.1450381679389313,-1.4732824427480915,0.7175572519083969
1525,1779652933.2630067,0.093017578125,0.977294921875,-0.282470703125,-3.6106870229007635,0.10687022900763359,-2.0916030534351147,-0.94873046875,0.135009765625,-0.1376953125,-0.16793893129770993,-1.2595419847328244,0.4961832061068702
1526,1779652933.275001,0.094482421875,0.9716796875,-0.279296875,-3.450381679389313,0.030534351145038167,-2.3206106870229006,-0.96142578125,0.135009765625,-0.135009765625,-0.35877862595419846,-1.4427480916030535,0.5190839694656488
1527,1779652933.2870648,0.099609375,0.974853515625,-0.2890625,-3.6030534351145036,-0.08396946564885496,-2.3053435114503817,-0.95166015625,0.137451171875,-0.134033203125,-0.4732824427480916,-1.282442748091603,0.7175572519083969
1528,1779652933.2990606,0.09130859375,0.977294921875,-0.2939453125,-3.6412213740458017,0.13740458015267176,-2.2290076335877864,-0.954833984375,0.136962890625,-0.13134765625,-0.2900763358778626,-1.4427480916030535,0.6259541984732825
1529,1779652933.311063,0.0966796875,0.973388671875,-0.294189453125,-3.6793893129770994,0.061068702290076333,-2.404580152671756,-0.939208984375,0.134033203125,-0.15380859375,-0.3511450381679389,-1.3358778625954197,0.648854961832061
1530,1779652933.3230066,0.09228515625,0.979248046875,-0.291259765625,-3.4427480916030535,0.15267175572519084,-2.198473282442748,-0.955810546875,0.1533203125,-0.137451171875,-0.2748091603053435,-1.3511450381679388,0.5419847328244275
1531,1779652933.3350382,0.10009765625,0.97509765625,-0.287109375,-3.5267175572519083,0.022900763358778626,-2.5114503816793894,-0.956787109375,0.1357421875,-0.133544921875,-0.31297709923664124,-1.3511450381679388,0.46564885496183206
1532,1779652933.3470516,0.080078125,0.977294921875,-0.287841796875,-3.6564885496183206,0.022900763358778626,-2.2290076335877864,-0.95556640625,0.15478515625,-0.1357421875,-0.26717557251908397,-1.2900763358778626,0.549618320610687
1533,1779652933.359061,0.0947265625,0.978271484375,-0.28857421875,-3.50381679389313,0.06870229007633588,-2.2213740458015265,-0.96044921875,0.133056640625,-0.1337890625,-0.17557251908396945,-1.251908396946565,0.4732824427480916
1534,1779652933.3710506,0.09326171875,0.975341796875,-0.279052734375,-3.5267175572519083,0.183206106870229,-2.3893129770992365,-0.959716796875,0.13671875,-0.135986328125,-0.31297709923664124,-1.3511450381679388,0.7175572519083969
1535,1779652933.3830066,0.09130859375,0.98291015625,-0.284423828125,-3.648854961832061,0.0,-2.198473282442748,-0.947509765625,0.13525390625,-0.129638671875,-0.3282442748091603,-1.3740458015267176,0.45038167938931295
1536,1779652933.3950307,0.09716796875,0.978759765625,-0.2890625,-3.549618320610687,0.1450381679389313,-2.236641221374046,-0.959716796875,0.133544921875,-0.142578125,-0.20610687022900764,-1.2213740458015268,0.7251908396946565
1537,1779652933.406997,0.09619140625,0.977294921875,-0.28759765625,-3.4427480916030535,0.07633587786259542,-2.2061068702290076,-0.947998046875,0.132080078125,-0.135009765625,-0.25190839694656486,-1.465648854961832,0.4198473282442748
1538,1779652933.4190073,0.09619140625,0.994384765625,-0.29150390625,-3.648854961832061,-0.007633587786259542,-2.3893129770992365,-0.96826171875,0.14013671875,-0.135498046875,-0.31297709923664124,-1.4351145038167938,0.6946564885496184
1539,1779652933.4310474,0.09326171875,0.9716796875,-0.286376953125,-3.6946564885496183,0.12213740458015267,-2.282442748091603,-0.938720703125,0.13330078125,-0.1328125,-0.12213740458015267,-1.381679389312977,0.6106870229007634
1540,1779652933.4430397,0.108154296875,0.978271484375,-0.272216796875,-3.5801526717557253,0.16030534351145037,-2.3587786259541983,-0.947509765625,0.143798828125,-0.135986328125,-0.2595419847328244,-1.3740458015267176,0.6717557251908397
1541,1779652933.4550312,0.09765625,0.971923828125,-0.285400390625,-3.4656488549618323,0.05343511450381679,-2.2442748091603053,-0.957763671875,0.13623046875,-0.140625,-0.3511450381679389,-1.3053435114503817,0.5725190839694656
1542,1779652933.467004,0.09375,0.973876953125,-0.28466796875,-3.6412213740458017,-0.1450381679389313,-2.183206106870229,-0.949462890625,0.133056640625,-0.134765625,-0.20610687022900764,-1.3206106870229009,0.44274809160305345
1543,1779652933.4789999,0.102783203125,0.9765625,-0.28369140625,-3.66412213740458,0.030534351145038167,-2.2442748091603053,-0.960205078125,0.13671875,-0.130615234375,-0.22137404580152673,-1.366412213740458,0.5419847328244275
1544,1779652933.4910023,0.099609375,0.978271484375,-0.28369140625,-3.4885496183206106,0.04580152671755725,-2.1374045801526718,-0.953125,0.13916015625,-0.13427734375,-0.16793893129770993,-1.251908396946565,0.5267175572519084
1545,1779652933.5030313,0.09716796875,0.970947265625,-0.284912109375,-3.633587786259542,0.22900763358778625,-2.183206106870229,-0.958984375,0.13134765625,-0.139404296875,-0.3435114503816794,-1.4122137404580153,0.6106870229007634
1546,1779652933.51499,0.09033203125,0.97265625,-0.286865234375,-3.687022900763359,0.07633587786259542,-2.122137404580153,-0.948486328125,0.13916015625,-0.143310546875,-0.25190839694656486,-1.2748091603053435,0.48091603053435117
1547,1779652933.5269709,0.095703125,0.975830078125,-0.281005859375,-3.816793893129771,0.05343511450381679,-2.3740458015267176,-0.954833984375,0.14111328125,-0.131103515625,-0.2366412213740458,-1.4198473282442747,0.5648854961832062
1548,1779652933.5389798,0.107421875,0.9814453125,-0.2880859375,-3.5572519083969465,0.19083969465648856,-2.351145038167939,-0.955810546875,0.137451171875,-0.125732421875,-0.1450381679389313,-1.297709923664122,0.5801526717557252
1549,1779652933.5509536,0.109130859375,0.981201171875,-0.296630859375,-3.717557251908397,-0.09923664122137404,-2.2290076335877864,-0.95947265625,0.13671875,-0.13916015625,-0.19083969465648856,-1.4351145038167938,0.5572519083969466
1550,1779652933.5631235,0.09326171875,0.972900390625,-0.273193359375,-3.7786259541984735,-0.08396946564885496,-2.198473282442748,-0.939208984375,0.1513671875,-0.140625,-0.29770992366412213,-1.1755725190839694,0.5114503816793893
1551,1779652933.5751164,0.091064453125,0.9765625,-0.29296875,-3.564885496183206,-0.03816793893129771,-2.3587786259541983,-0.95947265625,0.138671875,-0.13818359375,-0.2900763358778626,-1.3129770992366412,0.48854961832061067
