sample,time,s1_ax,s1_ay,s1_az,s1_gx,s1_gy,s1_gz,s2_ax,s2_ay,s2_az,s2_gx,s2_gy,s2_gz
1,1779651731.7831795,0.036376953125,0.121826171875,0.892333984375,-3.6106870229007635,-0.11450381679389313,-2.16793893129771,-0.04345703125,0.107421875,1.015380859375,-0.3511450381679389,-1.4961832061068703,0.5419847328244275
2,1779651731.7945547,0.043212890625,0.118896484375,0.9033203125,-3.6259541984732824,-0.11450381679389313,-2.3587786259541983,-0.043701171875,0.09228515625,1.001708984375,-0.33587786259541985,-1.4809160305343512,0.5038167938931297
3,1779651731.805629,0.0400390625,0.119384765625,0.902099609375,-3.450381679389313,0.19083969465648856,-2.312977099236641,-0.04638671875,0.095458984375,1.005615234375,-0.25190839694656486,-1.3893129770992367,0.5419847328244275
4,1779651731.816682,0.035888671875,0.121826171875,0.904541015625,-3.4732824427480917,0.015267175572519083,-2.1603053435114505,-0.04345703125,0.095703125,0.99951171875,-0.29770992366412213,-1.4274809160305344,0.5954198473282443
5,1779651731.8277435,0.0400390625,0.120361328125,0.901123046875,-3.366412213740458,0.13740458015267176,-2.3969465648854964,-0.041015625,0.09765625,1.0068359375,-0.1297709923664122,-1.465648854961832,0.5877862595419847
6,1779651731.83886,0.0361328125,0.11181640625,0.900390625,-3.564885496183206,0.05343511450381679,-2.2290076335877864,-0.048095703125,0.079833984375,1.00146484375,-0.16030534351145037,-1.6030534351145038,0.5114503816793893
7,1779651731.8499439,0.034912109375,0.128173828125,0.89794921875,-3.6564885496183206,0.0916030534351145,-2.2977099236641223,-0.043212890625,0.097412109375,1.005126953125,-0.2748091603053435,-1.4580152671755726,0.648854961832061
8,1779651731.8610122,0.042236328125,0.121826171875,0.9091796875,-3.5572519083969465,0.030534351145038167,-2.198473282442748,-0.045166015625,0.090087890625,1.010498046875,-0.21374045801526717,-1.4885496183206106,0.5648854961832062
9,1779651731.8720574,0.04248046875,0.12060546875,0.89453125,-3.549618320610687,0.11450381679389313,-2.3282442748091605,-0.04931640625,0.092529296875,1.0048828125,-0.29770992366412213,-1.4961832061068703,0.5343511450381679
10,1779651731.8831367,0.034423828125,0.125,0.890869140625,-3.549618320610687,0.05343511450381679,-2.427480916030534,-0.032470703125,0.108642578125,1.007568359375,-0.22137404580152673,-1.5954198473282444,0.6183206106870229
11,1779651731.894213,0.042724609375,0.117919921875,0.90283203125,-3.3206106870229006,0.2366412213740458,-2.3206106870229006,-0.052001953125,0.09765625,1.007080078125,-0.19083969465648856,-1.4961832061068703,0.6335877862595419
12,1779651731.905253,0.037109375,0.117431640625,0.891357421875,-3.564885496183206,0.19083969465648856,-2.33587786259542,-0.0400390625,0.09814453125,0.989501953125,-0.42748091603053434,-1.6106870229007633,0.5419847328244275
13,1779651731.916308,0.041015625,0.1162109375,0.904052734375,-3.4732824427480917,0.12213740458015267,-2.053435114503817,-0.04345703125,0.09375,1.00439453125,-0.2824427480916031,-1.5114503816793894,0.5572519083969466
14,1779651731.9273856,0.040283203125,0.116943359375,0.891845703125,-3.4732824427480917,0.03816793893129771,-2.2900763358778624,-0.04296875,0.0986328125,1.003173828125,-0.24427480916030533,-1.3053435114503817,0.5572519083969466
15,1779651731.9384582,0.040283203125,0.119140625,0.905029296875,-3.5877862595419847,-0.11450381679389313,-2.267175572519084,-0.040771484375,0.08984375,1.01708984375,-0.19083969465648856,-1.4885496183206106,0.48091603053435117
16,1779651731.9495237,0.034912109375,0.1220703125,0.891845703125,-3.549618320610687,-0.08396946564885496,-2.1603053435114505,-0.03271484375,0.100341796875,1.003173828125,-0.26717557251908397,-1.4580152671755726,0.44274809160305345
17,1779651731.9605772,0.037841796875,0.11572265625,0.891357421875,-3.633587786259542,-0.07633587786259542,-2.16793893129771,-0.04638671875,0.079833984375,1.01025390625,-0.19083969465648856,-1.3740458015267176,0.6793893129770993
18,1779651731.9716299,0.0361328125,0.115966796875,0.905517578125,-3.4122137404580153,0.05343511450381679,-2.4122137404580153,-0.03759765625,0.093017578125,1.005859375,-0.20610687022900764,-1.3969465648854962,0.6106870229007634
19,1779651731.9826982,0.042236328125,0.118896484375,0.90234375,-3.4656488549618323,0.13740458015267176,-2.2977099236641223,-0.042724609375,0.0927734375,1.00390625,-0.31297709923664124,-1.3129770992366412,0.6564885496183206
20,1779651731.9937856,0.038330078125,0.122802734375,0.89892578125,-3.6793893129770994,-0.015267175572519083,-2.1603053435114505,-0.04150390625,0.080078125,1.0029296875,-0.29770992366412213,-1.4732824427480915,0.5725190839694656
21,1779651732.0048676,0.0380859375,0.1240234375,0.9052734375,-3.351145038167939,0.15267175572519084,-2.2748091603053435,-0.042236328125,0.105224609375,1.006103515625,-0.12213740458015267,-1.4580152671755726,0.7633587786259542
22,1779651732.0159228,0.040283203125,0.116943359375,0.901123046875,-3.4656488549618323,0.0916030534351145,-2.3969465648854964,-0.05712890625,0.080322265625,1.007568359375,-0.12213740458015267,-1.4045801526717556,0.5419847328244275
23,1779651732.0269642,0.042724609375,0.118408203125,0.896728515625,-3.6564885496183206,0.06870229007633588,-2.2977099236641223,-0.046875,0.09130859375,1.001953125,-0.366412213740458,-1.465648854961832,0.7251908396946565
24,1779651732.0380504,0.0361328125,0.1171875,0.9013671875,-3.549618320610687,-1.916030534351145,-2.267175572519084,-0.04052734375,0.097900390625,1.00439453125,-0.26717557251908397,-1.465648854961832,0.5572519083969466
25,1779651732.049106,0.03466796875,0.119384765625,0.904296875,-3.4732824427480917,-0.030534351145038167,-2.0229007633587788,-0.04296875,0.093505859375,1.012451171875,-0.24427480916030533,-1.5114503816793894,0.4732824427480916
26,1779651732.0601623,0.037353515625,0.123291015625,0.8955078125,-3.6106870229007635,0.09923664122137404,-2.3740458015267176,-0.03271484375,0.0947265625,0.999755859375,-0.2366412213740458,-1.5725190839694656,0.732824427480916
27,1779651732.0712209,0.036865234375,0.125244140625,0.905517578125,-3.6030534351145036,-0.04580152671755725,-2.33587786259542,-0.03955078125,0.10107421875,1.01220703125,-0.3053435114503817,-1.3893129770992367,0.48854961832061067
28,1779651732.082274,0.03857421875,0.123291015625,0.901123046875,-3.648854961832061,-0.09923664122137404,-2.282442748091603,-0.04541015625,0.108154296875,0.988037109375,-0.26717557251908397,-1.534351145038168,0.5954198473282443
29,1779651732.0933266,0.036376953125,0.13427734375,0.918212890625,-3.381679389312977,0.04580152671755725,-2.351145038167939,-0.046142578125,0.0947265625,1.002685546875,-0.22137404580152673,-1.3969465648854962,0.5801526717557252
30,1779651732.1044018,0.042236328125,0.117919921875,0.919921875,-3.648854961832061,-1.9465648854961832,-2.2213740458015265,-0.047607421875,0.096435546875,1.01220703125,-0.17557251908396945,-1.3740458015267176,0.5419847328244275
31,1779651732.1154788,0.0390625,0.1171875,0.89453125,-3.4198473282442747,-0.10687022900763359,-2.213740458015267,-0.03515625,0.09423828125,1.010498046875,-0.20610687022900764,-1.3206106870229009,0.6183206106870229
32,1779651732.1265483,0.043212890625,0.118896484375,0.902099609375,-3.427480916030534,-0.10687022900763359,-2.4198473282442747,-0.04833984375,0.09326171875,1.009033203125,-0.21374045801526717,-1.381679389312977,0.5419847328244275
33,1779651732.137596,0.046142578125,0.1201171875,0.892822265625,-3.404580152671756,0.015267175572519083,-2.1908396946564888,-0.032470703125,0.109130859375,0.990966796875,-0.2900763358778626,-1.366412213740458,0.42748091603053434
34,1779651732.148632,0.037841796875,0.11669921875,0.887939453125,-3.564885496183206,-0.15267175572519084,-2.1603053435114505,-0.042724609375,0.089111328125,1.010986328125,-0.37404580152671757,-1.4045801526717556,0.5954198473282443
35,1779651732.1596797,0.04150390625,0.118408203125,0.901123046875,-3.4885496183206106,0.0,-2.267175572519084,-0.040771484375,0.09521484375,1.00390625,-0.31297709923664124,-1.5190839694656488,0.5648854961832062
36,1779651732.1707468,0.03369140625,0.125244140625,0.903076171875,-3.6946564885496183,-1.9083969465648856,-2.16793893129771,-0.03857421875,0.0859375,1.010009765625,-0.3053435114503817,-1.4351145038167938,0.6870229007633588
37,1779651732.1820347,0.038330078125,0.12451171875,0.892578125,-3.572519083969466,0.061068702290076333,-2.2748091603053435,-0.059814453125,0.078369140625,0.99169921875,-0.24427480916030533,-1.4427480916030535,0.7557251908396947
38,1779651732.1931293,0.033935546875,0.118408203125,0.893798828125,-3.3740458015267176,0.08396946564885496,-2.3969465648854964,-0.04736328125,0.09130859375,1.0048828125,-0.183206106870229,-1.4961832061068703,0.6412213740458015
39,1779651732.2041776,0.0341796875,0.11767578125,0.896240234375,-3.4122137404580153,0.04580152671755725,-2.2900763358778624,-0.03662109375,0.093994140625,1.00341796875,-0.32061068702290074,-1.5267175572519085,0.5954198473282443
40,1779651732.2152245,0.034423828125,0.1171875,0.898681640625,-3.595419847328244,-0.06870229007633588,-2.3206106870229006,-0.0439453125,0.09423828125,1.0009765625,-0.29770992366412213,-1.633587786259542,0.549618320610687
41,1779651732.2262733,0.0380859375,0.1201171875,0.894775390625,-3.633587786259542,-0.030534351145038167,-2.2595419847328246,-0.048095703125,0.09228515625,0.998046875,-0.16793893129770993,-1.4580152671755726,0.7022900763358778
42,1779651732.2373319,0.035400390625,0.11669921875,0.906005859375,-3.6564885496183206,-0.05343511450381679,-2.068702290076336,-0.031494140625,0.10400390625,1.006591796875,-0.31297709923664124,-1.5190839694656488,0.6564885496183206
43,1779651732.2484283,0.041015625,0.12109375,0.8935546875,-3.564885496183206,-0.030534351145038167,-2.2519083969465647,-0.04248046875,0.089111328125,0.98486328125,-0.3053435114503817,-1.4809160305343512,0.5572519083969466
44,1779651732.2595055,0.0390625,0.11865234375,0.90576171875,-3.6717557251908395,1.916030534351145,-2.3282442748091605,-0.0390625,0.090576171875,1.009765625,-0.31297709923664124,-1.2900763358778626,0.4122137404580153
45,1779651732.2705693,0.0390625,0.10986328125,0.89501953125,-3.519083969465649,-1.8854961832061068,-2.4122137404580153,-0.047119140625,0.091552734375,1.0107421875,-0.17557251908396945,-1.4427480916030535,0.366412213740458
46,1779651732.281615,0.038330078125,0.118896484375,0.895263671875,-3.572519083969466,0.09923664122137404,-2.1374045801526718,-0.048828125,0.09423828125,1.005615234375,-0.31297709923664124,-1.3282442748091603,0.5877862595419847
47,1779651732.2926686,0.039794921875,0.117431640625,0.897705078125,-3.618320610687023,1.9465648854961832,-2.213740458015267,-0.041259765625,0.101806640625,1.0,-0.15267175572519084,-1.3511450381679388,0.732824427480916
48,1779651732.3037076,0.036376953125,0.117919921875,0.89111328125,-3.572519083969466,0.25190839694656486,-2.4198473282442747,-0.04638671875,0.094482421875,1.02587890625,-0.31297709923664124,-1.4351145038167938,0.5572519083969466
49,1779651732.3147612,0.037841796875,0.126220703125,0.891357421875,-3.4198473282442747,0.022900763358778626,-2.2595419847328246,-0.05126953125,0.080078125,1.000732421875,-0.32061068702290074,-1.4351145038167938,0.3893129770992366
50,1779651732.3258092,0.04052734375,0.11962890625,0.899658203125,-3.5801526717557253,0.04580152671755725,-2.198473282442748,-0.042724609375,0.09521484375,0.98486328125,-0.35877862595419846,-1.5114503816793894,0.5725190839694656
51,1779651732.336876,0.041259765625,0.123046875,0.911376953125,-3.648854961832061,1.9236641221374047,-2.267175572519084,-0.045166015625,0.09228515625,1.00732421875,-0.29770992366412213,-1.4885496183206106,0.5267175572519084
52,1779651732.347939,0.04248046875,0.109375,0.8984375,-3.3282442748091605,0.08396946564885496,-2.381679389312977,-0.046875,0.101318359375,1.00634765625,-0.4580152671755725,-1.4580152671755726,0.5725190839694656
53,1779651732.3589962,0.037841796875,0.123779296875,0.900390625,-3.5572519083969465,0.1984732824427481,-2.5572519083969465,-0.035400390625,0.091552734375,1.00439453125,-0.21374045801526717,-1.4351145038167938,0.6106870229007634
54,1779651732.3700507,0.03955078125,0.118408203125,0.875732421875,-3.3969465648854964,-0.08396946564885496,-2.198473282442748,-0.0458984375,0.090576171875,1.021240234375,-0.22137404580152673,-1.4732824427480915,0.549618320610687
55,1779651732.381094,0.034423828125,0.117431640625,0.900634765625,-3.564885496183206,-0.19083969465648856,-2.2595419847328246,-0.04150390625,0.098388671875,0.989990234375,-0.2748091603053435,-1.4274809160305344,0.5038167938931297
56,1779651732.392138,0.04638671875,0.12353515625,0.898681640625,-3.427480916030534,0.17557251908396945,-2.2595419847328246,-0.047119140625,0.09130859375,1.009033203125,-0.20610687022900764,-1.3969465648854962,0.5267175572519084
57,1779651732.4031792,0.033203125,0.12060546875,0.903564453125,-3.5877862595419847,0.07633587786259542,-2.1526717557251906,-0.03564453125,0.09326171875,1.00927734375,-0.35877862595419846,-1.4732824427480915,0.6106870229007634
58,1779651732.4142413,0.0361328125,0.1181640625,0.902587890625,-3.5114503816793894,0.04580152671755725,-2.351145038167939,-0.04736328125,0.092529296875,0.9970703125,-0.2748091603053435,-1.465648854961832,0.5725190839694656
59,1779651732.4253051,0.03857421875,0.1142578125,0.893798828125,-3.519083969465649,0.12213740458015267,-2.2519083969465647,-0.050537109375,0.080322265625,1.0068359375,-0.2900763358778626,-1.4351145038167938,0.549618320610687
60,1779651732.4363513,0.040771484375,0.109619140625,0.904541015625,-3.4198473282442747,-0.05343511450381679,-2.2061068702290076,-0.060791015625,0.0986328125,1.01513671875,-0.12213740458015267,-1.282442748091603,0.6717557251908397
61,1779651732.4474053,0.04052734375,0.122802734375,0.8994140625,-3.5343511450381677,0.03816793893129771,-2.3282442748091605,-0.044921875,0.092041015625,0.996337890625,-0.19083969465648856,-1.3969465648854962,0.6717557251908397
62,1779651732.4584978,0.03857421875,0.12255859375,0.899658203125,-3.6717557251908395,-0.007633587786259542,-2.3587786259541983,-0.0400390625,0.095703125,1.010986328125,-0.2366412213740458,-1.4122137404580153,0.46564885496183206
63,1779651732.4695442,0.036376953125,0.12060546875,0.901123046875,-3.4656488549618323,-0.11450381679389313,-2.2442748091603053,-0.046142578125,0.09765625,1.007080078125,-0.26717557251908397,-1.366412213740458,0.5801526717557252
64,1779651732.4805846,0.037353515625,0.11962890625,0.896484375,-3.5114503816793894,1.9236641221374047,-2.2290076335877864,-0.04248046875,0.093505859375,1.01220703125,-0.29770992366412213,-1.4427480916030535,0.5572519083969466
65,1779651732.4916465,0.03173828125,0.1171875,0.880859375,-3.6717557251908395,-1.9541984732824427,-2.2290076335877864,-0.04541015625,0.09375,1.001953125,-0.2824427480916031,-1.3358778625954197,0.3893129770992366
66,1779651732.5026953,0.023681640625,0.119873046875,0.896240234375,-3.66412213740458,-0.08396946564885496,-2.4198473282442747,-0.043212890625,0.10595703125,1.009765625,-0.22900763358778625,-1.4961832061068703,0.6641221374045801
67,1779651732.5137742,0.037109375,0.11181640625,0.899658203125,-3.5572519083969465,0.13740458015267176,-2.282442748091603,-0.04638671875,0.0966796875,1.004638671875,-0.31297709923664124,-1.5038167938931297,0.5190839694656488
68,1779651732.5248115,0.04150390625,0.1220703125,0.889892578125,-3.4656488549618323,0.06870229007633588,-2.2442748091603053,-0.048828125,0.089111328125,1.010986328125,-0.26717557251908397,-1.4351145038167938,0.5419847328244275
69,1779651732.5358663,0.038330078125,0.11865234375,0.898681640625,-3.633587786259542,0.015267175572519083,-2.2290076335877864,-0.046875,0.099609375,1.015869140625,-0.16793893129770993,-1.3282442748091603,0.6259541984732825
70,1779651732.546943,0.03955078125,0.119140625,0.893798828125,-3.6412213740458017,-1.8396946564885497,-2.145038167938931,-0.044677734375,0.091552734375,1.00634765625,-0.06870229007633588,-1.5801526717557253,0.6106870229007634
71,1779651732.5580115,0.03857421875,0.125244140625,0.897216796875,-3.6793893129770994,-0.007633587786259542,-2.3969465648854964,-0.059814453125,0.09423828125,1.0107421875,-0.2824427480916031,-1.4885496183206106,0.5725190839694656
72,1779651732.569064,0.037109375,0.122802734375,0.89990234375,-3.4198473282442747,0.13740458015267176,-2.3587786259541983,-0.038330078125,0.094970703125,1.006591796875,-0.25190839694656486,-1.450381679389313,0.6412213740458015
73,1779651732.5801115,0.0400390625,0.1171875,0.876708984375,-3.6412213740458017,0.1450381679389313,-2.4122137404580153,-0.04443359375,0.091796875,1.0029296875,-0.07633587786259542,-1.3587786259541985,0.6030534351145038
74,1779651732.5918405,0.041748046875,0.116943359375,0.8955078125,-3.404580152671756,0.061068702290076333,-2.312977099236641,-0.0439453125,0.079345703125,0.993408203125,-0.20610687022900764,-1.450381679389313,0.648854961832061
75,1779651732.6029642,0.039794921875,0.118896484375,0.90185546875,-3.5801526717557253,0.06870229007633588,-2.213740458015267,-0.045166015625,0.092041015625,0.9931640625,-0.2900763358778626,-1.4961832061068703,0.5725190839694656
76,1779651732.6140366,0.03759765625,0.11865234375,0.904296875,-3.351145038167939,0.015267175572519083,-2.198473282442748,-0.04541015625,0.094970703125,0.99755859375,-0.22137404580152673,-1.3511450381679388,0.6870229007633588
77,1779651732.6251023,0.040771484375,0.12158203125,0.905029296875,-3.4656488549618323,0.11450381679389313,-2.3053435114503817,-0.042236328125,0.0966796875,1.0107421875,-0.22137404580152673,-1.4198473282442747,0.6564885496183206
78,1779651732.6361537,0.0380859375,0.117431640625,0.90380859375,-3.6564885496183206,0.08396946564885496,-2.2442748091603053,-0.043701171875,0.093505859375,1.00390625,-0.2900763358778626,-1.4274809160305344,0.5114503816793893
79,1779651732.6471975,0.0390625,0.11767578125,0.90283203125,-3.6259541984732824,0.022900763358778626,-2.427480916030534,-0.041259765625,0.0986328125,0.992919921875,-0.11450381679389313,-1.5801526717557253,0.5725190839694656
80,1779651732.65825,0.03857421875,0.11865234375,0.8994140625,-3.6030534351145036,-0.05343511450381679,-2.1297709923664123,-0.035400390625,0.0888671875,1.00927734375,-0.2824427480916031,-1.4809160305343512,0.4961832061068702
81,1779651732.6693192,0.033935546875,0.115234375,0.8935546875,-3.5572519083969465,-0.11450381679389313,-2.2061068702290076,-0.048095703125,0.086669921875,1.009521484375,-0.25190839694656486,-1.6717557251908397,0.5190839694656488
82,1779651732.6803727,0.03955078125,0.122314453125,0.9013671875,-3.5419847328244276,-0.25190839694656486,-2.1755725190839694,-0.03515625,0.089111328125,1.002685546875,-0.3511450381679389,-1.5725190839694656,0.5038167938931297
83,1779651732.6914272,0.0419921875,0.1259765625,0.89453125,-3.3053435114503817,0.13740458015267176,-2.198473282442748,-0.041259765625,0.108642578125,0.99560546875,-0.3282442748091603,-1.3587786259541985,0.5419847328244275
84,1779651732.7024744,0.03466796875,0.11767578125,0.894775390625,-3.6030534351145036,0.11450381679389313,-2.4580152671755724,-0.05908203125,0.09521484375,1.00341796875,-0.26717557251908397,-1.5725190839694656,0.40458015267175573
85,1779651732.713509,0.038330078125,0.119384765625,0.8955078125,-3.6793893129770994,0.0916030534351145,-2.0610687022900764,-0.0595703125,0.092041015625,1.004638671875,-0.2748091603053435,-1.4961832061068703,0.549618320610687
86,1779651732.724545,0.038330078125,0.1103515625,0.89697265625,-3.786259541984733,-0.08396946564885496,-2.3893129770992365,-0.04736328125,0.0869140625,1.011962890625,-0.32061068702290074,-1.450381679389313,0.549618320610687
87,1779651732.7355902,0.037841796875,0.111083984375,0.90185546875,-3.732824427480916,1.8854961832061068,-2.213740458015267,-0.04443359375,0.095947265625,1.014892578125,-0.31297709923664124,-1.4580152671755726,0.5343511450381679
88,1779651732.7466311,0.035888671875,0.115966796875,0.90087890625,-3.435114503816794,0.022900763358778626,-2.427480916030534,-0.046142578125,0.097412109375,1.004638671875,-0.2900763358778626,-1.6106870229007633,0.648854961832061
89,1779651732.7576709,0.041748046875,0.115966796875,0.9013671875,-3.282442748091603,0.16793893129770993,-2.068702290076336,-0.033935546875,0.09326171875,1.007568359375,-0.22900763358778625,-1.4427480916030535,0.549618320610687
90,1779651732.7687342,0.03662109375,0.115234375,0.89453125,-3.4580152671755724,0.06870229007633588,-2.122137404580153,-0.032958984375,0.08544921875,1.01416015625,-0.16030534351145037,-1.3435114503816794,0.5572519083969466
91,1779651732.7797763,0.0419921875,0.11865234375,0.90576171875,-3.4656488549618323,0.061068702290076333,-2.3206106870229006,-0.04541015625,0.093505859375,1.008056640625,-0.29770992366412213,-1.4809160305343512,0.5572519083969466
92,1779651732.7908268,0.036865234375,0.12646484375,0.899169921875,-3.5877862595419847,1.916030534351145,-2.2213740458015265,-0.04248046875,0.096923828125,1.029052734375,-0.10687022900763359,-1.4274809160305344,0.5343511450381679
93,1779651732.8018706,0.0419921875,0.11328125,0.9052734375,-3.5343511450381677,0.061068702290076333,-2.145038167938931,-0.048828125,0.09619140625,1.0048828125,-0.24427480916030533,-1.4351145038167938,0.48091603053435117
94,1779651732.8129334,0.035888671875,0.11279296875,0.897705078125,-3.6030534351145036,0.1297709923664122,-2.351145038167939,-0.04150390625,0.090087890625,1.004150390625,-0.48091603053435117,-1.4045801526717556,0.5954198473282443
95,1779651732.8239686,0.03564453125,0.123046875,0.894287109375,-3.4732824427480917,0.05343511450381679,-2.2900763358778624,-0.044921875,0.080078125,1.00830078125,-0.2900763358778626,-1.381679389312977,0.6641221374045801
96,1779651732.8350358,0.0400390625,0.117431640625,0.900146484375,-3.4198473282442747,0.22137404580152673,-2.2519083969465647,-0.061279296875,0.078125,0.99462890625,-0.13740458015267176,-1.3358778625954197,0.5725190839694656
97,1779651732.8461187,0.033203125,0.119140625,0.892333984375,-3.595419847328244,0.1297709923664122,-2.404580152671756,-0.0419921875,0.08056640625,0.984619140625,-0.22900763358778625,-1.4580152671755726,0.6717557251908397
98,1779651732.8571935,0.03662109375,0.12060546875,0.90234375,-3.6030534351145036,0.17557251908396945,-2.33587786259542,-0.0439453125,0.094482421875,1.00537109375,-0.31297709923664124,-1.5114503816793894,0.6183206106870229
99,1779651732.8682373,0.03564453125,0.120361328125,0.891357421875,-3.618320610687023,0.03816793893129771,-2.3282442748091605,-0.048583984375,0.090087890625,0.99755859375,-0.37404580152671757,-1.4732824427480915,0.6793893129770993
100,1779651732.8792832,0.035400390625,0.123291015625,0.906005859375,-3.66412213740458,0.16030534351145037,-2.3206106870229006,-0.04833984375,0.09130859375,1.002197265625,-0.22137404580152673,-1.3740458015267176,0.5877862595419847
101,1779651732.8904417,0.037841796875,0.126708984375,0.901123046875,-3.648854961832061,0.12213740458015267,-2.3435114503816794,-0.045166015625,0.0947265625,1.009033203125,-0.1984732824427481,-1.4351145038167938,0.6106870229007634
102,1779651732.901594,0.036865234375,0.119873046875,0.902099609375,-3.4580152671755724,0.13740458015267176,-2.3435114503816794,-0.05029296875,0.090576171875,1.0107421875,-0.183206106870229,-1.549618320610687,0.648854961832061
103,1779651732.9126449,0.038818359375,0.1171875,0.905517578125,-3.595419847328244,-0.06870229007633588,-2.3893129770992365,-0.041015625,0.096435546875,1.001953125,-0.25190839694656486,-1.4885496183206106,0.4732824427480916
104,1779651732.9236832,0.034423828125,0.12060546875,0.901611328125,-3.5267175572519083,0.05343511450381679,-2.2519083969465647,-0.04150390625,0.092529296875,1.0107421875,-0.2366412213740458,-1.3053435114503817,0.6106870229007634
105,1779651732.9347343,0.041259765625,0.114990234375,0.900390625,-3.450381679389313,0.08396946564885496,-2.0839694656488548,-0.047119140625,0.097412109375,1.004638671875,-0.25190839694656486,-1.5419847328244274,0.549618320610687
106,1779651732.9457943,0.03759765625,0.125,0.902099609375,-3.717557251908397,0.13740458015267176,-2.198473282442748,-0.043212890625,0.09765625,1.006103515625,-0.29770992366412213,-1.3893129770992367,0.5343511450381679
107,1779651732.9568756,0.03369140625,0.119140625,0.899658203125,-3.5572519083969465,-0.007633587786259542,-2.381679389312977,-0.0361328125,0.093505859375,0.98876953125,-0.15267175572519084,-1.4045801526717556,0.46564885496183206
108,1779651732.9679854,0.037353515625,0.1220703125,0.898681640625,-3.5114503816793894,-0.030534351145038167,-2.2595419847328246,-0.048095703125,0.09375,1.01708984375,-0.2900763358778626,-1.4122137404580153,0.5648854961832062
109,1779651732.9790657,0.036865234375,0.11865234375,0.890625,-3.6946564885496183,0.03816793893129771,-2.3053435114503817,-0.046142578125,0.095458984375,1.003662109375,-0.12213740458015267,-1.618320610687023,0.5038167938931297
110,1779651732.990115,0.036865234375,0.121337890625,0.881591796875,-3.572519083969466,-0.08396946564885496,-2.2977099236641223,-0.045166015625,0.09130859375,1.006591796875,-0.1984732824427481,-1.450381679389313,0.6030534351145038
111,1779651733.0013227,0.041259765625,0.115478515625,0.89013671875,-3.49618320610687,0.05343511450381679,-2.2213740458015265,-0.03857421875,0.109130859375,1.010009765625,-0.22900763358778625,-1.3358778625954197,0.4580152671755725
112,1779651733.0124311,0.041748046875,0.119384765625,0.90234375,-3.4885496183206106,0.08396946564885496,-2.282442748091603,-0.04638671875,0.09521484375,1.00146484375,-0.3282442748091603,-1.4961832061068703,0.5801526717557252
113,1779651733.0235162,0.043212890625,0.12646484375,0.9013671875,-3.5877862595419847,0.015267175572519083,-2.2061068702290076,-0.050537109375,0.095458984375,0.999267578125,-0.29770992366412213,-1.5114503816793894,0.7786259541984732
114,1779651733.0345933,0.043701171875,0.123046875,0.89697265625,-3.3893129770992365,0.015267175572519083,-2.2977099236641223,-0.041748046875,0.08984375,1.003173828125,-0.2748091603053435,-1.3969465648854962,0.4961832061068702
115,1779651733.0456674,0.035400390625,0.121826171875,0.899658203125,-3.5419847328244276,0.09923664122137404,-2.381679389312977,-0.058837890625,0.107666015625,1.0126953125,-0.4198473282442748,-1.6564885496183206,0.46564885496183206
116,1779651733.0567536,0.036865234375,0.118408203125,0.905029296875,-3.6106870229007635,-0.06870229007633588,-2.282442748091603,-0.0478515625,0.10888671875,1.0087890625,-0.2366412213740458,-1.6259541984732824,0.6106870229007634
117,1779651733.0678308,0.03515625,0.11669921875,0.8916015625,-3.6946564885496183,1.9236641221374047,-2.1908396946564888,-0.0419921875,0.090087890625,1.012451171875,-0.29770992366412213,-1.5419847328244274,0.3511450381679389
118,1779651733.078876,0.0390625,0.1181640625,0.898193359375,-3.595419847328244,-0.13740458015267176,-2.2595419847328246,-0.044677734375,0.096435546875,1.011962890625,-0.24427480916030533,-1.465648854961832,0.42748091603053434
119,1779651733.0899403,0.037841796875,0.121826171875,0.90185546875,-3.5419847328244276,0.0,-2.450381679389313,-0.05126953125,0.099853515625,1.001220703125,-0.3893129770992366,-1.4961832061068703,0.6564885496183206
120,1779651733.100989,0.038330078125,0.117919921875,0.89892578125,-3.4580152671755724,0.07633587786259542,-2.282442748091603,-0.045166015625,0.095947265625,1.014404296875,-0.32061068702290074,-1.618320610687023,0.5801526717557252
121,1779651733.1120613,0.043701171875,0.11962890625,0.896484375,-3.49618320610687,0.06870229007633588,-2.2977099236641223,-0.031494140625,0.09521484375,0.993896484375,-0.22137404580152673,-1.297709923664122,0.4580152671755725
122,1779651733.1231248,0.045654296875,0.1201171875,0.89306640625,-3.435114503816794,0.20610687022900764,-2.2748091603053435,-0.041015625,0.094482421875,0.98974609375,-0.44274809160305345,-1.450381679389313,0.48091603053435117
123,1779651733.1341708,0.03857421875,0.119384765625,0.897216796875,-3.6030534351145036,0.03816793893129771,-2.33587786259542,-0.039794921875,0.09619140625,0.99755859375,-0.20610687022900764,-1.381679389312977,0.6641221374045801
124,1779651733.1452155,0.036865234375,0.119873046875,0.895263671875,-3.549618320610687,0.11450381679389313,-2.16793893129771,-0.042236328125,0.09326171875,1.004150390625,-0.31297709923664124,-1.366412213740458,0.5725190839694656
125,1779651733.15627,0.047607421875,0.12109375,0.89599609375,-3.3053435114503817,0.061068702290076333,-2.1068702290076335,-0.048828125,0.09228515625,1.009033203125,-0.31297709923664124,-1.4580152671755726,0.732824427480916
126,1779651733.1673172,0.03955078125,0.134765625,0.895263671875,-3.5343511450381677,0.16030534351145037,-2.1526717557251906,-0.0400390625,0.09716796875,1.00537109375,-0.37404580152671757,-1.5419847328244274,0.40458015267175573
127,1779651733.1783614,0.03759765625,0.114501953125,0.900146484375,-3.66412213740458,-0.10687022900763359,-2.3893129770992365,-0.03564453125,0.10693359375,0.987548828125,-0.26717557251908397,-1.2900763358778626,0.5190839694656488
128,1779651733.18941,0.0322265625,0.11181640625,0.89892578125,-3.618320610687023,0.2748091603053435,-2.3893129770992365,-0.0458984375,0.08056640625,1.011962890625,-0.31297709923664124,-1.549618320610687,0.4198473282442748
129,1779651733.2004662,0.043212890625,0.118408203125,0.897705078125,-3.572519083969466,-0.06870229007633588,-2.33587786259542,-0.04443359375,0.090576171875,1.010498046875,-0.2824427480916031,-1.4732824427480915,0.6259541984732825
130,1779651733.2115228,0.04052734375,0.126953125,0.895751953125,-3.6564885496183206,0.22137404580152673,-2.366412213740458,-0.04638671875,0.091796875,1.009033203125,-0.22137404580152673,-1.2900763358778626,0.5954198473282443
131,1779651733.2225688,0.03466796875,0.115478515625,0.890380859375,-3.404580152671756,-0.015267175572519083,-2.3969465648854964,-0.040771484375,0.08935546875,1.001708984375,-0.3053435114503817,-1.534351145038168,0.5725190839694656
132,1779651733.2336233,0.0322265625,0.126220703125,0.895263671875,-3.66412213740458,0.16030534351145037,-2.2595419847328246,-0.05859375,0.078369140625,1.006103515625,-0.22900763358778625,-1.465648854961832,0.5572519083969466
133,1779651733.2446733,0.03173828125,0.117919921875,0.896484375,-3.50381679389313,-0.08396946564885496,-2.312977099236641,-0.03955078125,0.106201171875,0.995361328125,-0.19083969465648856,-1.5572519083969465,0.6259541984732825
134,1779651733.2557213,0.03466796875,0.1171875,0.89892578125,-3.549618320610687,0.061068702290076333,-2.312977099236641,-0.045654296875,0.0966796875,1.004150390625,-0.22900763358778625,-1.4961832061068703,0.5648854961832062
135,1779651733.266756,0.038330078125,0.121826171875,0.89990234375,-3.572519083969466,0.06870229007633588,-2.3893129770992365,-0.04736328125,0.090576171875,1.0048828125,-0.2824427480916031,-1.4580152671755726,0.5267175572519084
136,1779651733.2777922,0.037109375,0.11865234375,0.899169921875,-3.5572519083969465,-1.9465648854961832,-2.2290076335877864,-0.045166015625,0.100830078125,1.004150390625,-0.22137404580152673,-1.5877862595419847,0.6641221374045801
137,1779651733.2888696,0.041748046875,0.1162109375,0.89794921875,-3.427480916030534,-0.0916030534351145,-2.2442748091603053,-0.0625,0.099609375,0.997802734375,-0.20610687022900764,-1.4122137404580153,0.5725190839694656
138,1779651733.2999394,0.03466796875,0.119384765625,0.89892578125,-3.381679389312977,0.10687022900763359,-2.381679389312977,-0.04345703125,0.0849609375,1.00634765625,-0.2366412213740458,-1.3740458015267176,0.7022900763358778
139,1779651733.3110237,0.03466796875,0.116943359375,0.89111328125,-3.549618320610687,1.9389312977099236,-2.282442748091603,-0.04248046875,0.10400390625,1.00830078125,-0.17557251908396945,-1.3587786259541985,0.4961832061068702
140,1779651733.322073,0.034912109375,0.12060546875,0.9013671875,-3.4656488549618323,-0.06870229007633588,-2.1755725190839694,-0.04736328125,0.0966796875,1.015380859375,-0.2595419847328244,-1.381679389312977,0.6564885496183206
141,1779651733.3331187,0.037841796875,0.116455078125,0.90380859375,-3.3893129770992365,0.007633587786259542,-2.2900763358778624,-0.047607421875,0.0986328125,1.004150390625,-0.26717557251908397,-1.5114503816793894,0.6183206106870229
142,1779651733.3441646,0.049072265625,0.119873046875,0.90576171875,-3.427480916030534,1.9312977099236641,-2.4427480916030535,-0.03955078125,0.091064453125,0.9931640625,-0.33587786259541985,-1.4122137404580153,0.4732824427480916
143,1779651733.355203,0.0419921875,0.120849609375,0.904541015625,-3.6030534351145036,0.007633587786259542,-2.351145038167939,-0.0625,0.0888671875,1.010498046875,-0.19083969465648856,-1.3129770992366412,0.48091603053435117
144,1779651733.366243,0.038818359375,0.1240234375,0.89013671875,-3.519083969465649,-0.007633587786259542,-2.2442748091603053,-0.0458984375,0.07861328125,0.98779296875,-0.3435114503816794,-1.4732824427480915,0.42748091603053434
145,1779651733.3773127,0.036865234375,0.11572265625,0.901611328125,-3.5801526717557253,0.10687022900763359,-2.4885496183206106,-0.03564453125,0.09765625,1.001953125,-0.31297709923664124,-1.4045801526717556,0.5954198473282443
146,1779651733.388332,0.033935546875,0.1201171875,0.893798828125,-3.648854961832061,-0.07633587786259542,-2.2290076335877864,-0.05126953125,0.09130859375,1.002685546875,-0.3053435114503817,-1.5038167938931297,0.6793893129770993
147,1779651733.3993826,0.039306640625,0.120849609375,0.894775390625,-3.648854961832061,-0.015267175572519083,-2.2442748091603053,-0.04541015625,0.09033203125,0.998046875,-0.2366412213740458,-1.5114503816793894,0.6030534351145038
148,1779651733.410583,0.0380859375,0.116943359375,0.895751953125,-3.633587786259542,0.061068702290076333,-2.4885496183206106,-0.03515625,0.0927734375,1.00732421875,-0.3053435114503817,-1.5114503816793894,0.6717557251908397
149,1779651733.4216654,0.0341796875,0.119873046875,0.90185546875,-3.3587786259541983,-0.05343511450381679,-2.351145038167939,-0.0625,0.0966796875,0.987548828125,-0.21374045801526717,-1.3129770992366412,0.5954198473282443
150,1779651733.4327493,0.03955078125,0.11572265625,0.888671875,-3.5343511450381677,-0.061068702290076333,-2.2519083969465647,-0.03271484375,0.097412109375,1.0087890625,-0.3053435114503817,-1.366412213740458,0.549618320610687
151,1779651733.443807,0.04248046875,0.119140625,0.89892578125,-3.404580152671756,-0.061068702290076333,-2.2442748091603053,-0.046630859375,0.093994140625,0.991943359375,-0.2366412213740458,-1.4198473282442747,0.5877862595419847
152,1779651733.454865,0.03955078125,0.12109375,0.895751953125,-3.4580152671755724,-0.06870229007633588,-2.312977099236641,-0.039794921875,0.090576171875,1.0009765625,-0.2900763358778626,-1.3206106870229009,0.7175572519083969
153,1779651733.4659038,0.03271484375,0.123046875,0.89453125,-3.5877862595419847,0.05343511450381679,-2.4427480916030535,-0.04541015625,0.094970703125,0.995849609375,-0.37404580152671757,-1.282442748091603,0.4732824427480916
154,1779651733.4769914,0.0380859375,0.119873046875,0.8974609375,-3.6259541984732824,-1.9389312977099236,-2.4122137404580153,-0.032958984375,0.10107421875,1.001708984375,-0.3282442748091603,-1.1984732824427482,0.4351145038167939
155,1779651733.4880629,0.024169921875,0.121337890625,0.89453125,-3.49618320610687,-0.12213740458015267,-2.366412213740458,-0.043701171875,0.09423828125,0.98681640625,-0.10687022900763359,-1.2900763358778626,0.5267175572519084
156,1779651733.4991417,0.035888671875,0.12158203125,0.89990234375,-3.4885496183206106,1.9465648854961832,-2.5114503816793894,-0.047607421875,0.080322265625,1.00390625,-0.22900763358778625,-1.4732824427480915,0.5190839694656488
157,1779651733.5101898,0.039306640625,0.12060546875,0.893798828125,-3.633587786259542,0.03816793893129771,-2.2748091603053435,-0.046875,0.096923828125,1.0029296875,-0.3282442748091603,-1.4885496183206106,0.5038167938931297
158,1779651733.5212455,0.03564453125,0.118408203125,0.892578125,-3.50381679389313,0.05343511450381679,-2.122137404580153,-0.05126953125,0.092041015625,1.009033203125,-0.2748091603053435,-1.534351145038168,0.5954198473282443
159,1779651733.532296,0.03466796875,0.1162109375,0.894287109375,-3.6259541984732824,0.061068702290076333,-2.3053435114503817,-0.035888671875,0.09619140625,1.00439453125,-0.26717557251908397,-1.5190839694656488,0.7175572519083969
160,1779651733.5433319,0.03564453125,0.123291015625,0.891845703125,-3.5114503816793894,-0.09923664122137404,-2.2595419847328246,-0.04150390625,0.096435546875,0.988037109375,-0.16793893129770993,-1.2900763358778626,0.7251908396946565
161,1779651733.554396,0.037353515625,0.1201171875,0.900634765625,-3.564885496183206,0.11450381679389313,-2.366412213740458,-0.044921875,0.089111328125,1.00927734375,-0.16030534351145037,-1.5114503816793894,0.6412213740458015
162,1779651733.5654395,0.03515625,0.11669921875,0.912353515625,-3.618320610687023,0.17557251908396945,-2.3206106870229006,-0.04052734375,0.09765625,1.01513671875,-0.3053435114503817,-1.5648854961832062,0.5725190839694656
163,1779651733.5765023,0.041259765625,0.122314453125,0.89990234375,-3.6030534351145036,1.9312977099236641,-2.1603053435114505,-0.0400390625,0.093017578125,1.0048828125,-0.29770992366412213,-1.633587786259542,0.6946564885496184
164,1779651733.5880365,0.038330078125,0.115478515625,0.8994140625,-3.5343511450381677,-1.9389312977099236,-2.3053435114503817,-0.0595703125,0.096923828125,1.005615234375,-0.2748091603053435,-1.450381679389313,0.5419847328244275
165,1779651733.5991642,0.03759765625,0.12255859375,0.909912109375,-3.5419847328244276,0.06870229007633588,-2.4122137404580153,-0.044921875,0.098388671875,1.00927734375,-0.2824427480916031,-1.534351145038168,0.5572519083969466
166,1779651733.6102395,0.038330078125,0.118408203125,0.897705078125,-3.49618320610687,0.08396946564885496,-2.1755725190839694,-0.05029296875,0.095947265625,1.00634765625,-0.1984732824427481,-1.3969465648854962,0.549618320610687
167,1779651733.6213148,0.036865234375,0.116943359375,0.895263671875,-3.6793893129770994,0.3511450381679389,-2.183206106870229,-0.048583984375,0.095947265625,1.007080078125,-0.21374045801526717,-1.5725190839694656,0.42748091603053434
168,1779651733.6323605,0.033203125,0.119873046875,0.8935546875,-3.49618320610687,-0.13740458015267176,-2.480916030534351,-0.041259765625,0.08056640625,1.00146484375,-0.35877862595419846,-1.4198473282442747,0.6335877862595419
169,1779651733.6434097,0.040283203125,0.118408203125,0.90380859375,-3.595419847328244,0.04580152671755725,-2.198473282442748,-0.04248046875,0.09521484375,1.005615234375,-0.10687022900763359,-1.534351145038168,0.6870229007633588
170,1779651733.6544783,0.03466796875,0.123291015625,0.897216796875,-3.5801526717557253,0.10687022900763359,-2.2900763358778624,-0.049072265625,0.099609375,1.00927734375,-0.25190839694656486,-1.3587786259541985,0.5267175572519084
171,1779651733.6655242,0.04150390625,0.121826171875,0.899169921875,-3.4122137404580153,0.3511450381679389,-2.33587786259542,-0.042236328125,0.095458984375,0.99609375,-0.2595419847328244,-1.5572519083969465,0.6183206106870229
172,1779651733.6765704,0.037109375,0.119140625,0.896484375,-3.450381679389313,1.9389312977099236,-2.2290076335877864,-0.041015625,0.093994140625,1.00439453125,-0.3282442748091603,-1.4198473282442747,0.5114503816793893
173,1779651733.6876082,0.041748046875,0.119384765625,0.89404296875,-3.381679389312977,0.10687022900763359,-2.3435114503816794,-0.04736328125,0.086669921875,0.998779296875,-0.37404580152671757,-1.4732824427480915,0.5572519083969466
174,1779651733.69868,0.0400390625,0.11474609375,0.904541015625,-3.5343511450381677,-1.9083969465648856,-2.2900763358778624,-0.0322265625,0.1044921875,0.99951171875,-0.1984732824427481,-1.5648854961832062,0.6412213740458015
175,1779651733.709732,0.041748046875,0.123291015625,0.900634765625,-3.282442748091603,-0.10687022900763359,-2.3969465648854964,-0.05859375,0.101806640625,0.9931640625,-0.1984732824427481,-1.450381679389313,0.5267175572519084
176,1779651733.7207713,0.03955078125,0.123779296875,0.8994140625,-3.366412213740458,0.022900763358778626,-2.030534351145038,-0.029296875,0.088623046875,1.01171875,-0.17557251908396945,-1.4427480916030535,0.6183206106870229
177,1779651733.7318304,0.03369140625,0.12158203125,0.900634765625,-3.4732824427480917,-0.07633587786259542,-2.282442748091603,-0.046875,0.09228515625,0.992919921875,-0.16030534351145037,-1.4274809160305344,0.549618320610687
178,1779651733.7428806,0.035888671875,0.12158203125,0.89599609375,-3.480916030534351,0.06870229007633588,-2.33587786259542,-0.047119140625,0.093505859375,1.015869140625,-0.1984732824427481,-1.366412213740458,0.4198473282442748
179,1779651733.7539432,0.042236328125,0.120361328125,0.901611328125,-3.5419847328244276,0.07633587786259542,-2.33587786259542,-0.035888671875,0.095947265625,1.0087890625,-0.0916030534351145,-1.5114503816793894,0.5877862595419847
180,1779651733.7649863,0.041015625,0.12060546875,0.87890625,-3.648854961832061,0.09923664122137404,-2.068702290076336,-0.045166015625,0.093505859375,0.993896484375,-0.22900763358778625,-1.5114503816793894,0.6183206106870229
181,1779651733.776043,0.03466796875,0.11572265625,0.898193359375,-3.5343511450381677,0.06870229007633588,-2.1526717557251906,-0.04638671875,0.094482421875,1.0009765625,-0.32061068702290074,-1.3358778625954197,0.5954198473282443
182,1779651733.7870893,0.042236328125,0.123046875,0.90185546875,-3.687022900763359,-0.061068702290076333,-2.145038167938931,-0.04541015625,0.09375,1.001220703125,-0.2824427480916031,-1.4580152671755726,0.366412213740458
183,1779651733.7981324,0.021484375,0.121337890625,0.902099609375,-3.6030534351145036,0.061068702290076333,-2.435114503816794,-0.04345703125,0.100341796875,1.00830078125,-0.31297709923664124,-1.4274809160305344,0.7633587786259542
184,1779651733.8092124,0.035888671875,0.12451171875,0.897216796875,-3.351145038167939,1.9389312977099236,-2.351145038167939,-0.036376953125,0.095458984375,1.003662109375,-0.2366412213740458,-1.2213740458015268,0.48091603053435117
185,1779651733.8204281,0.0341796875,0.11962890625,0.90185546875,-3.366412213740458,0.09923664122137404,-2.2061068702290076,-0.044921875,0.097900390625,1.01171875,-0.21374045801526717,-1.2900763358778626,0.44274809160305345
186,1779651733.83153,0.03271484375,0.124267578125,0.904541015625,-3.6030534351145036,0.007633587786259542,-2.282442748091603,-0.047119140625,0.09228515625,0.995361328125,-0.22900763358778625,-1.3740458015267176,0.5648854961832062
187,1779651733.8425891,0.038330078125,0.1240234375,0.904541015625,-3.6106870229007635,0.16793893129770993,-2.1374045801526718,-0.0380859375,0.096923828125,1.010498046875,-0.25190839694656486,-1.2290076335877862,0.44274809160305345
188,1779651733.8536632,0.03955078125,0.12451171875,0.901123046875,-3.5801526717557253,0.09923664122137404,-2.16793893129771,-0.05029296875,0.092041015625,1.016357421875,-0.29770992366412213,-1.2900763358778626,0.5190839694656488
189,1779651733.864731,0.042236328125,0.1162109375,0.9033203125,-3.5572519083969465,0.05343511450381679,-2.33587786259542,-0.0341796875,0.091552734375,1.00146484375,-0.183206106870229,-1.5801526717557253,0.6106870229007634
190,1779651733.875779,0.04150390625,0.119873046875,0.89892578125,-3.6030534351145036,0.06870229007633588,-2.236641221374046,-0.041748046875,0.092041015625,1.00634765625,-0.20610687022900764,-1.4122137404580153,0.5419847328244275
191,1779651733.886813,0.035400390625,0.122802734375,0.891357421875,-3.5419847328244276,0.08396946564885496,-2.2061068702290076,-0.033203125,0.090087890625,1.014892578125,-0.4732824427480916,-1.4045801526717556,0.5190839694656488
192,1779651733.8978655,0.03662109375,0.123779296875,0.903076171875,-3.5419847328244276,1.9465648854961832,-2.1374045801526718,-0.048583984375,0.094482421875,0.9892578125,-0.3053435114503817,-1.3129770992366412,0.6335877862595419
193,1779651733.908929,0.040283203125,0.123046875,0.892333984375,-3.435114503816794,-0.1450381679389313,-2.2748091603053435,-0.0498046875,0.096923828125,1.00341796875,-0.2824427480916031,-1.534351145038168,0.48854961832061067
194,1779651733.9199743,0.03271484375,0.120849609375,0.8935546875,-3.366412213740458,-1.9389312977099236,-2.3893129770992365,-0.0517578125,0.09521484375,0.9990234375,-0.22900763358778625,-1.4732824427480915,0.6030534351145038
195,1779651733.9310248,0.03759765625,0.115234375,0.904296875,-3.786259541984733,-0.015267175572519083,-2.267175572519084,-0.033447265625,0.099365234375,1.00390625,-0.21374045801526717,-1.5725190839694656,0.5419847328244275
196,1779651733.9420984,0.033203125,0.13720703125,0.8955078125,-3.312977099236641,0.12213740458015267,-2.2442748091603053,-0.038818359375,0.10205078125,1.00244140625,-0.22137404580152673,-1.4122137404580153,0.6183206106870229
197,1779651733.9531398,0.040283203125,0.123046875,0.90380859375,-3.3587786259541983,-0.1450381679389313,-2.366412213740458,-0.052490234375,0.09716796875,1.011962890625,-0.4351145038167939,-1.450381679389313,0.5877862595419847
198,1779651733.964178,0.037353515625,0.126953125,0.897705078125,-3.3587786259541983,0.06870229007633588,-2.267175572519084,-0.0390625,0.0888671875,0.997802734375,-0.12213740458015267,-1.3893129770992367,0.40458015267175573
199,1779651733.9752173,0.036376953125,0.1181640625,0.890869140625,-3.4885496183206106,0.1984732824427481,-2.282442748091603,-0.0498046875,0.091064453125,0.996826171875,-0.03816793893129771,-1.4580152671755726,0.6335877862595419
200,1779651733.98627,0.036376953125,0.119384765625,0.90625,-3.4885496183206106,-1.9236641221374047,-2.183206106870229,-0.044677734375,0.0986328125,1.00146484375,-0.22137404580152673,-1.4732824427480915,0.7709923664122137
201,1779651733.9974418,0.0361328125,0.12158203125,0.89697265625,-3.618320610687023,0.05343511450381679,-2.1755725190839694,-0.0380859375,0.0947265625,0.9892578125,-0.3282442748091603,-1.3587786259541985,0.48091603053435117
202,1779651734.0085886,0.037353515625,0.1240234375,0.904541015625,-3.648854961832061,0.17557251908396945,-2.2290076335877864,-0.044189453125,0.09228515625,1.008056640625,-0.1984732824427481,-1.366412213740458,0.46564885496183206
203,1779651734.019632,0.043212890625,0.1201171875,0.8974609375,-3.687022900763359,0.030534351145038167,-2.366412213740458,-0.0439453125,0.101318359375,1.000244140625,-0.2595419847328244,-1.5267175572519085,0.6030534351145038
204,1779651734.0306811,0.04052734375,0.118408203125,0.894287109375,-3.5877862595419847,0.07633587786259542,-2.16793893129771,-0.045166015625,0.09814453125,1.000244140625,-0.11450381679389313,-1.5038167938931297,0.6564885496183206
205,1779651734.041741,0.042724609375,0.123291015625,0.894287109375,-3.4198473282442747,-0.06870229007633588,-2.1374045801526718,-0.048828125,0.09228515625,1.002197265625,-0.3893129770992366,-1.5801526717557253,0.45038167938931295
206,1779651734.052798,0.040771484375,0.123291015625,0.89697265625,-3.633587786259542,0.07633587786259542,-2.404580152671756,-0.04736328125,0.09912109375,1.000732421875,-0.22137404580152673,-1.3969465648854962,0.7175572519083969
207,1779651734.0638733,0.031494140625,0.11474609375,0.90234375,-3.633587786259542,1.8549618320610688,-2.2900763358778624,-0.032470703125,0.08544921875,1.005126953125,-0.16793893129770993,-1.366412213740458,0.6259541984732825
208,1779651734.0749443,0.041259765625,0.11767578125,0.917724609375,-3.5877862595419847,-0.22137404580152673,-2.1755725190839694,-0.040771484375,0.09228515625,1.0087890625,-0.26717557251908397,-1.6259541984732824,0.48854961832061067
209,1779651734.0860198,0.03759765625,0.12353515625,0.89794921875,-3.633587786259542,-0.08396946564885496,-2.2442748091603053,-0.044921875,0.0986328125,1.0107421875,-0.3053435114503817,-1.4351145038167938,0.6183206106870229
210,1779651734.0970542,0.03369140625,0.121826171875,0.898681640625,-3.49618320610687,-0.07633587786259542,-2.2900763358778624,-0.051025390625,0.095947265625,1.004150390625,-0.2748091603053435,-1.5190839694656488,0.5038167938931297
211,1779651734.1081088,0.04052734375,0.123291015625,0.899169921875,-3.549618320610687,0.061068702290076333,-2.2595419847328246,-0.0390625,0.084716796875,0.999755859375,-0.22900763358778625,-1.2748091603053435,0.549618320610687
212,1779651734.1191592,0.040283203125,0.12060546875,0.90673828125,-3.450381679389313,0.11450381679389313,-2.3053435114503817,-0.033203125,0.08984375,1.004150390625,-0.2900763358778626,-1.534351145038168,0.45038167938931295
213,1779651734.1302059,0.035888671875,0.120361328125,0.902099609375,-3.66412213740458,-0.061068702290076333,-2.2595419847328246,-0.0361328125,0.07958984375,1.01513671875,-0.2595419847328244,-1.5114503816793894,0.5648854961832062
214,1779651734.141247,0.040283203125,0.123046875,0.8984375,-3.633587786259542,-1.9541984732824427,-2.2748091603053435,-0.0498046875,0.0966796875,0.989013671875,-0.32061068702290074,-1.5419847328244274,0.6412213740458015
215,1779651734.1523085,0.038330078125,0.138916015625,0.89501953125,-3.7786259541984735,0.022900763358778626,-2.1068702290076335,-0.052490234375,0.095947265625,1.005859375,-0.3053435114503817,-1.4122137404580153,0.6717557251908397
216,1779651734.163391,0.0400390625,0.115966796875,0.897216796875,-3.4656488549618323,-0.015267175572519083,-2.2442748091603053,-0.04345703125,0.095703125,1.00390625,-0.32061068702290074,-1.465648854961832,0.5190839694656488
217,1779651734.1744385,0.033447265625,0.125732421875,0.912353515625,-3.4732824427480917,0.04580152671755725,-2.2900763358778624,-0.0361328125,0.101318359375,1.00048828125,-0.31297709923664124,-1.2442748091603053,0.6335877862595419
218,1779651734.1854963,0.038330078125,0.123779296875,0.901123046875,-3.49618320610687,0.08396946564885496,-2.49618320610687,-0.0556640625,0.08935546875,1.00439453125,-0.2595419847328244,-1.4274809160305344,0.5954198473282443
219,1779651734.1965513,0.037353515625,0.123779296875,0.903564453125,-3.7022900763358777,-0.09923664122137404,-2.381679389312977,-0.04931640625,0.095703125,1.01513671875,-0.24427480916030533,-1.4961832061068703,0.6106870229007634
220,1779651734.2076073,0.041015625,0.109375,0.90625,-3.4732824427480917,0.16793893129770993,-2.198473282442748,-0.0439453125,0.095947265625,1.00048828125,-0.08396946564885496,-1.5190839694656488,0.5954198473282443
221,1779651734.2186792,0.037841796875,0.116943359375,0.893798828125,-3.6030534351145036,-1.9389312977099236,-2.2977099236641223,-0.051025390625,0.093505859375,1.0087890625,-0.21374045801526717,-1.3435114503816794,0.648854961832061
222,1779651734.2299802,0.0380859375,0.120849609375,0.893798828125,-3.5801526717557253,0.0916030534351145,-2.3435114503816794,-0.06201171875,0.090087890625,1.0,-0.17557251908396945,-1.4885496183206106,0.5190839694656488
223,1779651734.241053,0.042236328125,0.12255859375,0.8955078125,-3.5343511450381677,0.15267175572519084,-2.366412213740458,-0.04541015625,0.08154296875,1.00341796875,-0.2748091603053435,-1.5038167938931297,0.5419847328244275
224,1779651734.2520983,0.042236328125,0.121826171875,0.913330078125,-3.595419847328244,-0.06870229007633588,-2.366412213740458,-0.046142578125,0.095703125,1.0048828125,-0.26717557251908397,-1.4809160305343512,0.6564885496183206
225,1779651734.2631521,0.03271484375,0.116455078125,0.895751953125,-3.8091603053435112,0.04580152671755725,-2.267175572519084,-0.03955078125,0.0908203125,1.008544921875,-0.19083969465648856,-1.4732824427480915,0.4580152671755725
226,1779651734.2742355,0.0380859375,0.1181640625,0.90185546875,-3.4656488549618323,-0.07633587786259542,-2.282442748091603,-0.04541015625,0.08984375,0.999267578125,-0.3282442748091603,-1.3587786259541985,0.5114503816793893
227,1779651734.2853224,0.033203125,0.1181640625,0.897216796875,-3.618320610687023,0.09923664122137404,-2.3435114503816794,-0.046875,0.098388671875,0.996826171875,-0.31297709923664124,-1.6106870229007633,0.6030534351145038
228,1779651734.2963986,0.04248046875,0.12255859375,0.90234375,-3.49618320610687,1.9465648854961832,-2.267175572519084,-0.060791015625,0.07958984375,1.014404296875,-0.19083969465648856,-1.5038167938931297,0.44274809160305345
229,1779651734.3074706,0.036376953125,0.120361328125,0.902587890625,-3.4427480916030535,0.05343511450381679,-2.2977099236641223,-0.04931640625,0.093017578125,0.998046875,-0.17557251908396945,-1.3587786259541985,0.6793893129770993
230,1779651734.3185177,0.040283203125,0.1220703125,0.90478515625,-3.5572519083969465,-1.9236641221374047,-1.9770992366412214,-0.043212890625,0.08935546875,1.00244140625,-0.25190839694656486,-1.4732824427480915,0.5801526717557252
231,1779651734.3295677,0.0439453125,0.116455078125,0.905029296875,-3.648854961832061,-0.15267175572519084,-2.381679389312977,-0.044677734375,0.090576171875,1.005859375,-0.20610687022900764,-1.3053435114503817,0.5190839694656488
232,1779651734.340625,0.036865234375,0.124755859375,0.89208984375,-3.4198473282442747,0.2900763358778626,-2.1908396946564888,-0.04150390625,0.092529296875,0.996337890625,-0.3053435114503817,-1.3893129770992367,0.7404580152671756
233,1779651734.3516746,0.031005859375,0.1181640625,0.89990234375,-3.5114503816793894,0.183206106870229,-2.564885496183206,-0.049560546875,0.0791015625,1.004150390625,-0.15267175572519084,-1.5267175572519085,0.5725190839694656
234,1779651734.3627222,0.033935546875,0.121337890625,0.896728515625,-3.49618320610687,0.08396946564885496,-2.122137404580153,-0.061279296875,0.0947265625,1.00830078125,-0.3282442748091603,-1.618320610687023,0.7175572519083969
235,1779651734.3737757,0.039306640625,0.12109375,0.89990234375,-3.4885496183206106,0.04580152671755725,-2.267175572519084,-0.048095703125,0.0908203125,1.013916015625,-0.3511450381679389,-1.465648854961832,0.7251908396946565
236,1779651734.3848078,0.04052734375,0.119384765625,0.89111328125,-3.572519083969466,-1.9541984732824427,-2.351145038167939,-0.044921875,0.09228515625,1.0048828125,-0.20610687022900764,-1.465648854961832,0.6717557251908397
237,1779651734.3958552,0.035888671875,0.109619140625,0.902587890625,-3.564885496183206,1.916030534351145,-2.1526717557251906,-0.046630859375,0.100830078125,1.004150390625,-0.1297709923664122,-1.3893129770992367,0.648854961832061
238,1779651734.4068868,0.041748046875,0.12158203125,0.896728515625,-3.6717557251908395,0.21374045801526717,-1.9770992366412214,-0.04443359375,0.09326171875,0.997802734375,-0.2900763358778626,-1.3587786259541985,0.5954198473282443
239,1779651734.417966,0.036376953125,0.12255859375,0.893310546875,-3.4122137404580153,0.030534351145038167,-2.282442748091603,-0.0556640625,0.09130859375,1.009521484375,-0.2366412213740458,-1.251908396946565,0.6793893129770993
240,1779651734.429016,0.036865234375,0.121826171875,0.8935546875,-3.450381679389313,0.26717557251908397,-2.3587786259541983,-0.0361328125,0.080078125,1.006591796875,-0.2748091603053435,-1.3893129770992367,0.6030534351145038
241,1779651734.440068,0.03466796875,0.123779296875,0.90234375,-3.4198473282442747,0.19083969465648856,-2.3969465648854964,-0.049560546875,0.0927734375,1.007080078125,-0.08396946564885496,-1.3969465648854962,0.6793893129770993
242,1779651734.4511552,0.03955078125,0.119140625,0.909912109375,-3.763358778625954,0.1297709923664122,-2.267175572519084,-0.04052734375,0.09228515625,1.01171875,-0.26717557251908397,-1.5877862595419847,0.6335877862595419
243,1779651734.4622254,0.04150390625,0.139404296875,0.906494140625,-3.519083969465649,-0.03816793893129771,-2.3053435114503817,-0.047119140625,0.095703125,1.01025390625,-0.29770992366412213,-1.4122137404580153,0.5572519083969466
244,1779651734.4733026,0.0390625,0.11669921875,0.900634765625,-3.7251908396946565,-1.9541984732824427,-2.381679389312977,-0.039306640625,0.095947265625,0.99755859375,-0.2900763358778626,-1.4351145038167938,0.6106870229007634
245,1779651734.4843643,0.03564453125,0.11865234375,0.896728515625,-3.50381679389313,0.07633587786259542,-2.16793893129771,-0.0576171875,0.0966796875,0.98974609375,-0.20610687022900764,-1.4274809160305344,0.6259541984732825
246,1779651734.4954255,0.033203125,0.119873046875,0.8994140625,-3.5801526717557253,0.06870229007633588,-2.2900763358778624,-0.0400390625,0.09423828125,1.011474609375,-0.2748091603053435,-1.5267175572519085,0.7251908396946565
247,1779651734.5064754,0.042236328125,0.120849609375,0.900390625,-3.4198473282442747,-0.022900763358778626,-2.2442748091603053,-0.045654296875,0.09521484375,1.004150390625,-0.24427480916030533,-1.4809160305343512,0.4122137404580153
248,1779651734.5175226,0.0419921875,0.11865234375,0.896728515625,-3.427480916030534,0.015267175572519083,-2.2442748091603053,-0.05029296875,0.09423828125,1.0087890625,-0.24427480916030533,-1.450381679389313,0.5801526717557252
249,1779651734.5285778,0.031982421875,0.1181640625,0.8935546875,-3.5572519083969465,0.13740458015267176,-2.3053435114503817,-0.03857421875,0.091796875,1.0078125,-0.21374045801526717,-1.5267175572519085,0.6793893129770993
250,1779651734.5396223,0.038330078125,0.12353515625,0.904052734375,-3.5343511450381677,-1.9236641221374047,-2.33587786259542,-0.044189453125,0.108642578125,1.01171875,-0.3053435114503817,-1.4809160305343512,0.5648854961832062
251,1779651734.5507,0.036376953125,0.1201171875,0.89990234375,-3.4885496183206106,0.33587786259541985,-2.2519083969465647,-0.037841796875,0.09521484375,1.000732421875,-0.19083969465648856,-1.4351145038167938,0.6793893129770993
252,1779651734.5617707,0.0380859375,0.119384765625,0.9013671875,-3.6412213740458017,0.061068702290076333,-2.145038167938931,-0.04736328125,0.0947265625,1.005859375,-0.19083969465648856,-1.4274809160305344,0.44274809160305345
253,1779651734.5728092,0.03759765625,0.123779296875,0.907958984375,-3.5877862595419847,-0.022900763358778626,-2.3587786259541983,-0.0419921875,0.09521484375,0.995849609375,-0.22137404580152673,-1.3435114503816794,0.48854961832061067
254,1779651734.5839875,0.037841796875,0.11083984375,0.89892578125,-3.6030534351145036,0.12213740458015267,-2.33587786259542,-0.043212890625,0.091552734375,1.005615234375,-0.22900763358778625,-1.3053435114503817,0.4122137404580153
255,1779651734.595464,0.03125,0.124267578125,0.901123046875,-3.4656488549618323,-1.9312977099236641,-2.3969465648854964,-0.044677734375,0.098876953125,1.000732421875,-0.4198473282442748,-1.3740458015267176,0.5343511450381679
256,1779651734.606546,0.037353515625,0.11474609375,0.901123046875,-3.717557251908397,0.1297709923664122,-2.366412213740458,-0.041748046875,0.09716796875,1.0029296875,-0.16030534351145037,-1.366412213740458,0.648854961832061
257,1779651734.617601,0.03955078125,0.11962890625,0.901611328125,-3.6030534351145036,0.05343511450381679,-2.183206106870229,-0.045654296875,0.0849609375,1.008056640625,-0.32061068702290074,-1.4198473282442747,0.6793893129770993
258,1779651734.628647,0.042236328125,0.11865234375,0.90380859375,-3.618320610687023,-0.03816793893129771,-2.312977099236641,-0.041015625,0.09619140625,1.002197265625,-0.3435114503816794,-1.5038167938931297,0.6106870229007634
259,1779651734.6398523,0.042724609375,0.119873046875,0.901123046875,-3.5343511450381677,-0.19083969465648856,-2.1755725190839694,-0.04443359375,0.0888671875,1.007568359375,-0.2748091603053435,-1.5877862595419847,0.5954198473282443
260,1779651734.6509454,0.0419921875,0.122314453125,0.903564453125,-3.6030534351145036,-0.061068702290076333,-2.3206106870229006,-0.046875,0.096435546875,1.0126953125,-0.1297709923664122,-1.5038167938931297,0.6106870229007634
261,1779651734.662029,0.036376953125,0.120361328125,0.900390625,-3.687022900763359,0.07633587786259542,-2.267175572519084,-0.040283203125,0.098388671875,0.994140625,-0.31297709923664124,-1.366412213740458,0.6030534351145038
262,1779651734.6730773,0.03759765625,0.11279296875,0.894775390625,-3.5343511450381677,1.9236641221374047,-2.351145038167939,-0.04638671875,0.10595703125,0.99951171875,-0.183206106870229,-1.5114503816793894,0.7404580152671756
263,1779651734.6841178,0.037353515625,0.11328125,0.89990234375,-3.648854961832061,0.15267175572519084,-2.4198473282442747,-0.045654296875,0.09521484375,1.0068359375,-0.29770992366412213,-1.4122137404580153,0.5801526717557252
264,1779651734.6951642,0.03759765625,0.114990234375,0.904296875,-3.564885496183206,1.9465648854961832,-2.2290076335877864,-0.046142578125,0.080078125,1.00537109375,-0.31297709923664124,-1.3740458015267176,0.6641221374045801
265,1779651734.7062325,0.03515625,0.120849609375,0.89453125,-3.404580152671756,0.04580152671755725,-2.198473282442748,-0.04931640625,0.105712890625,1.0107421875,-0.3511450381679389,-1.5114503816793894,0.5954198473282443
266,1779651734.7173004,0.037841796875,0.12158203125,0.9033203125,-3.5419847328244276,0.22900763358778625,-2.198473282442748,-0.050048828125,0.08740234375,1.003173828125,-0.25190839694656486,-1.2900763358778626,0.5419847328244275
267,1779651734.728344,0.036376953125,0.123046875,0.896728515625,-3.5877862595419847,0.08396946564885496,-2.2519083969465647,-0.039794921875,0.0927734375,1.00927734375,-0.29770992366412213,-1.3511450381679388,0.6641221374045801
268,1779651734.739392,0.037353515625,0.11181640625,0.89990234375,-3.595419847328244,0.0916030534351145,-2.183206106870229,-0.04296875,0.0927734375,1.00439453125,-0.21374045801526717,-1.3511450381679388,0.5725190839694656
269,1779651734.7504635,0.039794921875,0.119140625,0.8994140625,-3.4580152671755724,0.04580152671755725,-2.381679389312977,-0.03759765625,0.094970703125,1.010009765625,-0.2366412213740458,-1.4122137404580153,0.3969465648854962
270,1779651734.7615035,0.037109375,0.119140625,0.894775390625,-3.618320610687023,0.11450381679389313,-2.2900763358778624,-0.04931640625,0.092529296875,1.013916015625,-0.3282442748091603,-1.4732824427480915,0.5267175572519084
271,1779651734.772543,0.038330078125,0.1220703125,0.90185546875,-3.5343511450381677,-0.22900763358778625,-2.145038167938931,-0.05224609375,0.099853515625,0.998046875,-0.24427480916030533,-1.450381679389313,0.5114503816793893
272,1779651734.7835913,0.038818359375,0.11962890625,0.9033203125,-3.6793893129770994,0.08396946564885496,-2.0610687022900764,-0.041259765625,0.093505859375,1.0048828125,-0.2748091603053435,-1.549618320610687,0.5877862595419847
273,1779651734.7946353,0.036865234375,0.119384765625,0.902587890625,-3.6717557251908395,-0.05343511450381679,-2.366412213740458,-0.04150390625,0.100341796875,1.0166015625,-0.2900763358778626,-1.534351145038168,0.7938931297709924
274,1779651734.8056827,0.039306640625,0.11474609375,0.895751953125,-3.5419847328244276,0.08396946564885496,-2.1068702290076335,-0.03466796875,0.092041015625,1.00927734375,-0.31297709923664124,-1.3358778625954197,0.48854961832061067
275,1779651734.8167493,0.039794921875,0.123291015625,0.89306640625,-3.595419847328244,0.03816793893129771,-2.267175572519084,-0.0322265625,0.09521484375,1.0087890625,-0.3053435114503817,-1.297709923664122,0.5801526717557252
276,1779651734.8277898,0.040771484375,0.1181640625,0.8974609375,-3.6946564885496183,0.1450381679389313,-2.282442748091603,-0.04833984375,0.087646484375,0.986083984375,-0.3053435114503817,-1.366412213740458,0.6106870229007634
277,1779651734.8388414,0.041748046875,0.11865234375,0.9013671875,-3.618320610687023,-0.06870229007633588,-2.3053435114503817,-0.04052734375,0.097412109375,1.011962890625,-0.35877862595419846,-1.3740458015267176,0.6259541984732825
278,1779651734.8498957,0.037109375,0.112548828125,0.904052734375,-3.50381679389313,0.12213740458015267,-2.351145038167939,-0.04345703125,0.10302734375,0.999755859375,-0.22900763358778625,-1.3129770992366412,0.6641221374045801
279,1779651734.8609655,0.039306640625,0.119140625,0.90234375,-3.5114503816793894,0.09923664122137404,-2.3053435114503817,-0.048095703125,0.094970703125,1.0078125,-0.1984732824427481,-1.4732824427480915,0.5572519083969466
280,1779651734.8720205,0.037353515625,0.119384765625,0.892578125,-3.572519083969466,0.030534351145038167,-2.351145038167939,-0.04541015625,0.07861328125,1.012939453125,-0.2366412213740458,-1.4580152671755726,0.40458015267175573
281,1779651734.883065,0.040771484375,0.117919921875,0.89404296875,-3.3893129770992365,0.09923664122137404,-2.068702290076336,-0.0458984375,0.097412109375,0.9892578125,-0.0916030534351145,-1.4198473282442747,0.5648854961832062
282,1779651734.8941057,0.038330078125,0.115966796875,0.903076171875,-3.5877862595419847,0.022900763358778626,-2.3893129770992365,-0.046875,0.08447265625,1.0048828125,-0.3282442748091603,-1.4198473282442747,0.6870229007633588
283,1779651734.9051592,0.033935546875,0.1181640625,0.906005859375,-3.6412213740458017,-0.06870229007633588,-2.198473282442748,-0.04443359375,0.09326171875,1.003662109375,-0.15267175572519084,-1.3282442748091603,0.5267175572519084
284,1779651734.9161994,0.040283203125,0.1220703125,0.904052734375,-3.4732824427480917,0.11450381679389313,-2.312977099236641,-0.04443359375,0.08837890625,0.998779296875,-0.22137404580152673,-1.3511450381679388,0.6641221374045801
285,1779651734.9272475,0.04248046875,0.118408203125,0.9033203125,-3.5572519083969465,0.05343511450381679,-2.2442748091603053,-0.0556640625,0.095947265625,0.994140625,-0.2366412213740458,-1.5572519083969465,0.6030534351145038
286,1779651734.9382997,0.038818359375,0.121337890625,0.9033203125,-3.5572519083969465,0.022900763358778626,-2.427480916030534,-0.031982421875,0.096923828125,0.986572265625,-0.33587786259541985,-1.6106870229007633,0.6412213740458015
287,1779651734.9493537,0.039794921875,0.116455078125,0.904541015625,-3.5801526717557253,0.10687022900763359,-2.2442748091603053,-0.058349609375,0.079833984375,1.005859375,-0.26717557251908397,-1.4809160305343512,0.5877862595419847
288,1779651734.9604342,0.038330078125,0.1181640625,0.8974609375,-3.5114503816793894,0.022900763358778626,-2.2900763358778624,-0.038818359375,0.09619140625,1.0029296875,1.900763358778626,-1.4274809160305344,0.549618320610687
289,1779651734.9715006,0.0390625,0.116943359375,0.8994140625,-3.648854961832061,-0.015267175572519083,-2.3740458015267176,-0.04931640625,0.09716796875,1.00244140625,-0.2595419847328244,-1.4274809160305344,0.5343511450381679
290,1779651734.9825652,0.03662109375,0.117919921875,0.89990234375,-3.6106870229007635,0.0916030534351145,-1.9923664122137406,-0.050048828125,0.09326171875,0.997802734375,-0.1984732824427481,-1.4809160305343512,0.7022900763358778
291,1779651734.993647,0.03857421875,0.1201171875,0.896240234375,-3.5877862595419847,1.9389312977099236,-2.3282442748091605,-0.031494140625,0.095947265625,1.005126953125,-0.22900763358778625,-1.4198473282442747,0.5877862595419847
292,1779651735.004703,0.04150390625,0.119873046875,0.9091796875,-3.4656488549618323,-0.03816793893129771,-2.183206106870229,-0.041748046875,0.10791015625,1.00732421875,-0.22137404580152673,-1.3969465648854962,0.5572519083969466
293,1779651735.0157547,0.03662109375,0.118408203125,0.88916015625,-3.519083969465649,0.05343511450381679,-2.2900763358778624,-0.05126953125,0.09326171875,0.999267578125,-0.29770992366412213,-1.4045801526717556,0.5801526717557252
294,1779651735.0268035,0.039306640625,0.1201171875,0.896484375,-3.5267175572519083,0.13740458015267176,-2.427480916030534,-0.04345703125,0.0888671875,1.000244140625,-0.3511450381679389,-1.4961832061068703,0.5725190839694656
295,1779651735.0378468,0.041259765625,0.12451171875,0.902099609375,-3.633587786259542,0.04580152671755725,-2.1297709923664123,-0.04736328125,0.096923828125,1.015625,-0.1984732824427481,-1.5038167938931297,0.5038167938931297
296,1779651735.0490303,0.04052734375,0.1171875,0.89453125,-3.312977099236641,-0.015267175572519083,-2.3969465648854964,-0.04541015625,0.0966796875,1.0078125,-0.29770992366412213,-1.3969465648854962,0.5343511450381679
297,1779651735.0601122,0.037353515625,0.116455078125,0.897216796875,-3.49618320610687,-0.07633587786259542,-2.2290076335877864,-0.0537109375,0.09130859375,1.00927734375,-0.31297709923664124,-1.3893129770992367,0.6106870229007634
298,1779651735.0711682,0.039794921875,0.114501953125,0.899169921875,-3.7938931297709924,-1.9083969465648856,-2.312977099236641,-0.046875,0.100341796875,1.013671875,-0.31297709923664124,-1.5038167938931297,0.5877862595419847
299,1779651735.0822523,0.037841796875,0.128173828125,0.901123046875,-3.4656488549618323,0.09923664122137404,-2.2519083969465647,-0.04931640625,0.090087890625,0.9990234375,-0.2595419847328244,-1.4274809160305344,0.5267175572519084
300,1779651735.0933294,0.03759765625,0.114501953125,0.89453125,-3.5267175572519083,0.03816793893129771,-2.2595419847328246,-0.044189453125,0.095947265625,1.001708984375,-0.22900763358778625,-1.381679389312977,0.7709923664122137
301,1779651735.1045332,0.044189453125,0.12158203125,0.90185546875,-3.4122137404580153,-1.900763358778626,-2.282442748091603,-0.058349609375,0.078125,1.0087890625,-0.33587786259541985,-1.4427480916030535,0.3053435114503817
302,1779651735.1156816,0.03662109375,0.12451171875,0.89990234375,-3.5572519083969465,0.183206106870229,-2.030534351145038,-0.056640625,0.09521484375,0.98486328125,-0.366412213740458,-1.4732824427480915,0.6870229007633588
303,1779651735.12673,0.04541015625,0.11962890625,0.89892578125,-3.450381679389313,0.05343511450381679,-2.33587786259542,-0.03515625,0.0927734375,1.007080078125,-0.13740458015267176,-1.4885496183206106,0.5114503816793893
304,1779651735.1377685,0.038818359375,0.117919921875,0.898193359375,-3.633587786259542,0.08396946564885496,-2.2977099236641223,-0.041259765625,0.095458984375,1.001708984375,-0.183206106870229,-1.4351145038167938,0.7175572519083969
305,1779651735.1488614,0.03466796875,0.119140625,0.90576171875,-3.5572519083969465,0.07633587786259542,-2.1603053435114505,-0.0419921875,0.0947265625,1.00927734375,-0.15267175572519084,-1.4274809160305344,0.6030534351145038
306,1779651735.1599226,0.0380859375,0.118408203125,0.89306640625,-3.519083969465649,-0.05343511450381679,-2.3053435114503817,-0.042236328125,0.0927734375,1.000244140625,-0.2748091603053435,-1.3740458015267176,0.4122137404580153
307,1779651735.1710277,0.032958984375,0.112548828125,0.889892578125,-3.5114503816793894,-0.030534351145038167,-2.1297709923664123,-0.03369140625,0.094482421875,1.002197265625,-0.29770992366412213,-1.4045801526717556,0.6106870229007634
308,1779651735.182068,0.03955078125,0.118896484375,0.89892578125,-3.7480916030534353,0.015267175572519083,-2.2977099236641223,-0.042724609375,0.091796875,0.999755859375,-0.2595419847328244,-1.4122137404580153,0.6870229007633588
309,1779651735.1931098,0.035888671875,0.123779296875,0.89453125,-3.50381679389313,0.15267175572519084,-2.2290076335877864,-0.044677734375,0.095947265625,1.0,-0.2748091603053435,-1.534351145038168,0.5343511450381679
310,1779651735.2041793,0.033935546875,0.119873046875,0.89697265625,-3.5877862595419847,-0.03816793893129771,-2.427480916030534,-0.039306640625,0.09130859375,1.003173828125,-0.1450381679389313,-1.5572519083969465,0.5877862595419847
311,1779651735.215229,0.037109375,0.115966796875,0.898193359375,-3.6259541984732824,-0.08396946564885496,-2.3740458015267176,-0.046875,0.09521484375,1.010986328125,-0.22137404580152673,-1.5114503816793894,0.44274809160305345
312,1779651735.2262666,0.038330078125,0.1171875,0.89404296875,-3.312977099236641,0.22137404580152673,-2.1603053435114505,-0.055908203125,0.096923828125,1.00927734375,-0.31297709923664124,-1.4274809160305344,0.5572519083969466
313,1779651735.237326,0.033935546875,0.110107421875,0.89208984375,-3.618320610687023,0.1984732824427481,-2.2977099236641223,-0.05322265625,0.089599609375,0.98828125,-0.3893129770992366,-1.5267175572519085,0.4122137404580153
314,1779651735.2484212,0.038330078125,0.123046875,0.911376953125,-3.549618320610687,0.12213740458015267,-2.2290076335877864,-0.0419921875,0.092041015625,1.0,-0.2595419847328244,-1.450381679389313,0.5801526717557252
315,1779651735.2594874,0.04052734375,0.12255859375,0.896728515625,-3.648854961832061,0.19083969465648856,-2.1908396946564888,-0.0458984375,0.08935546875,1.002685546875,-0.26717557251908397,-1.4045801526717556,0.48854961832061067
316,1779651735.2705705,0.040283203125,0.117919921875,0.906494140625,-3.3893129770992365,0.20610687022900764,-2.3206106870229006,-0.044189453125,0.097900390625,1.004638671875,-0.17557251908396945,-1.4885496183206106,0.6259541984732825
317,1779651735.2816455,0.03515625,0.118408203125,0.883544921875,-3.66412213740458,0.15267175572519084,-2.267175572519084,-0.042236328125,0.10205078125,1.005859375,-0.20610687022900764,-1.5801526717557253,0.6183206106870229
318,1779651735.292694,0.0361328125,0.128662109375,0.89599609375,-3.6030534351145036,-1.8778625954198473,-2.2519083969465647,-0.0517578125,0.0966796875,1.00830078125,-0.3053435114503817,-1.381679389312977,0.44274809160305345
319,1779651735.3037467,0.04248046875,0.121337890625,0.897216796875,-3.564885496183206,0.12213740458015267,-2.1068702290076335,-0.038330078125,0.0888671875,1.003173828125,-0.33587786259541985,-1.5267175572519085,0.4732824427480916
320,1779651735.3147936,0.03271484375,0.1201171875,0.899169921875,-3.687022900763359,0.06870229007633588,-2.1755725190839694,-0.0439453125,0.096435546875,0.999755859375,-0.21374045801526717,-1.3053435114503817,0.5419847328244275
321,1779651735.325855,0.04052734375,0.123046875,0.89208984375,-3.549618320610687,0.15267175572519084,-2.427480916030534,-0.039794921875,0.09814453125,1.00390625,-0.17557251908396945,-1.2671755725190839,0.4122137404580153
322,1779651735.336902,0.0390625,0.109619140625,0.905517578125,-3.366412213740458,0.09923664122137404,-2.1068702290076335,-0.043212890625,0.091552734375,1.014404296875,-0.2595419847328244,-1.381679389312977,0.48854961832061067
323,1779651735.3479617,0.039794921875,0.11572265625,0.8955078125,-3.3893129770992365,-0.13740458015267176,-2.1068702290076335,-0.04296875,0.093505859375,1.0078125,-0.35877862595419846,-1.450381679389313,0.4961832061068702
324,1779651735.3590243,0.0390625,0.11767578125,0.898681640625,-3.49618320610687,-1.9312977099236641,-2.4122137404580153,-0.03955078125,0.091796875,1.01025390625,-0.35877862595419846,-1.4045801526717556,0.6183206106870229
325,1779651735.370081,0.039794921875,0.117919921875,0.905517578125,-3.763358778625954,0.05343511450381679,-2.0839694656488548,-0.04296875,0.096435546875,0.991943359375,-0.16793893129770993,-1.633587786259542,0.6946564885496184
326,1779651735.3811345,0.0390625,0.119873046875,0.8994140625,-3.5419847328244276,0.030534351145038167,-2.2061068702290076,-0.04833984375,0.095947265625,0.99560546875,-0.25190839694656486,-1.4427480916030535,0.4580152671755725
327,1779651735.3921835,0.037109375,0.116943359375,0.892578125,-3.480916030534351,1.9236641221374047,-2.236641221374046,-0.04833984375,0.094482421875,0.99951171875,-0.1984732824427481,-1.4580152671755726,0.6641221374045801
328,1779651735.4032412,0.0322265625,0.117919921875,0.89990234375,-3.618320610687023,1.8931297709923665,-2.282442748091603,-0.031982421875,0.091796875,1.00146484375,-0.2824427480916031,-1.4427480916030535,0.5954198473282443
329,1779651735.4142916,0.040771484375,0.1181640625,0.90234375,-3.5877862595419847,0.1984732824427481,-2.1297709923664123,-0.0458984375,0.098876953125,1.005859375,-0.3053435114503817,-1.4580152671755726,0.7022900763358778
330,1779651735.4253452,0.0380859375,0.1240234375,0.89111328125,-3.618320610687023,-0.09923664122137404,-2.2213740458015265,-0.034912109375,0.098388671875,1.014404296875,-0.3435114503816794,-1.3206106870229009,0.48854961832061067
331,1779651735.4364386,0.041748046875,0.1220703125,0.9013671875,-3.3969465648854964,0.1297709923664122,-2.2900763358778624,-0.050048828125,0.092529296875,1.003662109375,-0.19083969465648856,-1.5419847328244274,0.40458015267175573
332,1779651735.4475229,0.03759765625,0.127685546875,0.89208984375,-3.519083969465649,0.007633587786259542,-2.198473282442748,-0.0458984375,0.094970703125,1.005859375,-0.3053435114503817,-1.4961832061068703,0.6106870229007634
333,1779651735.458757,0.0361328125,0.12109375,0.9033203125,-3.4885496183206106,-1.9389312977099236,-2.519083969465649,-0.0419921875,0.087158203125,1.011474609375,-0.06870229007633588,-1.3740458015267176,0.7099236641221374
334,1779651735.469834,0.039306640625,0.118408203125,0.90771484375,-3.66412213740458,0.1297709923664122,-2.236641221374046,-0.031982421875,0.09814453125,1.005859375,-0.24427480916030533,-1.4427480916030535,0.5343511450381679
335,1779651735.4808865,0.03662109375,0.11669921875,0.897705078125,-3.564885496183206,-1.9312977099236641,-2.3053435114503817,-0.040283203125,0.09619140625,1.0048828125,-0.19083969465648856,-1.4274809160305344,0.4961832061068702
336,1779651735.492016,0.0439453125,0.119384765625,0.90771484375,-3.50381679389313,-0.030534351145038167,-2.282442748091603,-0.0439453125,0.08984375,1.006591796875,-0.35877862595419846,-1.3740458015267176,0.8396946564885496
337,1779651735.5030842,0.041748046875,0.1220703125,0.906005859375,-3.549618320610687,0.09923664122137404,-2.3740458015267176,-0.0419921875,0.095703125,1.00244140625,-0.20610687022900764,-1.465648854961832,0.6641221374045801
338,1779651735.5141323,0.033935546875,0.12646484375,0.896484375,-3.4122137404580153,0.15267175572519084,-2.3893129770992365,-0.056884765625,0.108642578125,1.01025390625,-0.3893129770992366,-1.3282442748091603,0.6641221374045801
339,1779651735.5252109,0.037841796875,0.12353515625,0.900390625,-3.687022900763359,-0.030534351145038167,-2.3206106870229006,-0.0458984375,0.09423828125,1.01025390625,-0.183206106870229,-1.4427480916030535,0.48091603053435117
340,1779651735.5362842,0.041259765625,0.123046875,0.896240234375,-3.633587786259542,1.9465648854961832,-2.2900763358778624,-0.04931640625,0.10595703125,1.004150390625,-0.1297709923664122,-1.4961832061068703,0.6259541984732825
341,1779651735.5473344,0.03955078125,0.12060546875,0.9052734375,-3.549618320610687,0.03816793893129771,-2.114503816793893,-0.04638671875,0.093505859375,1.00390625,-0.2366412213740458,-1.4198473282442747,0.5954198473282443
342,1779651735.5583909,0.04150390625,0.11962890625,0.906982421875,-3.3893129770992365,-0.04580152671755725,-2.114503816793893,-0.042236328125,0.095947265625,1.007080078125,-0.1450381679389313,-1.3206106870229009,0.5648854961832062
343,1779651735.5694475,0.036376953125,0.116943359375,0.901123046875,-3.4580152671755724,0.2595419847328244,-2.1908396946564888,-0.04541015625,0.088134765625,1.000244140625,-0.26717557251908397,-1.4961832061068703,0.37404580152671757
344,1779651735.5805202,0.0400390625,0.12060546875,0.904296875,-3.618320610687023,-1.9312977099236641,-2.2748091603053435,-0.045654296875,0.091552734375,1.001708984375,-0.25190839694656486,-1.5190839694656488,0.4351145038167939
345,1779651735.5920448,0.042236328125,0.119873046875,0.8984375,-3.4885496183206106,0.13740458015267176,-2.2213740458015265,-0.043701171875,0.09326171875,1.001953125,-0.3435114503816794,-1.4885496183206106,0.5725190839694656
346,1779651735.6031532,0.036376953125,0.122314453125,0.90087890625,-3.618320610687023,-0.04580152671755725,-2.2977099236641223,-0.0478515625,0.09375,0.99755859375,-0.15267175572519084,-1.4351145038167938,0.648854961832061
347,1779651735.6142344,0.03759765625,0.1220703125,0.900390625,-3.4580152671755724,1.9083969465648856,-2.1908396946564888,-0.040771484375,0.091552734375,0.993896484375,-0.17557251908396945,-1.549618320610687,0.6030534351145038
348,1779651735.6252728,0.042236328125,0.11767578125,0.904052734375,-3.595419847328244,1.9236641221374047,-2.49618320610687,-0.043701171875,0.08984375,1.0009765625,-0.3053435114503817,-1.3969465648854962,0.648854961832061
349,1779651735.6363218,0.0380859375,0.118408203125,0.90185546875,-3.6259541984732824,-0.03816793893129771,-2.3969465648854964,-0.046142578125,0.092041015625,1.005126953125,-0.25190839694656486,-1.3511450381679388,0.4122137404580153
350,1779651735.6474009,0.039306640625,0.117431640625,0.898193359375,-3.7557251908396947,-1.9465648854961832,-2.16793893129771,-0.0458984375,0.091796875,1.003662109375,-0.1984732824427481,-1.3969465648854962,0.4122137404580153
351,1779651735.6584737,0.044921875,0.121826171875,0.90234375,-3.33587786259542,0.17557251908396945,-2.49618320610687,-0.0458984375,0.09375,1.013427734375,-0.44274809160305345,-1.2900763358778626,0.5572519083969466
352,1779651735.6695144,0.035888671875,0.12060546875,0.90478515625,-3.5877862595419847,0.26717557251908397,-2.282442748091603,-0.04345703125,0.092041015625,1.009033203125,-0.25190839694656486,-1.4045801526717556,0.7480916030534351
353,1779651735.6805594,0.03515625,0.1171875,0.89892578125,-3.5801526717557253,0.2748091603053435,-2.3435114503816794,-0.058349609375,0.081787109375,1.00048828125,-0.10687022900763359,-1.4427480916030535,0.549618320610687
354,1779651735.6915953,0.041259765625,0.1220703125,0.89794921875,-3.5877862595419847,0.09923664122137404,-2.3206106870229006,-0.048095703125,0.095947265625,1.003662109375,-0.2595419847328244,-1.2748091603053435,0.5267175572519084
355,1779651735.7026458,0.042236328125,0.123046875,0.901611328125,-3.4427480916030535,-0.04580152671755725,-2.267175572519084,-0.048095703125,0.095947265625,1.00830078125,-0.29770992366412213,-1.5725190839694656,0.48854961832061067
356,1779651735.7137666,0.043701171875,0.122802734375,0.893310546875,-3.5801526717557253,0.0916030534351145,-2.1755725190839694,-0.056884765625,0.095947265625,1.012939453125,-0.2748091603053435,-1.450381679389313,0.6030534351145038
357,1779651735.7256846,0.0361328125,0.116943359375,0.905029296875,-3.5343511450381677,0.31297709923664124,-2.33587786259542,-0.0478515625,0.09521484375,1.01171875,-0.2900763358778626,-1.3587786259541985,0.7251908396946565
358,1779651735.7375994,0.0400390625,0.119873046875,0.89794921875,-3.4885496183206106,0.19083969465648856,-2.2061068702290076,-0.044677734375,0.09716796875,0.98681640625,-0.16030534351145037,-1.5648854961832062,0.5114503816793893
359,1779651735.7495146,0.03955078125,0.116943359375,0.896728515625,-3.4656488549618323,0.22900763358778625,-2.1068702290076335,-0.04833984375,0.0986328125,1.00146484375,-0.13740458015267176,-1.4045801526717556,0.4732824427480916
360,1779651735.7615,0.043212890625,0.11962890625,0.8974609375,-3.5801526717557253,0.16030534351145037,-2.427480916030534,-0.0458984375,0.091552734375,0.999755859375,-0.1450381679389313,-1.3282442748091603,0.5725190839694656
361,1779651735.7734423,0.035888671875,0.1279296875,0.89892578125,-3.6106870229007635,0.11450381679389313,-2.282442748091603,-0.04736328125,0.094482421875,1.000732421875,-0.29770992366412213,-1.366412213740458,0.6335877862595419
362,1779651735.7853732,0.044677734375,0.123046875,0.892578125,-3.6030534351145036,-0.08396946564885496,-2.2442748091603053,-0.044921875,0.088623046875,1.0078125,-0.33587786259541985,-1.4580152671755726,0.6412213740458015
363,1779651735.797319,0.036376953125,0.1201171875,0.899658203125,-3.4885496183206106,0.12213740458015267,-2.1755725190839694,-0.046142578125,0.0947265625,1.00439453125,-0.26717557251908397,-1.297709923664122,0.5954198473282443
364,1779651735.8092382,0.038818359375,0.121826171875,0.90625,-3.5801526717557253,-1.9541984732824427,-2.3740458015267176,-0.04736328125,0.099365234375,1.001220703125,-0.16793893129770993,-1.618320610687023,0.648854961832061
365,1779651735.8211823,0.03857421875,0.115478515625,0.903076171875,-3.6717557251908395,0.022900763358778626,-2.2748091603053435,-0.048583984375,0.09130859375,1.003662109375,-0.3893129770992366,-1.3511450381679388,0.6183206106870229
366,1779651735.8331087,0.041748046875,0.123779296875,0.9033203125,-3.572519083969466,-0.05343511450381679,-2.3435114503816794,-0.045654296875,0.09130859375,1.002685546875,-0.3969465648854962,-1.4351145038167938,0.37404580152671757
367,1779651735.845059,0.03466796875,0.118408203125,0.90869140625,-3.519083969465649,-1.900763358778626,-2.312977099236641,-0.045654296875,0.097900390625,1.00390625,-0.24427480916030533,-1.3053435114503817,0.5877862595419847
368,1779651735.85702,0.037841796875,0.12255859375,0.905029296875,-3.50381679389313,-0.061068702290076333,-2.099236641221374,-0.037109375,0.1044921875,0.99365234375,-0.1297709923664122,-1.4427480916030535,0.5343511450381679
369,1779651735.8689454,0.039794921875,0.116455078125,0.9013671875,-3.572519083969466,0.030534351145038167,-2.2213740458015265,-0.033447265625,0.10791015625,1.00341796875,-0.2595419847328244,-1.5114503816793894,0.42748091603053434
370,1779651735.8811195,0.036376953125,0.12255859375,0.900390625,-3.427480916030534,0.061068702290076333,-2.183206106870229,-0.042236328125,0.096923828125,1.002685546875,-0.08396946564885496,-1.3969465648854962,0.6030534351145038
371,1779651735.893087,0.0380859375,0.121826171875,0.897216796875,-3.6106870229007635,0.12213740458015267,-2.1526717557251906,-0.045166015625,0.09326171875,1.010498046875,-0.2900763358778626,-1.5648854961832062,0.6793893129770993
372,1779651735.9050522,0.03564453125,0.118408203125,0.89453125,-3.4198473282442747,0.015267175572519083,-2.213740458015267,-0.04345703125,0.095947265625,1.0,-0.3053435114503817,-1.3282442748091603,0.5725190839694656
373,1779651735.9170246,0.03564453125,0.125732421875,0.90234375,-3.4427480916030535,0.15267175572519084,-2.381679389312977,-0.048583984375,0.091552734375,0.99951171875,-0.2748091603053435,-1.4580152671755726,0.6259541984732825
374,1779651735.929002,0.03515625,0.12744140625,0.898193359375,-3.6793893129770994,1.9312977099236641,-2.3282442748091605,-0.04541015625,0.094482421875,0.9970703125,-0.1984732824427481,-1.381679389312977,0.5190839694656488
375,1779651735.9409666,0.039794921875,0.11962890625,0.895751953125,-3.5801526717557253,-0.07633587786259542,-2.366412213740458,-0.0498046875,0.10107421875,1.01513671875,-0.25190839694656486,-1.4885496183206106,0.5877862595419847
376,1779651735.9529324,0.037841796875,0.120849609375,0.893310546875,-3.450381679389313,0.16030534351145037,-2.351145038167939,-0.04638671875,0.079345703125,1.002685546875,-0.15267175572519084,-1.3511450381679388,0.5801526717557252
377,1779651735.9648657,0.036376953125,0.123046875,0.90087890625,-3.6259541984732824,-0.12213740458015267,-2.3053435114503817,-0.04541015625,0.0986328125,1.002685546875,-0.22137404580152673,-1.4274809160305344,0.6106870229007634
378,1779651735.9768074,0.041748046875,0.124755859375,0.88623046875,-3.366412213740458,0.061068702290076333,-2.3053435114503817,-0.039306640625,0.08154296875,1.004150390625,-0.25190839694656486,-1.3206106870229009,0.6641221374045801
379,1779651735.9887373,0.034423828125,0.119140625,0.89599609375,-3.5801526717557253,0.17557251908396945,-2.381679389312977,-0.037353515625,0.081298828125,1.002685546875,-0.16030534351145037,-1.5572519083969465,0.48091603053435117
380,1779651736.000664,0.037353515625,0.1240234375,0.89599609375,-3.3587786259541983,0.22900763358778625,-2.2595419847328246,-0.0458984375,0.10791015625,1.001708984375,-0.2748091603053435,-1.297709923664122,0.4961832061068702
381,1779651736.012592,0.033203125,0.118896484375,0.895751953125,-3.50381679389313,0.06870229007633588,-2.122137404580153,-0.051513671875,0.10888671875,1.006103515625,-0.1984732824427481,-1.534351145038168,0.6641221374045801
382,1779651736.024561,0.037841796875,0.1201171875,0.90185546875,-3.49618320610687,0.030534351145038167,-2.1374045801526718,-0.045654296875,0.099365234375,0.995361328125,-0.1297709923664122,-1.366412213740458,0.648854961832061
383,1779651736.036509,0.040771484375,0.117919921875,0.90380859375,-3.5877862595419847,0.007633587786259542,-2.1374045801526718,-0.052001953125,0.091064453125,1.004150390625,-0.0916030534351145,-1.5190839694656488,0.3893129770992366
384,1779651736.0484576,0.033203125,0.134765625,0.90087890625,-3.4885496183206106,0.07633587786259542,-2.33587786259542,-0.04541015625,0.100830078125,1.002685546875,-0.26717557251908397,-1.381679389312977,0.6793893129770993
385,1779651736.0603957,0.04541015625,0.1142578125,0.8955078125,-3.427480916030534,0.11450381679389313,-2.3587786259541983,-0.042724609375,0.089599609375,1.0126953125,-0.2595419847328244,-1.297709923664122,0.5725190839694656
386,1779651736.0723274,0.0400390625,0.123291015625,0.8994140625,-3.4427480916030535,0.13740458015267176,-2.2290076335877864,-0.051513671875,0.09228515625,1.000732421875,-0.29770992366412213,-1.381679389312977,0.6335877862595419
387,1779651736.0842695,0.041015625,0.125,0.899169921875,-3.5877862595419847,0.0,-2.2061068702290076,-0.04541015625,0.091064453125,1.011474609375,-0.3053435114503817,-1.5877862595419847,0.5954198473282443
388,1779651736.0961952,0.037353515625,0.119140625,0.89697265625,-3.5877862595419847,0.1450381679389313,-2.2519083969465647,-0.043701171875,0.09423828125,1.0068359375,-0.24427480916030533,-1.4045801526717556,0.5419847328244275
389,1779651736.1081154,0.0380859375,0.11865234375,0.89990234375,-3.6946564885496183,-0.0916030534351145,-2.1755725190839694,-0.047607421875,0.087158203125,0.992919921875,-0.29770992366412213,-1.366412213740458,0.6259541984732825
390,1779651736.120062,0.0390625,0.115478515625,0.900146484375,-3.648854961832061,0.0916030534351145,-2.1755725190839694,-0.046875,0.106689453125,1.005859375,-0.3969465648854962,-1.4198473282442747,0.6717557251908397
391,1779651736.1320074,0.034423828125,0.11767578125,0.893798828125,-3.6030534351145036,0.1297709923664122,-2.3435114503816794,-0.031494140625,0.08935546875,1.0009765625,-0.44274809160305345,-1.3740458015267176,0.6412213740458015
392,1779651736.1439621,0.042724609375,0.12060546875,0.8974609375,-3.450381679389313,0.015267175572519083,-2.351145038167939,-0.04248046875,0.087890625,0.997802734375,-0.3816793893129771,-1.465648854961832,0.6259541984732825
393,1779651736.1559095,0.041015625,0.122802734375,0.89453125,-3.564885496183206,-0.07633587786259542,-2.0916030534351147,-0.04345703125,0.095458984375,0.995361328125,-0.32061068702290074,-1.4809160305343512,0.7022900763358778
394,1779651736.1678724,0.038330078125,0.12353515625,0.909423828125,-3.6793893129770994,1.9236641221374047,-2.16793893129771,-0.0400390625,0.084716796875,1.0126953125,-0.19083969465648856,-1.4885496183206106,0.6183206106870229
395,1779651736.1798246,0.042724609375,0.11474609375,0.900146484375,-3.5419847328244276,0.04580152671755725,-2.183206106870229,-0.04541015625,0.090087890625,1.00341796875,-0.32061068702290074,-1.4045801526717556,0.6717557251908397
396,1779651736.1917403,0.03515625,0.119873046875,0.898193359375,-3.3587786259541983,0.015267175572519083,-2.2213740458015265,-0.033203125,0.092041015625,1.00439453125,-0.19083969465648856,-1.3587786259541985,0.6793893129770993
397,1779651736.2036676,0.039306640625,0.124755859375,0.902099609375,-3.5572519083969465,0.11450381679389313,-2.183206106870229,-0.046875,0.095458984375,1.00439453125,-0.2900763358778626,-1.3282442748091603,0.5725190839694656
398,1779651736.2155876,0.041748046875,0.119873046875,0.904541015625,-3.5419847328244276,-0.2900763358778626,-2.2977099236641223,-0.050537109375,0.08837890625,1.0009765625,-0.2900763358778626,-1.4427480916030535,0.5114503816793893
399,1779651736.2275543,0.03662109375,0.1142578125,0.899658203125,-3.5877862595419847,-0.030534351145038167,-2.2519083969465647,-0.044921875,0.099365234375,1.003662109375,-0.2595419847328244,-1.4045801526717556,0.7480916030534351
400,1779651736.2394702,0.039794921875,0.121337890625,0.906005859375,-3.6030534351145036,0.0916030534351145,-2.2519083969465647,-0.0517578125,0.097900390625,1.0029296875,-0.183206106870229,-1.4961832061068703,0.6412213740458015
401,1779651736.2515566,0.035400390625,0.117919921875,0.912841796875,-3.5114503816793894,-0.03816793893129771,-2.2977099236641223,-0.051025390625,0.078369140625,1.010498046875,-0.32061068702290074,-1.381679389312977,0.5801526717557252
402,1779651736.2636254,0.0390625,0.115966796875,0.902099609375,-3.595419847328244,-0.0916030534351145,-2.2748091603053435,-0.05615234375,0.09130859375,1.005615234375,-0.4198473282442748,-1.633587786259542,0.6335877862595419
403,1779651736.2755835,0.0390625,0.119140625,0.904541015625,-3.4122137404580153,1.9236641221374047,-2.122137404580153,-0.061279296875,0.080078125,1.001953125,-0.25190839694656486,-1.5648854961832062,0.7099236641221374
404,1779651736.2875543,0.03759765625,0.119873046875,0.900390625,-3.5801526717557253,0.05343511450381679,-2.282442748091603,-0.0341796875,0.080810546875,1.007080078125,-0.2748091603053435,-1.3893129770992367,0.48854961832061067
405,1779651736.299537,0.0380859375,0.12158203125,0.891845703125,-3.4580152671755724,-0.04580152671755725,-2.4732824427480917,-0.04345703125,0.097900390625,1.00341796875,-0.0916030534351145,-1.4045801526717556,0.5725190839694656
406,1779651736.3114793,0.042236328125,0.1259765625,0.90576171875,-3.6412213740458017,-0.022900763358778626,-2.366412213740458,-0.04443359375,0.090576171875,1.00341796875,-0.3282442748091603,-1.6030534351145038,0.6793893129770993
407,1779651736.3237011,0.037109375,0.12109375,0.902587890625,-3.450381679389313,0.04580152671755725,-2.267175572519084,-0.0478515625,0.093505859375,1.000732421875,-0.16793893129770993,-1.3511450381679388,0.648854961832061
408,1779651736.3356435,0.038330078125,0.121337890625,0.89697265625,-3.5267175572519083,-0.05343511450381679,-2.198473282442748,-0.046630859375,0.093017578125,1.001953125,-0.22137404580152673,-1.3587786259541985,0.5419847328244275
409,1779651736.3475745,0.037353515625,0.119384765625,0.892822265625,-3.4656488549618323,0.13740458015267176,-2.4427480916030535,-0.046142578125,0.0927734375,1.003173828125,-0.2366412213740458,-1.5267175572519085,0.5725190839694656
410,1779651736.3595421,0.04296875,0.12255859375,0.896728515625,-3.49618320610687,-0.11450381679389313,-2.030534351145038,-0.03955078125,0.10595703125,1.0048828125,-0.2748091603053435,-1.4122137404580153,0.5954198473282443
411,1779651736.3714569,0.037109375,0.117919921875,0.899658203125,-3.5572519083969465,0.09923664122137404,-2.1908396946564888,-0.045166015625,0.082763671875,1.0087890625,-0.21374045801526717,-1.4580152671755726,0.5725190839694656
412,1779651736.383426,0.039794921875,0.123291015625,0.900146484375,-3.4427480916030535,0.15267175572519084,-2.3587786259541983,-0.043701171875,0.078369140625,0.986572265625,-0.2748091603053435,-1.5267175572519085,0.5267175572519084
413,1779651736.3953917,0.0419921875,0.124267578125,0.8935546875,-3.6412213740458017,-0.061068702290076333,-2.2442748091603053,-0.04345703125,0.08203125,1.00048828125,-0.0916030534351145,-1.4580152671755726,0.5267175572519084
414,1779651736.4073226,0.042236328125,0.11767578125,0.9013671875,-3.3740458015267176,0.08396946564885496,-2.2748091603053435,-0.060791015625,0.099365234375,1.006103515625,-0.1297709923664122,-1.3893129770992367,0.5572519083969466
415,1779651736.4192932,0.04150390625,0.119384765625,0.893310546875,-3.7022900763358777,-0.007633587786259542,-2.145038167938931,-0.033935546875,0.093017578125,1.005615234375,-0.3282442748091603,-1.450381679389313,0.6641221374045801
416,1779651736.4312243,0.03857421875,0.11767578125,0.895263671875,-3.6259541984732824,0.030534351145038167,-2.213740458015267,-0.045166015625,0.09423828125,0.99462890625,-0.2748091603053435,-1.5114503816793894,0.4961832061068702
417,1779651736.4431434,0.03662109375,0.12451171875,0.89794921875,-3.801526717557252,-0.030534351145038167,-2.366412213740458,-0.043212890625,0.0927734375,1.006103515625,-0.37404580152671757,-1.381679389312977,0.4580152671755725
418,1779651736.455137,0.04296875,0.11962890625,0.89599609375,-3.5419847328244276,-0.030534351145038167,-2.236641221374046,-0.0458984375,0.098388671875,1.003662109375,-0.2366412213740458,-1.5572519083969465,0.6641221374045801
419,1779651736.4670928,0.03466796875,0.119140625,0.9033203125,-3.5267175572519083,-0.06870229007633588,-2.282442748091603,-0.04736328125,0.090576171875,1.00537109375,-0.26717557251908397,-1.4580152671755726,0.5725190839694656
420,1779651736.4790456,0.041259765625,0.12353515625,0.900146484375,-3.633587786259542,0.11450381679389313,-2.480916030534351,-0.040771484375,0.091064453125,1.001708984375,-0.022900763358778626,-1.4198473282442747,0.6106870229007634
421,1779651736.4909673,0.04443359375,0.123779296875,0.898193359375,-3.5267175572519083,0.11450381679389313,-2.1908396946564888,-0.0400390625,0.094970703125,1.0068359375,-0.24427480916030533,-1.4885496183206106,0.5877862595419847
422,1779651736.5029275,0.03515625,0.12060546875,0.897705078125,-3.480916030534351,-0.10687022900763359,-2.213740458015267,-0.052978515625,0.086669921875,1.0009765625,-0.24427480916030533,-1.4580152671755726,0.6259541984732825
423,1779651736.514888,0.03564453125,0.11962890625,0.921142578125,-3.564885496183206,-0.022900763358778626,-2.2290076335877864,-0.048583984375,0.09716796875,1.00830078125,-0.1984732824427481,-1.4885496183206106,0.6335877862595419
424,1779651736.526808,0.03857421875,0.116943359375,0.900634765625,-3.5877862595419847,0.13740458015267176,-2.1374045801526718,-0.045654296875,0.096435546875,1.015380859375,-0.2748091603053435,-1.3511450381679388,0.6030534351145038
425,1779651736.5387552,0.03662109375,0.118408203125,0.90380859375,-3.648854961832061,0.12213740458015267,-2.3206106870229006,-0.04052734375,0.0888671875,0.987548828125,-0.3816793893129771,-1.4732824427480915,0.48091603053435117
426,1779651736.5506487,0.036376953125,0.1220703125,0.897216796875,-3.480916030534351,0.0916030534351145,-2.213740458015267,-0.0458984375,0.100830078125,1.00927734375,-0.40458015267175573,-1.4122137404580153,0.5114503816793893
427,1779651736.5625904,0.036376953125,0.111083984375,0.898193359375,-3.4580152671755724,0.17557251908396945,-2.3740458015267176,-0.0517578125,0.0966796875,1.0048828125,-0.3053435114503817,-1.381679389312977,0.4198473282442748
428,1779651736.5745163,0.039794921875,0.1171875,0.901611328125,-3.3893129770992365,1.9465648854961832,-2.2900763358778624,-0.062255859375,0.09423828125,0.98681640625,-0.1450381679389313,-1.5572519083969465,0.6717557251908397
429,1779651736.5868378,0.041259765625,0.1201171875,0.904541015625,-3.3969465648854964,0.06870229007633588,-2.427480916030534,-0.04296875,0.09130859375,1.010986328125,-0.24427480916030533,-1.3206106870229009,0.7404580152671756
430,1779651736.5990279,0.035888671875,0.125244140625,0.899169921875,-3.7480916030534353,-0.007633587786259542,-2.4198473282442747,-0.041259765625,0.079345703125,1.0107421875,-0.19083969465648856,-1.3969465648854962,0.5648854961832062
431,1779651736.6110003,0.035888671875,0.119140625,0.900634765625,-3.4885496183206106,0.05343511450381679,-2.213740458015267,-0.0322265625,0.096923828125,1.00634765625,-0.22137404580152673,-1.465648854961832,0.6030534351145038
432,1779651736.6230607,0.037109375,0.1201171875,0.899169921875,-3.4656488549618323,-0.09923664122137404,-2.2519083969465647,-0.05810546875,0.093994140625,1.007568359375,-0.1450381679389313,-1.450381679389313,0.6183206106870229
433,1779651736.6349926,0.043212890625,0.122314453125,0.903076171875,-3.4122137404580153,0.03816793893129771,-2.1297709923664123,-0.05126953125,0.10791015625,1.01416015625,-0.2748091603053435,-1.4580152671755726,0.5954198473282443
434,1779651736.6469727,0.035888671875,0.121826171875,0.89404296875,-3.50381679389313,0.20610687022900764,-2.3206106870229006,-0.044189453125,0.088623046875,1.002685546875,-0.15267175572519084,-1.3969465648854962,0.6259541984732825
435,1779651736.6589558,0.03369140625,0.12451171875,0.90185546875,-3.4427480916030535,0.08396946564885496,-2.2748091603053435,-0.04296875,0.09765625,0.998046875,-0.2824427480916031,-1.3053435114503817,0.5648854961832062
436,1779651736.6709373,0.03857421875,0.12060546875,0.90185546875,-3.6259541984732824,-0.06870229007633588,-2.4656488549618323,-0.04150390625,0.087646484375,1.0107421875,-0.2748091603053435,-1.4809160305343512,0.5267175572519084
437,1779651736.6828845,0.03955078125,0.1171875,0.9013671875,-3.564885496183206,0.20610687022900764,-2.2442748091603053,-0.044677734375,0.088134765625,1.0087890625,-0.3816793893129771,-1.5572519083969465,0.732824427480916
438,1779651736.6947753,0.041259765625,0.11474609375,0.907958984375,-3.5572519083969465,0.04580152671755725,-2.2595419847328246,-0.04150390625,0.091064453125,1.0078125,-0.24427480916030533,-1.450381679389313,0.5572519083969466
439,1779651736.7066994,0.0341796875,0.115966796875,0.8984375,-3.519083969465649,-1.9236641221374047,-2.2290076335877864,-0.04296875,0.095458984375,1.013427734375,-0.35877862595419846,-1.3282442748091603,0.42748091603053434
440,1779651736.7186613,0.037841796875,0.121826171875,0.902099609375,-3.6564885496183206,-0.06870229007633588,-2.145038167938931,-0.04345703125,0.091552734375,1.0078125,-0.33587786259541985,-1.4961832061068703,0.5419847328244275
441,1779651736.7305856,0.04443359375,0.11865234375,0.893798828125,-3.572519083969466,0.0916030534351145,-2.122137404580153,-0.032470703125,0.084716796875,1.00048828125,-0.33587786259541985,-1.5114503816793894,0.48854961832061067
442,1779651736.7424881,0.042724609375,0.125,0.903076171875,-3.4198473282442747,0.06870229007633588,-2.213740458015267,-0.04150390625,0.078369140625,1.006591796875,-0.15267175572519084,-1.5038167938931297,0.5877862595419847
443,1779651736.7546928,0.03857421875,0.12255859375,0.898193359375,-3.4732824427480917,1.9389312977099236,-2.2900763358778624,-0.060791015625,0.087158203125,0.9912109375,-0.3893129770992366,-1.534351145038168,0.5572519083969466
444,1779651736.7666376,0.039306640625,0.138427734375,0.896240234375,-3.5419847328244276,-1.9541984732824427,-2.3587786259541983,-0.060302734375,0.101806640625,1.0048828125,-0.19083969465648856,-1.549618320610687,0.4732824427480916
445,1779651736.7785947,0.034423828125,0.12060546875,0.911865234375,-3.5419847328244276,0.0,-2.33587786259542,-0.0400390625,0.093017578125,1.0048828125,-0.09923664122137404,-1.4427480916030535,0.5419847328244275
446,1779651736.7904868,0.04345703125,0.12255859375,0.89306640625,-3.5267175572519083,0.030534351145038167,-1.9618320610687023,-0.048828125,0.092041015625,1.00244140625,-0.16793893129770993,-1.3740458015267176,0.6106870229007634
447,1779651736.8024766,0.04248046875,0.122314453125,0.897216796875,-3.633587786259542,-0.03816793893129771,-2.50381679389313,-0.047119140625,0.090087890625,1.004150390625,-0.2366412213740458,-1.3511450381679388,0.5419847328244275
448,1779651736.8144722,0.04296875,0.1240234375,0.89404296875,-3.5877862595419847,0.16030534351145037,-2.2061068702290076,-0.044189453125,0.096435546875,1.015380859375,-0.24427480916030533,-1.297709923664122,0.6030534351145038
449,1779651736.8264778,0.03662109375,0.124267578125,0.8994140625,-3.450381679389313,0.0,-2.2213740458015265,-0.048583984375,0.093994140625,0.98876953125,-0.25190839694656486,-1.5038167938931297,0.648854961832061
450,1779651736.8384883,0.041748046875,0.116943359375,0.8984375,-3.5343511450381677,0.04580152671755725,-2.3206106870229006,-0.044189453125,0.0810546875,0.996826171875,-0.15267175572519084,-1.4198473282442747,0.5572519083969466
451,1779651736.8504822,0.038818359375,0.12109375,0.897216796875,-3.6946564885496183,0.015267175572519083,-2.236641221374046,-0.0419921875,0.078125,1.00830078125,-0.2900763358778626,-1.2290076335877862,0.5572519083969466
452,1779651736.862393,0.040283203125,0.120849609375,0.899169921875,-3.648854961832061,0.0916030534351145,-2.312977099236641,-0.040283203125,0.0791015625,0.998046875,-0.2748091603053435,-1.5419847328244274,0.5954198473282443
453,1779651736.8743083,0.03662109375,0.123291015625,0.891357421875,-3.6412213740458017,0.22137404580152673,-2.4427480916030535,-0.04296875,0.10546875,1.001220703125,-0.40458015267175573,-1.450381679389313,0.6183206106870229
454,1779651736.8862188,0.04248046875,0.125,0.90185546875,-3.5267175572519083,0.09923664122137404,-2.3435114503816794,-0.0341796875,0.10107421875,1.008056640625,-0.16793893129770993,-1.3511450381679388,0.5190839694656488
455,1779651736.8981378,0.043701171875,0.114013671875,0.904052734375,-3.549618320610687,0.06870229007633588,-2.16793893129771,-0.04443359375,0.093505859375,1.01123046875,-0.25190839694656486,-1.4122137404580153,0.5114503816793893
456,1779651736.9100888,0.0341796875,0.119873046875,0.892822265625,-3.480916030534351,0.25190839694656486,-2.282442748091603,-0.04638671875,0.1083984375,1.004638671875,-0.44274809160305345,-1.4351145038167938,0.5725190839694656
457,1779651736.9220564,0.041748046875,0.116943359375,0.902099609375,-3.5114503816793894,0.04580152671755725,-2.0916030534351147,-0.04296875,0.09765625,1.01025390625,-0.2748091603053435,-1.5725190839694656,0.6106870229007634
458,1779651736.934032,0.035400390625,0.120849609375,0.894287109375,-3.549618320610687,0.21374045801526717,-2.3282442748091605,-0.0478515625,0.0869140625,1.008056640625,-0.2748091603053435,-1.366412213740458,0.5267175572519084
459,1779651736.946026,0.040283203125,0.117919921875,0.892822265625,-3.7022900763358777,1.9312977099236641,-2.3587786259541983,-0.04345703125,0.095703125,1.007080078125,-0.2824427480916031,-1.4198473282442747,0.6106870229007634
460,1779651736.9580293,0.03857421875,0.12060546875,0.9033203125,-3.564885496183206,-0.03816793893129771,-2.1908396946564888,-0.046630859375,0.09326171875,0.99951171875,-0.1450381679389313,-1.4351145038167938,0.8015267175572519
461,1779651736.9700289,0.03955078125,0.11669921875,0.90087890625,-3.687022900763359,0.08396946564885496,-2.366412213740458,-0.048583984375,0.088134765625,1.00048828125,-0.183206106870229,-1.4045801526717556,0.48854961832061067
462,1779651736.9820144,0.03515625,0.119873046875,0.904296875,-3.6946564885496183,0.015267175572519083,-2.122137404580153,-0.034423828125,0.08203125,0.98583984375,-0.29770992366412213,-1.4580152671755726,0.4961832061068702
463,1779651736.9940221,0.041015625,0.121337890625,0.90087890625,-3.6106870229007635,0.05343511450381679,-1.9923664122137406,-0.044189453125,0.0810546875,1.0078125,-0.19083969465648856,-1.3282442748091603,0.5419847328244275
464,1779651737.0060258,0.0390625,0.119140625,0.904541015625,-3.49618320610687,0.06870229007633588,-2.2290076335877864,-0.037109375,0.09423828125,1.0126953125,-0.24427480916030533,-1.3053435114503817,0.6793893129770993
465,1779651737.0180132,0.037109375,0.115234375,0.8984375,-3.50381679389313,0.17557251908396945,-2.312977099236641,-0.044677734375,0.108642578125,1.00830078125,-0.26717557251908397,-1.618320610687023,0.5343511450381679
466,1779651737.0300264,0.041259765625,0.119140625,0.894775390625,-3.7786259541984735,-1.9465648854961832,-2.2442748091603053,-0.043212890625,0.0986328125,1.0029296875,-0.33587786259541985,-1.5114503816793894,0.5954198473282443
467,1779651737.0420256,0.041259765625,0.1259765625,0.897705078125,-3.480916030534351,-0.030534351145038167,-2.3740458015267176,-0.0478515625,0.09228515625,1.011962890625,-0.20610687022900764,-1.5801526717557253,0.6335877862595419
468,1779651737.0540366,0.021728515625,0.1220703125,0.900390625,-3.450381679389313,0.13740458015267176,-2.0763358778625953,-0.04150390625,0.09326171875,1.010009765625,-0.19083969465648856,-1.3969465648854962,0.648854961832061
469,1779651737.0660226,0.03515625,0.1201171875,0.905029296875,-3.6946564885496183,-0.022900763358778626,-2.351145038167939,-0.04736328125,0.08935546875,1.008544921875,1.916030534351145,-1.5267175572519085,0.5954198473282443
470,1779651737.078009,0.035888671875,0.120361328125,0.900390625,-3.7404580152671754,0.15267175572519084,-2.3435114503816794,-0.04296875,0.09765625,1.002197265625,-0.32061068702290074,-1.5038167938931297,0.4198473282442748
471,1779651737.0900185,0.034423828125,0.11865234375,0.902099609375,-3.572519083969466,0.16030534351145037,-2.236641221374046,-0.033203125,0.103271484375,1.003662109375,-0.22137404580152673,-1.5190839694656488,0.648854961832061
472,1779651737.1020212,0.037353515625,0.119140625,0.906982421875,-3.4656488549618323,0.05343511450381679,-2.3435114503816794,-0.033935546875,0.092041015625,1.008544921875,-0.32061068702290074,-1.3969465648854962,0.48854961832061067
473,1779651737.1140227,0.039306640625,0.125,0.899658203125,-3.4732824427480917,-0.05343511450381679,-2.3053435114503817,-0.0439453125,0.09716796875,0.997802734375,-0.22900763358778625,-1.465648854961832,0.5572519083969466
474,1779651737.12604,0.037353515625,0.11962890625,0.889892578125,-3.4427480916030535,0.04580152671755725,-2.427480916030534,-0.04736328125,0.09130859375,1.00927734375,-0.2900763358778626,-1.465648854961832,0.7480916030534351
475,1779651737.1380286,0.041748046875,0.119384765625,0.9052734375,-3.595419847328244,-1.9312977099236641,-2.236641221374046,-0.046875,0.088623046875,1.001220703125,-0.4122137404580153,-1.4274809160305344,0.42748091603053434
476,1779651737.1500185,0.041015625,0.12158203125,0.895751953125,-3.6106870229007635,0.015267175572519083,-2.145038167938931,-0.04345703125,0.094970703125,1.0,-0.19083969465648856,-1.4427480916030535,0.6717557251908397
477,1779651737.1620052,0.0419921875,0.119140625,0.90576171875,-3.6259541984732824,-0.183206106870229,-2.1755725190839694,-0.0458984375,0.089599609375,1.01171875,-0.3053435114503817,-1.3511450381679388,0.5801526717557252
478,1779651737.174002,0.040283203125,0.119873046875,0.894775390625,-3.5419847328244276,-1.9465648854961832,-2.3282442748091605,-0.0556640625,0.078369140625,1.000732421875,-0.24427480916030533,-1.465648854961832,0.5877862595419847
479,1779651737.1860058,0.03955078125,0.1181640625,0.893310546875,-3.50381679389313,1.8931297709923665,-2.3053435114503817,-0.0419921875,0.089599609375,0.994873046875,-0.3969465648854962,-1.450381679389313,0.5419847328244275
480,1779651737.1982543,0.03515625,0.120849609375,0.892333984375,-3.595419847328244,0.24427480916030533,-2.4427480916030535,-0.048583984375,0.09619140625,1.005126953125,-0.31297709923664124,-1.2595419847328244,0.6641221374045801
481,1779651737.2103312,0.038818359375,0.12353515625,0.89990234375,-3.4656488549618323,0.16793893129770993,-2.3740458015267176,-0.041259765625,0.095703125,1.003662109375,-0.2748091603053435,-1.3129770992366412,0.6641221374045801
482,1779651737.2222817,0.036865234375,0.1220703125,0.901123046875,-3.5572519083969465,0.12213740458015267,-2.351145038167939,-0.05029296875,0.087158203125,1.0126953125,-0.2824427480916031,-1.549618320610687,0.42748091603053434
483,1779651737.234206,0.0341796875,0.10986328125,0.901123046875,-3.5114503816793894,-0.11450381679389313,-2.1908396946564888,-0.04443359375,0.095947265625,0.998779296875,-0.366412213740458,-1.5190839694656488,0.6793893129770993
484,1779651737.2461252,0.042724609375,0.122314453125,0.896484375,-3.519083969465649,0.061068702290076333,-2.2061068702290076,-0.044189453125,0.093505859375,1.00390625,-0.22900763358778625,-1.2671755725190839,0.5190839694656488
485,1779651737.2580833,0.04150390625,0.12060546875,0.91943359375,-3.3740458015267176,1.9236641221374047,-2.3969465648854964,-0.0439453125,0.10888671875,1.00927734375,-0.1450381679389313,-1.5038167938931297,0.5267175572519084
486,1779651737.2700367,0.0400390625,0.119873046875,0.892822265625,-3.618320610687023,-1.9541984732824427,-2.381679389312977,-0.044921875,0.09423828125,0.99609375,-0.366412213740458,-1.4045801526717556,0.5114503816793893
487,1779651737.2820258,0.03662109375,0.1171875,0.901123046875,-3.7557251908396947,0.2595419847328244,-2.2290076335877864,-0.043212890625,0.082275390625,1.002197265625,-0.22900763358778625,-1.3969465648854962,0.6106870229007634
488,1779651737.2940114,0.03857421875,0.1162109375,0.898193359375,-3.7022900763358777,-0.08396946564885496,-2.2519083969465647,-0.060546875,0.094482421875,1.0009765625,-0.11450381679389313,-1.4122137404580153,0.5572519083969466
489,1779651737.3059962,0.038330078125,0.117919921875,0.892333984375,-3.5877862595419847,0.21374045801526717,-2.122137404580153,-0.052490234375,0.10009765625,1.00244140625,-0.2900763358778626,-1.4885496183206106,0.6259541984732825
490,1779651737.3179798,0.03271484375,0.11767578125,0.903564453125,-3.49618320610687,-0.09923664122137404,-2.282442748091603,-0.046142578125,0.095458984375,1.0107421875,-0.29770992366412213,-1.366412213740458,0.5725190839694656
491,1779651737.330032,0.035400390625,0.118408203125,0.90087890625,-3.282442748091603,0.08396946564885496,-2.366412213740458,-0.042724609375,0.09375,1.002197265625,-0.2595419847328244,-1.366412213740458,0.4961832061068702
492,1779651737.3419998,0.039306640625,0.115234375,0.905029296875,-3.5114503816793894,0.11450381679389313,-2.3206106870229006,-0.041015625,0.09423828125,1.00732421875,-0.16030534351145037,-1.5267175572519085,0.5877862595419847
493,1779651737.3539627,0.04052734375,0.115478515625,0.892333984375,-3.633587786259542,-0.030534351145038167,-2.198473282442748,-0.0322265625,0.09130859375,1.0126953125,-0.2824427480916031,-1.4427480916030535,0.7786259541984732
494,1779651737.3660111,0.044921875,0.122314453125,0.9013671875,-3.5114503816793894,-0.06870229007633588,-2.312977099236641,-0.04541015625,0.0908203125,1.007568359375,-0.2824427480916031,-1.4885496183206106,0.7862595419847328
495,1779651737.3779898,0.038818359375,0.117919921875,0.893310546875,-3.5343511450381677,0.08396946564885496,-2.33587786259542,-0.04150390625,0.10791015625,0.98974609375,-0.26717557251908397,-1.4198473282442747,0.48091603053435117
496,1779651737.3899987,0.041259765625,0.118408203125,0.89404296875,-3.549618320610687,-0.061068702290076333,-2.2519083969465647,-0.031982421875,0.09375,0.994384765625,-0.2366412213740458,-1.5114503816793894,0.5419847328244275
497,1779651737.4020154,0.03955078125,0.1376953125,0.890625,-3.4580152671755724,1.9083969465648856,-2.1526717557251906,-0.0478515625,0.093505859375,1.009765625,-0.32061068702290074,-1.5190839694656488,0.6412213740458015
498,1779651737.4140007,0.0419921875,0.116455078125,0.8994140625,-3.4732824427480917,0.015267175572519083,-2.2442748091603053,-0.042236328125,0.09228515625,1.000244140625,-0.08396946564885496,-1.4580152671755726,0.6106870229007634
499,1779651737.4260626,0.039794921875,0.119384765625,0.903076171875,-3.5801526717557253,0.19083969465648856,-2.381679389312977,-0.043212890625,0.0966796875,1.010986328125,-0.2595419847328244,-1.465648854961832,0.5343511450381679
500,1779651737.4380372,0.03662109375,0.1162109375,0.906982421875,-3.5877862595419847,-0.07633587786259542,-2.351145038167939,-0.048828125,0.09375,1.003662109375,-0.2748091603053435,-1.4732824427480915,0.5801526717557252
501,1779651737.4501889,0.035888671875,0.11962890625,0.893798828125,-3.564885496183206,0.17557251908396945,-2.3740458015267176,-0.045654296875,0.108642578125,1.005615234375,-0.2900763358778626,-1.5648854961832062,0.7175572519083969
502,1779651737.4622197,0.04052734375,0.120849609375,0.9052734375,-3.5877862595419847,1.916030534351145,-2.4122137404580153,-0.032470703125,0.098876953125,1.003173828125,-0.17557251908396945,-1.450381679389313,0.5725190839694656
503,1779651737.4741259,0.03857421875,0.123779296875,0.921142578125,-3.4656488549618323,-1.9083969465648856,-2.2977099236641223,-0.056884765625,0.092041015625,1.010009765625,-0.26717557251908397,-1.465648854961832,0.5114503816793893
504,1779651737.4860754,0.015869140625,0.118896484375,0.90576171875,-3.5267175572519083,0.08396946564885496,-2.2977099236641223,-0.05322265625,0.0986328125,1.00439453125,-0.2748091603053435,-1.534351145038168,0.6030534351145038
505,1779651737.4980536,0.034423828125,0.11865234375,0.896240234375,-3.5419847328244276,0.022900763358778626,-2.0916030534351147,-0.05029296875,0.09130859375,0.994384765625,-0.2824427480916031,-1.450381679389313,0.6564885496183206
506,1779651737.5100396,0.0361328125,0.121337890625,0.896484375,-3.3282442748091605,0.07633587786259542,-2.404580152671756,-0.04296875,0.096435546875,1.00537109375,-0.2824427480916031,-1.3969465648854962,0.8320610687022901
507,1779651737.5220842,0.0380859375,0.12451171875,0.89453125,-3.633587786259542,0.007633587786259542,-2.2977099236641223,-0.04345703125,0.093505859375,0.99658203125,-0.32061068702290074,-1.4122137404580153,0.4580152671755725
508,1779651737.534086,0.03955078125,0.1171875,0.897216796875,-3.5419847328244276,0.09923664122137404,-2.267175572519084,-0.045166015625,0.095703125,1.00537109375,-0.2366412213740458,-1.4351145038167938,0.5267175572519084
509,1779651737.5460317,0.036865234375,0.11767578125,0.892578125,-3.648854961832061,1.916030534351145,-2.114503816793893,-0.032958984375,0.078857421875,1.000244140625,-0.2748091603053435,-1.3511450381679388,0.6564885496183206
510,1779651737.557942,0.03271484375,0.12548828125,0.896240234375,-3.595419847328244,-0.04580152671755725,-2.282442748091603,-0.044921875,0.107421875,1.00732421875,-0.183206106870229,-1.4961832061068703,0.6870229007633588
511,1779651737.5699375,0.041748046875,0.1142578125,0.90283203125,-3.633587786259542,0.17557251908396945,-2.183206106870229,-0.0458984375,0.079833984375,1.005859375,-0.25190839694656486,-1.4351145038167938,0.6259541984732825
512,1779651737.581911,0.036376953125,0.11962890625,0.895751953125,-3.572519083969466,-0.061068702290076333,-2.2977099236641223,-0.04931640625,0.09228515625,1.00830078125,-0.25190839694656486,-1.5038167938931297,0.5419847328244275
513,1779651737.5943372,0.03759765625,0.12353515625,0.89892578125,-3.5267175572519083,0.06870229007633588,-2.3053435114503817,-0.04443359375,0.088623046875,0.99658203125,-0.2900763358778626,-1.4351145038167938,0.4961832061068702
514,1779651737.6062756,0.03515625,0.125244140625,0.899658203125,-3.50381679389313,0.2824427480916031,-2.2442748091603053,-0.05078125,0.096435546875,1.006591796875,-0.1450381679389313,-1.4809160305343512,0.5343511450381679
515,1779651737.6182246,0.036376953125,0.115966796875,0.897216796875,-3.5801526717557253,0.030534351145038167,-2.381679389312977,-0.056884765625,0.07861328125,1.005615234375,-0.16793893129770993,-1.3511450381679388,0.7175572519083969
516,1779651737.630227,0.039306640625,0.117919921875,0.904052734375,-3.549618320610687,0.2824427480916031,-2.0610687022900764,-0.040771484375,0.09619140625,0.98583984375,-0.1984732824427481,-1.5190839694656488,0.4351145038167939
517,1779651737.6423557,0.039794921875,0.117431640625,0.902587890625,-3.381679389312977,0.04580152671755725,-2.236641221374046,-0.0400390625,0.0908203125,0.989990234375,-0.08396946564885496,-1.4045801526717556,0.5801526717557252
518,1779651737.6544425,0.03466796875,0.120361328125,0.898681640625,-3.564885496183206,0.0,-2.312977099236641,-0.044677734375,0.093505859375,1.003662109375,-0.13740458015267176,-1.3435114503816794,0.5725190839694656
519,1779651737.6666515,0.039794921875,0.1201171875,0.894775390625,-3.6030534351145036,0.0,-2.2900763358778624,-0.044921875,0.097900390625,1.004638671875,-0.2748091603053435,-1.5572519083969465,0.549618320610687
520,1779651737.6785944,0.0400390625,0.12158203125,0.89208984375,-3.50381679389313,-1.8702290076335877,-2.1755725190839694,-0.038330078125,0.081787109375,1.0107421875,-0.32061068702290074,-1.4732824427480915,0.5801526717557252
521,1779651737.6905885,0.033447265625,0.115478515625,0.90576171875,-3.618320610687023,-0.007633587786259542,-2.427480916030534,-0.061767578125,0.090576171875,1.00048828125,-0.04580152671755725,-1.4885496183206106,0.6564885496183206
522,1779651737.702563,0.0390625,0.126220703125,0.897216796875,-3.572519083969466,-0.10687022900763359,-2.16793893129771,-0.044189453125,0.098388671875,0.989990234375,-0.3282442748091603,-1.2748091603053435,0.6717557251908397
523,1779651737.7145061,0.04345703125,0.117919921875,0.88818359375,-3.450381679389313,1.9312977099236641,-2.33587786259542,-0.06005859375,0.09130859375,1.01220703125,-0.2900763358778626,-1.5954198473282444,0.6183206106870229
524,1779651737.7265658,0.037109375,0.122802734375,0.91650390625,-3.717557251908397,0.10687022900763359,-2.2977099236641223,-0.0458984375,0.095458984375,1.003662109375,-0.2595419847328244,-1.4122137404580153,0.5954198473282443
525,1779651737.7385921,0.03515625,0.10986328125,0.897705078125,-3.4885496183206106,-0.06870229007633588,-2.1603053435114505,-0.0478515625,0.09765625,1.003173828125,-0.22137404580152673,-1.4122137404580153,0.7862595419847328
526,1779651737.7506046,0.039794921875,0.117431640625,0.9013671875,-3.4885496183206106,0.183206106870229,-2.366412213740458,-0.04248046875,0.088623046875,1.005859375,-0.2824427480916031,-1.366412213740458,0.6412213740458015
527,1779651737.7625804,0.034912109375,0.1181640625,0.899658203125,-3.5419847328244276,1.9465648854961832,-2.1374045801526718,-0.0380859375,0.088623046875,1.002197265625,-0.17557251908396945,-1.4961832061068703,0.5648854961832062
528,1779651737.7745152,0.018310546875,0.110107421875,0.897216796875,-3.5877862595419847,0.05343511450381679,-2.351145038167939,-0.04345703125,0.095458984375,1.000732421875,-0.2748091603053435,-1.3587786259541985,0.6717557251908397
529,1779651737.7864707,0.036376953125,0.1181640625,0.891357421875,-3.7480916030534353,0.061068702290076333,-2.068702290076336,-0.040771484375,0.086669921875,1.00341796875,-0.366412213740458,-1.4198473282442747,0.5572519083969466
530,1779651737.7984798,0.0400390625,0.122802734375,0.908203125,-3.450381679389313,-1.8396946564885497,-2.2595419847328246,-0.031982421875,0.0888671875,1.00390625,-0.31297709923664124,-1.3129770992366412,0.48854961832061067
531,1779651737.810469,0.0390625,0.119873046875,0.904296875,-3.2900763358778624,0.06870229007633588,-2.236641221374046,-0.061279296875,0.106689453125,1.000732421875,-0.08396946564885496,-1.4961832061068703,0.6564885496183206
532,1779651737.8224475,0.037353515625,0.11767578125,0.893798828125,-3.5572519083969465,-0.015267175572519083,-2.267175572519084,-0.0419921875,0.096923828125,1.001953125,-0.31297709923664124,-1.4274809160305344,0.5572519083969466
533,1779651737.8344567,0.034423828125,0.119140625,0.903564453125,-3.4732824427480917,0.015267175572519083,-2.267175572519084,-0.048828125,0.09375,1.003662109375,-0.26717557251908397,-1.4732824427480915,0.6412213740458015
534,1779651737.8464823,0.04296875,0.1201171875,0.911376953125,-3.450381679389313,0.1984732824427481,-2.351145038167939,-0.046875,0.0947265625,1.00634765625,-0.3511450381679389,-1.3587786259541985,0.5648854961832062
535,1779651737.8584614,0.040283203125,0.113037109375,0.899169921875,-3.6259541984732824,-0.1450381679389313,-2.2290076335877864,-0.043212890625,0.0947265625,0.997802734375,-0.09923664122137404,-1.3740458015267176,0.7251908396946565
536,1779651737.8704846,0.04443359375,0.116455078125,0.90234375,-3.50381679389313,1.9312977099236641,-2.3053435114503817,-0.044677734375,0.097412109375,1.006591796875,-0.24427480916030533,-1.5648854961832062,0.4732824427480916
537,1779651737.882474,0.041259765625,0.12060546875,0.900146484375,-3.648854961832061,-0.061068702290076333,-2.351145038167939,-0.03759765625,0.1064453125,1.0146484375,-0.1984732824427481,-1.450381679389313,0.5801526717557252
538,1779651737.894472,0.037353515625,0.115966796875,0.901123046875,-3.49618320610687,0.16793893129770993,-2.450381679389313,-0.04296875,0.09326171875,1.00048828125,-0.2595419847328244,-1.4732824427480915,0.5648854961832062
539,1779651737.9064631,0.03955078125,0.118896484375,0.903564453125,-3.5343511450381677,1.9465648854961832,-2.2900763358778624,-0.042236328125,0.10205078125,0.987548828125,-0.4198473282442748,-1.5038167938931297,0.5038167938931297
540,1779651737.9184735,0.034423828125,0.114501953125,0.902587890625,-3.5343511450381677,-1.916030534351145,-2.3587786259541983,-0.044677734375,0.091064453125,1.008056640625,-0.2900763358778626,-1.4274809160305344,0.5648854961832062
541,1779651737.9305065,0.03369140625,0.12109375,0.905517578125,-3.4656488549618323,0.21374045801526717,-2.122137404580153,-0.044921875,0.092041015625,1.00439453125,-0.10687022900763359,-1.1908396946564885,0.5114503816793893
542,1779651737.9424803,0.040283203125,0.11865234375,0.894775390625,-3.5114503816793894,0.21374045801526717,-2.16793893129771,-0.038330078125,0.092529296875,0.999755859375,-0.19083969465648856,-1.366412213740458,0.549618320610687
543,1779651737.954464,0.03857421875,0.117919921875,0.896240234375,-3.4732824427480917,0.19083969465648856,-2.3893129770992365,-0.04638671875,0.092529296875,1.006591796875,-0.22900763358778625,-1.4351145038167938,0.5572519083969466
544,1779651737.9664843,0.0361328125,0.123779296875,0.89501953125,-3.4732824427480917,0.007633587786259542,-2.1297709923664123,-0.0458984375,0.08203125,0.9990234375,-0.40458015267175573,-1.465648854961832,0.5267175572519084
545,1779651737.9784765,0.03857421875,0.121337890625,0.8955078125,-3.5114503816793894,0.03816793893129771,-2.3893129770992365,-0.04345703125,0.092041015625,1.004638671875,-0.29770992366412213,-1.5190839694656488,0.5725190839694656
546,1779651737.9904637,0.03759765625,0.121337890625,0.901611328125,-3.6564885496183206,-0.10687022900763359,-2.1526717557251906,-0.031494140625,0.09619140625,1.009521484375,-0.21374045801526717,-1.297709923664122,0.42748091603053434
547,1779651738.002479,0.037841796875,0.12109375,0.903076171875,-3.5877862595419847,1.9465648854961832,-2.312977099236641,-0.0419921875,0.092529296875,1.002685546875,-0.366412213740458,-1.6717557251908397,0.5648854961832062
548,1779651738.014488,0.036865234375,0.121337890625,0.89453125,-3.4580152671755724,0.0916030534351145,-2.3435114503816794,-0.03759765625,0.09375,1.002685546875,-0.3282442748091603,-1.4198473282442747,0.46564885496183206
549,1779651738.0265446,0.03955078125,0.119140625,0.905517578125,-3.549618320610687,0.1297709923664122,-2.2519083969465647,-0.046875,0.099853515625,1.002197265625,-0.33587786259541985,-1.282442748091603,0.5114503816793893
550,1779651738.0384943,0.037841796875,0.12060546875,0.904052734375,-3.5343511450381677,-0.21374045801526717,-2.427480916030534,-0.046875,0.0986328125,0.99755859375,-0.2824427480916031,-1.4809160305343512,0.7175572519083969
551,1779651738.0504663,0.0390625,0.11669921875,0.902587890625,-3.595419847328244,0.0,-2.213740458015267,-0.046875,0.087158203125,0.993896484375,-0.2366412213740458,-1.534351145038168,0.6259541984732825
552,1779651738.062456,0.03759765625,0.123291015625,0.896240234375,-3.3893129770992365,0.007633587786259542,-2.3893129770992365,-0.046875,0.09765625,1.00244140625,-0.366412213740458,-1.4198473282442747,0.5877862595419847
553,1779651738.0744245,0.037353515625,0.12060546875,0.90283203125,-3.519083969465649,-0.015267175572519083,-2.351145038167939,-0.062255859375,0.089599609375,1.00927734375,-0.22137404580152673,-1.381679389312977,0.45038167938931295
554,1779651738.086561,0.03759765625,0.11865234375,0.89697265625,-3.732824427480916,0.11450381679389313,-2.2595419847328246,-0.047607421875,0.108154296875,1.0146484375,-0.3053435114503817,-1.3053435114503817,0.6793893129770993
555,1779651738.098495,0.03564453125,0.1171875,0.899658203125,-3.6259541984732824,0.04580152671755725,-2.2213740458015265,-0.050537109375,0.093994140625,1.000732421875,-0.37404580152671757,-1.4351145038167938,0.732824427480916
556,1779651738.1104357,0.0400390625,0.1220703125,0.890625,-3.6412213740458017,0.16030534351145037,-2.183206106870229,-0.041015625,0.08056640625,0.987548828125,-0.24427480916030533,-1.4122137404580153,0.5801526717557252
557,1779651738.1223838,0.04052734375,0.12158203125,0.901123046875,-3.618320610687023,-0.10687022900763359,-2.183206106870229,-0.044677734375,0.09228515625,1.01025390625,-0.15267175572519084,-1.4732824427480915,0.45038167938931295
558,1779651738.1343563,0.040771484375,0.122314453125,0.896728515625,-3.595419847328244,0.13740458015267176,-2.236641221374046,-0.0400390625,0.089111328125,1.0087890625,-0.2748091603053435,-1.465648854961832,0.5419847328244275
559,1779651738.146283,0.040283203125,0.121826171875,0.8916015625,-3.6946564885496183,0.11450381679389313,-2.312977099236641,-0.041748046875,0.093994140625,1.01806640625,-0.183206106870229,-1.3511450381679388,0.6183206106870229
560,1779651738.1582084,0.033935546875,0.11767578125,0.89453125,-3.687022900763359,-0.0916030534351145,-2.282442748091603,-0.0419921875,0.09814453125,1.006103515625,-0.22900763358778625,-1.465648854961832,0.5877862595419847
561,1779651738.1701546,0.038818359375,0.1123046875,0.904541015625,-3.4427480916030535,1.916030534351145,-2.2748091603053435,-0.044921875,0.0927734375,1.0068359375,-0.2900763358778626,-1.4122137404580153,0.7099236641221374
562,1779651738.1821244,0.038330078125,0.119873046875,0.895263671875,-3.49618320610687,0.24427480916030533,-2.1755725190839694,-0.042236328125,0.090576171875,1.00244140625,-0.3435114503816794,-1.3206106870229009,0.549618320610687
563,1779651738.1940708,0.044677734375,0.12255859375,0.89892578125,-3.351145038167939,0.08396946564885496,-2.267175572519084,-0.03662109375,0.09619140625,0.999267578125,-0.35877862595419846,-1.3740458015267176,0.5725190839694656
564,1779651738.2060287,0.0361328125,0.125,0.8955078125,-3.5877862595419847,0.16030534351145037,-2.312977099236641,-0.04443359375,0.09326171875,1.011474609375,-0.22137404580152673,-1.4732824427480915,0.4122137404580153
565,1779651738.2180126,0.037353515625,0.118408203125,0.90234375,-3.5877862595419847,0.07633587786259542,-2.2213740458015265,-0.037109375,0.097412109375,1.005859375,-0.24427480916030533,-1.4961832061068703,0.4198473282442748
566,1779651738.2300372,0.03564453125,0.11865234375,0.897216796875,-3.66412213740458,-0.06870229007633588,-2.2595419847328246,-0.044189453125,0.091552734375,1.005615234375,-0.33587786259541985,-1.4580152671755726,0.5267175572519084
567,1779651738.242026,0.043212890625,0.12255859375,0.90185546875,-3.6564885496183206,-0.1450381679389313,-2.16793893129771,-0.061767578125,0.09375,1.003173828125,-0.2595419847328244,-1.4580152671755726,0.6030534351145038
568,1779651738.2539957,0.0400390625,0.109375,0.88134765625,-3.450381679389313,0.11450381679389313,-2.183206106870229,-0.052978515625,0.0947265625,0.997314453125,-0.2366412213740458,-1.4351145038167938,0.6564885496183206
569,1779651738.2660007,0.03564453125,0.119873046875,0.905517578125,-3.6259541984732824,0.061068702290076333,-2.236641221374046,-0.042236328125,0.0947265625,1.004150390625,-0.33587786259541985,-1.3587786259541985,0.6564885496183206
570,1779651738.2780056,0.03515625,0.122314453125,0.911376953125,-3.4427480916030535,0.09923664122137404,-2.351145038167939,-0.044677734375,0.0947265625,1.005126953125,-0.21374045801526717,-1.4961832061068703,0.648854961832061
571,1779651738.289968,0.038818359375,0.117919921875,0.8876953125,-3.6717557251908395,0.022900763358778626,-2.366412213740458,-0.03955078125,0.097900390625,0.996826171875,-0.22137404580152673,-1.366412213740458,0.6259541984732825
572,1779651738.301949,0.03955078125,0.120361328125,0.89697265625,-3.4427480916030535,0.022900763358778626,-2.267175572519084,-0.0439453125,0.091552734375,1.00927734375,-0.3053435114503817,-1.4274809160305344,0.4732824427480916
573,1779651738.313895,0.043701171875,0.119384765625,0.88916015625,-3.6412213740458017,-0.0916030534351145,-2.3053435114503817,-0.0478515625,0.1015625,1.007568359375,-0.3435114503816794,-1.5190839694656488,0.48854961832061067
574,1779651738.325889,0.038818359375,0.122802734375,0.90576171875,-3.618320610687023,0.04580152671755725,-2.2519083969465647,-0.049072265625,0.094970703125,1.0078125,-0.4198473282442748,-1.4045801526717556,0.6564885496183206
575,1779651738.337863,0.0380859375,0.116455078125,0.89794921875,-3.5419847328244276,-0.13740458015267176,-2.282442748091603,-0.04541015625,0.0791015625,1.0078125,-0.22900763358778625,-1.3435114503816794,0.6030534351145038
576,1779651738.3497958,0.044921875,0.121337890625,0.89990234375,-3.49618320610687,0.022900763358778626,-2.351145038167939,-0.044921875,0.079833984375,0.995849609375,-0.3053435114503817,-1.3740458015267176,0.42748091603053434
577,1779651738.3617206,0.038818359375,0.119873046875,0.891845703125,-3.66412213740458,0.07633587786259542,-2.267175572519084,-0.035888671875,0.0966796875,1.003662109375,-0.2595419847328244,-1.4809160305343512,0.7175572519083969
578,1779651738.3736615,0.038818359375,0.123046875,0.89892578125,-3.564885496183206,0.11450381679389313,-2.3206106870229006,-0.0595703125,0.08154296875,1.002685546875,-0.26717557251908397,-1.4427480916030535,0.5419847328244275
579,1779651738.3855798,0.0400390625,0.1201171875,0.89453125,-3.6030534351145036,-0.022900763358778626,-1.9923664122137406,-0.032958984375,0.10595703125,1.012451171875,-0.15267175572519084,-1.4809160305343512,0.7022900763358778
580,1779651738.3975081,0.044677734375,0.119873046875,0.9169921875,-3.404580152671756,-0.061068702290076333,-2.0763358778625953,-0.044921875,0.09375,1.00634765625,-0.366412213740458,-1.4732824427480915,0.5419847328244275
581,1779651738.4094882,0.033935546875,0.115966796875,0.9033203125,-3.4732824427480917,0.12213740458015267,-2.1908396946564888,-0.042724609375,0.097412109375,1.006103515625,-0.20610687022900764,-1.2748091603053435,0.648854961832061
582,1779651738.4214423,0.021728515625,0.112548828125,0.90478515625,-3.4732824427480917,1.9236641221374047,-2.145038167938931,-0.048583984375,0.096923828125,1.00244140625,-0.3435114503816794,-1.2900763358778626,0.4580152671755725
583,1779651738.433392,0.03466796875,0.1181640625,0.901123046875,-3.5572519083969465,0.13740458015267176,-2.2977099236641223,-0.046630859375,0.091064453125,1.013427734375,-0.22137404580152673,-1.450381679389313,0.4732824427480916
584,1779651738.4453666,0.03271484375,0.1220703125,0.896728515625,-3.5801526717557253,0.030534351145038167,-2.33587786259542,-0.0458984375,0.08935546875,1.00634765625,-0.2748091603053435,-1.3969465648854962,0.5038167938931297
585,1779651738.4573314,0.037353515625,0.1220703125,0.895751953125,-3.5114503816793894,0.06870229007633588,-2.267175572519084,-0.04541015625,0.096923828125,0.998291015625,-0.3053435114503817,-1.5190839694656488,0.4580152671755725
586,1779651738.4692526,0.036865234375,0.1181640625,0.8974609375,-3.3282442748091605,0.16793893129770993,-2.3206106870229006,-0.04345703125,0.09375,1.010498046875,-0.2748091603053435,-1.366412213740458,0.4961832061068702
587,1779651738.4811726,0.039794921875,0.12060546875,0.893798828125,-3.6412213740458017,0.05343511450381679,-2.2213740458015265,-0.06201171875,0.094482421875,1.005615234375,-0.3816793893129771,-1.3129770992366412,0.4961832061068702
588,1779651738.493102,0.0361328125,0.115966796875,0.897216796875,-3.6030534351145036,0.16793893129770993,-2.33587786259542,-0.045654296875,0.087890625,1.00341796875,-0.33587786259541985,-1.5038167938931297,0.5572519083969466
589,1779651738.505025,0.0341796875,0.116455078125,0.901123046875,-3.5572519083969465,-1.916030534351145,-2.267175572519084,-0.043212890625,0.098876953125,1.00830078125,-0.3053435114503817,-1.465648854961832,0.5343511450381679
590,1779651738.5169656,0.041015625,0.119140625,0.90380859375,-3.5877862595419847,0.061068702290076333,-2.5114503816793894,-0.0400390625,0.0830078125,0.997802734375,-0.29770992366412213,-1.3893129770992367,0.6870229007633588
591,1779651738.5291293,0.03857421875,0.12109375,0.904541015625,-3.6259541984732824,-0.08396946564885496,-2.4198473282442747,-0.048583984375,0.0849609375,1.004638671875,-0.2595419847328244,-1.381679389312977,0.5725190839694656
592,1779651738.5410886,0.033447265625,0.124267578125,0.892333984375,-3.4885496183206106,0.11450381679389313,-2.4656488549618323,-0.044677734375,0.09765625,0.99853515625,-0.29770992366412213,-1.4427480916030535,0.5267175572519084
593,1779651738.553024,0.04150390625,0.12109375,0.896484375,-3.6030534351145036,0.04580152671755725,-2.1603053435114505,-0.039794921875,0.092529296875,1.00048828125,-0.21374045801526717,-1.5419847328244274,0.6183206106870229
594,1779651738.564994,0.038330078125,0.11669921875,0.89599609375,-3.595419847328244,-0.11450381679389313,-2.2748091603053435,-0.04541015625,0.09033203125,1.008544921875,-0.2748091603053435,-1.4961832061068703,0.5419847328244275
595,1779651738.5769436,0.04052734375,0.138427734375,0.898681640625,-3.595419847328244,0.09923664122137404,-2.2595419847328246,-0.046875,0.09326171875,1.00634765625,-0.26717557251908397,-1.4809160305343512,0.5114503816793893
596,1779651738.5892909,0.03466796875,0.1220703125,0.900146484375,-3.7786259541984735,0.007633587786259542,-2.2519083969465647,-0.044189453125,0.10888671875,1.00732421875,-0.2366412213740458,-1.4732824427480915,0.5343511450381679
597,1779651738.6012497,0.0390625,0.12109375,0.90087890625,-3.3740458015267176,-0.06870229007633588,-2.2900763358778624,-0.060791015625,0.095947265625,1.001953125,-0.20610687022900764,-1.4351145038167938,0.7862595419847328
598,1779651738.6131868,0.036865234375,0.1201171875,0.8994140625,-3.4580152671755724,0.06870229007633588,-2.1526717557251906,-0.06201171875,0.0791015625,0.986572265625,-0.3435114503816794,-1.4961832061068703,0.5419847328244275
599,1779651738.6251156,0.03662109375,0.119384765625,0.90283203125,-3.6106870229007635,0.20610687022900764,-2.480916030534351,-0.044921875,0.09619140625,1.00390625,-0.3053435114503817,-1.4045801526717556,0.5954198473282443
600,1779651738.6370816,0.041748046875,0.127685546875,0.8935546875,-3.595419847328244,0.05343511450381679,-2.2748091603053435,-0.040771484375,0.09716796875,1.0,-0.2900763358778626,-1.4045801526717556,0.6030534351145038
601,1779651738.649214,0.036376953125,0.1171875,0.898193359375,-3.6564885496183206,0.15267175572519084,-2.312977099236641,-0.044189453125,0.0908203125,1.00830078125,-0.1984732824427481,-1.5725190839694656,0.40458015267175573
602,1779651738.6612186,0.038818359375,0.116943359375,0.899169921875,-3.5343511450381677,-0.022900763358778626,-2.16793893129771,-0.047607421875,0.09228515625,1.004638671875,-0.16793893129770993,-1.4198473282442747,0.5419847328244275
603,1779651738.6731253,0.038330078125,0.12109375,0.90576171875,-3.572519083969466,-0.04580152671755725,-2.480916030534351,-0.0615234375,0.09521484375,0.996337890625,-0.09923664122137404,-1.5038167938931297,0.7175572519083969
604,1779651738.6850646,0.03564453125,0.12353515625,0.89697265625,-3.5877862595419847,0.04580152671755725,-2.3206106870229006,-0.03955078125,0.078369140625,0.986328125,-0.366412213740458,-1.4961832061068703,0.5801526717557252
605,1779651738.6970086,0.0380859375,0.123779296875,0.898193359375,-3.564885496183206,-0.06870229007633588,-2.183206106870229,-0.0546875,0.09716796875,1.0009765625,-0.2366412213740458,-1.4427480916030535,0.6564885496183206
606,1779651738.709,0.041748046875,0.119384765625,0.898193359375,-3.633587786259542,-1.9083969465648856,-2.213740458015267,-0.061767578125,0.09228515625,1.011474609375,-0.3053435114503817,-1.2442748091603053,0.5343511450381679
607,1779651738.721029,0.041015625,0.123046875,0.89599609375,-3.5267175572519083,-1.9541984732824427,-2.183206106870229,-0.042724609375,0.09619140625,1.01416015625,-0.29770992366412213,-1.366412213740458,0.6717557251908397
608,1779651738.7330375,0.03857421875,0.11962890625,0.894287109375,-3.618320610687023,0.09923664122137404,-2.312977099236641,-0.05126953125,0.098388671875,1.00390625,-0.2366412213740458,-1.5038167938931297,0.5343511450381679
609,1779651738.7449858,0.042724609375,0.119873046875,0.901611328125,-3.366412213740458,-0.10687022900763359,-2.4580152671755724,-0.046630859375,0.096435546875,1.001220703125,-0.32061068702290074,-1.4961832061068703,0.6717557251908397
610,1779651738.756938,0.041259765625,0.12109375,0.897216796875,-3.595419847328244,0.0,-2.5267175572519083,-0.0498046875,0.092529296875,1.0048828125,-0.22900763358778625,-1.2366412213740459,0.48091603053435117
611,1779651738.7688527,0.03564453125,0.12109375,0.897216796875,-3.427480916030534,-1.9465648854961832,-2.404580152671756,-0.051025390625,0.096435546875,0.999755859375,-0.2595419847328244,-1.5267175572519085,0.7022900763358778
612,1779651738.7807782,0.039794921875,0.118408203125,0.89453125,-3.6030534351145036,0.030534351145038167,-2.2595419847328246,-0.0458984375,0.088134765625,1.00634765625,-0.1984732824427481,-1.5801526717557253,0.6259541984732825
613,1779651738.7926915,0.033203125,0.11572265625,0.8994140625,-3.3969465648854964,-0.015267175572519083,-2.1297709923664123,-0.044677734375,0.09423828125,1.005615234375,-0.32061068702290074,-1.5648854961832062,0.4961832061068702
614,1779651738.8046026,0.038330078125,0.12255859375,0.900146484375,-3.6793893129770994,-0.022900763358778626,-2.2213740458015265,-0.04638671875,0.093994140625,0.999267578125,-0.3969465648854962,-1.4961832061068703,0.3893129770992366
615,1779651738.8165433,0.03759765625,0.12109375,0.897705078125,-3.549618320610687,-0.1297709923664122,-2.366412213740458,-0.037353515625,0.095947265625,1.003173828125,-0.11450381679389313,-1.6259541984732824,0.6030534351145038
616,1779651738.8284597,0.0458984375,0.135009765625,0.920166015625,-3.4885496183206106,1.8931297709923665,-2.0076335877862594,-0.048095703125,0.09375,0.99853515625,-0.29770992366412213,-1.4580152671755726,0.6106870229007634
617,1779651738.8403814,0.042724609375,0.1201171875,0.895263671875,-3.5343511450381677,-0.08396946564885496,-2.3740458015267176,-0.04150390625,0.0927734375,0.998046875,-0.19083969465648856,-1.4809160305343512,0.5954198473282443
618,1779651738.852315,0.04052734375,0.120361328125,0.894287109375,-3.480916030534351,-1.9236641221374047,-2.2977099236641223,-0.04541015625,0.095703125,1.010009765625,-0.2595419847328244,-1.5572519083969465,0.5877862595419847
619,1779651738.86424,0.0419921875,0.121826171875,0.8984375,-3.648854961832061,0.11450381679389313,-2.2748091603053435,-0.033203125,0.080322265625,0.9970703125,-0.2366412213740458,-1.549618320610687,0.5648854961832062
620,1779651738.8761692,0.04296875,0.119140625,0.891845703125,-3.572519083969466,1.916030534351145,-2.404580152671756,-0.03564453125,0.093505859375,1.00537109375,-0.2748091603053435,-1.5267175572519085,0.6030534351145038
621,1779651738.8880904,0.02783203125,0.112060546875,0.90576171875,-3.5343511450381677,0.0,-2.404580152671756,-0.058837890625,0.08935546875,1.007568359375,-0.2900763358778626,-1.4122137404580153,0.5801526717557252
622,1779651738.9000466,0.03515625,0.118408203125,0.900634765625,-3.4198473282442747,0.061068702290076333,-2.2519083969465647,-0.04541015625,0.09130859375,1.003173828125,-0.48854961832061067,-1.5419847328244274,0.549618320610687
623,1779651738.912042,0.04150390625,0.121826171875,0.900390625,-3.595419847328244,-0.08396946564885496,-0.06870229007633588,-0.0322265625,0.09326171875,1.003662109375,-0.3435114503816794,-1.5190839694656488,0.6717557251908397
624,1779651738.923978,0.043701171875,0.12255859375,0.903564453125,-3.5343511450381677,-1.9312977099236641,-2.3206106870229006,-0.04052734375,0.09326171875,1.00341796875,-0.3893129770992366,-1.4580152671755726,0.648854961832061
625,1779651738.9360197,0.04150390625,0.12451171875,0.892822265625,-3.4580152671755724,0.09923664122137404,-2.236641221374046,-0.043701171875,0.0966796875,0.99853515625,-0.32061068702290074,-1.3282442748091603,0.5648854961832062
626,1779651738.9480069,0.035888671875,0.123046875,0.8935546875,-3.6106870229007635,0.11450381679389313,-2.4198473282442747,-0.046875,0.0927734375,1.01025390625,-0.22137404580152673,-1.633587786259542,0.7022900763358778
627,1779651738.95995,0.040283203125,0.11962890625,0.90185546875,-3.7022900763358777,0.04580152671755725,-2.2519083969465647,-0.046630859375,0.0947265625,1.00390625,-0.2366412213740458,-1.5267175572519085,0.5114503816793893
628,1779651738.9720852,0.04443359375,0.11572265625,0.894775390625,-3.66412213740458,0.030534351145038167,-2.1526717557251906,-0.06201171875,0.081298828125,1.003173828125,-0.2366412213740458,-1.3587786259541985,0.6717557251908397
629,1779651738.9840486,0.04248046875,0.12060546875,0.89697265625,-3.648854961832061,0.0916030534351145,-2.3053435114503817,-0.0615234375,0.107666015625,1.002685546875,-0.4580152671755725,-1.3511450381679388,0.6793893129770993
630,1779651738.9960732,0.036865234375,0.119384765625,0.891845703125,-3.618320610687023,0.16030534351145037,-2.2290076335877864,-0.049560546875,0.10888671875,0.999267578125,-0.2824427480916031,-1.4351145038167938,0.44274809160305345
631,1779651739.0080407,0.03857421875,0.11181640625,0.904052734375,-3.4885496183206106,-1.9312977099236641,-2.2900763358778624,-0.0419921875,0.094970703125,1.00244140625,-0.22137404580152673,-1.5190839694656488,0.7022900763358778
632,1779651739.020054,0.04052734375,0.11962890625,0.89501953125,-3.6030534351145036,-0.030534351145038167,-2.1603053435114505,-0.04541015625,0.0888671875,1.006591796875,-0.29770992366412213,-1.450381679389313,0.5038167938931297
633,1779651739.0321057,0.042724609375,0.122802734375,0.896240234375,-3.3740458015267176,0.007633587786259542,-2.0916030534351147,-0.0419921875,0.095947265625,1.003662109375,-0.21374045801526717,-1.6793893129770991,0.3969465648854962
634,1779651739.0440655,0.04296875,0.120849609375,0.8994140625,-3.572519083969466,0.04580152671755725,-2.3969465648854964,-0.0439453125,0.09765625,1.00634765625,-0.33587786259541985,-1.3511450381679388,0.5267175572519084
635,1779651739.0560117,0.034423828125,0.119873046875,0.903076171875,-3.435114503816794,0.04580152671755725,-2.198473282442748,-0.0458984375,0.09326171875,1.00390625,-0.3053435114503817,-1.4580152671755726,0.6259541984732825
636,1779651739.0679824,0.04052734375,0.12353515625,0.89794921875,-3.5114503816793894,0.12213740458015267,-2.3969465648854964,-0.044189453125,0.097412109375,1.00634765625,-0.3511450381679389,-1.3129770992366412,0.7404580152671756
637,1779651739.079928,0.037109375,0.1181640625,0.898681640625,-3.6106870229007635,-1.9083969465648856,-2.4732824427480917,-0.036865234375,0.087890625,1.006103515625,-0.2900763358778626,-1.3053435114503817,0.6717557251908397
638,1779651739.091853,0.042724609375,0.1181640625,0.90380859375,-3.435114503816794,0.022900763358778626,-2.2900763358778624,-0.0478515625,0.09375,1.001708984375,-0.1984732824427481,-1.4580152671755726,0.5725190839694656
639,1779651739.1037583,0.0419921875,0.12255859375,0.8916015625,-3.5572519083969465,-0.11450381679389313,-2.3740458015267176,-0.03466796875,0.096923828125,1.0068359375,-0.2824427480916031,-1.465648854961832,0.5954198473282443
640,1779651739.1156695,0.034912109375,0.121826171875,0.907470703125,-3.404580152671756,0.15267175572519084,-2.3893129770992365,-0.046875,0.09033203125,1.00732421875,-0.366412213740458,-1.4885496183206106,0.6183206106870229
641,1779651739.1275694,0.040771484375,0.1171875,0.897216796875,-3.572519083969466,1.900763358778626,-2.2442748091603053,-0.046142578125,0.095703125,0.986572265625,-0.17557251908396945,-1.450381679389313,0.4961832061068702
642,1779651739.13954,0.042724609375,0.119384765625,0.916259765625,-3.6564885496183206,-0.030534351145038167,-2.198473282442748,-0.048095703125,0.0908203125,1.003173828125,-0.26717557251908397,-1.381679389312977,0.6106870229007634
643,1779651739.1514807,0.035400390625,0.1220703125,0.900634765625,-3.50381679389313,-1.8854961832061068,-2.145038167938931,-0.05859375,0.103515625,1.000732421875,-0.16030534351145037,-1.4045801526717556,0.6564885496183206
644,1779651739.163433,0.034912109375,0.1181640625,0.895263671875,-3.5267175572519083,-0.015267175572519083,-2.267175572519084,-0.0419921875,0.078857421875,0.998046875,-0.22900763358778625,-1.5648854961832062,0.6183206106870229
645,1779651739.1753876,0.038330078125,0.119384765625,0.903564453125,-3.6030534351145036,-0.10687022900763359,-2.2977099236641223,-0.0322265625,0.0947265625,0.999267578125,-0.20610687022900764,-1.3740458015267176,0.6793893129770993
646,1779651739.1873221,0.037353515625,0.11181640625,0.891845703125,-3.6412213740458017,0.1450381679389313,-2.3053435114503817,-0.0341796875,0.09326171875,0.98583984375,-0.29770992366412213,-1.534351145038168,0.6335877862595419
647,1779651739.1992264,0.0390625,0.122802734375,0.899169921875,-3.4656488549618323,0.16030534351145037,-2.33587786259542,-0.031494140625,0.09765625,1.004638671875,-0.16793893129770993,-1.5114503816793894,0.6641221374045801
648,1779651739.2111518,0.035888671875,0.12109375,0.9111328125,-3.5801526717557253,0.04580152671755725,-2.267175572519084,-0.06201171875,0.093505859375,1.00732421875,-0.25190839694656486,-1.4809160305343512,0.5038167938931297
649,1779651739.2230968,0.045166015625,0.11962890625,0.893798828125,-3.564885496183206,0.04580152671755725,-2.2442748091603053,-0.03955078125,0.0908203125,1.00927734375,-0.17557251908396945,-1.4885496183206106,0.549618320610687
650,1779651739.2350614,0.03759765625,0.124755859375,0.900634765625,-3.6030534351145036,0.22137404580152673,-2.236641221374046,-0.0458984375,0.09326171875,0.997802734375,-0.25190839694656486,-1.4274809160305344,0.6106870229007634
651,1779651739.246979,0.035400390625,0.12353515625,0.891845703125,-3.7938931297709924,0.08396946564885496,-2.450381679389313,-0.04638671875,0.09619140625,1.0126953125,-0.1984732824427481,-1.3053435114503817,0.549618320610687
652,1779651739.2589693,0.0322265625,0.119873046875,0.88818359375,-3.549618320610687,0.030534351145038167,-2.2213740458015265,-0.047607421875,0.09130859375,1.005615234375,-0.13740458015267176,-1.465648854961832,0.5267175572519084
653,1779651739.2709455,0.036376953125,0.12060546875,0.90234375,-3.5801526717557253,0.1450381679389313,-2.1068702290076335,-0.047119140625,0.09375,1.00146484375,-0.25190839694656486,-1.4961832061068703,0.48091603053435117
654,1779651739.282899,0.037353515625,0.1201171875,0.896728515625,-3.4122137404580153,0.22900763358778625,-2.2213740458015265,-0.04541015625,0.09521484375,1.00537109375,-0.2900763358778626,-1.4732824427480915,0.6030534351145038
655,1779651739.2948308,0.038818359375,0.120361328125,0.904296875,-3.6030534351145036,0.16793893129770993,-2.2213740458015265,-0.048095703125,0.090087890625,0.99755859375,-0.3053435114503817,-1.5190839694656488,0.7557251908396947
656,1779651739.3067517,0.0380859375,0.114013671875,0.90185546875,-3.572519083969466,0.03816793893129771,-2.068702290076336,-0.033935546875,0.107421875,1.00537109375,-0.2824427480916031,-1.465648854961832,0.5954198473282443
657,1779651739.3186524,0.039794921875,0.115966796875,0.902099609375,-3.519083969465649,-0.0916030534351145,-2.381679389312977,-0.0341796875,0.080322265625,1.00390625,-0.3435114503816794,-1.4427480916030535,0.5725190839694656
658,1779651739.3305779,0.043212890625,0.1181640625,0.8955078125,-3.5343511450381677,0.06870229007633588,-2.2977099236641223,-0.033203125,0.08935546875,0.99609375,-0.4122137404580153,-1.6488549618320612,0.6793893129770993
659,1779651739.342514,0.03955078125,0.119140625,0.90234375,-3.66412213740458,-1.9465648854961832,-2.213740458015267,-0.04931640625,0.100830078125,0.9990234375,-0.3053435114503817,-1.4427480916030535,0.48854961832061067
660,1779651739.354455,0.0380859375,0.119140625,0.906005859375,-3.66412213740458,-0.022900763358778626,-2.366412213740458,-0.03173828125,0.0791015625,1.0146484375,-0.061068702290076333,-1.4351145038167938,0.5343511450381679
661,1779651739.3664107,0.033203125,0.121826171875,0.897216796875,-3.4656488549618323,0.03816793893129771,-2.236641221374046,-0.057861328125,0.0966796875,1.00244140625,-0.19083969465648856,-1.6030534351145038,0.6564885496183206
662,1779651739.3783493,0.042236328125,0.119384765625,0.901611328125,-3.519083969465649,1.9465648854961832,-2.213740458015267,-0.0625,0.0830078125,1.00537109375,-0.21374045801526717,-1.5648854961832062,0.6259541984732825
663,1779651739.390265,0.0439453125,0.115478515625,0.88818359375,-3.618320610687023,0.07633587786259542,-2.2519083969465647,-0.0458984375,0.10595703125,1.002197265625,-0.22137404580152673,-1.4885496183206106,0.48091603053435117
664,1779651739.402175,0.04248046875,0.116455078125,0.90380859375,-3.519083969465649,0.030534351145038167,-2.3435114503816794,-0.043701171875,0.091796875,0.99853515625,-0.1984732824427481,-1.4198473282442747,0.7557251908396947
665,1779651739.4143138,0.04296875,0.12451171875,0.895263671875,-3.3893129770992365,0.16793893129770993,-3.9083969465648853,-0.051513671875,0.09521484375,1.013427734375,-0.183206106870229,-1.366412213740458,0.6870229007633588
666,1779651739.4262998,0.03564453125,0.115966796875,0.890625,-3.4732824427480917,0.15267175572519084,-2.213740458015267,-0.047119140625,0.0927734375,1.000244140625,-0.17557251908396945,-1.465648854961832,0.46564885496183206
667,1779651739.4382453,0.038330078125,0.1201171875,0.8974609375,-3.5267175572519083,0.1984732824427481,-2.2977099236641223,-0.046875,0.098876953125,1.00927734375,-0.2366412213740458,-1.3435114503816794,0.7099236641221374
668,1779651739.4501781,0.038818359375,0.120361328125,0.898193359375,-3.7251908396946565,0.10687022900763359,-2.1908396946564888,-0.04833984375,0.09326171875,1.008544921875,-0.16793893129770993,-1.4274809160305344,0.6412213740458015
669,1779651739.4621499,0.037109375,0.1181640625,0.89111328125,-3.404580152671756,-0.022900763358778626,-2.2061068702290076,-0.044677734375,0.08984375,1.0107421875,-0.2748091603053435,-1.5038167938931297,0.5648854961832062
670,1779651739.474096,0.0361328125,0.119140625,0.904541015625,-3.5343511450381677,0.03816793893129771,-2.1908396946564888,-0.0625,0.105712890625,1.00732421875,-0.3969465648854962,-1.4961832061068703,0.6641221374045801
671,1779651739.4860325,0.0419921875,0.120361328125,0.89208984375,-3.572519083969466,0.03816793893129771,-2.1526717557251906,-0.03271484375,0.078857421875,0.98779296875,-0.16030534351145037,-1.381679389312977,0.44274809160305345
672,1779651739.4980068,0.036865234375,0.114990234375,0.90478515625,-3.6106870229007635,0.16793893129770993,-2.427480916030534,-0.031494140625,0.080078125,1.010009765625,-0.4580152671755725,-1.4122137404580153,0.549618320610687
673,1779651739.5099995,0.037841796875,0.1201171875,0.89453125,-3.564885496183206,0.0916030534351145,-2.366412213740458,-0.0322265625,0.078369140625,1.005859375,-0.22137404580152673,-1.5190839694656488,0.6946564885496184
674,1779651739.5219588,0.03857421875,0.11865234375,0.920166015625,-3.6564885496183206,-0.10687022900763359,-2.0381679389312977,-0.04736328125,0.094970703125,1.010009765625,-0.20610687022900764,-1.3511450381679388,0.6183206106870229
675,1779651739.5339367,0.04052734375,0.120361328125,0.9208984375,-3.595419847328244,-1.9541984732824427,-2.404580152671756,-0.044189453125,0.092529296875,1.00927734375,-0.3893129770992366,-1.3969465648854962,0.6335877862595419
676,1779651739.5458903,0.040771484375,0.120849609375,0.899658203125,-3.5877862595419847,0.16030534351145037,-2.213740458015267,-0.04638671875,0.093994140625,0.99755859375,-0.17557251908396945,-1.4732824427480915,0.6106870229007634
677,1779651739.5578408,0.038330078125,0.115966796875,0.896484375,-3.5114503816793894,1.916030534351145,-2.2900763358778624,-0.046875,0.091064453125,1.0048828125,-0.42748091603053434,-1.450381679389313,0.5114503816793893
678,1779651739.5697932,0.040771484375,0.11669921875,0.900390625,-3.5114503816793894,0.12213740458015267,-2.2442748091603053,-0.04052734375,0.094482421875,1.004638671875,-0.25190839694656486,-1.4045801526717556,0.5954198473282443
679,1779651739.5817368,0.04345703125,0.12255859375,0.90234375,-3.6412213740458017,-0.03816793893129771,-2.519083969465649,-0.041015625,0.0791015625,0.998779296875,-0.31297709923664124,-1.5267175572519085,0.4961832061068702
680,1779651739.5941298,0.0390625,0.121337890625,0.89794921875,-3.4122137404580153,1.9312977099236641,-2.4122137404580153,-0.058349609375,0.108154296875,1.012939453125,-0.13740458015267176,-1.549618320610687,0.5572519083969466
681,1779651739.6060839,0.03759765625,0.1181640625,0.900634765625,-3.564885496183206,0.015267175572519083,-2.2977099236641223,-0.047119140625,0.093505859375,0.984375,-0.1984732824427481,-1.5648854961832062,0.5343511450381679
682,1779651739.6180494,0.03955078125,0.12451171875,0.89892578125,-3.5419847328244276,0.17557251908396945,-2.3282442748091605,-0.044677734375,0.09521484375,1.01611328125,-0.4961832061068702,-1.3587786259541985,0.5877862595419847
683,1779651739.6300316,0.042236328125,0.122802734375,0.893310546875,-3.633587786259542,0.1297709923664122,-2.2900763358778624,-0.046142578125,0.103271484375,1.0048828125,-0.183206106870229,-1.5725190839694656,0.7022900763358778
684,1779651739.6420789,0.03369140625,0.120361328125,0.901123046875,-3.5419847328244276,0.16793893129770993,-2.2290076335877864,-0.041015625,0.0908203125,1.009765625,-0.32061068702290074,-1.3740458015267176,0.549618320610687
685,1779651739.6540463,0.033447265625,0.138427734375,0.891845703125,-3.66412213740458,0.05343511450381679,-2.351145038167939,-0.046630859375,0.093505859375,1.002685546875,-0.1450381679389313,-1.6259541984732824,0.6030534351145038
686,1779651739.6659992,0.03857421875,0.119140625,0.89794921875,-3.3740458015267176,0.1297709923664122,-2.2213740458015265,-0.048095703125,0.096923828125,1.00439453125,-0.3816793893129771,-1.4809160305343512,0.549618320610687
687,1779651739.6779933,0.039306640625,0.1201171875,0.902587890625,-3.4656488549618323,0.06870229007633588,-2.366412213740458,-0.044921875,0.095458984375,1.008056640625,-0.183206106870229,-1.3358778625954197,0.8396946564885496
688,1779651739.689939,0.036865234375,0.118408203125,0.894287109375,-3.4732824427480917,0.09923664122137404,-2.2290076335877864,-0.05810546875,0.097900390625,0.9912109375,-0.17557251908396945,-1.381679389312977,0.44274809160305345
689,1779651739.7019033,0.0400390625,0.116455078125,0.892822265625,-3.6106870229007635,0.0,-2.2595419847328246,-0.032470703125,0.096435546875,1.003173828125,-0.16030534351145037,-1.450381679389313,0.5114503816793893
690,1779651739.7138562,0.03076171875,0.118408203125,0.904052734375,-3.549618320610687,-0.030534351145038167,-2.0381679389312977,-0.0625,0.089111328125,0.98583984375,-0.24427480916030533,-1.4732824427480915,0.6641221374045801
691,1779651739.7258527,0.03466796875,0.11474609375,0.901123046875,-3.4427480916030535,-1.9236641221374047,-2.2442748091603053,-0.045166015625,0.094482421875,1.008056640625,-0.2900763358778626,-1.5572519083969465,0.5343511450381679
692,1779651739.7378778,0.03271484375,0.11962890625,0.900390625,-3.687022900763359,0.1984732824427481,-2.312977099236641,-0.044677734375,0.09033203125,1.00537109375,-0.22900763358778625,-1.465648854961832,0.44274809160305345
693,1779651739.7498517,0.042236328125,0.12353515625,0.899169921875,-3.3969465648854964,0.030534351145038167,-2.404580152671756,-0.04833984375,0.099853515625,1.004150390625,-0.35877862595419846,-1.5114503816793894,0.5038167938931297
694,1779651739.7618248,0.0341796875,0.117919921875,0.9033203125,-3.648854961832061,0.08396946564885496,-2.2748091603053435,-0.047607421875,0.094482421875,1.00244140625,-0.5038167938931297,-1.4732824427480915,0.6259541984732825
695,1779651739.773765,0.036376953125,0.11376953125,0.89697265625,-3.5572519083969465,-0.0916030534351145,-2.4122137404580153,-0.044677734375,0.09521484375,1.00634765625,-0.2824427480916031,-1.3358778625954197,0.7862595419847328
696,1779651739.785685,0.040283203125,0.123291015625,0.901123046875,-3.4885496183206106,-0.015267175572519083,-2.1908396946564888,-0.047607421875,0.090087890625,1.0087890625,-0.16030534351145037,-1.4580152671755726,0.6106870229007634
697,1779651739.7976093,0.04150390625,0.12255859375,0.897216796875,-3.49618320610687,0.25190839694656486,-2.4427480916030535,-0.045654296875,0.094970703125,1.00830078125,-0.22137404580152673,-1.5114503816793894,0.6106870229007634
698,1779651739.8095486,0.043212890625,0.12109375,0.89599609375,-3.6412213740458017,-0.04580152671755725,-2.1297709923664123,-0.044189453125,0.078857421875,1.010009765625,-0.26717557251908397,-1.549618320610687,0.4351145038167939
699,1779651739.8215292,0.037353515625,0.1201171875,0.90283203125,-3.7557251908396947,0.04580152671755725,-2.0763358778625953,-0.04248046875,0.100341796875,0.996337890625,-0.366412213740458,-1.4885496183206106,0.4198473282442748
700,1779651739.833456,0.04296875,0.11865234375,0.901123046875,-3.5114503816793894,0.0916030534351145,-2.282442748091603,-0.044921875,0.0888671875,1.00439453125,-0.12213740458015267,-1.4427480916030535,0.5877862595419847
701,1779651739.845609,0.037353515625,0.1181640625,0.900634765625,-3.648854961832061,0.06870229007633588,-2.1755725190839694,-0.044189453125,0.086669921875,0.99365234375,-0.22137404580152673,-1.3893129770992367,0.48854961832061067
702,1779651739.857867,0.0419921875,0.113525390625,0.89990234375,-3.5267175572519083,0.06870229007633588,-2.2595419847328246,-0.047119140625,0.093017578125,1.001953125,-0.2824427480916031,-1.4045801526717556,0.6183206106870229
703,1779651739.869879,0.041015625,0.119873046875,0.896484375,-3.404580152671756,0.0916030534351145,-2.183206106870229,-0.04345703125,0.108154296875,1.013671875,-0.25190839694656486,-1.4198473282442747,0.6641221374045801
704,1779651739.881822,0.043212890625,0.121826171875,0.902587890625,-3.4885496183206106,-1.9083969465648856,-1.9083969465648856,-0.062255859375,0.078369140625,1.00244140625,-0.2366412213740458,-1.3969465648854962,0.6030534351145038
705,1779651739.89377,0.034423828125,0.118896484375,0.9033203125,-3.50381679389313,0.12213740458015267,-2.183206106870229,-0.036376953125,0.105712890625,1.011962890625,-0.2748091603053435,-1.366412213740458,0.5877862595419847
706,1779651739.9057193,0.0390625,0.10986328125,0.90185546875,-3.7557251908396947,0.07633587786259542,-2.2900763358778624,-0.048583984375,0.09814453125,1.011474609375,-0.22900763358778625,-1.3282442748091603,0.5725190839694656
707,1779651739.9176433,0.040283203125,0.116455078125,0.90185546875,-3.4580152671755724,0.061068702290076333,-2.1908396946564888,-0.04638671875,0.080322265625,0.984375,-0.4580152671755725,-1.549618320610687,0.5954198473282443
708,1779651739.929569,0.034423828125,0.119140625,0.90283203125,-3.450381679389313,0.16030534351145037,-2.351145038167939,-0.046875,0.097412109375,1.006103515625,-0.3053435114503817,-1.3511450381679388,0.5877862595419847
709,1779651739.941572,0.0390625,0.123046875,0.8935546875,-3.618320610687023,-0.04580152671755725,-2.213740458015267,-0.037109375,0.094970703125,0.98486328125,-0.15267175572519084,-1.4274809160305344,0.6641221374045801
710,1779651739.9535408,0.04638671875,0.11328125,0.89990234375,-3.5343511450381677,0.007633587786259542,-2.2977099236641223,-0.0478515625,0.09814453125,1.00927734375,-0.13740458015267176,-1.381679389312977,0.44274809160305345
711,1779651739.965511,0.035888671875,0.123779296875,0.909423828125,-3.6106870229007635,-0.08396946564885496,-2.0763358778625953,-0.04638671875,0.09326171875,1.009521484375,-0.22137404580152673,-1.4045801526717556,0.732824427480916
712,1779651739.9774415,0.04052734375,0.120361328125,0.906982421875,-3.427480916030534,0.16030534351145037,-2.1068702290076335,-0.04638671875,0.09375,1.002197265625,-0.2595419847328244,-1.381679389312977,0.48854961832061067
713,1779651739.9893606,0.037841796875,0.112060546875,0.902099609375,-3.49618320610687,-1.9465648854961832,-2.015267175572519,-0.047119140625,0.092041015625,1.005126953125,-0.3282442748091603,-1.366412213740458,0.7862595419847328
714,1779651740.001324,0.039794921875,0.12353515625,0.8994140625,-3.572519083969466,-0.1297709923664122,-2.1603053435114505,-0.040771484375,0.09814453125,1.00390625,-0.2366412213740458,-1.4427480916030535,0.5801526717557252
715,1779651740.0132523,0.035888671875,0.11474609375,0.903076171875,-3.6106870229007635,0.10687022900763359,-2.2595419847328246,-0.046875,0.091796875,0.994384765625,-0.21374045801526717,-1.3740458015267176,0.5725190839694656
716,1779651740.0251615,0.0390625,0.1171875,0.90673828125,-3.6793893129770994,0.09923664122137404,-2.267175572519084,-0.047119140625,0.08935546875,1.00390625,-0.16030534351145037,-1.5267175572519085,0.7175572519083969
717,1779651740.0370696,0.040283203125,0.1240234375,0.901611328125,-3.404580152671756,-1.9236641221374047,-2.312977099236641,-0.04345703125,0.0908203125,1.00927734375,-0.3053435114503817,-1.2748091603053435,0.6259541984732825
718,1779651740.049048,0.0390625,0.12060546875,0.899169921875,-3.5419847328244276,0.12213740458015267,-2.1526717557251906,-0.044677734375,0.0830078125,1.014404296875,-0.35877862595419846,-1.2595419847328244,0.5648854961832062
719,1779651740.061014,0.033203125,0.1171875,0.896484375,-3.5343511450381677,-1.9389312977099236,-2.2213740458015265,-0.042236328125,0.0908203125,1.00244140625,-0.21374045801526717,-1.3435114503816794,0.5419847328244275
720,1779651740.0729876,0.044921875,0.118896484375,0.903076171875,-3.5114503816793894,0.10687022900763359,-2.2900763358778624,-0.0625,0.106201171875,1.010009765625,-0.26717557251908397,-1.5038167938931297,0.48854961832061067
721,1779651740.0849178,0.044677734375,0.1142578125,0.901611328125,-3.5801526717557253,-0.13740458015267176,-2.2595419847328246,-0.044921875,0.093505859375,1.005859375,-0.31297709923664124,-1.5419847328244274,0.6564885496183206
722,1779651740.0968692,0.03466796875,0.118408203125,0.8916015625,-3.5343511450381677,0.030534351145038167,-2.2900763358778624,-0.045166015625,0.080078125,1.009033203125,-0.26717557251908397,-1.618320610687023,0.648854961832061
723,1779651740.1088138,0.039306640625,0.120361328125,0.89990234375,-3.6106870229007635,-0.1450381679389313,-2.33587786259542,-0.0322265625,0.09619140625,1.015380859375,-0.45038167938931295,-1.5114503816793894,0.5343511450381679
724,1779651740.1207507,0.035888671875,0.117919921875,0.890869140625,-3.648854961832061,-0.015267175572519083,-2.2519083969465647,-0.04541015625,0.09375,1.0029296875,-0.21374045801526717,-1.465648854961832,0.5954198473282443
725,1779651740.1326494,0.041748046875,0.11767578125,0.902587890625,-3.6106870229007635,0.03816793893129771,-2.282442748091603,-0.04541015625,0.095703125,1.00048828125,-0.24427480916030533,-1.4427480916030535,0.5954198473282443
726,1779651740.1445816,0.041015625,0.117919921875,0.890869140625,-3.450381679389313,0.0916030534351145,-2.145038167938931,-0.041015625,0.093017578125,1.0029296875,-0.22900763358778625,-1.4809160305343512,0.6870229007633588
727,1779651740.156552,0.041015625,0.114013671875,0.9033203125,-3.3435114503816794,0.022900763358778626,-2.519083969465649,-0.04296875,0.091064453125,1.006591796875,-0.21374045801526717,-1.4122137404580153,0.48091603053435117
728,1779651740.168454,0.038818359375,0.136962890625,0.896728515625,-3.5419847328244276,0.015267175572519083,-2.267175572519084,-0.04736328125,0.096923828125,0.99951171875,-0.2824427480916031,-1.5114503816793894,0.7786259541984732
729,1779651740.1803944,0.03515625,0.119873046875,0.904296875,-3.648854961832061,0.061068702290076333,-2.282442748091603,-0.04833984375,0.09130859375,1.000732421875,-0.22900763358778625,-1.549618320610687,0.6335877862595419
730,1779651740.1923559,0.03466796875,0.11865234375,0.899658203125,-3.480916030534351,0.1297709923664122,-2.2748091603053435,-0.042724609375,0.0947265625,1.009033203125,-0.22900763358778625,-1.381679389312977,0.648854961832061
731,1779651740.2042713,0.04296875,0.1220703125,0.8984375,-3.480916030534351,0.061068702290076333,-2.2061068702290076,-0.05224609375,0.09130859375,1.012451171875,-0.19083969465648856,-1.6259541984732824,0.5648854961832062
732,1779651740.2161944,0.045654296875,0.11767578125,0.89306640625,-3.5267175572519083,0.04580152671755725,-2.3587786259541983,-0.0439453125,0.08935546875,1.006591796875,-0.2595419847328244,-1.4122137404580153,0.40458015267175573
733,1779651740.228106,0.035888671875,0.117919921875,0.906494140625,-3.3969465648854964,0.17557251908396945,-2.312977099236641,-0.04541015625,0.093505859375,1.010986328125,-0.29770992366412213,-1.297709923664122,0.5801526717557252
734,1779651740.2401016,0.040771484375,0.115478515625,0.899658203125,-3.49618320610687,-1.9236641221374047,-2.122137404580153,-0.04248046875,0.10791015625,1.003173828125,-0.183206106870229,-1.4122137404580153,0.5419847328244275
735,1779651740.2520802,0.038818359375,0.121826171875,0.90087890625,-3.687022900763359,0.007633587786259542,-2.2595419847328246,-0.049560546875,0.097412109375,1.003662109375,-0.35877862595419846,-1.2748091603053435,0.7480916030534351
736,1779651740.2640505,0.03857421875,0.12109375,0.897216796875,-3.3587786259541983,-1.9465648854961832,-2.3053435114503817,-0.047607421875,0.079345703125,1.006591796875,-0.3435114503816794,-1.450381679389313,0.6793893129770993
737,1779651740.2760608,0.03515625,0.123046875,0.90087890625,-3.7022900763358777,1.9389312977099236,-2.2290076335877864,-0.044921875,0.087890625,1.00830078125,-0.2824427480916031,-1.3206106870229009,0.6183206106870229
738,1779651740.2880287,0.04296875,0.138427734375,0.900390625,-3.6106870229007635,0.030534351145038167,-2.2290076335877864,-0.043701171875,0.091064453125,0.997314453125,-0.17557251908396945,-1.381679389312977,0.5877862595419847
739,1779651740.3002324,0.037353515625,0.113525390625,0.897216796875,-3.435114503816794,0.09923664122137404,-2.198473282442748,-0.0458984375,0.08642578125,1.005615234375,-0.2366412213740458,-1.381679389312977,0.5648854961832062
740,1779651740.3122027,0.036865234375,0.119140625,0.895263671875,-3.4427480916030535,-1.9083969465648856,-2.427480916030534,-0.044921875,0.091796875,1.001708984375,-0.22900763358778625,-1.3893129770992367,0.5419847328244275
741,1779651740.324123,0.038818359375,0.11767578125,0.898681640625,-3.480916030534351,-1.9465648854961832,-2.595419847328244,-0.04443359375,0.102783203125,1.011474609375,-0.33587786259541985,-1.3587786259541985,0.6183206106870229
742,1779651740.3360727,0.038818359375,0.117431640625,0.898193359375,-3.564885496183206,1.8702290076335877,-2.122137404580153,-0.041748046875,0.09375,1.00732421875,-0.10687022900763359,-1.297709923664122,0.7099236641221374
743,1779651740.3480566,0.040771484375,0.12255859375,0.906982421875,-3.4580152671755724,-0.03816793893129771,-2.3893129770992365,-0.032958984375,0.107666015625,1.002685546875,-0.37404580152671757,-1.3206106870229009,0.7251908396946565
744,1779651740.3600566,0.032958984375,0.12109375,0.905029296875,-3.5801526717557253,0.11450381679389313,-2.3435114503816794,-0.04541015625,0.09716796875,1.007568359375,-0.26717557251908397,-1.4198473282442747,0.5725190839694656
745,1779651740.372051,0.037109375,0.123291015625,0.900390625,-3.595419847328244,0.04580152671755725,-2.2290076335877864,-0.0625,0.093994140625,0.9912109375,-0.3282442748091603,-1.5114503816793894,0.7022900763358778
746,1779651740.3840501,0.0390625,0.12158203125,0.89697265625,-3.6564885496183206,0.11450381679389313,-2.2213740458015265,-0.04150390625,0.095947265625,1.0029296875,-0.22137404580152673,-1.5038167938931297,0.5648854961832062
747,1779651740.3960361,0.04150390625,0.123291015625,0.8974609375,-3.6030534351145036,0.022900763358778626,-2.2213740458015265,-0.042724609375,0.093505859375,1.001953125,-0.29770992366412213,-1.4732824427480915,0.5954198473282443
748,1779651740.408032,0.0419921875,0.1181640625,0.895751953125,-3.6106870229007635,0.030534351145038167,-2.2442748091603053,-0.0458984375,0.0908203125,1.00146484375,-0.19083969465648856,-1.3587786259541985,0.6717557251908397
749,1779651740.4200249,0.037841796875,0.113037109375,0.897216796875,-3.6030534351145036,0.08396946564885496,-2.2519083969465647,-0.048828125,0.093017578125,1.009033203125,-0.22900763358778625,-1.4732824427480915,0.48091603053435117
750,1779651740.4320316,0.034423828125,0.122802734375,0.902587890625,-3.5572519083969465,0.1984732824427481,-2.3282442748091605,-0.060546875,0.079833984375,1.00537109375,-0.35877862595419846,-1.4885496183206106,0.648854961832061
751,1779651740.4440615,0.034912109375,0.118896484375,0.9013671875,-3.427480916030534,0.04580152671755725,-2.198473282442748,-0.03369140625,0.09814453125,1.009521484375,-0.20610687022900764,-1.618320610687023,0.648854961832061
752,1779651740.456099,0.041015625,0.11865234375,0.89599609375,-3.6793893129770994,-0.09923664122137404,-2.33587786259542,-0.04736328125,0.09521484375,1.005615234375,-0.4198473282442748,-1.4045801526717556,0.6641221374045801
753,1779651740.4680426,0.0390625,0.121826171875,0.904052734375,-3.4885496183206106,0.015267175572519083,-2.2748091603053435,-0.039794921875,0.091064453125,1.0068359375,-0.29770992366412213,-1.4427480916030535,0.6564885496183206
754,1779651740.48003,0.034912109375,0.118408203125,0.91015625,-3.549618320610687,0.0,-2.2748091603053435,-0.04833984375,0.09326171875,0.990966796875,-0.29770992366412213,-1.366412213740458,0.44274809160305345
755,1779651740.4920132,0.038330078125,0.119384765625,0.904052734375,-3.648854961832061,0.03816793893129771,-2.213740458015267,-0.04833984375,0.093994140625,1.004638671875,-0.3435114503816794,-1.465648854961832,0.7022900763358778
756,1779651740.5039713,0.038330078125,0.124755859375,0.898681640625,-3.4656488549618323,0.12213740458015267,-2.1908396946564888,-0.05029296875,0.09716796875,1.007080078125,-0.3282442748091603,-1.282442748091603,0.5648854961832062
757,1779651740.515939,0.042236328125,0.109375,0.900390625,-3.50381679389313,0.09923664122137404,-2.351145038167939,-0.044921875,0.096923828125,1.01318359375,-0.3435114503816794,-1.5648854961832062,0.5648854961832062
758,1779651740.527926,0.03466796875,0.116943359375,0.89501953125,-3.6106870229007635,-0.061068702290076333,-2.3587786259541983,-0.049560546875,0.093994140625,1.006591796875,-0.29770992366412213,-1.4122137404580153,0.5725190839694656
759,1779651740.5399454,0.032470703125,0.1162109375,0.899169921875,-3.648854961832061,-0.06870229007633588,-2.33587786259542,-0.04345703125,0.090087890625,1.0087890625,-0.2900763358778626,-1.3206106870229009,0.5572519083969466
760,1779651740.5519075,0.038330078125,0.12255859375,0.90185546875,-3.5801526717557253,0.11450381679389313,-2.381679389312977,-0.0595703125,0.08935546875,0.996826171875,-0.4198473282442748,-1.3969465648854962,0.549618320610687
761,1779651740.5638616,0.041015625,0.12255859375,0.900634765625,-3.564885496183206,0.11450381679389313,-2.282442748091603,-0.044921875,0.095947265625,1.00732421875,-0.10687022900763359,-1.5190839694656488,0.6030534351145038
762,1779651740.5757556,0.0380859375,0.118408203125,0.897216796875,-3.564885496183206,1.900763358778626,-2.0839694656488548,-0.040771484375,0.0791015625,1.00732421875,-0.21374045801526717,-1.549618320610687,0.4351145038167939
763,1779651740.5880353,0.039306640625,0.118408203125,0.90576171875,-3.6030534351145036,0.022900763358778626,-2.5267175572519083,-0.050537109375,0.09716796875,1.002685546875,-0.3053435114503817,-1.618320610687023,0.5343511450381679
764,1779651740.600079,0.041748046875,0.11767578125,0.89306640625,-3.480916030534351,0.0916030534351145,-2.1908396946564888,-0.04345703125,0.092041015625,1.00390625,-0.26717557251908397,-1.3893129770992367,0.5572519083969466
765,1779651740.6120143,0.041748046875,0.120361328125,0.903076171875,-3.732824427480916,0.16030534351145037,-2.3969465648854964,-0.0478515625,0.095703125,1.001953125,-0.4122137404580153,-1.3358778625954197,0.5267175572519084
766,1779651740.6239765,0.037353515625,0.118896484375,0.89697265625,-3.450381679389313,0.10687022900763359,-2.312977099236641,-0.043701171875,0.091064453125,1.00927734375,-0.22137404580152673,-1.4198473282442747,0.5648854961832062
767,1779651740.6359532,0.035400390625,0.1376953125,0.897216796875,-3.4122137404580153,0.06870229007633588,-2.2213740458015265,-0.0341796875,0.104736328125,1.000244140625,-0.3511450381679389,-1.4427480916030535,0.5954198473282443
768,1779651740.6480327,0.035888671875,0.113525390625,0.8955078125,-3.564885496183206,0.1297709923664122,-2.2519083969465647,-0.040283203125,0.095703125,0.9853515625,-0.2366412213740458,-1.4122137404580153,0.6259541984732825
769,1779651740.6600072,0.04052734375,0.119873046875,0.904052734375,-3.572519083969466,0.007633587786259542,-2.0381679389312977,-0.03857421875,0.09375,1.001953125,-0.17557251908396945,-1.4351145038167938,0.5954198473282443
770,1779651740.6720035,0.0341796875,0.122314453125,0.905517578125,-3.4122137404580153,0.16793893129770993,-2.33587786259542,-0.04296875,0.093017578125,1.000244140625,-0.2824427480916031,-1.3969465648854962,0.5954198473282443
771,1779651740.683942,0.034912109375,0.11572265625,0.897216796875,-3.4732824427480917,0.04580152671755725,-2.366412213740458,-0.04248046875,0.0927734375,1.010009765625,-0.21374045801526717,-1.465648854961832,0.6412213740458015
772,1779651740.6959367,0.037841796875,0.12158203125,0.8994140625,-3.4885496183206106,-0.07633587786259542,-2.2595419847328246,-0.044189453125,0.09130859375,0.998046875,-0.2824427480916031,-1.4961832061068703,0.6641221374045801
773,1779651740.7079206,0.034423828125,0.121826171875,0.901123046875,-3.5801526717557253,-1.9541984732824427,-2.2213740458015265,-0.044921875,0.09375,1.001953125,-0.31297709923664124,-1.3587786259541985,0.45038167938931295
774,1779651740.7199066,0.03759765625,0.11962890625,0.900390625,-3.687022900763359,-0.015267175572519083,-2.2442748091603053,-0.04296875,0.0908203125,1.00927734375,-0.2595419847328244,-1.5267175572519085,0.5419847328244275
775,1779651740.7319024,0.03857421875,0.119384765625,0.8994140625,-3.7022900763358777,0.0916030534351145,-2.2442748091603053,-0.04638671875,0.08837890625,1.003662109375,-0.2748091603053435,-1.381679389312977,0.5419847328244275
776,1779651740.744099,0.039794921875,0.120849609375,0.89892578125,-3.618320610687023,0.11450381679389313,-2.4427480916030535,-0.044189453125,0.08740234375,0.989990234375,-0.29770992366412213,-1.4045801526717556,0.5038167938931297
777,1779651740.7560678,0.034423828125,0.119384765625,0.900146484375,-3.5419847328244276,1.9236641221374047,-2.0916030534351147,-0.04443359375,0.0966796875,0.987548828125,-0.2824427480916031,-1.3587786259541985,0.549618320610687
778,1779651740.7680652,0.041748046875,0.123291015625,0.89111328125,-3.480916030534351,0.022900763358778626,-2.1297709923664123,-0.03955078125,0.092529296875,1.00537109375,-0.19083969465648856,-1.450381679389313,0.7022900763358778
779,1779651740.7800376,0.03955078125,0.122314453125,0.896484375,-3.595419847328244,1.9312977099236641,-2.3893129770992365,-0.044189453125,0.095947265625,1.004150390625,-0.24427480916030533,-1.381679389312977,0.6641221374045801
780,1779651740.7920377,0.03369140625,0.122314453125,0.90185546875,-3.5343511450381677,-0.1297709923664122,-2.213740458015267,-0.04833984375,0.093994140625,1.00244140625,-0.3053435114503817,-1.450381679389313,0.5038167938931297
781,1779651740.8040328,0.034912109375,0.123291015625,0.900634765625,-3.549618320610687,0.08396946564885496,-2.366412213740458,-0.037109375,0.088623046875,1.003173828125,-0.4198473282442748,-1.5267175572519085,0.5343511450381679
782,1779651740.8160133,0.037109375,0.118896484375,0.90234375,-3.6259541984732824,0.030534351145038167,-2.2595419847328246,-0.04443359375,0.09228515625,1.00341796875,-0.21374045801526717,-1.465648854961832,0.6259541984732825
783,1779651740.8279371,0.0380859375,0.1181640625,0.89794921875,-3.549618320610687,0.03816793893129771,-2.16793893129771,-0.041748046875,0.0947265625,1.009033203125,-0.13740458015267176,-1.5648854961832062,0.5954198473282443
784,1779651740.8399084,0.036376953125,0.12255859375,0.896484375,-3.5419847328244276,-0.183206106870229,-2.282442748091603,-0.031494140625,0.08935546875,1.009033203125,-0.33587786259541985,-1.5877862595419847,0.5190839694656488
785,1779651740.8519466,0.037353515625,0.12158203125,0.904052734375,-3.7022900763358777,0.1450381679389313,-2.0229007633587788,-0.046875,0.10595703125,1.005859375,-0.22137404580152673,-1.4427480916030535,0.42748091603053434
786,1779651740.8639367,0.041259765625,0.11572265625,0.896240234375,-3.595419847328244,-0.04580152671755725,-2.267175572519084,-0.055419921875,0.080810546875,1.0078125,-0.2748091603053435,-1.4122137404580153,0.5725190839694656
787,1779651740.875921,0.037841796875,0.120849609375,0.893310546875,-3.6259541984732824,0.12213740458015267,-2.3969465648854964,-0.05078125,0.0947265625,1.0126953125,-0.2748091603053435,-1.3206106870229009,0.6106870229007634
788,1779651740.8879278,0.03369140625,0.132568359375,0.903076171875,-3.2900763358778624,0.16030534351145037,-2.3740458015267176,-0.0478515625,0.093505859375,1.0107421875,-0.20610687022900764,-1.450381679389313,0.6335877862595419
789,1779651740.899924,0.04052734375,0.114501953125,0.904052734375,-3.6259541984732824,-1.9541984732824427,-2.312977099236641,-0.04443359375,0.09033203125,1.016357421875,-0.16030534351145037,-1.3587786259541985,0.4198473282442748
790,1779651740.911902,0.03662109375,0.125244140625,0.89794921875,-3.549618320610687,-0.030534351145038167,-2.2748091603053435,-0.0478515625,0.08984375,1.0068359375,-0.4732824427480916,-1.5114503816793894,0.6183206106870229
791,1779651740.9238553,0.03466796875,0.119873046875,0.896240234375,-3.5572519083969465,-0.030534351145038167,-2.114503816793893,-0.044189453125,0.097412109375,1.00830078125,-0.3816793893129771,-1.450381679389313,0.5190839694656488
792,1779651740.9357867,0.03662109375,0.119384765625,0.898193359375,-3.572519083969466,0.3053435114503817,-2.572519083969466,-0.045654296875,0.095458984375,1.00634765625,-0.25190839694656486,-1.4045801526717556,0.6717557251908397
793,1779651740.9477339,0.040771484375,0.1171875,0.905029296875,-3.7557251908396947,0.1297709923664122,-2.2900763358778624,-0.0478515625,0.09130859375,1.00634765625,-0.17557251908396945,-1.4198473282442747,0.6641221374045801
794,1779651740.9596703,0.0400390625,0.1220703125,0.89306640625,-3.5572519083969465,0.030534351145038167,-2.145038167938931,-0.05908203125,0.09521484375,1.0078125,-0.22900763358778625,-1.3206106870229009,0.7099236641221374
795,1779651740.9715838,0.044921875,0.12255859375,0.893798828125,-3.5801526717557253,-1.8931297709923665,-2.450381679389313,-0.05078125,0.089599609375,1.007568359375,-0.366412213740458,-1.366412213740458,0.5725190839694656
796,1779651740.9835546,0.034912109375,0.1220703125,0.90185546875,-3.7480916030534353,-0.0916030534351145,-2.3893129770992365,-0.059814453125,0.094970703125,1.01220703125,-0.2900763358778626,-1.2595419847328244,0.5419847328244275
797,1779651740.995537,0.042724609375,0.121826171875,0.899658203125,-3.5877862595419847,-0.09923664122137404,-2.2519083969465647,-0.04345703125,0.090087890625,1.007568359375,-0.183206106870229,-1.2671755725190839,0.48091603053435117
798,1779651741.0075266,0.037109375,0.117919921875,0.900634765625,-3.6717557251908395,0.09923664122137404,-2.49618320610687,-0.03369140625,0.104736328125,1.004638671875,-0.2824427480916031,-1.4198473282442747,0.648854961832061
799,1779651741.019472,0.036376953125,0.12158203125,0.89990234375,-3.6412213740458017,0.030534351145038167,-2.045801526717557,-0.044921875,0.090087890625,1.004638671875,-0.26717557251908397,-1.4885496183206106,0.5038167938931297
800,1779651741.0314672,0.03759765625,0.114990234375,0.9140625,-3.6564885496183206,0.07633587786259542,-2.2061068702290076,-0.048828125,0.1044921875,1.007080078125,-0.17557251908396945,-1.366412213740458,0.5190839694656488
801,1779651741.0436592,0.039794921875,0.123046875,0.896484375,-3.618320610687023,-0.061068702290076333,-2.3740458015267176,-0.046142578125,0.103515625,0.99755859375,-0.32061068702290074,-1.4351145038167938,0.4961832061068702
802,1779651741.055681,0.03076171875,0.124267578125,0.906494140625,-3.519083969465649,-0.04580152671755725,-2.312977099236641,-0.04443359375,0.09619140625,1.012939453125,-0.24427480916030533,-1.3282442748091603,0.4732824427480916
803,1779651741.067617,0.039306640625,0.121826171875,0.903076171875,-3.5114503816793894,0.16030534351145037,-2.0610687022900764,-0.04833984375,0.104248046875,1.01513671875,-0.2900763358778626,-1.5114503816793894,0.6259541984732825
804,1779651741.0794961,0.038818359375,0.11962890625,0.900634765625,-3.6793893129770994,0.1984732824427481,-2.3053435114503817,-0.0439453125,0.103271484375,1.006591796875,-0.1984732824427481,-1.5267175572519085,0.648854961832061
805,1779651741.0914733,0.038330078125,0.11962890625,0.90087890625,-3.6030534351145036,0.1297709923664122,-2.2748091603053435,-0.044921875,0.09130859375,1.00732421875,-0.3816793893129771,-1.5572519083969465,0.6641221374045801
806,1779651741.1034646,0.041259765625,0.12060546875,0.901611328125,-3.50381679389313,0.04580152671755725,-2.33587786259542,-0.03173828125,0.106689453125,1.009033203125,-0.2595419847328244,-1.5954198473282444,0.5038167938931297
807,1779651741.1153798,0.038818359375,0.11962890625,0.902099609375,-3.5419847328244276,-0.06870229007633588,-2.3282442748091605,-0.061767578125,0.08935546875,0.985595703125,-0.1450381679389313,-1.450381679389313,0.46564885496183206
808,1779651741.1272812,0.037841796875,0.115966796875,0.89697265625,-3.633587786259542,0.10687022900763359,-2.2519083969465647,-0.037841796875,0.0947265625,1.003173828125,-0.2824427480916031,-1.5648854961832062,0.4580152671755725
809,1779651741.1392043,0.0390625,0.120849609375,0.896484375,-3.4885496183206106,0.10687022900763359,-2.2442748091603053,-0.0595703125,0.1083984375,1.014892578125,-0.2900763358778626,-1.3129770992366412,0.5343511450381679
810,1779651741.151138,0.03369140625,0.109375,0.901123046875,-3.49618320610687,-1.9236641221374047,-2.16793893129771,-0.04052734375,0.093017578125,1.00048828125,-0.366412213740458,-1.5190839694656488,0.5267175572519084
811,1779651741.163083,0.039306640625,0.11669921875,0.8955078125,-3.4656488549618323,0.21374045801526717,-2.2900763358778624,-0.05029296875,0.099609375,1.005615234375,-0.17557251908396945,-1.3511450381679388,0.5877862595419847
812,1779651741.1750445,0.035888671875,0.11767578125,0.892822265625,-3.6946564885496183,0.007633587786259542,-2.3053435114503817,-0.04248046875,0.09423828125,1.005126953125,-0.29770992366412213,-1.465648854961832,0.5648854961832062
813,1779651741.1871881,0.03466796875,0.119873046875,0.90087890625,-3.427480916030534,0.22137404580152673,-2.4656488549618323,-0.043212890625,0.094970703125,1.0,-0.4351145038167939,-1.4809160305343512,0.6030534351145038
814,1779651741.1991463,0.044189453125,0.116455078125,0.8955078125,-3.5801526717557253,-0.022900763358778626,-2.4427480916030535,-0.045166015625,0.09716796875,1.006103515625,-0.24427480916030533,-1.5190839694656488,0.5801526717557252
815,1779651741.211104,0.03271484375,0.118408203125,0.894287109375,-3.4198473282442747,0.11450381679389313,-2.3206106870229006,-0.044921875,0.08935546875,1.00634765625,-0.2900763358778626,-1.534351145038168,0.5954198473282443
816,1779651741.2229972,0.039794921875,0.125244140625,0.899169921875,-3.4885496183206106,0.10687022900763359,-2.3969465648854964,-0.0439453125,0.103759765625,1.002685546875,-0.26717557251908397,-1.549618320610687,0.48091603053435117
817,1779651741.2349474,0.038818359375,0.121826171875,0.8994140625,-3.49618320610687,1.9389312977099236,-2.519083969465649,-0.0322265625,0.08203125,1.005126953125,-0.17557251908396945,-1.4809160305343512,0.7251908396946565
818,1779651741.2468863,0.03564453125,0.1162109375,0.9013671875,-3.4885496183206106,0.030534351145038167,-2.1755725190839694,-0.037109375,0.09521484375,1.001708984375,-0.25190839694656486,-1.381679389312977,0.549618320610687
819,1779651741.258817,0.031982421875,0.121826171875,0.896240234375,-3.549618320610687,-1.9465648854961832,-2.33587786259542,-0.04345703125,0.09521484375,1.01171875,-0.183206106870229,-1.4732824427480915,0.5267175572519084
820,1779651741.2707517,0.037841796875,0.116455078125,0.89697265625,-3.50381679389313,0.0,-2.2519083969465647,-0.031494140625,0.093994140625,1.00439453125,-0.29770992366412213,-1.4351145038167938,0.5038167938931297
821,1779651741.2826695,0.04345703125,0.12060546875,0.897216796875,-3.5572519083969465,0.17557251908396945,-2.4732824427480917,-0.0439453125,0.091552734375,1.0078125,-0.32061068702290074,-1.5190839694656488,0.5725190839694656
822,1779651741.2945826,0.039794921875,0.12158203125,0.892578125,-3.618320610687023,-0.04580152671755725,-2.33587786259542,-0.0498046875,0.10693359375,0.9892578125,-0.19083969465648856,-1.4427480916030535,0.5725190839694656
823,1779651741.30651,0.033935546875,0.114501953125,0.892822265625,-3.7709923664122136,0.10687022900763359,-2.183206106870229,-0.044189453125,0.106201171875,1.00146484375,-0.3511450381679389,-1.4198473282442747,0.5877862595419847
824,1779651741.3184223,0.0361328125,0.125732421875,0.89892578125,-3.49618320610687,-0.12213740458015267,-2.1297709923664123,-0.04833984375,0.09228515625,1.01220703125,-0.3053435114503817,-1.3740458015267176,0.5648854961832062
825,1779651741.3303246,0.037109375,0.127197265625,0.90478515625,-3.732824427480916,0.1450381679389313,-2.2595419847328246,-0.035888671875,0.093017578125,1.00390625,-0.2900763358778626,-1.4122137404580153,0.648854961832061
826,1779651741.342266,0.038818359375,0.114501953125,0.901611328125,-3.564885496183206,0.022900763358778626,-2.2519083969465647,-0.040771484375,0.092529296875,1.003173828125,-0.24427480916030533,-1.2595419847328244,0.5572519083969466
827,1779651741.3541996,0.039306640625,0.117919921875,0.8974609375,-3.6106870229007635,0.22900763358778625,-2.145038167938931,-0.0439453125,0.08642578125,1.00341796875,-0.24427480916030533,-1.4122137404580153,0.5190839694656488
828,1779651741.3661296,0.0361328125,0.1123046875,0.89990234375,-3.6717557251908395,0.20610687022900764,-2.2213740458015265,-0.044189453125,0.091064453125,1.00634765625,-0.12213740458015267,-1.5419847328244274,0.6183206106870229
829,1779651741.378077,0.041259765625,0.1162109375,0.895263671875,-3.6564885496183206,0.030534351145038167,-2.404580152671756,-0.04541015625,0.09375,0.9990234375,-0.29770992366412213,-1.5190839694656488,0.5954198473282443
830,1779651741.3900414,0.041748046875,0.12255859375,0.896484375,-3.50381679389313,-0.13740458015267176,-2.183206106870229,-0.04248046875,0.09375,1.00390625,-0.3435114503816794,-1.3893129770992367,0.7022900763358778
831,1779651741.402029,0.03955078125,0.11669921875,0.89794921875,-3.5572519083969465,0.11450381679389313,-2.2519083969465647,-0.046142578125,0.086181640625,1.003173828125,-0.31297709923664124,-1.5190839694656488,0.5114503816793893
832,1779651741.4140174,0.03564453125,0.119873046875,0.8994140625,-3.4885496183206106,0.13740458015267176,-2.114503816793893,-0.062255859375,0.097412109375,1.01416015625,-0.1450381679389313,-1.4274809160305344,0.6259541984732825
833,1779651741.425999,0.04248046875,0.120361328125,0.903076171875,-3.4122137404580153,-0.030534351145038167,-2.2748091603053435,-0.06005859375,0.087158203125,1.004638671875,-0.33587786259541985,-1.5038167938931297,0.5114503816793893
834,1779651741.4380012,0.03759765625,0.126708984375,0.8994140625,-3.595419847328244,0.08396946564885496,-2.2900763358778624,-0.036376953125,0.097412109375,1.00732421875,-0.35877862595419846,-1.465648854961832,0.6030534351145038
835,1779651741.450033,0.037109375,0.121337890625,0.89990234375,-3.381679389312977,-0.05343511450381679,-2.282442748091603,-0.043212890625,0.09423828125,1.025146484375,-0.3511450381679389,-1.3587786259541985,0.6106870229007634
836,1779651741.4620116,0.0380859375,0.118896484375,0.903564453125,-3.4885496183206106,0.0916030534351145,-2.114503816793893,-0.048828125,0.0888671875,1.008056640625,-0.25190839694656486,-1.465648854961832,0.6259541984732825
837,1779651741.4739904,0.036865234375,0.116455078125,0.902099609375,-3.404580152671756,-1.9312977099236641,-2.2213740458015265,-0.04541015625,0.087890625,1.012451171875,-0.3816793893129771,-1.4732824427480915,0.5572519083969466
838,1779651741.4860213,0.038330078125,0.118896484375,0.90087890625,-3.4580152671755724,0.061068702290076333,-2.2442748091603053,-0.044189453125,0.088134765625,0.99755859375,-0.33587786259541985,-1.450381679389313,0.5725190839694656
839,1779651741.4980223,0.042236328125,0.1181640625,0.897705078125,-3.5877862595419847,-0.09923664122137404,-2.366412213740458,-0.04296875,0.09326171875,1.003662109375,-0.2824427480916031,-1.4961832061068703,0.7862595419847328
840,1779651741.510029,0.041259765625,0.115234375,0.899658203125,-3.366412213740458,0.0,-2.0839694656488548,-0.03173828125,0.10791015625,1.0078125,-0.1984732824427481,-1.3435114503816794,0.6717557251908397
841,1779651741.52201,0.03564453125,0.1220703125,0.897216796875,-3.564885496183206,-0.0916030534351145,-2.3587786259541983,-0.04541015625,0.09912109375,1.00390625,-0.25190839694656486,-1.4732824427480915,0.44274809160305345
842,1779651741.5340123,0.042236328125,0.1220703125,0.894287109375,-3.519083969465649,1.9083969465648856,-2.381679389312977,-0.031982421875,0.091796875,1.027099609375,-0.24427480916030533,-1.3587786259541985,0.5419847328244275
843,1779651741.546047,0.03466796875,0.117431640625,0.90234375,-3.4732824427480917,0.007633587786259542,-2.3587786259541983,-0.045166015625,0.093994140625,1.00390625,-0.25190839694656486,-1.5648854961832062,0.4198473282442748
844,1779651741.5580509,0.034912109375,0.123046875,0.900634765625,-3.7480916030534353,-0.061068702290076333,-2.3282442748091605,-0.03955078125,0.089111328125,1.001953125,-0.13740458015267176,-1.450381679389313,0.6030534351145038
845,1779651741.5700107,0.040283203125,0.1201171875,0.89453125,-3.618320610687023,0.15267175572519084,-2.099236641221374,-0.04443359375,0.09228515625,1.002685546875,-0.3282442748091603,-1.4274809160305344,0.6106870229007634
846,1779651741.581996,0.040283203125,0.123291015625,0.888916015625,-3.549618320610687,-0.0916030534351145,-2.2290076335877864,-0.04638671875,0.10546875,1.001708984375,-0.1984732824427481,-1.3893129770992367,0.5343511450381679
847,1779651741.5943053,0.044189453125,0.1201171875,0.89892578125,-3.6259541984732824,0.1297709923664122,-2.450381679389313,-0.046630859375,0.091796875,1.00146484375,-0.29770992366412213,-1.3206106870229009,0.5419847328244275
848,1779651741.6062467,0.041259765625,0.122802734375,0.89892578125,-3.572519083969466,-0.022900763358778626,-2.1068702290076335,-0.0390625,0.0927734375,1.0068359375,-0.2595419847328244,-1.4198473282442747,0.5572519083969466
849,1779651741.618171,0.03955078125,0.12255859375,0.903076171875,-3.5419847328244276,0.1450381679389313,-2.0763358778625953,-0.04541015625,0.09130859375,1.013427734375,-0.32061068702290074,-1.465648854961832,0.6106870229007634
850,1779651741.6303492,0.044189453125,0.114501953125,0.894775390625,-3.6259541984732824,0.09923664122137404,-2.3435114503816794,-0.045166015625,0.08935546875,1.006591796875,-0.2366412213740458,-1.4045801526717556,0.6030534351145038
851,1779651741.6423125,0.036865234375,0.1240234375,0.896240234375,-3.66412213740458,0.12213740458015267,-2.3893129770992365,-0.045166015625,0.095458984375,1.005615234375,-0.24427480916030533,-1.5419847328244274,0.48091603053435117
852,1779651741.6543188,0.04345703125,0.122802734375,0.904052734375,-3.5801526717557253,0.07633587786259542,-2.351145038167939,-0.0419921875,0.090576171875,1.00244140625,-0.19083969465648856,-1.450381679389313,0.5725190839694656
853,1779651741.6662605,0.033447265625,0.120361328125,0.892333984375,-3.572519083969466,-0.06870229007633588,-2.213740458015267,-0.050537109375,0.09375,1.007568359375,-0.16793893129770993,-1.6793893129770991,0.4732824427480916
854,1779651741.6782026,0.0400390625,0.110595703125,0.8984375,-3.717557251908397,0.061068702290076333,-2.16793893129771,-0.04736328125,0.094482421875,1.004638671875,-0.26717557251908397,-1.5038167938931297,0.4580152671755725
855,1779651741.690138,0.038818359375,0.12353515625,0.89599609375,-3.50381679389313,-0.05343511450381679,-2.16793893129771,-0.03955078125,0.084716796875,0.994140625,-0.1297709923664122,-1.4961832061068703,0.5190839694656488
856,1779651741.7020676,0.0380859375,0.11181640625,0.89892578125,-3.618320610687023,0.1450381679389313,-2.381679389312977,-0.03662109375,0.09423828125,1.009033203125,-0.16793893129770993,-1.549618320610687,0.6030534351145038
857,1779651741.714039,0.035888671875,0.122802734375,0.898193359375,-3.6793893129770994,0.09923664122137404,-2.50381679389313,-0.0439453125,0.0947265625,1.01025390625,-0.4961832061068702,-1.5190839694656488,0.648854961832061
858,1779651741.7260394,0.041015625,0.1201171875,0.895751953125,-3.5419847328244276,0.13740458015267176,-2.312977099236641,-0.031494140625,0.091796875,1.001953125,-0.19083969465648856,-1.5114503816793894,0.6564885496183206
859,1779651741.7380443,0.03857421875,0.117431640625,0.899169921875,-3.5572519083969465,0.015267175572519083,-2.2213740458015265,-0.046875,0.09423828125,1.013671875,-0.25190839694656486,-1.366412213740458,0.6106870229007634
860,1779651741.7500854,0.041259765625,0.11767578125,0.900146484375,-3.427480916030534,0.183206106870229,-2.1755725190839694,-0.039794921875,0.090087890625,1.01025390625,-0.3511450381679389,-1.3511450381679388,0.5190839694656488
861,1779651741.7620428,0.033935546875,0.114501953125,0.8994140625,-3.519083969465649,0.04580152671755725,-2.099236641221374,-0.042236328125,0.095947265625,1.0107421875,-0.366412213740458,-1.366412213740458,0.6106870229007634
862,1779651741.7740493,0.041748046875,0.117431640625,0.907958984375,-3.633587786259542,0.10687022900763359,-2.267175572519084,-0.0458984375,0.096435546875,1.005615234375,-0.22900763358778625,-1.3129770992366412,0.5114503816793893
863,1779651741.7860546,0.03955078125,0.119873046875,0.894775390625,-3.6030534351145036,-1.9465648854961832,-2.3206106870229006,-0.042236328125,0.094970703125,1.001953125,-0.2900763358778626,-1.3129770992366412,0.4961832061068702
864,1779651741.7980568,0.03955078125,0.11962890625,0.8994140625,-3.549618320610687,-0.007633587786259542,-2.3282442748091605,-0.062255859375,0.10888671875,1.001708984375,-0.22137404580152673,-1.465648854961832,0.5648854961832062
865,1779651741.810057,0.040771484375,0.124755859375,0.90673828125,-3.648854961832061,0.1297709923664122,-2.2977099236641223,-0.03369140625,0.10693359375,1.001708984375,-0.1297709923664122,-1.4580152671755726,0.5114503816793893
866,1779651741.8220196,0.0439453125,0.115966796875,0.90087890625,-3.4885496183206106,0.20610687022900764,-2.0839694656488548,-0.045166015625,0.09130859375,1.00732421875,-0.22900763358778625,-1.450381679389313,0.5190839694656488
867,1779651741.834013,0.041748046875,0.122802734375,0.89892578125,-3.6793893129770994,0.06870229007633588,-2.2213740458015265,-0.033447265625,0.090087890625,1.0078125,-0.3282442748091603,-1.618320610687023,0.4122137404580153
868,1779651741.846035,0.036376953125,0.115478515625,0.902587890625,-3.5877862595419847,0.03816793893129771,-2.4198473282442747,-0.04443359375,0.08935546875,1.0009765625,-0.35877862595419846,-1.3129770992366412,0.5419847328244275
869,1779651741.858059,0.038330078125,0.1181640625,0.895751953125,-3.4580152671755724,-0.05343511450381679,-2.3587786259541983,-0.043701171875,0.095947265625,1.015380859375,-0.12213740458015267,-1.4961832061068703,0.549618320610687
870,1779651741.8700466,0.037353515625,0.124755859375,0.900634765625,-3.5114503816793894,-0.16793893129770993,-2.404580152671756,-0.04931640625,0.091796875,0.99658203125,-0.2595419847328244,-1.366412213740458,0.5725190839694656
871,1779651741.882054,0.03369140625,0.119873046875,0.904296875,-3.5419847328244276,-0.0916030534351145,-2.282442748091603,-0.04443359375,0.089599609375,1.010986328125,-0.29770992366412213,-1.4045801526717556,0.4580152671755725
872,1779651741.8940709,0.03564453125,0.119140625,0.89990234375,-3.595419847328244,1.9236641221374047,-2.2213740458015265,-0.044677734375,0.0927734375,1.00146484375,-0.4122137404580153,-1.5954198473282444,0.4961832061068702
873,1779651741.9060302,0.03369140625,0.1220703125,0.9052734375,-3.5572519083969465,-0.17557251908396945,-2.2290076335877864,-0.04736328125,0.08984375,0.990478515625,-0.1297709923664122,-1.4732824427480915,0.5648854961832062
874,1779651741.9180439,0.041259765625,0.113037109375,0.90234375,-3.6793893129770994,0.10687022900763359,-2.4656488549618323,-0.055908203125,0.093017578125,0.985595703125,-0.33587786259541985,-1.450381679389313,0.7099236641221374
875,1779651741.9300475,0.04150390625,0.12109375,0.89599609375,-3.6030534351145036,-1.8778625954198473,-2.2519083969465647,-0.0478515625,0.096923828125,1.009765625,-0.19083969465648856,-1.6259541984732824,0.6946564885496184
876,1779651741.9420667,0.035888671875,0.116943359375,0.89453125,-3.549618320610687,0.19083969465648856,-2.2977099236641223,-0.0439453125,0.091552734375,1.001708984375,-0.22137404580152673,-1.3206106870229009,0.5954198473282443
877,1779651741.9540792,0.03515625,0.114990234375,0.895751953125,-3.4427480916030535,0.12213740458015267,-2.2442748091603053,-0.047119140625,0.092529296875,1.008544921875,-0.29770992366412213,-1.465648854961832,0.46564885496183206
878,1779651741.9660459,0.036865234375,0.123046875,0.89306640625,-3.786259541984733,0.03816793893129771,-2.381679389312977,-0.040283203125,0.0908203125,1.022705078125,-0.25190839694656486,-1.5267175572519085,0.5725190839694656
879,1779651741.9780483,0.0390625,0.117431640625,0.89306640625,-3.50381679389313,0.06870229007633588,-2.351145038167939,-0.043701171875,0.091552734375,1.00439453125,-0.1984732824427481,-1.3206106870229009,0.5725190839694656
880,1779651741.9900594,0.040771484375,0.120361328125,0.90771484375,-3.33587786259542,0.16030534351145037,-2.3740458015267176,-0.04638671875,0.106689453125,1.009765625,-0.16793893129770993,-1.4351145038167938,0.4732824427480916
881,1779651742.0020752,0.0361328125,0.12255859375,0.907470703125,-3.480916030534351,-0.015267175572519083,-2.4732824427480917,-0.0556640625,0.078125,1.0009765625,-0.17557251908396945,-1.4809160305343512,0.44274809160305345
882,1779651742.014068,0.033203125,0.123046875,0.900390625,-3.427480916030534,0.10687022900763359,-2.2595419847328246,-0.046142578125,0.088134765625,1.00830078125,-0.26717557251908397,-1.5572519083969465,0.5648854961832062
883,1779651742.0260668,0.035888671875,0.12353515625,0.9013671875,-3.7022900763358777,-0.007633587786259542,-2.2977099236641223,-0.033203125,0.109130859375,0.988037109375,-0.3435114503816794,-1.549618320610687,0.5725190839694656
884,1779651742.0380726,0.036865234375,0.124267578125,0.90576171875,-3.6412213740458017,0.15267175572519084,-2.2595419847328246,-0.045166015625,0.090087890625,1.004638671875,-0.32061068702290074,-1.465648854961832,0.6717557251908397
885,1779651742.0501041,0.03662109375,0.117919921875,0.897705078125,-3.633587786259542,0.030534351145038167,-2.2290076335877864,-0.042236328125,0.093505859375,1.018310546875,-0.12213740458015267,-1.4427480916030535,0.6641221374045801
886,1779651742.0622985,0.0341796875,0.123779296875,0.898193359375,-3.3893129770992365,-0.04580152671755725,-2.1297709923664123,-0.044921875,0.099365234375,1.012939453125,-0.21374045801526717,-1.4274809160305344,0.4961832061068702
887,1779651742.0742657,0.03759765625,0.11962890625,0.897216796875,-3.435114503816794,0.04580152671755725,-2.2519083969465647,-0.0419921875,0.095703125,1.001708984375,-0.366412213740458,-1.3511450381679388,0.6183206106870229
888,1779651742.08621,0.042724609375,0.12158203125,0.892822265625,-3.427480916030534,0.2595419847328244,-2.435114503816794,-0.038330078125,0.108642578125,0.999755859375,-0.32061068702290074,-1.6564885496183206,0.4961832061068702
889,1779651742.0981479,0.037109375,0.1181640625,0.895751953125,-3.595419847328244,-1.9465648854961832,-2.366412213740458,-0.044677734375,0.096923828125,1.002685546875,-0.2824427480916031,-1.5190839694656488,0.5343511450381679
890,1779651742.1101182,0.047607421875,0.121826171875,0.905029296875,-3.6030534351145036,0.09923664122137404,-2.068702290076336,-0.043212890625,0.1083984375,0.99365234375,-0.17557251908396945,-1.4351145038167938,0.5190839694656488
891,1779651742.1220818,0.039794921875,0.115966796875,0.89697265625,-3.564885496183206,0.20610687022900764,-2.183206106870229,-0.03369140625,0.093994140625,1.005615234375,-0.2824427480916031,-1.3129770992366412,0.6183206106870229
892,1779651742.1340418,0.036865234375,0.115966796875,0.897705078125,-3.633587786259542,0.030534351145038167,-2.213740458015267,-0.044189453125,0.0947265625,0.99267578125,-0.20610687022900764,-1.3282442748091603,0.48854961832061067
893,1779651742.146059,0.033447265625,0.118896484375,0.904052734375,-3.3435114503816794,0.19083969465648856,-2.2977099236641223,-0.046875,0.087158203125,1.001953125,-0.2366412213740458,-1.2442748091603053,0.5114503816793893
894,1779651742.1580377,0.041015625,0.136962890625,0.897216796875,-3.564885496183206,1.916030534351145,-2.2595419847328246,-0.0439453125,0.095947265625,1.00048828125,-0.3053435114503817,-1.4732824427480915,0.6259541984732825
895,1779651742.1700327,0.0400390625,0.119873046875,0.90234375,-3.5572519083969465,0.061068702290076333,-2.450381679389313,-0.046630859375,0.0966796875,1.000732421875,-0.3435114503816794,-1.381679389312977,0.5801526717557252
896,1779651742.182027,0.040771484375,0.122802734375,0.896728515625,-3.6946564885496183,0.13740458015267176,-2.2519083969465647,-0.034423828125,0.093505859375,1.012451171875,-0.31297709923664124,-1.6412213740458015,0.549618320610687
897,1779651742.1940398,0.036376953125,0.109375,0.89794921875,-3.5419847328244276,0.08396946564885496,-2.1374045801526718,-0.033203125,0.09375,1.000244140625,-0.16030534351145037,-1.1526717557251909,0.549618320610687
898,1779651742.2060266,0.034912109375,0.12060546875,0.899658203125,-3.572519083969466,1.9465648854961832,-2.045801526717557,-0.0322265625,0.085693359375,1.006591796875,-0.08396946564885496,-1.2671755725190839,0.5190839694656488
899,1779651742.2179377,0.0390625,0.1201171875,0.900634765625,-3.5343511450381677,-1.83206106870229,-2.1755725190839694,-0.03271484375,0.089111328125,1.0068359375,-0.16030534351145037,-1.4351145038167938,0.732824427480916
900,1779651742.2299013,0.037841796875,0.12353515625,0.90576171875,-3.404580152671756,0.07633587786259542,-2.16793893129771,-0.033203125,0.0947265625,1.0029296875,-0.3053435114503817,-1.534351145038168,0.5267175572519084
901,1779651742.2419872,0.0341796875,0.1181640625,0.901123046875,-3.6030534351145036,1.8931297709923665,-2.282442748091603,-0.0478515625,0.092041015625,1.003173828125,-0.2900763358778626,-1.3282442748091603,0.5954198473282443
902,1779651742.2541392,0.03515625,0.1220703125,0.903076171875,-3.6030534351145036,1.816793893129771,-2.2595419847328246,-0.03759765625,0.0966796875,1.013427734375,-0.25190839694656486,-1.381679389312977,0.6870229007633588
903,1779651742.2661045,0.037841796875,0.116455078125,0.902587890625,-3.5801526717557253,1.9236641221374047,-2.213740458015267,-0.05322265625,0.0947265625,1.0078125,-0.3893129770992366,-1.2900763358778626,0.4732824427480916
904,1779651742.2781208,0.0400390625,0.119873046875,0.892578125,-3.351145038167939,-1.9389312977099236,-2.2519083969465647,-0.0390625,0.078125,0.990234375,-0.16030534351145037,-1.4580152671755726,0.5801526717557252
905,1779651742.2901158,0.040283203125,0.118896484375,0.906005859375,-3.5801526717557253,0.061068702290076333,-2.198473282442748,-0.05029296875,0.081298828125,1.008056640625,-0.183206106870229,-1.5114503816793894,0.6641221374045801
906,1779651742.3021255,0.038330078125,0.118408203125,0.895751953125,-3.4656488549618323,-0.183206106870229,-2.3053435114503817,-0.06005859375,0.10791015625,1.01318359375,-0.366412213740458,-1.4198473282442747,0.7633587786259542
907,1779651742.314102,0.0390625,0.119873046875,0.899658203125,-3.480916030534351,-0.015267175572519083,-2.213740458015267,-0.051513671875,0.099853515625,1.0146484375,-0.015267175572519083,-1.3358778625954197,0.5877862595419847
908,1779651742.3260558,0.04052734375,0.11962890625,0.899658203125,-3.427480916030534,1.9389312977099236,-2.068702290076336,-0.0400390625,0.09130859375,1.002197265625,-0.19083969465648856,-1.4427480916030535,0.5038167938931297
909,1779651742.3380816,0.039306640625,0.12060546875,0.899658203125,-3.6946564885496183,-1.9389312977099236,-2.351145038167939,-0.038818359375,0.09375,0.994384765625,-0.2900763358778626,-1.2900763358778626,0.6564885496183206
910,1779651742.3500667,0.039306640625,0.126220703125,0.89599609375,-3.6717557251908395,0.05343511450381679,-2.2595419847328246,-0.045654296875,0.093017578125,1.0029296875,-0.31297709923664124,-1.4961832061068703,0.6030534351145038
911,1779651742.3620448,0.033203125,0.114501953125,0.89794921875,-3.5877862595419847,0.25190839694656486,-2.3282442748091605,-0.04541015625,0.095947265625,1.002685546875,-0.09923664122137404,-1.3893129770992367,0.6412213740458015
912,1779651742.3740394,0.038818359375,0.118408203125,0.9033203125,-3.6793893129770994,0.061068702290076333,-2.0916030534351147,-0.046875,0.095947265625,1.000244140625,-0.2900763358778626,-1.381679389312977,0.5114503816793893
913,1779651742.3860328,0.039306640625,0.12255859375,0.901611328125,-3.5419847328244276,-1.9236641221374047,-2.213740458015267,-0.0595703125,0.08935546875,1.007568359375,-0.29770992366412213,-1.4198473282442747,0.46564885496183206
914,1779651742.3980422,0.044189453125,0.115234375,0.9033203125,-3.480916030534351,0.1297709923664122,-2.351145038167939,-0.037841796875,0.09130859375,1.0126953125,-0.19083969465648856,-1.5801526717557253,0.5954198473282443
915,1779651742.4100366,0.03759765625,0.123046875,0.895751953125,-3.6030534351145036,-0.05343511450381679,-2.3053435114503817,-0.0390625,0.086669921875,1.0126953125,-0.25190839694656486,-1.4274809160305344,0.5190839694656488
916,1779651742.4220297,0.04150390625,0.131103515625,0.89697265625,-3.480916030534351,-0.04580152671755725,-2.2290076335877864,-0.05908203125,0.08935546875,0.992919921875,-0.17557251908396945,-1.549618320610687,0.7251908396946565
917,1779651742.4340265,0.04150390625,0.123291015625,0.890625,-3.648854961832061,-1.9465648854961832,-2.2977099236641223,-0.040283203125,0.094482421875,1.00048828125,-0.2595419847328244,-1.4045801526717556,0.7022900763358778
918,1779651742.4460716,0.0361328125,0.122314453125,0.90478515625,-3.633587786259542,0.1450381679389313,-2.183206106870229,-0.046875,0.099609375,0.999267578125,-0.3053435114503817,-1.3511450381679388,0.5114503816793893
919,1779651742.458055,0.03662109375,0.116455078125,0.90380859375,-3.5877862595419847,0.030534351145038167,-2.2519083969465647,-0.05078125,0.090087890625,1.00390625,-0.4198473282442748,-1.3893129770992367,0.6030534351145038
920,1779651742.4700263,0.0390625,0.11865234375,0.902587890625,-3.5877862595419847,1.8931297709923665,-2.3587786259541983,-0.046630859375,0.09423828125,1.008056640625,-0.31297709923664124,-1.4045801526717556,0.6259541984732825
921,1779651742.4820132,0.0390625,0.137451171875,0.900146484375,-3.4122137404580153,1.9465648854961832,-2.183206106870229,-0.045166015625,0.0966796875,0.9892578125,-0.22900763358778625,-1.4885496183206106,0.7022900763358778
922,1779651742.4940267,0.0361328125,0.1171875,0.90478515625,-3.549618320610687,1.8854961832061068,-2.2977099236641223,-0.04345703125,0.0947265625,1.006103515625,-0.1984732824427481,-1.2595419847328244,0.8015267175572519
923,1779651742.506185,0.043701171875,0.1171875,0.898193359375,-3.564885496183206,-0.061068702290076333,-2.267175572519084,-0.04833984375,0.096435546875,1.014404296875,-0.2900763358778626,-1.4885496183206106,0.5954198473282443
924,1779651742.5181513,0.041015625,0.12353515625,0.901123046875,-3.519083969465649,0.12213740458015267,-2.4198473282442747,-0.046875,0.09521484375,1.000244140625,-0.22900763358778625,-1.5648854961832062,0.5038167938931297
925,1779651742.5301173,0.043701171875,0.121337890625,0.903076171875,-3.7099236641221376,0.12213740458015267,-2.2442748091603053,-0.04345703125,0.08935546875,0.999755859375,-0.2595419847328244,-1.5038167938931297,0.7404580152671756
926,1779651742.5420814,0.037841796875,0.125244140625,0.908447265625,-3.5877862595419847,1.9465648854961832,-2.2290076335877864,-0.045166015625,0.091796875,0.999755859375,-0.2824427480916031,-1.4809160305343512,0.7404580152671756
927,1779651742.5541162,0.033935546875,0.116455078125,0.895751953125,-3.7480916030534353,-0.04580152671755725,-2.3587786259541983,-0.043212890625,0.10205078125,1.00390625,-0.26717557251908397,-1.282442748091603,0.5419847328244275
928,1779651742.5660539,0.044677734375,0.120849609375,0.9013671875,-3.5572519083969465,-1.9312977099236641,-2.3282442748091605,-0.044189453125,0.089599609375,1.002197265625,-0.24427480916030533,-1.4427480916030535,0.5572519083969466
929,1779651742.5780244,0.033203125,0.12060546875,0.890380859375,-3.5343511450381677,-1.9465648854961832,-2.4580152671755724,-0.044921875,0.1083984375,1.001953125,-0.2824427480916031,-1.4045801526717556,0.5038167938931297
930,1779651742.5903647,0.038330078125,0.119873046875,0.903076171875,-3.6030534351145036,-0.11450381679389313,-2.3893129770992365,-0.04345703125,0.090576171875,1.006591796875,-0.2595419847328244,-1.6488549618320612,0.5190839694656488
931,1779651742.6023593,0.0390625,0.12451171875,0.89990234375,-3.4656488549618323,0.06870229007633588,-2.198473282442748,-0.04443359375,0.09765625,1.00439453125,-0.3053435114503817,-1.5419847328244274,0.5114503816793893
932,1779651742.614277,0.036376953125,0.116455078125,0.89453125,-3.5419847328244276,-1.9312977099236641,-2.312977099236641,-0.041748046875,0.089599609375,1.008056640625,-0.1984732824427481,-1.3969465648854962,0.7404580152671756
933,1779651742.62622,0.037841796875,0.118896484375,0.894775390625,-3.5343511450381677,0.15267175572519084,-2.427480916030534,-0.047119140625,0.09521484375,0.997802734375,-0.3053435114503817,-1.2748091603053435,0.45038167938931295
934,1779651742.6381457,0.035888671875,0.121826171875,0.89306640625,-3.4580152671755724,0.15267175572519084,-2.2213740458015265,-0.047607421875,0.091064453125,1.009033203125,-0.26717557251908397,-1.3435114503816794,0.4732824427480916
935,1779651742.6501226,0.033935546875,0.11865234375,0.90087890625,-3.7251908396946565,0.16030534351145037,-2.1068702290076335,-0.042724609375,0.09619140625,1.011962890625,-0.19083969465648856,-1.3435114503816794,0.5648854961832062
936,1779651742.6621184,0.04296875,0.120849609375,0.8984375,-3.6946564885496183,1.916030534351145,-2.3206106870229006,-0.043701171875,0.108154296875,1.010498046875,-0.25190839694656486,-1.4045801526717556,0.4732824427480916
937,1779651742.6740973,0.03271484375,0.1240234375,0.894775390625,-3.6412213740458017,0.13740458015267176,-2.4122137404580153,-0.04638671875,0.081787109375,0.9931640625,-0.13740458015267176,-1.366412213740458,0.7175572519083969
938,1779651742.6860726,0.0341796875,0.119140625,0.896728515625,-3.366412213740458,0.12213740458015267,-2.16793893129771,-0.033935546875,0.1064453125,1.009521484375,-0.2824427480916031,-1.2900763358778626,0.7022900763358778
939,1779651742.698066,0.035888671875,0.12255859375,0.896728515625,-3.549618320610687,0.05343511450381679,-2.1755725190839694,-0.043212890625,0.09423828125,1.011474609375,-0.3053435114503817,-1.4809160305343512,0.6870229007633588
940,1779651742.710035,0.033935546875,0.122802734375,0.901123046875,-3.564885496183206,0.1984732824427481,-2.3435114503816794,-0.060791015625,0.1083984375,0.9853515625,-0.5114503816793893,-1.3740458015267176,0.5038167938931297
941,1779651742.722049,0.03564453125,0.109619140625,0.902587890625,-3.595419847328244,-0.11450381679389313,-2.2977099236641223,-0.045166015625,0.0947265625,1.00634765625,-0.2824427480916031,-1.5267175572519085,0.5648854961832062
942,1779651742.734027,0.038818359375,0.121337890625,0.905029296875,-3.4198473282442747,0.22137404580152673,-2.3969465648854964,-0.044921875,0.09423828125,1.00830078125,-0.26717557251908397,-1.3358778625954197,0.5038167938931297
943,1779651742.746062,0.03662109375,0.119873046875,0.902099609375,-3.6793893129770994,0.12213740458015267,-2.2519083969465647,-0.042236328125,0.090576171875,1.0068359375,-0.22137404580152673,-1.3969465648854962,0.4198473282442748
944,1779651742.7580545,0.03515625,0.12451171875,0.89599609375,-3.6717557251908395,1.9083969465648856,-2.3893129770992365,-0.04345703125,0.093994140625,0.99609375,-0.4198473282442748,-1.4198473282442747,0.46564885496183206
945,1779651742.770056,0.03564453125,0.1171875,0.905029296875,-3.549618320610687,0.1450381679389313,-2.213740458015267,-0.04443359375,0.09716796875,0.9931640625,-0.2366412213740458,-1.366412213740458,0.5190839694656488
946,1779651742.7820585,0.037109375,0.12353515625,0.896728515625,-3.5801526717557253,0.07633587786259542,-2.2290076335877864,-0.03369140625,0.0986328125,0.98583984375,-0.44274809160305345,-1.4198473282442747,0.5343511450381679
947,1779651742.7940483,0.038330078125,0.1259765625,0.903076171875,-3.6030534351145036,0.1297709923664122,-2.3587786259541983,-0.056396484375,0.092529296875,0.984375,-0.22900763358778625,-1.4045801526717556,0.6564885496183206
948,1779651742.8060236,0.036865234375,0.12255859375,0.893798828125,-3.5267175572519083,-0.07633587786259542,-2.2748091603053435,-0.0439453125,0.088623046875,1.010009765625,-0.16793893129770993,-1.618320610687023,0.5648854961832062
949,1779651742.8180194,0.037109375,0.13916015625,0.8916015625,-3.648854961832061,-0.022900763358778626,-2.33587786259542,-0.04638671875,0.097900390625,1.0048828125,-0.2824427480916031,-1.4274809160305344,0.6106870229007634
950,1779651742.8299887,0.032470703125,0.119140625,0.903076171875,-3.50381679389313,-0.061068702290076333,-2.3053435114503817,-0.049072265625,0.090087890625,1.003662109375,-0.1984732824427481,-1.4274809160305344,0.7557251908396947
951,1779651742.8419504,0.03515625,0.119140625,0.89990234375,-3.6793893129770994,0.12213740458015267,-2.145038167938931,-0.045654296875,0.09423828125,1.003173828125,-0.19083969465648856,-1.3282442748091603,0.5801526717557252
952,1779651742.8540041,0.03515625,0.118896484375,0.90185546875,-3.427480916030534,0.1450381679389313,-2.5267175572519083,-0.044677734375,0.085693359375,0.994384765625,-0.0916030534351145,-1.465648854961832,0.3893129770992366
953,1779651742.8660355,0.037353515625,0.110595703125,0.8984375,-3.1755725190839694,-0.05343511450381679,-2.2061068702290076,-0.039306640625,0.10693359375,1.007080078125,-0.3282442748091603,-1.5572519083969465,0.6946564885496184
954,1779651742.878043,0.034423828125,0.115234375,0.901611328125,-3.6717557251908395,0.183206106870229,-2.404580152671756,-0.045166015625,0.095458984375,1.013671875,-0.20610687022900764,-1.3969465648854962,0.5877862595419847
955,1779651742.8900447,0.03857421875,0.123779296875,0.8984375,-3.5572519083969465,0.09923664122137404,-2.2977099236641223,-0.060302734375,0.090576171875,1.00048828125,-0.17557251908396945,-1.4885496183206106,0.4961832061068702
956,1779651742.9020333,0.035888671875,0.11767578125,0.896484375,-3.5267175572519083,-0.0916030534351145,-2.2900763358778624,-0.04150390625,0.0810546875,0.985595703125,-0.2824427480916031,-1.4885496183206106,0.6106870229007634
957,1779651742.914045,0.0400390625,0.12109375,0.89111328125,-3.3969465648854964,0.06870229007633588,-2.3587786259541983,-0.04296875,0.094482421875,0.999267578125,-0.2366412213740458,-1.3969465648854962,0.6412213740458015
958,1779651742.9260592,0.03759765625,0.119384765625,0.89306640625,-3.5114503816793894,0.022900763358778626,-2.3206106870229006,-0.046142578125,0.100341796875,1.002197265625,-0.29770992366412213,-1.4961832061068703,0.5343511450381679
959,1779651742.9382606,0.038818359375,0.138671875,0.897216796875,-3.4198473282442747,0.05343511450381679,-2.2061068702290076,-0.0478515625,0.09326171875,1.00732421875,-0.22900763358778625,-1.4122137404580153,0.5954198473282443
960,1779651742.9503343,0.042236328125,0.119384765625,0.898681640625,-3.5572519083969465,1.9389312977099236,-2.0,-0.03955078125,0.105224609375,0.995849609375,-0.24427480916030533,-1.5419847328244274,0.7175572519083969
961,1779651742.9623072,0.043212890625,0.116455078125,0.90185546875,-3.66412213740458,-1.916030534351145,-2.2519083969465647,-0.047607421875,0.093505859375,1.005859375,-0.29770992366412213,-1.4961832061068703,0.6335877862595419
962,1779651742.974235,0.04052734375,0.11328125,0.898681640625,-3.595419847328244,0.007633587786259542,-2.312977099236641,-0.058349609375,0.0888671875,0.989990234375,-0.1297709923664122,-1.450381679389313,0.549618320610687
963,1779651742.9861689,0.0400390625,0.12158203125,0.892578125,-3.5114503816793894,0.10687022900763359,-2.267175572519084,-0.06005859375,0.09765625,1.012451171875,-0.2595419847328244,-1.465648854961832,0.4122137404580153
964,1779651742.9981015,0.041259765625,0.11669921875,0.8955078125,-3.480916030534351,0.11450381679389313,-2.0610687022900764,-0.051025390625,0.092041015625,1.0029296875,-0.2900763358778626,-1.5267175572519085,0.44274809160305345
965,1779651743.0101078,0.043701171875,0.122802734375,0.894775390625,-3.450381679389313,0.09923664122137404,-2.3740458015267176,-0.05029296875,0.09375,0.99609375,-0.20610687022900764,-1.366412213740458,0.5877862595419847
966,1779651743.0220747,0.035888671875,0.125244140625,0.8994140625,-3.717557251908397,0.04580152671755725,-2.145038167938931,-0.035888671875,0.09375,1.0068359375,-0.2595419847328244,-1.5267175572519085,0.6183206106870229
967,1779651743.0340512,0.03662109375,0.126708984375,0.891845703125,-3.5419847328244276,0.007633587786259542,-2.2442748091603053,-0.039794921875,0.091796875,1.005615234375,-0.2366412213740458,-1.4961832061068703,0.6259541984732825
968,1779651743.0460396,0.043212890625,0.117919921875,0.901123046875,-3.717557251908397,0.03816793893129771,-2.404580152671756,-0.047607421875,0.09521484375,1.00341796875,-0.22137404580152673,-1.2748091603053435,0.6030534351145038
969,1779651743.0580642,0.034912109375,0.121826171875,0.896484375,-3.633587786259542,0.022900763358778626,-2.2977099236641223,-0.03662109375,0.10546875,1.005126953125,-0.26717557251908397,-1.3358778625954197,0.48854961832061067
970,1779651743.0700307,0.0419921875,0.11962890625,0.903076171875,-3.7099236641221376,0.05343511450381679,-2.2519083969465647,-0.033203125,0.105712890625,1.00146484375,-0.19083969465648856,-1.5190839694656488,0.732824427480916
971,1779651743.0820467,0.03466796875,0.1162109375,0.899658203125,-3.49618320610687,0.05343511450381679,-2.312977099236641,-0.0390625,0.07958984375,0.988037109375,-0.26717557251908397,-1.5190839694656488,0.6564885496183206
972,1779651743.0940678,0.042236328125,0.12060546875,0.89794921875,-3.5343511450381677,0.06870229007633588,-2.2595419847328246,-0.0419921875,0.10498046875,1.003173828125,-0.21374045801526717,-1.4122137404580153,0.5419847328244275
973,1779651743.1060433,0.0400390625,0.12060546875,0.905029296875,-3.6106870229007635,0.07633587786259542,-2.145038167938931,-0.044189453125,0.093017578125,0.99853515625,-0.26717557251908397,-1.4732824427480915,0.5114503816793893
974,1779651743.1180375,0.04052734375,0.1201171875,0.898193359375,-3.5419847328244276,0.04580152671755725,-2.3969465648854964,-0.04736328125,0.095703125,0.998046875,-0.32061068702290074,-1.3358778625954197,0.6412213740458015
975,1779651743.130052,0.036865234375,0.116943359375,0.89794921875,-3.5419847328244276,0.07633587786259542,-2.236641221374046,-0.048828125,0.097412109375,0.993896484375,-0.22137404580152673,-1.3053435114503817,0.4961832061068702
976,1779651743.142046,0.033447265625,0.1220703125,0.903564453125,-3.404580152671756,0.030534351145038167,-2.3282442748091605,-0.060791015625,0.093017578125,0.999267578125,-0.20610687022900764,-1.5877862595419847,0.6412213740458015
977,1779651743.1540792,0.041015625,0.115478515625,0.898193359375,-3.5572519083969465,0.06870229007633588,-2.213740458015267,-0.04248046875,0.094482421875,1.029541015625,-0.3282442748091603,-1.450381679389313,0.4961832061068702
978,1779651743.1660357,0.037841796875,0.123291015625,0.897216796875,-3.648854961832061,0.1450381679389313,-2.404580152671756,-0.040771484375,0.080810546875,1.00830078125,-0.22900763358778625,-1.4885496183206106,0.6564885496183206
979,1779651743.1780548,0.039794921875,0.119384765625,0.8935546875,-3.4122137404580153,0.04580152671755725,-2.351145038167939,-0.03955078125,0.098876953125,1.01025390625,-0.29770992366412213,-1.3206106870229009,0.4580152671755725
980,1779651743.1900647,0.038818359375,0.115966796875,0.899169921875,-3.595419847328244,0.1450381679389313,-2.1297709923664123,-0.04345703125,0.09423828125,0.996337890625,-0.31297709923664124,-1.465648854961832,0.5343511450381679
981,1779651743.2020555,0.0361328125,0.121337890625,0.89990234375,-3.633587786259542,0.061068702290076333,-2.351145038167939,-0.0400390625,0.09326171875,1.0029296875,-0.2748091603053435,-1.5725190839694656,0.5954198473282443
982,1779651743.2140574,0.03759765625,0.121826171875,0.891845703125,-3.549618320610687,0.015267175572519083,-2.351145038167939,-0.051513671875,0.09814453125,1.0087890625,-0.061068702290076333,-1.3969465648854962,0.3282442748091603
983,1779651743.2260509,0.040283203125,0.12158203125,0.898193359375,-3.549618320610687,0.10687022900763359,-2.213740458015267,-0.04345703125,0.09130859375,1.00634765625,-0.35877862595419846,-1.4351145038167938,0.4961832061068702
984,1779651743.2381115,0.04248046875,0.122314453125,0.906982421875,-3.5267175572519083,-1.9083969465648856,-2.0916030534351147,-0.03173828125,0.108642578125,1.004638671875,-0.33587786259541985,-1.534351145038168,0.4732824427480916
985,1779651743.2501028,0.045166015625,0.111572265625,0.899658203125,-3.648854961832061,0.15267175572519084,-2.2748091603053435,-0.033203125,0.093017578125,1.006591796875,-0.35877862595419846,-1.5038167938931297,0.7251908396946565
986,1779651743.2621114,0.031982421875,0.117431640625,0.8935546875,-3.717557251908397,0.0916030534351145,-2.366412213740458,-0.0322265625,0.10888671875,1.00830078125,-0.2595419847328244,-1.4122137404580153,0.6564885496183206
987,1779651743.2740798,0.031982421875,0.119873046875,0.8955078125,-3.5877862595419847,0.183206106870229,-2.3206106870229006,-0.04443359375,0.0888671875,1.005615234375,-0.3282442748091603,-1.5190839694656488,0.48854961832061067
988,1779651743.286039,0.043212890625,0.118408203125,0.895263671875,-3.49618320610687,0.015267175572519083,-2.351145038167939,-0.041748046875,0.09521484375,0.989501953125,-0.2366412213740458,-1.2748091603053435,0.6793893129770993
989,1779651743.2980294,0.0439453125,0.1162109375,0.899658203125,-3.7099236641221376,-1.9541984732824427,-2.183206106870229,-0.0419921875,0.090576171875,1.001708984375,-0.2595419847328244,-1.4045801526717556,0.46564885496183206
990,1779651743.3099496,0.0390625,0.116943359375,0.898193359375,-3.50381679389313,-0.13740458015267176,-2.1908396946564888,-0.048095703125,0.093505859375,1.009033203125,-0.3282442748091603,-1.282442748091603,0.6717557251908397
991,1779651743.3219092,0.03515625,0.123779296875,0.89892578125,-3.5572519083969465,-0.12213740458015267,-2.3435114503816794,-0.05126953125,0.101318359375,1.006103515625,-0.1984732824427481,-1.4885496183206106,0.6946564885496184
992,1779651743.333944,0.040283203125,0.118408203125,0.902099609375,-3.5267175572519083,-1.9083969465648856,-2.3893129770992365,-0.04052734375,0.09619140625,0.997314453125,-0.22137404580152673,-1.4732824427480915,0.5954198473282443
993,1779651743.3459365,0.040771484375,0.1201171875,0.895263671875,-3.4732824427480917,0.04580152671755725,-2.2900763358778624,-0.044189453125,0.081787109375,1.001708984375,-0.22900763358778625,-1.4122137404580153,0.5038167938931297
994,1779651743.3578975,0.033447265625,0.118896484375,0.9091796875,-3.5801526717557253,0.0,-2.3053435114503817,-0.037353515625,0.097412109375,1.00439453125,-0.2824427480916031,-1.3893129770992367,0.6793893129770993
995,1779651743.3698187,0.040771484375,0.11962890625,0.894287109375,-3.381679389312977,0.03816793893129771,-2.3587786259541983,-0.04443359375,0.078857421875,0.99609375,-0.5038167938931297,-1.4885496183206106,0.5954198473282443
996,1779651743.381977,0.037841796875,0.12158203125,0.900390625,-3.50381679389313,0.1297709923664122,-2.3740458015267176,-0.045166015625,0.09619140625,0.994140625,-0.21374045801526717,-1.4198473282442747,0.648854961832061
997,1779651743.3940163,0.034423828125,0.118408203125,0.88037109375,-3.480916030534351,0.015267175572519083,-2.2595419847328246,-0.04296875,0.095703125,1.01025390625,-0.3053435114503817,-1.4045801526717556,0.5877862595419847
998,1779651743.4060097,0.0390625,0.119140625,0.8994140625,-3.595419847328244,0.061068702290076333,-2.2977099236641223,-0.04443359375,0.095947265625,1.00048828125,-0.08396946564885496,-1.3435114503816794,0.5725190839694656
999,1779651743.4180157,0.0341796875,0.119873046875,0.897216796875,-3.5114503816793894,-0.022900763358778626,-2.450381679389313,-0.0498046875,0.091064453125,0.992919921875,-0.2900763358778626,-1.3969465648854962,0.5648854961832062
1000,1779651743.4299588,0.03564453125,0.132568359375,0.899658203125,-3.50381679389313,0.04580152671755725,-2.198473282442748,-0.04833984375,0.093505859375,1.006591796875,-0.12213740458015267,-1.5419847328244274,0.5725190839694656
1001,1779651743.4420502,0.040283203125,0.1123046875,0.89794921875,-3.6259541984732824,0.2748091603053435,-2.404580152671756,-0.0400390625,0.093994140625,1.009521484375,-0.26717557251908397,-1.4427480916030535,0.6793893129770993
1002,1779651743.4541216,0.0380859375,0.115478515625,0.900634765625,-3.5877862595419847,-0.05343511450381679,-2.0,-0.04150390625,0.079345703125,1.00048828125,-0.3969465648854962,-1.3511450381679388,0.4122137404580153
1003,1779651743.4661596,0.041015625,0.1103515625,0.9052734375,-3.6412213740458017,0.10687022900763359,-2.351145038167939,-0.045166015625,0.094482421875,1.008544921875,-0.31297709923664124,-1.3969465648854962,0.5419847328244275
1004,1779651743.4781191,0.03466796875,0.11962890625,0.893798828125,-3.6793893129770994,0.04580152671755725,-2.2061068702290076,-0.042724609375,0.096435546875,1.004150390625,-0.31297709923664124,-1.3893129770992367,0.48854961832061067
1005,1779651743.4900749,0.031494140625,0.138671875,0.90234375,-3.4656488549618323,-0.007633587786259542,-2.2900763358778624,-0.04736328125,0.09228515625,1.00146484375,-0.15267175572519084,-1.702290076335878,0.5877862595419847
1006,1779651743.502063,0.03759765625,0.119140625,0.891845703125,-3.572519083969466,0.04580152671755725,-2.236641221374046,-0.042236328125,0.1015625,1.016357421875,-0.24427480916030533,-1.450381679389313,0.6870229007633588
1007,1779651743.514076,0.037109375,0.12451171875,0.899658203125,-3.572519083969466,0.06870229007633588,-2.0916030534351147,-0.046142578125,0.08837890625,1.00244140625,-0.2595419847328244,-1.4961832061068703,0.4961832061068702
1008,1779651743.5260336,0.035888671875,0.126220703125,0.9052734375,-3.6946564885496183,0.04580152671755725,-2.3740458015267176,-0.042724609375,0.0927734375,1.004638671875,-0.32061068702290074,-1.4351145038167938,0.6946564885496184
1009,1779651743.5380297,0.03955078125,0.12109375,0.8994140625,-3.4122137404580153,-0.09923664122137404,-2.33587786259542,-0.05908203125,0.0810546875,1.0126953125,-0.2366412213740458,-1.297709923664122,0.5267175572519084
1010,1779651743.5500169,0.0341796875,0.119873046875,0.896484375,-3.4885496183206106,0.09923664122137404,-2.267175572519084,-0.0546875,0.09326171875,1.0029296875,-0.33587786259541985,-1.5572519083969465,0.732824427480916
1011,1779651743.5620103,0.042724609375,0.119140625,0.896484375,-3.4885496183206106,0.19083969465648856,-2.0839694656488548,-0.060546875,0.079833984375,1.010986328125,-0.19083969465648856,-1.6488549618320612,0.5419847328244275
1012,1779651743.5739958,0.041748046875,0.12158203125,0.893310546875,-3.6946564885496183,0.16030534351145037,-2.2213740458015265,-0.034423828125,0.080322265625,1.00830078125,-0.29770992366412213,-1.381679389312977,0.5648854961832062
1013,1779651743.58619,0.037353515625,0.116455078125,0.896728515625,-3.572519083969466,0.1450381679389313,-2.213740458015267,-0.031982421875,0.097412109375,1.002685546875,-0.183206106870229,-1.4198473282442747,0.5648854961832062
1014,1779651743.5985188,0.039794921875,0.121826171875,0.900390625,-3.633587786259542,-0.05343511450381679,-2.282442748091603,-0.033935546875,0.0791015625,1.005615234375,-0.3511450381679389,-1.4427480916030535,0.5572519083969466
1015,1779651743.610482,0.04248046875,0.11572265625,0.8876953125,-3.6564885496183206,-0.06870229007633588,-2.145038167938931,-0.04345703125,0.09033203125,0.99072265625,-0.29770992366412213,-1.3969465648854962,0.6183206106870229
1016,1779651743.6224558,0.039306640625,0.12451171875,0.904541015625,-3.435114503816794,0.007633587786259542,-2.3587786259541983,-0.035400390625,0.108642578125,1.01220703125,-0.2824427480916031,-1.4351145038167938,0.7099236641221374
1017,1779651743.6344357,0.036865234375,0.12158203125,0.892578125,-3.6793893129770994,0.19083969465648856,-2.3587786259541983,-0.042236328125,0.093505859375,1.007568359375,-0.2900763358778626,-1.3969465648854962,0.5801526717557252
1018,1779651743.6464016,0.038818359375,0.123291015625,0.896484375,-3.3587786259541983,0.07633587786259542,-2.2977099236641223,-0.045654296875,0.093505859375,1.011962890625,-0.26717557251908397,-1.5038167938931297,0.5267175572519084
1019,1779651743.658499,0.0400390625,0.135498046875,0.891845703125,-3.6717557251908395,0.17557251908396945,-2.33587786259542,-0.05126953125,0.09423828125,1.002197265625,-0.4122137404580153,-1.4809160305343512,0.6183206106870229
1020,1779651743.6704776,0.037353515625,0.119140625,0.904541015625,-3.801526717557252,-1.9236641221374047,-2.1526717557251906,-0.04248046875,0.093994140625,1.002197265625,-0.2900763358778626,-1.3053435114503817,0.6641221374045801
1021,1779651743.682484,0.037841796875,0.11474609375,0.9150390625,-3.49618320610687,1.9389312977099236,-2.3435114503816794,-0.0576171875,0.09521484375,0.9892578125,-0.26717557251908397,-1.381679389312977,0.5267175572519084
1022,1779651743.6944532,0.0439453125,0.117431640625,0.90234375,-3.49618320610687,0.015267175572519083,-2.366412213740458,-0.040771484375,0.097412109375,1.012451171875,-0.3893129770992366,-1.3587786259541985,0.6946564885496184
1023,1779651743.7064133,0.04345703125,0.115966796875,0.898193359375,-3.5267175572519083,0.06870229007633588,-2.4656488549618323,-0.041259765625,0.0908203125,1.0,-0.22137404580152673,-1.450381679389313,0.5648854961832062
1024,1779651743.718319,0.035400390625,0.117919921875,0.90283203125,-3.6030534351145036,-0.08396946564885496,-2.2595419847328246,-0.048095703125,0.107177734375,0.9853515625,-0.24427480916030533,-1.5038167938931297,0.37404580152671757
1025,1779651743.7302568,0.0380859375,0.12060546875,0.903076171875,-3.7709923664122136,0.09923664122137404,-2.198473282442748,-0.04052734375,0.088134765625,1.010986328125,-0.20610687022900764,-1.2900763358778626,0.5267175572519084
1026,1779651743.7421927,0.038818359375,0.118408203125,0.89501953125,-3.66412213740458,-0.07633587786259542,-2.145038167938931,-0.04052734375,0.079345703125,1.0126953125,-0.20610687022900764,-1.5725190839694656,0.5877862595419847
1027,1779651743.7541306,0.038330078125,0.12841796875,0.89501953125,-3.6030534351145036,0.09923664122137404,-2.3053435114503817,-0.0439453125,0.0986328125,1.000244140625,-0.1297709923664122,-1.3740458015267176,0.549618320610687
1028,1779651743.7661076,0.042236328125,0.12646484375,0.9013671875,-3.435114503816794,-0.09923664122137404,-2.2061068702290076,-0.046875,0.09228515625,1.00439453125,-0.2595419847328244,-1.3893129770992367,0.5343511450381679
1029,1779651743.7780724,0.041259765625,0.119873046875,0.90625,-3.648854961832061,0.3282442748091603,-2.2748091603053435,-0.04638671875,0.097412109375,1.002197265625,-0.32061068702290074,-1.5801526717557253,0.46564885496183206
1030,1779651743.7900279,0.03759765625,0.123046875,0.901611328125,-3.5801526717557253,0.09923664122137404,-2.213740458015267,-0.04638671875,0.09716796875,1.001708984375,-0.16793893129770993,-1.366412213740458,0.648854961832061
1031,1779651743.8019874,0.0439453125,0.124755859375,0.907470703125,-3.5801526717557253,0.16793893129770993,-2.1526717557251906,-0.0458984375,0.09375,1.000732421875,-0.2900763358778626,-1.2900763358778626,0.6259541984732825
1032,1779651743.8139465,0.0390625,0.118896484375,0.892822265625,-3.885496183206107,0.1297709923664122,-2.3206106870229006,-0.04248046875,0.096435546875,1.002197265625,-0.09923664122137404,-1.3740458015267176,0.5801526717557252
1033,1779651743.8261147,0.0380859375,0.134033203125,0.89892578125,-3.6412213740458017,0.015267175572519083,-2.312977099236641,-0.03173828125,0.0966796875,1.00439453125,-0.3053435114503817,-1.4809160305343512,0.5725190839694656
1034,1779651743.838088,0.04150390625,0.12060546875,0.890869140625,-3.633587786259542,-0.03816793893129771,-2.2977099236641223,-0.04541015625,0.082275390625,0.984375,-0.17557251908396945,-1.4045801526717556,0.40458015267175573
1035,1779651743.85007,0.04248046875,0.125244140625,0.89794921875,-3.435114503816794,0.20610687022900764,-2.49618320610687,-0.045654296875,0.090087890625,1.00390625,-0.24427480916030533,-1.6030534351145038,0.5572519083969466
1036,1779651743.86207,0.039306640625,0.11865234375,0.89306640625,-3.4427480916030535,0.183206106870229,-2.198473282442748,-0.04443359375,0.0888671875,1.002197265625,-0.40458015267175573,-1.4732824427480915,0.42748091603053434
1037,1779651743.8740325,0.0361328125,0.120361328125,0.89794921875,-3.4732824427480917,0.022900763358778626,-2.3969465648854964,-0.04296875,0.09375,1.003173828125,-0.19083969465648856,-1.4885496183206106,0.5038167938931297
1038,1779651743.8860207,0.0361328125,0.117919921875,0.891357421875,-3.49618320610687,-1.9236641221374047,-2.381679389312977,-0.044921875,0.0947265625,1.002685546875,-0.26717557251908397,-1.3129770992366412,0.6183206106870229
1039,1779651743.898012,0.034423828125,0.118408203125,0.890380859375,-3.7480916030534353,-0.10687022900763359,-2.045801526717557,-0.044677734375,0.09375,1.00048828125,-0.3511450381679389,-1.4351145038167938,0.7480916030534351
1040,1779651743.9099998,0.03857421875,0.123779296875,0.89501953125,-3.549618320610687,0.1297709923664122,-2.1755725190839694,-0.043701171875,0.0908203125,1.00830078125,-0.13740458015267176,-1.4274809160305344,0.5267175572519084
1041,1779651743.921938,0.0322265625,0.12109375,0.892578125,-3.4427480916030535,0.19083969465648856,-2.3435114503816794,-0.033447265625,0.104248046875,1.008544921875,-0.2900763358778626,-1.3129770992366412,0.5572519083969466
1042,1779651743.9338715,0.035888671875,0.1162109375,0.90283203125,-3.6030534351145036,0.061068702290076333,-2.16793893129771,-0.04638671875,0.080322265625,1.010986328125,-0.2824427480916031,-1.3587786259541985,0.5190839694656488
1043,1779651743.945834,0.032958984375,0.12255859375,0.8984375,-3.5877862595419847,0.015267175572519083,-2.213740458015267,-0.04248046875,0.079345703125,1.01025390625,-0.3053435114503817,-1.282442748091603,0.6870229007633588
1044,1779651743.9577582,0.0419921875,0.118896484375,0.898681640625,-3.49618320610687,1.9465648854961832,-2.122137404580153,-0.033935546875,0.10791015625,0.986328125,-0.20610687022900764,-1.5038167938931297,0.48854961832061067
1045,1779651743.969719,0.04052734375,0.12255859375,0.8955078125,-3.5877862595419847,1.9465648854961832,-2.351145038167939,-0.0595703125,0.1064453125,1.008056640625,-0.31297709923664124,-1.282442748091603,0.5725190839694656
1046,1779651743.9816375,0.035400390625,0.11962890625,0.904296875,-3.4885496183206106,0.0,-2.213740458015267,-0.059326171875,0.097412109375,1.008544921875,-0.24427480916030533,-1.5725190839694656,0.6793893129770993
1047,1779651743.9935563,0.033935546875,0.109619140625,0.898681640625,-3.4732824427480917,0.15267175572519084,-2.2595419847328246,-0.0400390625,0.096435546875,1.0,-0.33587786259541985,-1.4122137404580153,0.6641221374045801
1048,1779651744.0055363,0.036376953125,0.117919921875,0.897216796875,-3.5572519083969465,0.19083969465648856,-2.282442748091603,-0.04052734375,0.09423828125,1.005859375,-0.16793893129770993,-1.4045801526717556,0.5954198473282443
1049,1779651744.0174952,0.04296875,0.124267578125,0.89208984375,-3.564885496183206,0.007633587786259542,-2.2519083969465647,-0.04638671875,0.093994140625,1.003173828125,-0.183206106870229,-1.5648854961832062,0.4351145038167939
1050,1779651744.0294445,0.0400390625,0.118408203125,0.899169921875,-3.3969465648854964,-0.015267175572519083,-2.2595419847328246,-0.038818359375,0.095703125,1.006103515625,-0.17557251908396945,-1.534351145038168,0.6335877862595419
1051,1779651744.0413837,0.03125,0.12158203125,0.8798828125,-3.648854961832061,-1.9389312977099236,-2.1908396946564888,-0.044921875,0.09326171875,1.0068359375,-0.2748091603053435,-1.4427480916030535,0.6870229007633588
1052,1779651744.0533116,0.037109375,0.1162109375,0.89208984375,-3.5801526717557253,0.0,-2.2595419847328246,-0.043212890625,0.09619140625,1.0009765625,-0.32061068702290074,-1.549618320610687,0.7022900763358778
1053,1779651744.0652378,0.0380859375,0.11572265625,0.896728515625,-3.5343511450381677,-0.061068702290076333,-2.2213740458015265,-0.042236328125,0.09521484375,1.007080078125,-0.2900763358778626,-1.3893129770992367,0.5419847328244275
1054,1779651744.0771537,0.042236328125,0.124267578125,0.896484375,-3.6030534351145036,0.10687022900763359,-2.1908396946564888,-0.0400390625,0.09521484375,0.995849609375,-0.2900763358778626,-1.5954198473282444,0.4122137404580153
1055,1779651744.0890594,0.033203125,0.1171875,0.8935546875,-3.3969465648854964,0.061068702290076333,-2.4198473282442747,-0.04443359375,0.0908203125,1.00927734375,-0.21374045801526717,-1.4732824427480915,0.6641221374045801
1056,1779651744.1010008,0.036376953125,0.11767578125,0.90625,-3.450381679389313,0.183206106870229,-2.0916030534351147,-0.0419921875,0.093505859375,1.006591796875,-0.2900763358778626,-1.3511450381679388,0.5114503816793893
1057,1779651744.112937,0.038818359375,0.1220703125,0.895263671875,-3.564885496183206,0.05343511450381679,-2.213740458015267,-0.045654296875,0.095458984375,0.999755859375,-0.3435114503816794,-1.4274809160305344,0.7251908396946565
1058,1779651744.1248589,0.03515625,0.122802734375,0.89697265625,-3.687022900763359,-1.9389312977099236,-2.198473282442748,-0.042236328125,0.0927734375,0.99755859375,-0.2824427480916031,-1.4961832061068703,0.6106870229007634
1059,1779651744.1367657,0.04248046875,0.12646484375,0.906494140625,-3.435114503816794,0.12213740458015267,-2.3206106870229006,-0.04296875,0.093505859375,1.004638671875,-0.24427480916030533,-1.5419847328244274,0.732824427480916
1060,1779651744.148674,0.032958984375,0.118896484375,0.896240234375,-3.618320610687023,-0.10687022900763359,-2.3969465648854964,-0.041259765625,0.078369140625,1.00146484375,-0.3511450381679389,-1.3129770992366412,0.5877862595419847
1061,1779651744.16071,0.034423828125,0.116943359375,0.88720703125,-3.6106870229007635,-0.13740458015267176,-2.4198473282442747,-0.035400390625,0.091064453125,1.004638671875,-0.22137404580152673,-1.5801526717557253,0.45038167938931295
1062,1779651744.17263,0.03759765625,0.124267578125,0.894287109375,-3.4122137404580153,0.07633587786259542,-2.2061068702290076,-0.041015625,0.107666015625,0.98583984375,-0.26717557251908397,-1.4885496183206106,0.5877862595419847
1063,1779651744.1845448,0.03125,0.12451171875,0.896728515625,-3.648854961832061,-0.022900763358778626,-2.33587786259542,-0.042724609375,0.105712890625,1.001708984375,-0.17557251908396945,-1.5190839694656488,0.6030534351145038
1064,1779651744.1964624,0.037109375,0.126220703125,0.90771484375,-3.7404580152671754,1.9465648854961832,-2.282442748091603,-0.044921875,0.107177734375,1.007568359375,-0.35877862595419846,-1.5267175572519085,0.6030534351145038
1065,1779651744.2083786,0.037109375,0.123779296875,0.88916015625,-3.648854961832061,0.19083969465648856,-2.2748091603053435,-0.0390625,0.093994140625,1.00146484375,-0.3053435114503817,-1.5648854961832062,0.6183206106870229
1066,1779651744.2203116,0.040771484375,0.118896484375,0.897705078125,-3.6259541984732824,0.015267175572519083,-2.480916030534351,-0.048828125,0.098388671875,1.001708984375,-0.183206106870229,-1.3893129770992367,0.6183206106870229
1067,1779651744.2322204,0.0400390625,0.118408203125,0.89501953125,-3.6030534351145036,0.08396946564885496,-2.213740458015267,-0.04638671875,0.09130859375,1.00732421875,-0.2366412213740458,-1.4580152671755726,0.45038167938931295
1068,1779651744.2441204,0.03759765625,0.123046875,0.8984375,-3.633587786259542,0.183206106870229,-2.1908396946564888,-0.05029296875,0.091552734375,1.005859375,-0.17557251908396945,-1.4122137404580153,0.48091603053435117
1069,1779651744.2560554,0.040283203125,0.11474609375,0.89453125,-3.7480916030534353,-1.916030534351145,-2.3206106870229006,-0.041259765625,0.09423828125,1.00146484375,-0.1297709923664122,-1.4961832061068703,0.5190839694656488
1070,1779651744.2682369,0.040283203125,0.119873046875,0.87841796875,-3.3969465648854964,-0.16030534351145037,-2.4122137404580153,-0.044189453125,0.093994140625,1.00537109375,-0.13740458015267176,-1.4809160305343512,0.6335877862595419
1071,1779651744.2802052,0.036865234375,0.118408203125,0.90087890625,-3.595419847328244,0.13740458015267176,-2.1908396946564888,-0.06005859375,0.09423828125,1.008056640625,-0.2595419847328244,-1.4732824427480915,0.5572519083969466
1072,1779651744.2921305,0.039306640625,0.119873046875,0.891357421875,-3.480916030534351,0.19083969465648856,-2.2519083969465647,-0.037841796875,0.09375,1.005859375,-0.22137404580152673,-1.5954198473282444,0.5038167938931297
1073,1779651744.3040497,0.039794921875,0.11767578125,0.90234375,-3.595419847328244,-1.9083969465648856,-2.198473282442748,-0.044189453125,0.082275390625,1.0068359375,-0.2748091603053435,-1.4351145038167938,0.6793893129770993
1074,1779651744.3160322,0.0400390625,0.120361328125,0.90576171875,-3.5267175572519083,-1.9541984732824427,-2.3587786259541983,-0.0458984375,0.08056640625,1.0048828125,-0.29770992366412213,-1.4809160305343512,0.4732824427480916
1075,1779651744.3279705,0.02978515625,0.1181640625,0.89697265625,-3.3587786259541983,0.0,-2.1526717557251906,-0.05859375,0.0966796875,1.0068359375,-0.21374045801526717,-1.5648854961832062,0.4732824427480916
1076,1779651744.3399007,0.034912109375,0.117431640625,0.899169921875,-3.5114503816793894,0.0916030534351145,-2.312977099236641,-0.035888671875,0.095947265625,1.001708984375,-0.33587786259541985,-1.3206106870229009,0.5801526717557252
1077,1779651744.3518517,0.035888671875,0.115966796875,0.901611328125,-3.519083969465649,0.007633587786259542,-2.0839694656488548,-0.03271484375,0.09033203125,1.004638671875,-0.13740458015267176,-1.549618320610687,0.6641221374045801
1078,1779651744.3638346,0.040771484375,0.119140625,0.904296875,-3.618320610687023,0.07633587786259542,-2.3893129770992365,-0.04833984375,0.090576171875,1.001953125,-0.26717557251908397,-1.4961832061068703,0.32061068702290074
1079,1779651744.3757474,0.0380859375,0.119873046875,0.894287109375,-3.4885496183206106,0.07633587786259542,-2.4198473282442747,-0.04443359375,0.096435546875,1.004150390625,-0.183206106870229,-1.4809160305343512,0.4351145038167939
1080,1779651744.3876605,0.03662109375,0.124755859375,0.8974609375,-3.549618320610687,-0.007633587786259542,-2.2519083969465647,-0.046630859375,0.0966796875,1.013671875,-0.2900763358778626,-1.4351145038167938,0.5801526717557252
1081,1779651744.3995728,0.041015625,0.120361328125,0.8984375,-3.480916030534351,0.1450381679389313,-2.3740458015267176,-0.05029296875,0.09130859375,1.009765625,-0.22137404580152673,-1.4198473282442747,0.5190839694656488
1082,1779651744.4115229,0.042236328125,0.12060546875,0.901123046875,-3.3587786259541983,0.06870229007633588,-2.0763358778625953,-0.041015625,0.09033203125,1.018310546875,-0.183206106870229,-1.366412213740458,0.4580152671755725
1083,1779651744.4234772,0.042236328125,0.1201171875,0.89892578125,-3.66412213740458,0.061068702290076333,-2.404580152671756,-0.048583984375,0.0947265625,1.010498046875,-0.22900763358778625,-1.4809160305343512,0.5419847328244275
1084,1779651744.435418,0.041259765625,0.11767578125,0.900390625,-3.7251908396946565,0.0,-2.366412213740458,-0.04150390625,0.097900390625,1.0009765625,-0.21374045801526717,-1.450381679389313,0.4961832061068702
1085,1779651744.447327,0.040771484375,0.117919921875,0.898193359375,-3.381679389312977,-1.9389312977099236,-2.236641221374046,-0.043212890625,0.089599609375,1.005859375,-0.2748091603053435,-1.4351145038167938,0.3816793893129771
1086,1779651744.4592416,0.0380859375,0.122802734375,0.898681640625,-3.50381679389313,-0.015267175572519083,-2.099236641221374,-0.046875,0.099853515625,1.0,-0.3282442748091603,-1.5648854961832062,0.3893129770992366
1087,1779651744.4711785,0.0361328125,0.11865234375,0.875244140625,-3.5877862595419847,-1.9465648854961832,-2.236641221374046,-0.046875,0.093505859375,1.0126953125,-0.3511450381679389,-1.366412213740458,0.6183206106870229
1088,1779651744.4830954,0.041259765625,0.120361328125,0.902099609375,-3.6030534351145036,-0.2366412213740458,-2.2290076335877864,-0.061767578125,0.109130859375,0.98828125,-0.3282442748091603,-1.3893129770992367,0.5267175572519084
1089,1779651744.4950426,0.0341796875,0.1162109375,0.89404296875,-3.564885496183206,-1.9541984732824427,-2.3053435114503817,-0.049072265625,0.09814453125,1.0029296875,-0.22137404580152673,-1.4045801526717556,0.6259541984732825
1090,1779651744.5069785,0.04443359375,0.123046875,0.89306640625,-3.427480916030534,-0.05343511450381679,-2.3969465648854964,-0.05908203125,0.09423828125,1.010009765625,-0.31297709923664124,-1.6412213740458015,0.48854961832061067
1091,1779651744.5189438,0.038818359375,0.11962890625,0.91455078125,-3.6106870229007635,0.022900763358778626,-2.267175572519084,-0.039306640625,0.09521484375,1.001953125,-0.366412213740458,-1.4961832061068703,0.5419847328244275
1092,1779651744.530902,0.04638671875,0.1171875,0.890869140625,-3.6106870229007635,0.19083969465648856,-2.2595419847328246,-0.05859375,0.090087890625,1.00830078125,-0.2824427480916031,-1.4809160305343512,0.549618320610687
1093,1779651744.5428133,0.04052734375,0.109619140625,0.901123046875,-3.5877862595419847,0.030534351145038167,-2.1908396946564888,-0.044677734375,0.10546875,1.0126953125,-0.24427480916030533,-1.5038167938931297,0.5038167938931297
1094,1779651744.554716,0.039306640625,0.12060546875,0.909423828125,-3.5801526717557253,-0.07633587786259542,-2.2748091603053435,-0.047119140625,0.105712890625,0.998779296875,-0.32061068702290074,-1.3893129770992367,0.5954198473282443
1095,1779651744.566675,0.03662109375,0.11669921875,0.896240234375,-3.7022900763358777,0.10687022900763359,-2.145038167938931,-0.0400390625,0.08935546875,1.0087890625,-0.31297709923664124,-1.4198473282442747,0.42748091603053434
1096,1779651744.5785964,0.0390625,0.1142578125,0.893310546875,-3.5877862595419847,0.1297709923664122,-2.435114503816794,-0.044677734375,0.0908203125,0.997802734375,-0.3435114503816794,-1.4427480916030535,0.6412213740458015
1097,1779651744.5909438,0.036865234375,0.122314453125,0.891357421875,-3.648854961832061,-0.05343511450381679,-2.3587786259541983,-0.051025390625,0.093017578125,1.01513671875,-0.2824427480916031,-1.4274809160305344,0.6259541984732825
1098,1779651744.6029692,0.034912109375,0.11669921875,0.902099609375,-3.427480916030534,0.0,-2.49618320610687,-0.042724609375,0.10498046875,1.010986328125,-0.3435114503816794,-1.5419847328244274,0.5114503816793893
1099,1779651744.6149442,0.044189453125,0.117431640625,0.900390625,-3.427480916030534,0.15267175572519084,-2.4122137404580153,-0.06201171875,0.08056640625,1.0068359375,-0.16030534351145037,-1.3282442748091603,0.5801526717557252
1100,1779651744.626901,0.03173828125,0.122802734375,0.898193359375,-3.6259541984732824,0.2824427480916031,-2.2290076335877864,-0.04248046875,0.09130859375,1.00244140625,-0.1297709923664122,-1.4274809160305344,0.5725190839694656
1101,1779651744.6389976,0.037353515625,0.122314453125,0.904296875,-3.549618320610687,-0.09923664122137404,-2.2977099236641223,-0.04345703125,0.096435546875,1.00537109375,-0.31297709923664124,-1.5190839694656488,0.5114503816793893
1102,1779651744.6511605,0.036376953125,0.122314453125,0.897216796875,-3.6793893129770994,-1.9389312977099236,-2.3206106870229006,-0.04150390625,0.10205078125,1.000244140625,-0.33587786259541985,-1.5572519083969465,0.5572519083969466
1103,1779651744.6631055,0.041748046875,0.12158203125,0.90234375,-3.4198473282442747,0.16793893129770993,-2.2748091603053435,-0.046630859375,0.09619140625,1.003173828125,-0.33587786259541985,-1.465648854961832,0.8320610687022901
1104,1779651744.6750746,0.038330078125,0.12060546875,0.8994140625,-3.3969465648854964,0.06870229007633588,-2.427480916030534,-0.041015625,0.08251953125,1.0029296875,-0.3816793893129771,-1.534351145038168,0.6183206106870229
1105,1779651744.6870043,0.03564453125,0.118408203125,0.8974609375,-3.564885496183206,-1.9236641221374047,-2.282442748091603,-0.0390625,0.09521484375,0.985107421875,-0.2595419847328244,-1.3435114503816794,0.5267175572519084
1106,1779651744.6990151,0.038818359375,0.1201171875,0.89501953125,-3.648854961832061,-0.09923664122137404,-2.1908396946564888,-0.04638671875,0.080810546875,1.009033203125,-0.21374045801526717,-1.4045801526717556,0.5801526717557252
1107,1779651744.7111714,0.041748046875,0.12451171875,0.921142578125,-3.4427480916030535,-0.16793893129770993,-2.2977099236641223,-0.044921875,0.101806640625,1.002685546875,-0.3511450381679389,-1.4274809160305344,0.5572519083969466
1108,1779651744.7231288,0.03857421875,0.134033203125,0.89990234375,-3.7022900763358777,-1.9389312977099236,-2.3969465648854964,-0.04736328125,0.09326171875,1.005126953125,-0.366412213740458,-1.4427480916030535,0.40458015267175573
1109,1779651744.7350874,0.040771484375,0.12255859375,0.89990234375,-3.5114503816793894,1.8549618320610688,-2.4732824427480917,-0.046630859375,0.0947265625,1.01220703125,-0.37404580152671757,-1.381679389312977,0.5801526717557252
1110,1779651744.747069,0.033935546875,0.12109375,0.8974609375,-3.7557251908396947,-0.022900763358778626,-2.2977099236641223,-0.046875,0.099609375,1.00830078125,-0.25190839694656486,-1.2900763358778626,0.7709923664122137
1111,1779651744.7590387,0.03515625,0.113037109375,0.9072265625,-3.435114503816794,0.12213740458015267,-2.213740458015267,-0.034912109375,0.09619140625,0.99658203125,-0.3511450381679389,-1.6259541984732824,0.5801526717557252
1112,1779651744.7710373,0.039306640625,0.122314453125,0.906494140625,-3.564885496183206,0.2595419847328244,-2.3206106870229006,-0.032470703125,0.0966796875,1.00390625,-0.15267175572519084,-1.3511450381679388,0.7480916030534351
1113,1779651744.7829664,0.035888671875,0.119873046875,0.902587890625,-3.435114503816794,0.11450381679389313,-2.33587786259542,-0.062255859375,0.07861328125,1.005615234375,-0.1984732824427481,-1.5801526717557253,0.4580152671755725
1114,1779651744.794918,0.036376953125,0.114501953125,0.9033203125,-3.648854961832061,-1.9541984732824427,-2.312977099236641,-0.05810546875,0.093505859375,0.99365234375,-0.3053435114503817,-1.3969465648854962,0.5343511450381679
1115,1779651744.806814,0.041748046875,0.123779296875,0.898681640625,-3.4122137404580153,-0.03816793893129771,-2.351145038167939,-0.06201171875,0.09521484375,0.9970703125,-0.21374045801526717,-1.4427480916030535,0.7099236641221374
1116,1779651744.818705,0.037109375,0.12158203125,0.89111328125,-3.5267175572519083,0.10687022900763359,-2.480916030534351,-0.05224609375,0.095947265625,1.008056640625,-0.19083969465648856,-1.3511450381679388,0.6106870229007634
1117,1779651744.8305914,0.033203125,0.122314453125,0.904541015625,-3.6946564885496183,-1.8931297709923665,-2.2519083969465647,-0.046875,0.0888671875,1.013916015625,-0.366412213740458,-1.5648854961832062,0.7099236641221374
1118,1779651744.842484,0.03955078125,0.116943359375,0.901123046875,-3.5572519083969465,-0.007633587786259542,-2.450381679389313,-0.03369140625,0.088623046875,1.000732421875,-0.11450381679389313,-1.5877862595419847,0.4580152671755725
1119,1779651744.8544512,0.034912109375,0.123779296875,0.89599609375,-3.66412213740458,0.030534351145038167,-2.0839694656488548,-0.04296875,0.0908203125,1.000244140625,-0.10687022900763359,-1.4122137404580153,0.549618320610687
1120,1779651744.8663967,0.035888671875,0.119873046875,0.901611328125,-3.5801526717557253,-1.900763358778626,-2.3053435114503817,-0.061767578125,0.100341796875,1.001953125,-0.2748091603053435,-1.4427480916030535,0.5801526717557252
1121,1779651744.8783245,0.0341796875,0.119140625,0.894775390625,-3.618320610687023,-0.05343511450381679,-2.2213740458015265,-0.04443359375,0.0908203125,0.987060546875,-0.3435114503816794,-1.3511450381679388,0.648854961832061
1122,1779651744.890232,0.0458984375,0.13818359375,0.8916015625,-3.480916030534351,0.10687022900763359,-2.4122137404580153,-0.04248046875,0.097412109375,1.010986328125,-0.17557251908396945,-1.4122137404580153,0.5801526717557252
1123,1779651744.9021409,0.03662109375,0.1162109375,0.89453125,-3.4656488549618323,-0.061068702290076333,-2.2213740458015265,-0.04345703125,0.093017578125,1.013916015625,-0.19083969465648856,-1.465648854961832,0.5190839694656488
1124,1779651744.9141035,0.036865234375,0.121826171875,0.920654296875,-3.4198473282442747,0.0,-2.2748091603053435,-0.045654296875,0.09521484375,1.0078125,-0.25190839694656486,-1.4732824427480915,0.549618320610687
1125,1779651744.9260266,0.03759765625,0.1162109375,0.89892578125,-3.6106870229007635,0.007633587786259542,-2.198473282442748,-0.04150390625,0.092529296875,1.01513671875,-0.25190839694656486,-1.5190839694656488,0.5038167938931297
1126,1779651744.9380093,0.039794921875,0.110107421875,0.916748046875,-3.564885496183206,1.9312977099236641,-2.480916030534351,-0.03955078125,0.09375,1.00927734375,-0.3435114503816794,-1.4198473282442747,0.6030534351145038
1127,1779651744.949988,0.03515625,0.120361328125,0.903076171875,-3.633587786259542,0.09923664122137404,-2.1908396946564888,-0.044921875,0.10498046875,1.012451171875,-0.24427480916030533,-1.3587786259541985,0.8015267175572519
1128,1779651744.9619827,0.04345703125,0.117431640625,0.90380859375,-3.49618320610687,0.16030534351145037,-2.114503816793893,-0.032470703125,0.07958984375,1.0087890625,-0.24427480916030533,-1.5038167938931297,0.6259541984732825
1129,1779651744.9739988,0.03369140625,0.118896484375,0.890625,-3.6030534351145036,-0.04580152671755725,-2.1297709923664123,-0.03271484375,0.091796875,1.007080078125,-0.24427480916030533,-1.3206106870229009,0.6183206106870229
1130,1779651744.9859471,0.0400390625,0.116943359375,0.89892578125,-3.564885496183206,0.16793893129770993,-2.282442748091603,-0.042236328125,0.087890625,1.007080078125,-0.2366412213740458,-1.4122137404580153,0.6641221374045801
1131,1779651744.9978948,0.03857421875,0.118408203125,0.897216796875,-3.404580152671756,0.06870229007633588,-2.3587786259541983,-0.044921875,0.079345703125,0.99169921875,-0.21374045801526717,-1.5190839694656488,0.5572519083969466
1132,1779651745.0099003,0.03857421875,0.1142578125,0.905029296875,-3.404580152671756,0.16793893129770993,-2.3435114503816794,-0.04296875,0.099853515625,1.00390625,-0.22137404580152673,-1.4885496183206106,0.6946564885496184
1133,1779651745.0218945,0.033447265625,0.119384765625,0.90380859375,-3.4427480916030535,0.11450381679389313,-2.1374045801526718,-0.04150390625,0.093994140625,1.00927734375,-0.22137404580152673,-1.3969465648854962,0.3511450381679389
1134,1779651745.0338502,0.0302734375,0.11767578125,0.896240234375,-3.3206106870229006,0.1297709923664122,-2.4122137404580153,-0.04248046875,0.093505859375,0.997314453125,-0.183206106870229,-1.3511450381679388,0.6717557251908397
1135,1779651745.0457911,0.039794921875,0.125244140625,0.902099609375,-3.4885496183206106,0.19083969465648856,-2.404580152671756,-0.045654296875,0.093994140625,1.00537109375,-0.20610687022900764,-1.4274809160305344,0.5725190839694656
1136,1779651745.0577164,0.057861328125,0.123046875,0.895751953125,-3.7251908396946565,-0.03816793893129771,-2.404580152671756,-0.046142578125,0.09375,0.998046875,-0.29770992366412213,-1.4274809160305344,0.6030534351145038
1137,1779651745.0696507,0.037109375,0.12060546875,0.890625,-3.4732824427480917,0.03816793893129771,-2.480916030534351,-0.04345703125,0.0986328125,1.013427734375,-0.2748091603053435,-1.4122137404580153,0.5954198473282443
1138,1779651745.0815573,0.03515625,0.1171875,0.900634765625,-3.6946564885496183,1.8931297709923665,-2.4198473282442747,-0.05078125,0.092529296875,1.00146484375,-0.2824427480916031,-1.5267175572519085,0.5954198473282443
1139,1779651745.0935109,0.0419921875,0.12109375,0.8935546875,-3.6106870229007635,-0.05343511450381679,-2.3206106870229006,-0.0341796875,0.078369140625,1.007568359375,-0.32061068702290074,-1.4274809160305344,0.7709923664122137
1140,1779651745.1054392,0.038818359375,0.1201171875,0.9013671875,-3.4580152671755724,0.1984732824427481,-2.2977099236641223,-0.05712890625,0.096435546875,1.01513671875,-0.2824427480916031,-1.4122137404580153,0.4732824427480916
1141,1779651745.1173656,0.04150390625,0.12060546875,0.9208984375,-3.435114503816794,1.9389312977099236,-2.183206106870229,-0.04296875,0.083251953125,1.0,-0.24427480916030533,-1.4045801526717556,0.6335877862595419
1142,1779651745.1293244,0.0380859375,0.116455078125,0.900634765625,-3.4427480916030535,0.03816793893129771,-2.3282442748091605,-0.041748046875,0.09521484375,1.014404296875,-0.22900763358778625,-1.3053435114503817,0.6717557251908397
1143,1779651745.1412556,0.035400390625,0.119140625,0.89599609375,-3.3587786259541983,1.9389312977099236,-2.381679389312977,-0.03173828125,0.097412109375,0.989501953125,-0.16793893129770993,-1.4732824427480915,0.6641221374045801
1144,1779651745.1533678,0.0390625,0.118408203125,0.90380859375,-3.5572519083969465,-1.8702290076335877,-2.5114503816793894,-0.048828125,0.0966796875,0.99609375,-0.25190839694656486,-1.4961832061068703,0.6183206106870229
1145,1779651745.165346,0.0400390625,0.121826171875,0.90185546875,-3.5572519083969465,0.061068702290076333,-2.2213740458015265,-0.042236328125,0.088623046875,1.0048828125,-0.366412213740458,-1.5267175572519085,0.5877862595419847
1146,1779651745.1772954,0.0400390625,0.122314453125,0.88671875,-3.618320610687023,0.06870229007633588,-2.145038167938931,-0.040283203125,0.09423828125,0.996337890625,-0.2366412213740458,-1.4427480916030535,0.5954198473282443
1147,1779651745.1891966,0.03369140625,0.11962890625,0.90087890625,-3.6106870229007635,0.15267175572519084,-2.4732824427480917,-0.040771484375,0.093505859375,0.99951171875,-0.20610687022900764,-1.4274809160305344,0.4961832061068702
1148,1779651745.201122,0.03662109375,0.11474609375,0.898193359375,-3.5801526717557253,1.8625954198473282,-2.450381679389313,-0.037109375,0.099609375,1.001220703125,-0.17557251908396945,-1.450381679389313,0.6106870229007634
1149,1779651745.213048,0.038818359375,0.12255859375,0.88720703125,-3.450381679389313,0.06870229007633588,-2.2213740458015265,-0.043212890625,0.0927734375,1.001953125,-0.19083969465648856,-1.4351145038167938,0.5954198473282443
1150,1779651745.2249982,0.037109375,0.121826171875,0.901611328125,-3.5114503816793894,0.04580152671755725,-2.366412213740458,-0.05029296875,0.098388671875,1.0078125,-0.35877862595419846,-1.381679389312977,0.4732824427480916
1151,1779651745.236986,0.0361328125,0.1142578125,0.906005859375,-3.519083969465649,0.07633587786259542,-2.213740458015267,-0.045166015625,0.10791015625,1.0068359375,-0.3282442748091603,-1.366412213740458,0.6106870229007634
1152,1779651745.2489293,0.03173828125,0.119384765625,0.895263671875,-3.66412213740458,0.09923664122137404,-2.3435114503816794,-0.042724609375,0.0927734375,1.013427734375,-0.1984732824427481,-1.4198473282442747,0.5038167938931297
1153,1779651745.2608094,0.03466796875,0.12060546875,0.895751953125,-3.4885496183206106,-0.05343511450381679,-2.2442748091603053,-0.03369140625,0.10693359375,1.004150390625,-0.2366412213740458,-1.3893129770992367,0.6259541984732825
1154,1779651745.2727454,0.03369140625,0.115966796875,0.90478515625,-3.618320610687023,0.07633587786259542,-2.3740458015267176,-0.046875,0.102294921875,1.01513671875,-0.35877862595419846,-1.4198473282442747,0.6793893129770993
1155,1779651745.2846494,0.040283203125,0.135009765625,0.8994140625,-3.6946564885496183,0.11450381679389313,-2.312977099236641,-0.044677734375,0.091796875,0.991943359375,-0.2900763358778626,-1.4274809160305344,0.7022900763358778
1156,1779651745.296539,0.033935546875,0.119384765625,0.902099609375,-3.4656488549618323,-0.08396946564885496,-2.2213740458015265,-0.0458984375,0.0810546875,0.992431640625,-0.2366412213740458,-1.3511450381679388,0.6335877862595419
1157,1779651745.3085327,0.04296875,0.1220703125,0.878173828125,-3.4732824427480917,0.030534351145038167,-2.183206106870229,-0.052001953125,0.09619140625,1.009521484375,-0.31297709923664124,-1.3206106870229009,0.6183206106870229
1158,1779651745.3205113,0.037841796875,0.11279296875,0.90234375,-3.5801526717557253,-1.916030534351145,-2.3740458015267176,-0.03955078125,0.099365234375,0.986083984375,-0.183206106870229,-1.1908396946564885,0.6335877862595419
1159,1779651745.332472,0.0380859375,0.121826171875,0.901611328125,-3.4580152671755724,-1.9312977099236641,-2.122137404580153,-0.03955078125,0.092041015625,1.002197265625,-0.32061068702290074,-1.4732824427480915,0.5190839694656488
1160,1779651745.344403,0.037353515625,0.124267578125,0.898681640625,-3.4656488549618323,-1.9541984732824427,-2.145038167938931,-0.04541015625,0.090087890625,1.004150390625,-0.25190839694656486,-1.4580152671755726,0.5114503816793893
1161,1779651745.3563557,0.036865234375,0.122802734375,0.90234375,-3.5877862595419847,0.22900763358778625,-2.183206106870229,-0.04296875,0.09912109375,1.009033203125,-0.33587786259541985,-1.4198473282442747,0.7786259541984732
1162,1779651745.3683267,0.033203125,0.122314453125,0.89501953125,-3.4198473282442747,0.06870229007633588,-2.3893129770992365,-0.039794921875,0.093017578125,1.0048828125,-0.1450381679389313,-1.4351145038167938,0.5954198473282443
1163,1779651745.380244,0.040283203125,0.1396484375,0.904052734375,-3.5419847328244276,-0.09923664122137404,-2.450381679389313,-0.044189453125,0.098876953125,1.00390625,-0.17557251908396945,-1.465648854961832,0.6335877862595419
1164,1779651745.392167,0.0361328125,0.12744140625,0.897216796875,-3.633587786259542,0.022900763358778626,-2.099236641221374,-0.052490234375,0.094482421875,0.999267578125,-0.32061068702290074,-1.4198473282442747,0.6412213740458015
1165,1779651745.4040859,0.03515625,0.125244140625,0.902099609375,-3.5343511450381677,0.10687022900763359,-2.312977099236641,-0.04638671875,0.090087890625,1.0,-0.2595419847328244,-1.3893129770992367,0.4198473282442748
1166,1779651745.416038,0.0361328125,0.1259765625,0.900390625,-3.5877862595419847,-0.05343511450381679,-2.213740458015267,-0.052001953125,0.0791015625,1.010009765625,-0.32061068702290074,-1.4580152671755726,0.6183206106870229
1167,1779651745.428013,0.0341796875,0.1201171875,0.894775390625,-3.5572519083969465,0.13740458015267176,-2.267175572519084,-0.038330078125,0.097900390625,1.01025390625,-0.22900763358778625,-1.5038167938931297,0.6870229007633588
1168,1779651745.439957,0.043212890625,0.116455078125,0.912109375,-3.4885496183206106,-0.05343511450381679,-2.267175572519084,-0.0478515625,0.10693359375,0.990478515625,-0.2366412213740458,-1.5114503816793894,0.4961832061068702
1169,1779651745.4519293,0.03955078125,0.11669921875,0.90087890625,-3.4656488549618323,0.13740458015267176,-2.1374045801526718,-0.040771484375,0.103759765625,0.9990234375,-0.3282442748091603,-1.4274809160305344,0.5801526717557252
1170,1779651745.4639401,0.0380859375,0.12060546875,0.899169921875,-3.5114503816793894,-0.04580152671755725,-2.213740458015267,-0.05126953125,0.09228515625,1.0009765625,-0.33587786259541985,-1.5114503816793894,0.5114503816793893
1171,1779651745.4759743,0.037109375,0.123046875,0.896240234375,-3.648854961832061,0.13740458015267176,-2.3587786259541983,-0.040283203125,0.095703125,1.003662109375,-0.183206106870229,-1.3511450381679388,0.48854961832061067
1172,1779651745.48792,0.043212890625,0.1181640625,0.893798828125,-3.6030534351145036,0.1297709923664122,-2.0916030534351147,-0.043701171875,0.096435546875,1.008056640625,-0.32061068702290074,-1.5038167938931297,0.4961832061068702
1173,1779651745.4999125,0.0361328125,0.119873046875,0.900390625,-3.5419847328244276,1.9465648854961832,-2.33587786259542,-0.034423828125,0.093505859375,1.0,-0.22137404580152673,-1.5801526717557253,0.40458015267175573
1174,1779651745.5119317,0.041748046875,0.124267578125,0.894775390625,-3.5114503816793894,1.916030534351145,-2.427480916030534,-0.03515625,0.089111328125,0.992919921875,-0.3435114503816794,-1.4045801526717556,0.6641221374045801
1175,1779651745.5239124,0.03857421875,0.12353515625,0.902099609375,-3.66412213740458,0.16030534351145037,-2.3893129770992365,-0.059814453125,0.0908203125,0.98583984375,-0.3435114503816794,-1.366412213740458,0.549618320610687
1176,1779651745.5358477,0.03955078125,0.114501953125,0.89306640625,-3.213740458015267,0.06870229007633588,-2.1374045801526718,-0.0361328125,0.083984375,1.00146484375,-0.21374045801526717,-1.381679389312977,0.40458015267175573
1177,1779651745.5477595,0.040283203125,0.119873046875,0.8984375,-3.5877862595419847,0.11450381679389313,-2.236641221374046,-0.045654296875,0.09423828125,1.009033203125,-0.21374045801526717,-1.4198473282442747,0.648854961832061
1178,1779651745.5596793,0.03369140625,0.120361328125,0.900634765625,-3.564885496183206,-1.9312977099236641,-2.236641221374046,-0.046630859375,0.10791015625,0.9873046875,-0.15267175572519084,-1.4274809160305344,0.6106870229007634
1179,1779651745.5716558,0.0361328125,0.120361328125,0.897705078125,-3.5419847328244276,-0.10687022900763359,-2.1297709923664123,-0.04638671875,0.10693359375,1.007568359375,-0.22900763358778625,-1.3587786259541985,0.6030534351145038
1180,1779651745.5838869,0.043701171875,0.122314453125,0.880126953125,-3.7938931297709924,-0.16030534351145037,-2.3893129770992365,-0.059326171875,0.094970703125,1.006591796875,-0.3053435114503817,-1.3053435114503817,0.648854961832061
1181,1779651745.596268,0.03857421875,0.118408203125,0.901123046875,-3.480916030534351,0.08396946564885496,-2.2061068702290076,-0.05908203125,0.09716796875,1.005615234375,-0.21374045801526717,-1.282442748091603,0.5954198473282443
1182,1779651745.6082017,0.037841796875,0.117919921875,0.89453125,-3.49618320610687,-0.022900763358778626,-2.3282442748091605,-0.060791015625,0.107421875,1.0048828125,-0.19083969465648856,-1.4045801526717556,0.5038167938931297
1183,1779651745.620167,0.03955078125,0.120849609375,0.900146484375,-3.549618320610687,-0.0916030534351145,-2.1603053435114505,-0.06005859375,0.078125,1.0,-0.2595419847328244,-1.3587786259541985,0.45038167938931295
1184,1779651745.6320972,0.040771484375,0.115478515625,0.893798828125,-3.351145038167939,-0.05343511450381679,-2.282442748091603,-0.03173828125,0.095947265625,1.010986328125,-0.26717557251908397,-1.4961832061068703,0.4732824427480916
1185,1779651745.644069,0.036376953125,0.11962890625,0.906005859375,-3.5267175572519083,0.11450381679389313,-2.2290076335877864,-0.0517578125,0.081787109375,1.00439453125,-0.2595419847328244,-1.5648854961832062,0.8549618320610687
1186,1779651745.6560223,0.04443359375,0.118896484375,0.902099609375,-3.572519083969466,0.0916030534351145,-2.3206106870229006,-0.045166015625,0.095458984375,0.995361328125,-0.32061068702290074,-1.4351145038167938,0.5725190839694656
1187,1779651745.6679585,0.03955078125,0.116943359375,0.89697265625,-3.564885496183206,-0.05343511450381679,-2.0839694656488548,-0.038818359375,0.09130859375,1.00390625,-0.2824427480916031,-1.3435114503816794,0.5572519083969466
1188,1779651745.6800442,0.0390625,0.119873046875,0.8896484375,-3.5801526717557253,0.06870229007633588,-2.3969465648854964,-0.042236328125,0.10009765625,1.00439453125,-0.29770992366412213,-1.549618320610687,0.6793893129770993
1189,1779651745.692032,0.0400390625,0.12353515625,0.8828125,-3.595419847328244,-0.11450381679389313,-2.282442748091603,-0.048095703125,0.094482421875,0.995361328125,-0.2366412213740458,-1.381679389312977,0.6717557251908397
1190,1779651745.704011,0.038818359375,0.136962890625,0.883056640625,-3.381679389312977,-0.061068702290076333,-2.2595419847328246,-0.048583984375,0.079345703125,0.99560546875,-0.16030534351145037,-1.4198473282442747,0.7099236641221374
1191,1779651745.7159808,0.040283203125,0.115478515625,0.895751953125,-3.6030534351145036,-1.9465648854961832,-2.2442748091603053,-0.045166015625,0.093505859375,0.996826171875,-0.22900763358778625,-1.450381679389313,0.5954198473282443
1192,1779651745.727961,0.040771484375,0.12060546875,0.897705078125,-3.5267175572519083,-0.0916030534351145,-2.3435114503816794,-0.0439453125,0.0927734375,1.00341796875,-0.2900763358778626,-1.4122137404580153,0.6717557251908397
1193,1779651745.7399483,0.0419921875,0.12255859375,0.892333984375,-3.4885496183206106,1.8702290076335877,-2.213740458015267,-0.049560546875,0.088623046875,1.009033203125,-0.29770992366412213,-1.4580152671755726,0.5648854961832062
1194,1779651745.751941,0.034912109375,0.11474609375,0.89892578125,-3.5801526717557253,-1.9465648854961832,-2.282442748091603,-0.05126953125,0.090576171875,1.005615234375,-0.35877862595419846,-1.2595419847328244,0.5801526717557252
1195,1779651745.7639332,0.0390625,0.114990234375,0.8994140625,-3.633587786259542,0.10687022900763359,-2.435114503816794,-0.05078125,0.094970703125,1.010009765625,-0.33587786259541985,-1.3282442748091603,0.5725190839694656
1196,1779651745.7759612,0.03662109375,0.116455078125,0.899169921875,-3.4580152671755724,0.25190839694656486,-2.267175572519084,-0.048828125,0.0927734375,0.998291015625,-0.12213740458015267,-1.4580152671755726,0.6183206106870229
1197,1779651745.787899,0.030517578125,0.114501953125,0.90087890625,-3.427480916030534,0.19083969465648856,-2.3893129770992365,-0.0458984375,0.094970703125,1.009521484375,-0.22137404580152673,-1.3511450381679388,0.5190839694656488
1198,1779651745.7998285,0.042724609375,0.121337890625,0.8896484375,-3.6030534351145036,-0.05343511450381679,-2.213740458015267,-0.047607421875,0.0966796875,1.005126953125,-0.32061068702290074,-1.2900763358778626,0.6793893129770993
1199,1779651745.8117683,0.040771484375,0.121826171875,0.894775390625,-3.5419847328244276,0.09923664122137404,-2.3740458015267176,-0.046142578125,0.0947265625,1.002197265625,-0.26717557251908397,-1.4809160305343512,0.5190839694656488
1200,1779651745.823692,0.037109375,0.1220703125,0.898193359375,-3.66412213740458,0.0916030534351145,-2.366412213740458,-0.046875,0.088623046875,0.99658203125,-0.17557251908396945,-1.3740458015267176,0.7862595419847328
1201,1779651745.8357325,0.035888671875,0.119384765625,0.8837890625,-3.6564885496183206,0.16030534351145037,-2.1603053435114505,-0.0439453125,0.10888671875,1.004638671875,-0.2824427480916031,-1.5648854961832062,0.5877862595419847
1202,1779651745.847773,0.0322265625,0.12158203125,0.895751953125,-3.732824427480916,-0.07633587786259542,-2.1526717557251906,-0.05859375,0.078125,1.005859375,-0.31297709923664124,-1.3435114503816794,0.5190839694656488
1203,1779651745.8597145,0.03955078125,0.117431640625,0.896728515625,-3.66412213740458,-1.9312977099236641,-2.3435114503816794,-0.045166015625,0.0947265625,0.996337890625,-0.1297709923664122,-1.282442748091603,0.5954198473282443
1204,1779651745.87164,0.033935546875,0.123291015625,0.8916015625,-3.564885496183206,0.2366412213740458,-2.4580152671755724,-0.046875,0.08154296875,1.0009765625,-0.1984732824427481,-1.3587786259541985,0.5267175572519084
1205,1779651745.8835943,0.03369140625,0.111328125,0.903076171875,-3.4732824427480917,1.9465648854961832,-2.1755725190839694,-0.05029296875,0.088623046875,0.9931640625,-0.35877862595419846,-1.4122137404580153,0.5648854961832062
1206,1779651745.8955755,0.037841796875,0.11962890625,0.8974609375,-3.5343511450381677,1.9389312977099236,-2.2290076335877864,-0.04296875,0.09228515625,1.007080078125,-0.33587786259541985,-1.4885496183206106,0.6564885496183206
1207,1779651745.9075859,0.035400390625,0.117431640625,0.898193359375,-3.3893129770992365,-0.05343511450381679,-2.1908396946564888,-0.050048828125,0.093994140625,1.00927734375,-0.25190839694656486,-1.5267175572519085,0.5267175572519084
1208,1779651745.9195302,0.038818359375,0.12109375,0.905517578125,-3.6030534351145036,0.07633587786259542,-2.3053435114503817,-0.044677734375,0.093994140625,1.01220703125,-0.12213740458015267,-1.450381679389313,0.6335877862595419
1209,1779651745.9314497,0.0341796875,0.123046875,0.9072265625,-3.6946564885496183,-1.9465648854961832,-2.3282442748091605,-0.04736328125,0.096923828125,1.005859375,-0.24427480916030533,-1.297709923664122,0.5343511450381679
1210,1779651745.9434347,0.040283203125,0.119873046875,0.896728515625,-3.6106870229007635,1.9465648854961832,-2.366412213740458,-0.0439453125,0.09619140625,1.00537109375,-0.22137404580152673,-1.4580152671755726,0.4122137404580153
1211,1779651745.9554346,0.03515625,0.126953125,0.90283203125,-3.3587786259541983,-1.9083969465648856,-2.236641221374046,-0.05908203125,0.0927734375,1.002197265625,-0.16030534351145037,-1.4045801526717556,0.5419847328244275
1212,1779651745.9674423,0.0400390625,0.117919921875,0.894775390625,-3.435114503816794,0.26717557251908397,-2.33587786259542,-0.05908203125,0.078125,1.006591796875,-0.1450381679389313,-1.5419847328244274,0.5190839694656488
1213,1779651745.979461,0.036376953125,0.124267578125,0.890869140625,-3.6564885496183206,0.11450381679389313,-2.3053435114503817,-0.037353515625,0.10888671875,0.9970703125,-0.26717557251908397,-1.3969465648854962,0.5801526717557252
1214,1779651745.991458,0.0400390625,0.120849609375,0.89306640625,-3.5419847328244276,0.13740458015267176,-2.267175572519084,-0.048583984375,0.0849609375,1.009033203125,-0.2748091603053435,-1.2900763358778626,0.3435114503816794
1215,1779651746.0034554,0.032958984375,0.119140625,0.900146484375,-3.5801526717557253,0.1450381679389313,-2.6259541984732824,-0.049560546875,0.097412109375,1.0029296875,-0.20610687022900764,-1.4122137404580153,0.7633587786259542
1216,1779651746.0156593,0.039306640625,0.121826171875,0.901123046875,-3.519083969465649,0.022900763358778626,-2.1526717557251906,-0.040283203125,0.094482421875,1.006591796875,-0.2595419847328244,-1.5038167938931297,0.5038167938931297
1217,1779651746.0276332,0.03369140625,0.11572265625,0.902587890625,-3.5877862595419847,0.16030534351145037,-2.1755725190839694,-0.032958984375,0.080810546875,0.98681640625,-0.19083969465648856,-1.4122137404580153,0.549618320610687
1218,1779651746.0395632,0.037109375,0.11376953125,0.906005859375,-3.732824427480916,0.09923664122137404,-2.236641221374046,-0.044921875,0.106689453125,1.00927734375,-0.2595419847328244,-1.4809160305343512,0.32061068702290074
1219,1779651746.051497,0.03271484375,0.11865234375,0.892822265625,-3.4885496183206106,0.03816793893129771,-2.0763358778625953,-0.046142578125,0.08935546875,1.000732421875,-0.33587786259541985,-1.3053435114503817,0.7022900763358778
1220,1779651746.0634599,0.03759765625,0.1171875,0.900634765625,-3.6030534351145036,1.9389312977099236,-2.2900763358778624,-0.060791015625,0.107421875,1.007080078125,-0.183206106870229,-1.3969465648854962,0.5114503816793893
1221,1779651746.0754972,0.039794921875,0.1201171875,0.909423828125,-3.6717557251908395,-0.06870229007633588,-2.2748091603053435,-0.03173828125,0.09130859375,1.013427734375,-0.26717557251908397,-1.381679389312977,0.4122137404580153
1222,1779651746.0874598,0.0361328125,0.12451171875,0.894287109375,-3.4580152671755724,0.17557251908396945,-2.2519083969465647,-0.0390625,0.09130859375,1.0087890625,-0.31297709923664124,-1.4961832061068703,0.6183206106870229
1223,1779651746.099462,0.041259765625,0.119140625,0.89453125,-3.564885496183206,0.22137404580152673,-2.1908396946564888,-0.0380859375,0.095458984375,1.006103515625,-0.17557251908396945,-1.4809160305343512,0.5572519083969466
1224,1779651746.111452,0.037109375,0.137939453125,0.916259765625,-3.5267175572519083,1.9083969465648856,-2.2977099236641223,-0.04443359375,0.097900390625,1.012939453125,-0.3816793893129771,-1.3969465648854962,0.4732824427480916
1225,1779651746.1233947,0.044189453125,0.1220703125,0.895263671875,-3.4198473282442747,-0.04580152671755725,-2.3893129770992365,-0.03857421875,0.091552734375,1.00927734375,-0.26717557251908397,-1.3129770992366412,0.5190839694656488
1226,1779651746.1353414,0.035888671875,0.1181640625,0.896484375,-3.6793893129770994,-0.07633587786259542,-2.1603053435114505,-0.05078125,0.088623046875,1.0009765625,-0.29770992366412213,-1.3587786259541985,0.5877862595419847
1227,1779651746.1472585,0.037109375,0.112060546875,0.905029296875,-3.7022900763358777,0.26717557251908397,-2.2595419847328246,-0.037109375,0.105712890625,1.007080078125,-0.3053435114503817,-1.450381679389313,0.5343511450381679
1228,1779651746.1591716,0.041259765625,0.1201171875,0.8984375,-3.66412213740458,0.1450381679389313,-2.1374045801526718,-0.04736328125,0.093505859375,1.005615234375,-0.16030534351145037,-1.3053435114503817,0.48854961832061067
1229,1779651746.1711001,0.03564453125,0.120361328125,0.901123046875,-3.618320610687023,0.015267175572519083,-2.2061068702290076,-0.04345703125,0.109130859375,1.010009765625,-0.25190839694656486,-1.4427480916030535,0.7022900763358778
1230,1779651746.183099,0.039306640625,0.12548828125,0.89453125,-3.5419847328244276,0.16030534351145037,-2.16793893129771,-0.0322265625,0.092041015625,1.007080078125,-0.3053435114503817,-1.4198473282442747,0.7557251908396947
1231,1779651746.1950505,0.036865234375,0.118408203125,0.898193359375,-3.4198473282442747,0.11450381679389313,-2.16793893129771,-0.0478515625,0.09033203125,1.0078125,-0.3435114503816794,-1.5954198473282444,0.5114503816793893
1232,1779651746.2069762,0.033203125,0.116943359375,0.901123046875,-3.49618320610687,0.03816793893129771,-2.3282442748091605,-0.0341796875,0.079833984375,1.011962890625,-0.32061068702290074,-1.5877862595419847,0.6335877862595419
1233,1779651746.2189748,0.0341796875,0.12353515625,0.901123046875,-3.4885496183206106,-0.12213740458015267,-2.2213740458015265,-0.041748046875,0.097900390625,1.008056640625,-0.24427480916030533,-1.4045801526717556,0.48854961832061067
1234,1779651746.23096,0.0380859375,0.12109375,0.905029296875,-3.618320610687023,0.13740458015267176,-2.3282442748091605,-0.044189453125,0.095458984375,1.000244140625,-0.10687022900763359,-1.549618320610687,0.5954198473282443
1235,1779651746.242937,0.036376953125,0.122802734375,0.90478515625,-3.4198473282442747,-0.03816793893129771,-2.114503816793893,-0.045166015625,0.095947265625,1.000732421875,-0.19083969465648856,-1.3358778625954197,0.4732824427480916
1236,1779651746.2549183,0.04248046875,0.11962890625,0.903076171875,-3.49618320610687,0.06870229007633588,-2.282442748091603,-0.048583984375,0.093994140625,1.0029296875,-0.12213740458015267,-1.3053435114503817,0.3435114503816794
1237,1779651746.2668686,0.041748046875,0.119140625,0.90234375,-3.3969465648854964,0.17557251908396945,-2.183206106870229,-0.047119140625,0.091552734375,1.006103515625,-0.3053435114503817,-1.4885496183206106,0.7175572519083969
1238,1779651746.278807,0.03955078125,0.121337890625,0.900390625,-3.427480916030534,-0.1984732824427481,-2.435114503816794,-0.044921875,0.09228515625,1.009765625,-0.2366412213740458,-1.465648854961832,0.5419847328244275
1239,1779651746.2907104,0.034423828125,0.123291015625,0.891845703125,-3.5572519083969465,0.0916030534351145,-2.3740458015267176,-0.058349609375,0.09130859375,1.001953125,-0.22137404580152673,-1.3358778625954197,0.5267175572519084
1240,1779651746.3026385,0.039306640625,0.114990234375,0.897705078125,-3.5572519083969465,-0.1450381679389313,-2.1526717557251906,-0.040771484375,0.08935546875,1.0029296875,-0.29770992366412213,-1.4732824427480915,0.6564885496183206
1241,1779651746.3145661,0.0361328125,0.123046875,0.918701171875,-3.5343511450381677,-1.9389312977099236,-2.4580152671755724,-0.057373046875,0.09912109375,1.003662109375,-0.35877862595419846,-1.4122137404580153,0.6335877862595419
1242,1779651746.3264954,0.04150390625,0.12158203125,0.897216796875,-3.5343511450381677,0.16793893129770993,-2.3969465648854964,-0.0322265625,0.079345703125,1.001708984375,-0.22900763358778625,-1.4198473282442747,0.5801526717557252
1243,1779651746.3384743,0.037841796875,0.12451171875,0.90185546875,-3.5419847328244276,-1.9236641221374047,-2.4198473282442747,-0.042724609375,0.095947265625,1.0078125,-0.3053435114503817,-1.4122137404580153,0.5419847328244275
1244,1779651746.3504574,0.037841796875,0.12255859375,0.892822265625,-3.6259541984732824,-0.022900763358778626,-2.3282442748091605,-0.04931640625,0.106689453125,1.00634765625,-0.19083969465648856,-1.381679389312977,0.5572519083969466
1245,1779651746.3624246,0.040771484375,0.11865234375,0.8994140625,-3.5267175572519083,1.9083969465648856,-2.3282442748091605,-0.050537109375,0.099365234375,1.00732421875,-0.29770992366412213,-1.5725190839694656,0.6412213740458015
1246,1779651746.3743975,0.039306640625,0.120849609375,0.9013671875,-3.572519083969466,0.0916030534351145,-2.213740458015267,-0.04541015625,0.088134765625,1.0078125,-0.19083969465648856,-1.366412213740458,0.5419847328244275
1247,1779651746.3863297,0.037353515625,0.116455078125,0.900146484375,-3.4656488549618323,0.04580152671755725,-2.114503816793893,-0.04248046875,0.096435546875,1.000244140625,-0.0916030534351145,-1.3282442748091603,0.6946564885496184
1248,1779651746.398248,0.0361328125,0.124755859375,0.90625,-3.404580152671756,0.03816793893129771,-2.198473282442748,-0.04541015625,0.08642578125,0.99755859375,-0.2595419847328244,-1.3893129770992367,0.6412213740458015
1249,1779651746.4101858,0.041748046875,0.115234375,0.89453125,-3.6030534351145036,-0.022900763358778626,-2.3740458015267176,-0.050537109375,0.0947265625,1.00146484375,-0.26717557251908397,-1.5267175572519085,0.5419847328244275
1250,1779651746.4221156,0.03369140625,0.119873046875,0.9033203125,-3.519083969465649,-1.9389312977099236,-2.3893129770992365,-0.044677734375,0.0947265625,1.011474609375,-0.3053435114503817,-1.4885496183206106,0.5572519083969466
1251,1779651746.434082,0.033447265625,0.114990234375,0.896484375,-3.5267175572519083,0.030534351145038167,-2.2290076335877864,-0.043701171875,0.095703125,0.99951171875,-0.183206106870229,-1.3969465648854962,0.5648854961832062
1252,1779651746.4462569,0.034912109375,0.116455078125,0.899169921875,-3.618320610687023,-1.900763358778626,-2.198473282442748,-0.043212890625,0.09521484375,1.00927734375,-0.1450381679389313,-1.4885496183206106,0.5648854961832062
1253,1779651746.4582255,0.0380859375,0.12109375,0.89208984375,-3.7709923664122136,0.061068702290076333,-2.3740458015267176,-0.04638671875,0.0830078125,1.00146484375,-0.32061068702290074,-1.4961832061068703,0.4351145038167939
1254,1779651746.4701474,0.036865234375,0.118408203125,0.8994140625,-3.549618320610687,0.05343511450381679,-2.2519083969465647,-0.041015625,0.097900390625,1.0009765625,-0.15267175572519084,-1.2671755725190839,0.5190839694656488
1255,1779651746.4821248,0.033935546875,0.110107421875,0.897216796875,-3.4656488549618323,-1.900763358778626,-2.213740458015267,-0.040771484375,0.095947265625,0.989990234375,-0.19083969465648856,-1.5419847328244274,0.5114503816793893
1256,1779651746.4940948,0.03955078125,0.115234375,0.900390625,-3.480916030534351,1.9083969465648856,-2.2290076335877864,-0.054443359375,0.08984375,0.995361328125,-0.24427480916030533,-1.4351145038167938,0.5114503816793893
1257,1779651746.5060456,0.041748046875,0.1181640625,0.904296875,-3.4885496183206106,-1.900763358778626,-2.4427480916030535,-0.04638671875,0.095703125,1.00244140625,-0.40458015267175573,-1.4351145038167938,0.5648854961832062
1258,1779651746.5180225,0.03955078125,0.120849609375,0.89697265625,-3.3587786259541983,-0.05343511450381679,-2.3206106870229006,-0.04638671875,0.093017578125,1.002197265625,-0.31297709923664124,-1.4961832061068703,0.6946564885496184
1259,1779651746.5299723,0.040283203125,0.122314453125,0.894775390625,-3.618320610687023,-0.022900763358778626,-2.2290076335877864,-0.042724609375,0.094970703125,1.001708984375,-0.24427480916030533,-1.5419847328244274,0.4961832061068702
1260,1779651746.541909,0.0283203125,0.121826171875,0.905517578125,-3.49618320610687,1.9465648854961832,-2.3282442748091605,-0.044921875,0.095458984375,1.006591796875,-0.3969465648854962,-1.3206106870229009,0.5190839694656488
1261,1779651746.5538604,0.03759765625,0.118408203125,0.8935546875,-3.6106870229007635,-0.0916030534351145,-2.236641221374046,-0.03955078125,0.09814453125,0.996337890625,-0.22137404580152673,-1.4732824427480915,0.4122137404580153
1262,1779651746.5657876,0.0390625,0.1142578125,0.898193359375,-3.618320610687023,-0.0916030534351145,-2.045801526717557,-0.053466796875,0.09619140625,1.005615234375,-0.25190839694656486,-1.4198473282442747,0.549618320610687
1263,1779651746.5777159,0.03857421875,0.11767578125,0.900146484375,-3.4656488549618323,-0.08396946564885496,-2.312977099236641,-0.046875,0.1005859375,1.00244140625,-0.3511450381679389,-1.3435114503816794,0.5954198473282443
1264,1779651746.5901089,0.041259765625,0.123291015625,0.894287109375,-3.6412213740458017,0.17557251908396945,-2.3053435114503817,-0.05029296875,0.09521484375,1.00341796875,-0.21374045801526717,-1.4198473282442747,0.5343511450381679
1265,1779651746.602127,0.03955078125,0.115966796875,0.898681640625,-3.6564885496183206,0.10687022900763359,-2.2748091603053435,-0.044677734375,0.090087890625,0.9951171875,-0.2824427480916031,-1.465648854961832,0.4351145038167939
1266,1779651746.6140878,0.03662109375,0.123779296875,0.914306640625,-3.7480916030534353,0.2900763358778626,-2.4122137404580153,-0.04052734375,0.09228515625,1.004150390625,-0.17557251908396945,-1.3358778625954197,0.6335877862595419
1267,1779651746.626034,0.0419921875,0.126220703125,0.89892578125,-3.5801526717557253,0.16030534351145037,-2.1374045801526718,-0.04248046875,0.09912109375,1.00634765625,-0.37404580152671757,-1.366412213740458,0.6335877862595419
1268,1779651746.6380079,0.033203125,0.121826171875,0.8984375,-3.6106870229007635,0.12213740458015267,-2.4732824427480917,-0.045166015625,0.0927734375,1.006103515625,-0.25190839694656486,-1.4122137404580153,0.5648854961832062
1269,1779651746.650045,0.046142578125,0.116455078125,0.90185546875,-3.549618320610687,0.022900763358778626,-2.2442748091603053,-0.038330078125,0.097900390625,1.00732421875,-0.2900763358778626,-1.282442748091603,0.6183206106870229
1270,1779651746.662035,0.044677734375,0.122314453125,0.90673828125,-3.49618320610687,-0.06870229007633588,-2.2213740458015265,-0.05126953125,0.10498046875,1.00390625,-0.2595419847328244,-1.3740458015267176,0.5877862595419847
1271,1779651746.6740222,0.03955078125,0.126708984375,0.89306640625,-3.5419847328244276,0.12213740458015267,-2.2290076335877864,-0.037841796875,0.095703125,1.005859375,-0.21374045801526717,-1.5725190839694656,0.48854961832061067
1272,1779651746.6860383,0.038330078125,0.12060546875,0.895263671875,-3.6564885496183206,1.9083969465648856,-2.3282442748091605,-0.044921875,0.09423828125,1.00439453125,-0.2824427480916031,-1.3587786259541985,0.5419847328244275
1273,1779651746.6979914,0.0390625,0.119384765625,0.892822265625,-3.427480916030534,1.8778625954198473,-2.3053435114503817,-0.04931640625,0.089111328125,1.00634765625,-0.16793893129770993,-1.3969465648854962,0.6030534351145038
1274,1779651746.7099981,0.033203125,0.109375,0.900634765625,-3.6412213740458017,0.1450381679389313,-2.33587786259542,-0.041748046875,0.09326171875,1.005126953125,-0.2900763358778626,-1.282442748091603,0.5648854961832062
1275,1779651746.7220056,0.03955078125,0.123046875,0.897705078125,-3.6259541984732824,0.20610687022900764,-2.2061068702290076,-0.04443359375,0.09033203125,0.996826171875,-0.26717557251908397,-1.633587786259542,0.7251908396946565
