sample,time,s1_ax,s1_ay,s1_az,s1_gx,s1_gy,s1_gz,s2_ax,s2_ay,s2_az,s2_gx,s2_gy,s2_gz
1,1780506906,-0.910888672,0.172607422,-0.212890625,-2.748091603,0.06870229,-0.267175573,-0.030761719,-0.999267578,0.050048828,0.603053435,0.335877863,2.419847328
2,1780506906,-0.933349609,0.18359375,-0.21484375,-2.27480916,1.946564885,-0.458015267,-0.028808594,-0.999755859,0.051025391,0.534351145,1.114503817,2.526717557
3,1780506906,-0.928222656,0.186767578,-0.21875,-1.442748092,-0.076335878,-0.320610687,-0.016601563,-1.015136719,0.061523438,0.442748092,1.618320611,2.427480916
4,1780506906,-0.932373047,0.176269531,-0.214111328,-0.893129771,-0.145038168,-0.473282443,-0.026855469,-1.010742188,0.054931641,0.549618321,2.038167939,2.267175573
5,1780506906,-0.930908203,0.190673828,-0.211914063,-0.786259542,-0.106870229,-0.320610687,-0.024658203,-1.005859375,0.054443359,0.564885496,2.526717557,2.213740458
6,1780506906,-0.935302734,0.175537109,-0.228271484,-0.618320611,-0.427480916,-0.564885496,-0.03125,-1.004882813,0.046142578,0.091603053,2.496183206,1.778625954
7,1780506906,-0.938232422,0.177978516,-0.212402344,-0.27480916,-0.20610687,-0.664122137,-0.033935547,-1.006347656,0.051757813,0.34351145,2.679389313,1.694656489
8,1780506906,-0.934082031,0.179199219,-0.219482422,-0.114503817,-0.282442748,-0.648854962,-0.033935547,-1.008789063,0.052490234,0.13740458,2.687022901,1.534351145
9,1780506906,-0.928466797,0.194580078,-0.219482422,-0.290076336,-0.229007634,-0.687022901,-0.047607422,-1.002685547,0.058105469,0.099236641,2.335877863,1.740458015
10,1780506906,-0.929931641,0.197509766,-0.223876953,-0.801526718,-0.083969466,-0.969465649,-0.043945313,-1.003417969,0.053466797,-1.93129771,2.06870229,1.694656489
11,1780506906,-0.930664063,0.201171875,-0.213378906,-1.106870229,-0.038167939,-1.061068702,-0.052734375,-1.015380859,0.075439453,0.236641221,1.65648855,1.603053435
12,1780506906,-0.928710938,0.194824219,-0.21875,-1.374045802,0.091603053,-1.267175573,-0.047119141,-1.003417969,0.059570313,-1.946564885,1.06870229,1.572519084
13,1780506906,-0.929199219,0.204101563,-0.223388672,-1.824427481,0.198473282,-1.045801527,-0.051757813,-1.001708984,0.061523438,-0.061068702,0.305343511,1.870229008
14,1780506906,-0.925048828,0.207763672,-0.223876953,-2.427480916,0.328244275,-1.236641221,-0.047363281,-1.001953125,0.059326172,-0.083969466,-0.061068702,1.786259542
15,1780506906,-0.9296875,0.192871094,-0.222900391,-3.145038168,0.763358779,-1.27480916,-0.037597656,-0.994873047,0.056396484,-0.259541985,-0.65648855,1.65648855
16,1780506906,-0.928466797,0.186767578,-0.204833984,-3.129770992,0.633587786,-1.511450382,-0.040527344,-1.015136719,0.051025391,-0.312977099,-0.870229008,1.709923664
17,1780506907,-0.924804688,0.18359375,-0.216308594,-3.458015267,0.65648855,-1.687022901,-0.037597656,-1.001953125,0.059814453,-0.557251908,-0.969465649,1.381679389
18,1780506907,-0.927978516,0.178955078,-0.214355469,-3.534351145,0.709923664,-1.816793893,-0.033935547,-1.003417969,0.060302734,-0.885496183,-1.061068702,1.221374046
19,1780506907,-0.928710938,0.180175781,-0.222412109,-3.702290076,0.816793893,-1.923664122,-0.036376953,-1.001220703,0.040283203,-1.053435115,-1.320610687,1.13740458
20,1780506907,-0.935058594,0.18359375,-0.226074219,-3.526717557,0.603053435,-2.022900763,-0.017822266,-1.003662109,0.049316406,-1.145038168,-1.557251908,0.93129771
21,1780506907,-0.931152344,0.196289063,-0.217529297,-3.717557252,0.709923664,-1.984732824,-0.04296875,-1.011230469,0.055664063,-1.190839695,-1.603053435,1.038167939
22,1780506907,-0.931396484,0.201171875,-0.21484375,-4.129770992,0.893129771,-2.076335878,-0.036376953,-1.006103516,0.053466797,-1.015267176,-3.816793893,1.076335878
23,1780506907,-0.934326172,0.203613281,-0.217285156,-4.27480916,0.961832061,-0.06870229,-0.037841797,-1.012451172,0.057617188,-1.083969466,-1.641221374,1.076335878
24,1780506907,-0.928222656,0.196777344,-0.210449219,-4.297709924,1.038167939,-2.083969466,-0.044921875,-1.002441406,0.068603516,-1.152671756,-1.79389313,1.030534351
25,1780506907,-0.924804688,0.1953125,-0.219238281,-4.328244275,1.038167939,-2.175572519,-0.046875,-1.004638672,0.056640625,-1.076335878,-2.114503817,1.06870229
26,1780506907,-0.934814453,0.189697266,-0.219726563,-4.648854962,1.213740458,-2.526717557,-0.04296875,-1.004394531,0.051269531,-1.175572519,-2.473282443,1.145038168
27,1780506907,-0.926269531,0.196777344,-0.230712891,-5.145038168,1.290076336,-2.526717557,-0.046875,-1.014648438,0.048583984,-1.099236641,-3.198473282,1.053435115
28,1780506907,-0.924560547,0.198730469,-0.227539063,-5.832061069,1.41221374,-2.641221374,-0.038574219,-0.995605469,0.048095703,-1.282442748,-3.877862595,0.938931298
29,1780506907,-0.922851563,0.188476563,-0.231445313,-6.106870229,1.41221374,-2.740458015,-0.039306641,-1,0.054443359,-1.526717557,-4.442748092,1.061068702
30,1780506907,-0.923095703,0.190917969,-0.224365234,-6.259541985,1.419847328,-2.549618321,-0.031494141,-1.006103516,0.053710938,-1.557251908,-4.572519084,0.984732824
31,1780506907,-0.933349609,0.190917969,-0.217041016,-6.419847328,1.534351145,-2.916030534,-0.033935547,-1.007324219,0.037353516,-1.679389313,-4.572519084,0.786259542
32,1780506907,-0.922363281,0.188964844,-0.212402344,-6.595419847,1.541984733,-2.916030534,-0.034423828,-1.007080078,0.057861328,-1.374045802,-4.648854962,0.900763359
33,1780506907,-0.9296875,0.193359375,-0.223632813,-6.595419847,1.557251908,-2.816793893,-0.030273438,-1.008789063,0.045898438,-1.297709924,-4.282442748,0.816793893
34,1780506907,-0.930175781,0.193847656,-0.229492188,-6.396946565,1.641221374,-2.580152672,-0.029052734,-1.006103516,0.033203125,-1.458015267,-4.099236641,0.916030534
35,1780506907,-0.930419922,0.189941406,-0.228027344,-6.175572519,1.664122137,-2.885496183,-0.028320313,-1.004394531,0.040283203,-1.328244275,-3.541984733,0.893129771
36,1780506907,-0.934082031,0.190673828,-0.223876953,-5.79389313,1.404580153,-2.801526718,-0.017333984,-1.001464844,0.032226563,-1.389312977,-3.13740458,0.72519084
37,1780506907,-0.931152344,0.182373047,-0.232666016,-5.091603053,1.511450382,-2.603053435,-0.029785156,-1.003662109,0.048583984,-1.435114504,-2.595419847,0.854961832
38,1780506907,-0.934082031,0.185302734,-0.233642578,-4.603053435,1.503816794,-2.679389313,-0.045166016,-0.994140625,0.035400391,-1.091603053,-2.099236641,0.748091603
39,1780506907,-0.928466797,0.196044922,-0.221435547,-4.106870229,1.358778626,-2.664122137,-0.017089844,-1.005371094,0.042480469,-1.389312977,-1.572519084,0.679389313
40,1780506907,-0.926025391,0.191162109,-0.2265625,-3.908396947,1.427480916,-2.603053435,-0.028564453,-0.998535156,0.033935547,-1.351145038,-1.564885496,0.86259542
41,1780506907,-0.923828125,0.174560547,-0.22265625,-3.687022901,1.244274809,-2.603053435,-0.034667969,-1.011230469,0.036865234,-1.167938931,-1.358778626,0.671755725
42,1780506907,-0.927734375,0.182617188,-0.232421875,-3.503816794,1.167938931,-2.641221374,-0.030273438,-1.001953125,0.043945313,-1.244274809,-1.396946565,0.694656489
43,1780506907,-0.932373047,0.190185547,-0.223144531,-3.603053435,1.221374046,-2.702290076,-0.032226563,-0.999511719,0.040527344,-1.20610687,-1.450381679,0.595419847
44,1780506907,-0.930175781,0.192138672,-0.23046875,-3.511450382,1.305343511,-2.740458015,-0.020751953,-1.015136719,0.038085938,-1.007633588,-1.801526718,0.687022901
45,1780506907,-0.929199219,0.193603516,-0.225341797,-4.076335878,1.259541985,-2.709923664,-0.030517578,-0.999267578,0.032958984,-1.030534351,-1.893129771,0.770992366
46,1780506907,-0.931152344,0.190673828,-0.233886719,-4.450381679,1.27480916,-2.534351145,-0.032958984,-1.000732422,0.041503906,-1.022900763,-1.984732824,0.763358779
47,1780506907,-0.934814453,0.174316406,-0.232421875,-4.374045802,1.213740458,-2.519083969,-0.025146484,-1.008056641,0.043212891,-1.20610687,-1.717557252,0.832061069
48,1780506907,-0.933349609,0.177978516,-0.232177734,-4.282442748,1.221374046,-2.549618321,-0.027099609,-1.004882813,0.037597656,-1.259541985,-1.572519084,0.786259542
49,1780506907,-0.932617188,0.177001953,-0.239990234,-3.748091603,1.335877863,-2.473282443,-0.024658203,-1.004882813,0.03125,-1.221374046,-1.488549618,0.564885496
50,1780506907,-0.937255859,0.181396484,-0.233154297,-3.511450382,1.015267176,-2.541984733,-0.024169922,-1.007324219,0.038818359,-1.160305344,-1.221374046,0.679389313
51,1780506907,-0.922851563,0.182861328,-0.229736328,-3.312977099,0.946564885,-2.41221374,-0.030517578,-1.001220703,0.033203125,-0.877862595,-1.267175573,0.824427481
52,1780506907,-0.929199219,0.172119141,-0.231689453,-3.687022901,1.053435115,-2.396946565,-0.029785156,-1.0078125,0.037597656,-0.969465649,-1.244274809,0.687022901
53,1780506907,-0.923583984,0.183837891,-0.232177734,-3.72519084,1.030534351,-2.603053435,-0.02734375,-1.006103516,0.030761719,-0.832061069,-1.099236641,0.79389313
54,1780506907,-0.928710938,0.188232422,-0.23046875,-3.519083969,0.763358779,-2.404580153,-0.024414063,-1.0078125,0.037109375,-0.824427481,-1.053435115,0.58778626
55,1780506907,-0.932373047,0.181884766,-0.230712891,-3.160305344,0.625954198,-2.328244275,-0.018798828,-1.007324219,0.022216797,-0.564885496,-0.572519084,0.671755725
56,1780506907,-0.948486328,0.181640625,-0.23046875,-2.778625954,0.465648855,-2.190839695,-0.023681641,-1.00390625,0.024902344,-0.511450382,0.091603053,0.877862595
57,1780506907,-0.927246094,0.180175781,-0.236328125,-2.213740458,0.541984733,-2.328244275,-0.021240234,-1.002685547,0.027832031,-0.603053435,0.465648855,0.778625954
58,1780506907,-0.935546875,0.189208984,-0.23828125,-1.938931298,0.183206107,-2.27480916,-0.026123047,-1.001464844,0.021728516,-0.580152672,1.152671756,0.755725191
59,1780506907,-0.925537109,0.186035156,-0.227294922,-1.335877863,0.320610687,-3.870229008,-0.028808594,-0.999511719,0.020507813,-0.404580153,1.335877863,0.79389313
60,1780506907,-0.929199219,0.188720703,-0.236572266,-1.328244275,0.167938931,-2.045801527,-0.029296875,-1.004150391,0.037597656,-0.282442748,1.259541985,0.900763359
61,1780506907,-0.926757813,0.171875,-0.223876953,-1.091603053,0.20610687,-3.877862595,-0.028076172,-1.003173828,0.033691406,0.015267176,1.519083969,0.938931298
62,1780506907,-0.926513672,0.183349609,-0.238769531,-0.961832061,0.114503817,-2.045801527,-0.024658203,-1.005615234,0.044189453,-0.030534351,2.145038168,0.557251908
63,1780506907,-0.927734375,0.180419922,-0.219726563,-0.34351145,1.938931298,-1.809160305,-0.024902344,-1.007080078,0.034179688,-0.396946565,2.267175573,0.801526718
64,1780506907,-0.935058594,0.177734375,-0.232421875,-0.251908397,-0.06870229,-1.709923664,-0.024902344,-1.004638672,0.040283203,-0.442748092,2.702290076,0.740458015
65,1780506907,-0.933349609,0.181884766,-0.229980469,0.244274809,-0.213740458,-1.832061069,-0.046142578,-1.003173828,0.039794922,-0.519083969,3.41221374,0.404580153
66,1780506907,-0.930419922,0.181152344,-0.235107422,0.603053435,-0.198473282,-1.740458015,-0.029052734,-1.005371094,0.038574219,-0.580152672,3.580152672,0.435114504
67,1780506907,-0.932617188,0.182617188,-0.231933594,0.893129771,-0.244274809,-1.839694656,-0.033203125,-1.011230469,0.04296875,-0.633587786,3.641221374,0.549618321
68,1780506907,-0.935546875,0.201904297,-0.208984375,1.145038168,-0.297709924,-0.015267176,-0.039550781,-1.006103516,0.043701172,-0.366412214,3.816793893,0.480916031
69,1780506907,-0.928466797,0.190429688,-0.2265625,0.709923664,-0.091603053,-1.778625954,-0.043212891,-1.010986328,0.047607422,-0.374045802,3.572519084,0.41221374
70,1780506907,-0.929443359,0.202880859,-0.233398438,0.442748092,-0.152671756,-1.877862595,-0.056884766,-1.007568359,0.048583984,-0.427480916,2.854961832,0.450381679
71,1780506907,-0.929443359,0.208251953,-0.228759766,-0.076335878,-0.06870229,-2.229007634,-0.051269531,-1.002197266,0.049072266,-0.534351145,2.13740458,0.41221374
72,1780506907,-0.921386719,0.218017578,-0.232666016,-0.946564885,0.198473282,-2.114503817,-0.052734375,-1.004638672,0.051025391,-0.702290076,1.366412214,0.58778626
73,1780506907,-0.920898438,0.193359375,-0.234619141,-1.648854962,0.34351145,-2.381679389,-0.053710938,-0.995605469,0.032714844,-0.778625954,0.740458015,0.167938931
74,1780506907,-0.921875,0.193847656,-0.235107422,-1.916030534,0.396946565,-2.717557252,-0.043945313,-1.002197266,0.032958984,-0.755725191,0.06870229,0.305343511
75,1780506907,-0.931152344,0.193359375,-0.230957031,-2.41221374,0.679389313,-2.816793893,-0.049072266,-1.007080078,0.045654297,-0.992366412,-0.129770992,0.038167939
76,1780506907,-0.932617188,0.194335938,-0.226074219,-2.473282443,0.671755725,-3.030534351,-0.045410156,-1.005859375,0.047607422,-1.022900763,-0.328244275,0.076335878
77,1780506907,-0.927246094,0.196533203,-0.237304688,-3.053435115,0.893129771,-3.053435115,-0.042724609,-1.007080078,0.044677734,-1.06870229,-0.687022901,-1.954198473
78,1780506907,-0.932128906,0.196044922,-0.223632813,-3.167938931,0.801526718,-3.190839695,-0.041015625,-1.001708984,0.046630859,-1.251908397,-0.86259542,0.038167939
79,1780506907,-0.927490234,0.197753906,-0.223876953,-3.229007634,0.961832061,-3.06870229,-0.035644531,-1.002197266,0.033691406,-1.259541985,-1.122137405,1.93129771
80,1780506907,-0.920898438,0.194824219,-0.220947266,-3.34351145,1.175572519,-3.190839695,-0.04296875,-1.008544922,0.0390625,-1.015267176,-1.297709924,0.083969466
81,1780506907,-0.929443359,0.197998047,-0.228027344,-3.351145038,0.984732824,-3.374045802,-0.042236328,-0.997070313,0.033691406,-0.801526718,-1.496183206,-0.122137405
82,1780506907,-0.933349609,0.192871094,-0.228515625,-3.473282443,1.091603053,-3.358778626,-0.039550781,-1.002685547,0.035400391,-0.648854962,-1.72519084,0.083969466
83,1780506907,-0.930419922,0.193847656,-0.242919922,-2.015267176,1.229007634,-3.465648855,-0.033691406,-1.003417969,0.033691406,-0.740458015,-2.122137405,0.061068702
84,1780506907,-0.928710938,0.197021484,-0.240966797,-4.458015267,1.381679389,-3.618320611,-0.033691406,-1.003417969,0.041015625,-0.961832061,-2.305343511,0.167938931
85,1780506907,-0.927978516,0.1875,-0.233154297,-4.41221374,1.34351145,-3.465648855,-0.032470703,-1.00390625,0.030761719,-0.877862595,-2.549618321,0.030534351
86,1780506907,-0.923095703,0.181152344,-0.240478516,-4.473282443,1.267175573,-3.244274809,-0.017089844,-1.007324219,0.031738281,-1.129770992,-2.557251908,0
87,1780506907,-0.906982422,0.180908203,-0.260498047,-4.450381679,1.038167939,-3.473282443,-0.027099609,-1.006347656,0.021728516,-1.061068702,-2.595419847,0.106870229
88,1780506907,-0.931884766,0.183837891,-0.241210938,-4.496183206,1.374045802,-3.488549618,-0.024414063,-1.001220703,0.028320313,-1.045801527,-2.34351145,0.06870229
89,1780506907,-0.932617188,0.176025391,-0.247314453,-4.549618321,1.175572519,-3.358778626,-0.016845703,-1.002197266,0.026367188,-1,-2.404580153,0.236641221
90,1780506907,-0.922851563,0.1796875,-0.226318359,-4.328244275,1.015267176,-3.175572519,-0.00390625,-1.004882813,0.040283203,-1.076335878,-1.778625954,0.290076336
91,1780506907,-0.933837891,0.171875,-0.224853516,-3.93129771,1,-2.954198473,-0.017578125,-1.000732422,0.041259766,-1.06870229,-1.282442748,0.053435115
92,1780506907,-0.9296875,0.173095703,-0.236083984,-3.473282443,0.832061069,-2.86259542,-0.016113281,-1.002197266,0.032470703,-1.145038168,-0.916030534,0.122137405
93,1780506907,-0.929931641,0.170898438,-0.248291016,-2.778625954,1.091603053,-2.954198473,-0.013183594,-1.006591797,0.03515625,-1.076335878,-0.427480916,0.167938931
94,1780506907,-0.930664063,0.174316406,-0.229248047,-2.549618321,0.778625954,-2.694656489,-0.015136719,-1.004150391,0.022949219,-0.923664122,0.129770992,0.106870229
95,1780506907,-0.934570313,0.179931641,-0.232666016,-1.954198473,0.534351145,-2.801526718,-0.016357422,-1.008544922,0.027587891,-0.870229008,0.687022901,0.114503817
96,1780506907,-0.930175781,0.176025391,-0.235351563,-1.603053435,0.58778626,-2.603053435,-0.028808594,-1.014648438,0.017089844,-0.93129771,0.740458015,0.229007634
97,1780506907,-0.930175781,0.194091797,-0.247070313,-1.465648855,0.34351145,-2.79389313,-0.031738281,-0.986328125,0.024902344,-0.824427481,1.053435115,0.328244275
98,1780506907,-0.926269531,0.190917969,-0.248535156,-1.580152672,0.458015267,-2.534351145,-0.033935547,-1.006835938,0.029785156,-0.809160305,0.946564885,0.251908397
99,1780506907,-0.927978516,0.188476563,-0.244140625,-1.809160305,0.72519084,-2.435114504,-0.03515625,-0.998046875,0.021728516,-0.923664122,0.832061069,0.358778626
100,1780506907,-0.93359375,0.185546875,-0.2421875,-1.473282443,0.442748092,-2.763358779,-0.030273438,-1.008056641,0.043212891,-0.79389313,0.977099237,0.488549618
101,1780506907,-0.926269531,0.182373047,-0.230224609,-1.259541985,0.480916031,-2.442748092,-0.032958984,-1.012939453,0.038818359,-0.900763359,1.030534351,0.358778626
102,1780506907,-0.932617188,0.172119141,-0.242675781,-1.366412214,0.664122137,-2.526717557,-0.030517578,-1.002441406,0.016845703,-0.961832061,1.152671756,0.320610687
103,1780506907,-0.92578125,0.184082031,-0.260253906,-1.450381679,0.709923664,-2.480916031,-0.034912109,-1.004882813,0.034179688,-0.786259542,0.938931298,0.290076336
104,1780506907,-0.9296875,0.186767578,-0.245605469,-1.58778626,0.748091603,-2.541984733,-0.029541016,-1.001953125,0.039306641,-0.961832061,0.709923664,0.27480916
105,1780506907,-0.932373047,0.189697266,-0.240478516,-1.847328244,0.572519084,-2.572519084,-0.028320313,-1.003417969,0.045410156,-1.015267176,0.427480916,0.511450382
106,1780506907,-0.926513672,0.189453125,-0.229980469,-2.091603053,0.893129771,-2.503816794,-0.034912109,-1.007324219,0.040771484,-0.946564885,0.251908397,0.389312977
107,1780506908,-0.931884766,0.188720703,-0.235839844,-2.366412214,0.717557252,-2.419847328,-0.028320313,-1.003662109,0.025390625,-0.847328244,0.007633588,0.480916031
108,1780506908,-0.928955078,0.180664063,-0.234130859,-2,0.824427481,-2.526717557,-0.029541016,-1.006835938,0.038330078,-0.877862595,0.045801527,0.404580153
109,1780506908,-0.929931641,0.187988281,-0.239013672,-2.038167939,0.625954198,-2.625954198,-0.031005859,-1.003662109,0.021972656,-0.839694656,0.282442748,0.27480916
110,1780506908,-0.920654297,0.185546875,-0.249023438,-2.122137405,0.526717557,-2.625954198,-0.031494141,-0.985351563,0.030761719,-0.93129771,0.297709924,0.450381679
111,1780506908,-0.927001953,0.200927734,-0.249267578,-2.351145038,0.809160305,-2.633587786,-0.035644531,-1.008056641,0.030273438,-0.900763359,0.053435115,0.404580153
112,1780506908,-0.927246094,0.171875,-0.237304688,-2.503816794,0.847328244,-2.65648855,-0.029541016,-1,0.027587891,-0.946564885,-0.099236641,0.450381679
113,1780506908,-0.930419922,0.181640625,-0.219970703,-2.580152672,0.908396947,-2.633587786,-0.041748047,-1.006591797,0.030273438,-1.007633588,-0.473282443,0.511450382
114,1780506908,-0.931396484,0.172607422,-0.239746094,-2.679389313,0.832061069,-2.519083969,-0.030517578,-1.008544922,0.035400391,-0.961832061,-0.480916031,0.496183206
115,1780506908,-0.929199219,0.184326172,-0.256103516,-2.816793893,0.625954198,-2.580152672,-0.030517578,-1.0078125,0.030273438,-1.045801527,-0.610687023,0.450381679
116,1780506908,-0.92578125,0.18359375,-0.239257813,-3.045801527,0.694656489,-2.839694656,-0.037109375,-1.008056641,0.042236328,-0.946564885,-0.465648855,0.458015267
117,1780506908,-0.931152344,0.185058594,-0.226806641,-2.93129771,0.610687023,-2.519083969,-0.027832031,-0.996582031,0.03125,-1.045801527,-0.450381679,0.541984733
118,1780506908,-0.928222656,0.186767578,-0.234863281,-2.946564885,0.778625954,-2.687022901,-0.021972656,-1.001464844,0.025634766,-0.923664122,-0.511450382,0.709923664
119,1780506908,-0.934814453,0.185546875,-0.238769531,-2.870229008,0.854961832,-2.58778626,-0.025390625,-0.999755859,0.037353516,-0.839694656,-0.435114504,0.557251908
120,1780506908,-0.932128906,0.187744141,-0.243652344,-2.687022901,0.916030534,-2.389312977,-0.021728516,-1.012695313,0.037353516,-0.923664122,-0.34351145,0.671755725
121,1780506908,-0.931152344,0.183105469,-0.248535156,-2.755725191,0.992366412,-2.34351145,-0.020751953,-1.006835938,0.019287109,-0.900763359,-0.374045802,0.854961832
122,1780506908,-0.928710938,0.178466797,-0.247314453,-2.702290076,0.877862595,-2.312977099,-0.024414063,-1.003417969,0.028320313,-1.022900763,-0.633587786,0.732824427
123,1780506908,-0.929931641,0.184082031,-0.240722656,-2.755725191,0.732824427,-2.198473282,-0.026123047,-1.005859375,0.031738281,-0.984732824,-0.221374046,1
124,1780506908,-0.930664063,0.18359375,-0.258789063,-2.549618321,0.946564885,-2.259541985,-0.030761719,-1.015625,0.037109375,-0.870229008,1.93129771,0.770992366
125,1780506908,-0.932617188,0.184814453,-0.235107422,-2.664122137,0.854961832,-2.396946565,-0.031494141,-1.0078125,0.038574219,-0.908396947,-0.007633588,0.648854962
126,1780506908,-0.934082031,0.185058594,-0.24609375,-2.358778626,0.870229008,-2.534351145,-0.025390625,-1.0078125,0.032958984,-0.923664122,-1.900763359,0.770992366
127,1780506908,-0.934570313,0.180175781,-0.248291016,-2.503816794,0.809160305,-2.20610687,-0.034423828,-1.002197266,0.028320313,-1.007633588,-0.320610687,0.740458015
128,1780506908,-0.930908203,0.188720703,-0.247558594,-2.732824427,0.679389313,-2.244274809,-0.030273438,-1.003173828,0.020751953,-0.809160305,-0.465648855,0.916030534
129,1780506908,-0.928222656,0.189453125,-0.240234375,-3.045801527,0.709923664,-2.282442748,-0.031982422,-1.005615234,0.028808594,-0.832061069,-0.824427481,0.809160305
130,1780506908,-0.936767578,0.193115234,-0.243896484,-3.465648855,0.832061069,-2.27480916,-0.035644531,-1.009033203,0.022705078,-0.900763359,-1.045801527,1.022900763
131,1780506908,-0.923583984,0.189941406,-0.243408203,-3.732824427,0.870229008,-2.335877863,-0.040039063,-1.007324219,0.028564453,-0.740458015,-1.305343511,0.923664122
132,1780506908,-0.931640625,0.189941406,-0.242675781,-3.809160305,1.053435115,-2.351145038,-0.031494141,-1.0078125,0.027832031,-0.72519084,-1.366412214,0.916030534
133,1780506908,-0.929931641,0.1875,-0.241210938,-3.839694656,0.732824427,-2.427480916,-0.032714844,-1.002685547,0.020507813,-0.778625954,-1.244274809,1
134,1780506908,-0.928466797,0.187988281,-0.247070313,-3.404580153,0.893129771,-2.480916031,-0.023681641,-1.001708984,0.030273438,-0.664122137,-1.251908397,0.702290076
135,1780506908,-0.927246094,0.185058594,-0.256347656,-3.564885496,0.763358779,-2.419847328,-0.031494141,-1.004882813,0.025390625,-0.702290076,-1.175572519,0.832061069
136,1780506908,-0.930664063,0.188720703,-0.241210938,-3.419847328,0.748091603,-2.236641221,-0.027832031,-1.004882813,0.017089844,-0.65648855,-1.083969466,0.984732824
137,1780506908,-0.931396484,0.183837891,-0.245605469,-3.557251908,0.687022901,-2.312977099,-0.028076172,-1.00390625,0.019042969,-0.625954198,-1.152671756,0.595419847
138,1780506908,-0.928466797,0.179199219,-0.247070313,-3.572519084,0.541984733,-2.106870229,-0.026611328,-0.987060547,0.026123047,-0.381679389,-1.389312977,0.763358779
139,1780506908,-0.926513672,0.189208984,-0.241210938,-3.511450382,0.541984733,-2.20610687,-0.029296875,-1.007324219,0.028320313,-0.809160305,-1.374045802,0.86259542
140,1780506908,-0.926025391,0.182128906,-0.23828125,-3.664122137,0.572519084,-2.427480916,-0.033203125,-1.003417969,0.028808594,-0.465648855,-1.473282443,0.679389313
141,1780506908,-0.925537109,0.186523438,-0.236816406,-3.786259542,0.519083969,-2.41221374,-0.033935547,-1.009033203,0.030517578,-0.679389313,-1.748091603,0.65648855
142,1780506908,-0.936279297,0.184570313,-0.255615234,-4.229007634,0.572519084,-2.450381679,-0.028076172,-0.998779297,0.026367188,-0.519083969,-3.900763359,0.503816794
143,1780506908,-0.927001953,0.189941406,-0.238769531,-4.129770992,0.419847328,-2.480916031,-0.026123047,-1.006103516,0.015625,-0.351145038,-1.847328244,0.702290076
144,1780506908,-0.929931641,0.201171875,-0.246337891,-4.083969466,0.641221374,-2.351145038,-0.033935547,-1.005859375,0.022460938,-0.366412214,-1.778625954,0.832061069
145,1780506908,-0.931152344,0.172363281,-0.235839844,-4.106870229,0.541984733,-2.389312977,-0.029052734,-0.998046875,0.026855469,-0.13740458,-1.824427481,0.954198473
146,1780506908,-0.927978516,0.179199219,-0.245361328,-4.13740458,0.709923664,-2.320610687,-0.027587891,-1.00390625,0.023925781,-0.374045802,-1.938931298,1.045801527
147,1780506908,-0.932128906,0.180175781,-0.248535156,-4.282442748,0.335877863,-2.282442748,-0.017822266,-1.004638672,0.019287109,-0.381679389,-1.870229008,1.022900763
148,1780506908,-0.926269531,0.183837891,-0.249755859,-4.435114504,0.458015267,-2.389312977,-0.025146484,-1.009033203,0.017089844,-0.549618321,-1.694656489,1.099236641
149,1780506908,-0.933837891,0.184570313,-0.265625,-4.106870229,0.351145038,-2.229007634,-0.027099609,-1.000244141,0.020263672,-0.458015267,-1.839694656,0.946564885
150,1780506908,-0.933349609,0.176269531,-0.242675781,-4.053435115,0.396946565,-2.427480916,-0.027587891,-1.010498047,0.022216797,-0.511450382,-1.580152672,0.969465649
151,1780506908,-0.941162109,0.181152344,-0.245849609,-3.595419847,0.267175573,-2.366412214,-0.024658203,-1.008300781,0.019042969,-0.450381679,-1.20610687,0.992366412
152,1780506908,-0.935546875,0.187988281,-0.240234375,-3.519083969,0.145038168,-2.099236641,-0.016601563,-1.003662109,0.017578125,-0.366412214,-1.061068702,0.969465649
153,1780506908,-0.934570313,0.181152344,-0.250732422,-3.580152672,0.190839695,-2.145038168,-0.025390625,-1.005371094,0.024169922,-0.244274809,-0.870229008,0.870229008
154,1780506908,-0.927001953,0.200195313,-0.250244141,-3.251908397,1.93129771,-2.099236641,-0.030029297,-1.002197266,0.024902344,-0.198473282,-0.511450382,0.809160305
155,1780506908,-0.927734375,0.182861328,-0.243652344,-3.129770992,0.160305344,-2.106870229,-0.027099609,-1.005371094,0.026611328,-0.366412214,-0.312977099,0.86259542
156,1780506908,-0.924316406,0.182128906,-0.25,-2.946564885,-0.076335878,-2.167938931,-0.033203125,-1.006103516,0.027832031,-0.473282443,-0.534351145,0.702290076
157,1780506908,-0.931152344,0.185791016,-0.251220703,-2.984732824,-0.022900763,-2.282442748,-0.032470703,-1.001464844,0.021484375,-0.312977099,-0.473282443,0.786259542
158,1780506908,-0.922363281,0.180419922,-0.236328125,-3.221374046,-0.167938931,-2.358778626,-0.034912109,-1.007568359,0.030029297,-0.282442748,-0.671755725,1.022900763
159,1780506908,-0.92578125,0.180908203,-0.243164063,-3.114503817,0.061068702,-2.038167939,-0.036376953,-1.004394531,0.027587891,-0.167938931,-0.938931298,0.778625954
160,1780506908,-0.927246094,0.180175781,-0.248779297,-3.290076336,-0.053435115,-2.022900763,-0.034912109,-1.012939453,0.017089844,-0.061068702,-0.86259542,0.870229008
161,1780506908,-0.924072266,0.187011719,-0.234863281,-3.572519084,1.946564885,-2.297709924,-0.016601563,-1.004638672,0.026611328,-0.20610687,-1.129770992,0.809160305
162,1780506908,-0.927490234,0.186035156,-0.248291016,-3.297709924,1.946564885,-2.129770992,-0.034423828,-1.001220703,0.019775391,-0.129770992,-1.496183206,0.809160305
163,1780506908,-0.933105469,0.189941406,-0.250976563,-4.145038168,0.190839695,-2.702290076,-0.040283203,-1.003173828,0.024414063,-0.213740458,-1.717557252,0.755725191
164,1780506908,-0.922851563,0.189697266,-0.236328125,-3.946564885,0.145038168,-2.465648855,-0.038818359,-1.003173828,0.017578125,-0.145038168,-1.916030534,0.977099237
165,1780506908,-0.917480469,0.183837891,-0.245361328,-4.458015267,0.229007634,-2.427480916,-0.03515625,-1.011962891,0.025146484,-0.557251908,-0.015267176,0.770992366
166,1780506908,-0.925537109,0.184814453,-0.237060547,-4.465648855,0.091603053,-2.557251908,-0.035644531,-1.005859375,0.029541016,-0.328244275,-1.946564885,0.778625954
167,1780506908,-0.922851563,0.183105469,-0.247314453,-4.564885496,0.221374046,-2.465648855,-0.030761719,-1.003662109,0.027832031,-0.41221374,-1.923664122,0.519083969
168,1780506908,-0.938232422,0.188720703,-0.244873047,-4.076335878,0.053435115,-2.65648855,-0.034423828,-1.015380859,0.034667969,-0.114503817,-3.908396947,0.679389313
169,1780506908,-0.930419922,0.187011719,-0.227050781,-4.038167939,1.900763359,-2.564885496,-0.027832031,-1.006835938,0.015625,-0.129770992,-1.549618321,0.603053435
170,1780506908,-0.932128906,0.181884766,-0.249267578,-3.778625954,-1.93129771,-2.641221374,-0.027099609,-1.000732422,0.021484375,0.076335878,-1.427480916,0.458015267
171,1780506908,-0.926513672,0.182373047,-0.237060547,-3.832061069,-0.229007634,-2.511450382,-0.027832031,-1.003417969,0.023681641,-1.946564885,-1.099236641,0.473282443
172,1780506908,-0.924804688,0.189697266,-0.25390625,-3.610687023,-0.167938931,-2.290076336,-0.030517578,-1.008056641,0.033691406,-0.198473282,-0.954198473,0.427480916
173,1780506908,-0.932861328,0.185546875,-0.250244141,-3.389312977,-0.267175573,-2.564885496,-0.037841797,-1.001953125,0.028564453,-0.122137405,-0.877862595,0.541984733
174,1780506908,-0.926757813,0.190185547,-0.252197266,-3.427480916,-0.091603053,-2.679389313,-0.046142578,-1.006835938,0.031494141,-0.190839695,-1.312977099,0.427480916
175,1780506908,-0.930664063,0.172851563,-0.260498047,-3.961832061,-0.053435115,-2.740458015,-0.025878906,-1.001464844,0.025878906,0.061068702,-1.641221374,0.687022901
176,1780506908,-0.930419922,0.187988281,-0.263183594,-4.290076336,0.114503817,-2.366412214,-0.025878906,-1.007324219,0.027099609,0.419847328,-1.893129771,0.893129771
177,1780506908,-0.924316406,0.186279297,-0.246826172,-4.442748092,0.053435115,-2.465648855,-0.020263672,-0.995117188,0.026855469,0.091603053,-1.770992366,0.832061069
178,1780506908,-0.930175781,0.175048828,-0.248535156,-4.122137405,0.106870229,-2.526717557,-0.016113281,-1.011474609,0.017333984,0.038167939,-1.595419847,0.854961832
179,1780506908,-0.931396484,0.185546875,-0.24609375,-5.86259542,-0.175572519,-2.335877863,-0.029785156,-0.987548828,0.028320313,-0.053435115,-1.297709924,0.72519084
180,1780506908,-0.935546875,0.177978516,-0.237060547,-3.534351145,-0.183206107,-2.419847328,-0.012695313,-1.008056641,0.033447266,-0.114503817,-0.923664122,0.770992366
181,1780506908,-0.932373047,0.170654297,-0.242431641,-3.053435115,-0.160305344,-2.290076336,-0.0234375,-1.005371094,0.023925781,-0.053435115,-0.778625954,0.641221374
182,1780506908,-0.928710938,0.177490234,-0.239501953,-3.114503817,-0.106870229,-2.106870229,-0.016357422,-1.004150391,0.008544922,-1.893129771,-0.709923664,0.580152672
183,1780506908,-0.935546875,0.180419922,-0.245849609,-3.091603053,-0.41221374,-2.229007634,-0.025146484,-1.000732422,0.028320313,0.160305344,-0.541984733,0.549618321
184,1780506908,-0.928222656,0.187255859,-0.235595703,-3.145038168,-0.41221374,-2.152671756,-0.027832031,-1.002441406,0.022216797,0.190839695,-0.335877863,0.854961832
185,1780506908,-0.930664063,0.172607422,-0.245605469,-3.099236641,-0.328244275,-2.320610687,-0.034179688,-1.001464844,0.025878906,0.27480916,-0.244274809,0.816793893
186,1780506908,-0.923095703,0.180908203,-0.241699219,-2.816793893,-0.389312977,-2.198473282,-0.044433594,-1.014892578,0.023925781,0.13740458,-0.229007634,0.664122137
187,1780506908,-0.929443359,0.184814453,-0.242919922,-2.801526718,-0.496183206,-2.114503817,-0.029541016,-1.003662109,0.038330078,0.267175573,-0.06870229,0.664122137
188,1780506908,-0.932373047,0.187744141,-0.238769531,-2.740458015,-0.335877863,-1.885496183,-0.022949219,-1.008789063,0.033691406,0.389312977,-0.160305344,0.916030534
189,1780506908,-0.928710938,0.183105469,-0.248291016,-2.877862595,-0.34351145,-3.854961832,-0.034423828,-1.009277344,0.030029297,0.236641221,-1.893129771,0.908396947
190,1780506908,-0.927246094,0.185058594,-0.248291016,-2.717557252,-0.427480916,-2.152671756,-0.032470703,-1.002441406,0.022460938,0.297709924,-0.305343511,0.709923664
191,1780506908,-0.931152344,0.186767578,-0.244628906,-2.610687023,-0.374045802,-2.022900763,-0.018310547,-1.007568359,0.031738281,0.267175573,-0.335877863,0.694656489
192,1780506908,-0.931640625,0.185058594,-0.247070313,-2.923664122,-0.366412214,-2.122137405,-0.035888672,-1.004638672,0.027099609,0.167938931,-0.427480916,0.79389313
193,1780506908,-0.931884766,0.187744141,-0.245361328,-3.27480916,-0.633587786,-2.244274809,-0.036132813,-1.002441406,0.021728516,0.190839695,-0.770992366,0.877862595
194,1780506908,-0.926513672,0.202148438,-0.247558594,-3.335877863,-0.351145038,-2.007633588,-0.038818359,-1.010253906,0.022216797,0.229007634,-0.954198473,0.641221374
195,1780506908,-0.930908203,0.190185547,-0.244628906,-3.679389313,-0.167938931,-2.244274809,-0.045898438,-1.015625,0.026367188,0.145038168,-1.236641221,0.809160305
196,1780506908,-0.927490234,0.186767578,-0.245361328,-3.832061069,-0.083969466,-2.305343511,-0.035400391,-1.004638672,0.018554688,0.20610687,-1.786259542,0.557251908
197,1780506909,-0.929443359,0.182128906,-0.238525391,-4.06870229,-0.351145038,-2.175572519,-0.033447266,-1.004150391,0.016845703,0.145038168,-0.030534351,0.740458015
198,1780506909,-0.927978516,0.185058594,-0.249511719,-4.427480916,-0.20610687,-2.511450382,-0.027099609,-1.007324219,0.041259766,0.236641221,-1.984732824,0.824427481
199,1780506909,-0.926269531,0.183837891,-0.250976563,-4.427480916,-0.229007634,-2.358778626,-0.035400391,-1.002441406,0.037597656,-1.954198473,-2.20610687,0.801526718
200,1780506909,-0.925537109,0.172607422,-0.245605469,-4.564885496,-0.251908397,-2.251908397,-0.024658203,-1.002685547,0.033935547,0.145038168,-1.984732824,0.687022901
201,1780506909,-0.927246094,0.181884766,-0.236083984,-4.312977099,-0.038167939,-2.572519084,-0.025634766,-1.014892578,0.020263672,0.190839695,-1.816793893,0.786259542
202,1780506909,-0.930175781,0.184814453,-0.241210938,-4.27480916,-0.175572519,-2.251908397,-0.026123047,-1.002441406,0.041503906,0.122137405,-1.374045802,0.977099237
203,1780506909,-0.936279297,0.17578125,-0.248779297,-3.908396947,-0.106870229,-2.572519084,-0.026123047,-1.001464844,0.035888672,0.076335878,-1.305343511,0.755725191
204,1780506909,-0.927246094,0.187255859,-0.237548828,-3.86259542,-0.076335878,-2.267175573,-0.032226563,-1.006103516,0.028320313,0.106870229,-1.511450382,0.732824427
205,1780506909,-0.927246094,0.185546875,-0.257080078,-3.984732824,0.061068702,-2.236641221,-0.031982422,-1.001708984,0.025634766,-0.091603053,-1.480916031,0.625954198
206,1780506909,-0.926757813,0.182128906,-0.248291016,-4.114503817,-0.129770992,-2.297709924,-0.041503906,-1.015625,0.02734375,-0.053435115,-1.954198473,0.72519084
207,1780506909,-0.927734375,0.199707031,-0.241699219,-4.221374046,-0.099236641,-2.480916031,-0.031005859,-1.004638672,0.023193359,-0.06870229,-1.870229008,0.900763359
208,1780506909,-0.927001953,0.187988281,-0.244873047,-4.305343511,-0.129770992,-2.396946565,-0.034912109,-1.001953125,0.037109375,0.022900763,-2.007633588,0.748091603
209,1780506909,-0.930419922,0.182861328,-0.24609375,-4.389312977,0.061068702,-2.541984733,-0.027587891,-1.002441406,0.014892578,-0.145038168,-1.740458015,0.763358779
210,1780506909,-0.928710938,0.181640625,-0.244384766,-4.083969466,-0.152671756,-2.572519084,-0.025390625,-1.005126953,0.025878906,-0.145038168,-1.625954198,0.732824427
211,1780506909,-0.932128906,0.177001953,-0.246582031,-4.076335878,1.923664122,-2.488549618,-0.024902344,-1.004150391,0.031005859,-0.114503817,-1.557251908,0.534351145
212,1780506909,-0.9296875,0.173095703,-0.261230469,-3.610687023,-0.259541985,-2.335877863,-0.027832031,-1.006835938,0.030029297,-0.038167939,-1.320610687,0.809160305
213,1780506909,-0.923095703,0.188720703,-0.243164063,-3.938931298,-0.259541985,-2.374045802,-0.025878906,-1.001220703,0.026123047,-0.06870229,-1.229007634,0.854961832
214,1780506909,-0.930419922,0.179443359,-0.249267578,-3.687022901,-0.20610687,-2.366412214,-0.021728516,-1.000732422,0.038574219,1.93129771,-1.007633588,0.687022901
215,1780506909,-0.930175781,0.182128906,-0.244873047,-3.374045802,-0.213740458,-2.396946565,-0.034912109,-0.999755859,0.0390625,-0.129770992,-0.847328244,0.740458015
216,1780506909,-0.9296875,0.181640625,-0.249755859,-3.404580153,-0.038167939,-2.312977099,-0.030029297,-1.004882813,0.028320313,-0.183206107,-0.732824427,0.65648855
217,1780506909,-0.928955078,0.184570313,-0.235351563,-2.923664122,-0.076335878,-2.442748092,-0.035888672,-1.002197266,0.025878906,-0.122137405,-0.625954198,0.473282443
218,1780506909,-0.9296875,0.185791016,-0.258300781,-3.114503817,-0.007633588,-2.290076336,-0.031494141,-0.999755859,0.025146484,-0.015267176,-0.511450382,0.648854962
219,1780506909,-0.930908203,0.184570313,-0.23828125,-3.152671756,-0.114503817,-2.404580153,-0.040771484,-1.003662109,0.029296875,0.053435115,-0.786259542,0.450381679
220,1780506909,-0.923095703,0.19140625,-0.240722656,-3.503816794,-0.045801527,-2.610687023,-0.036621094,-0.999755859,0.029785156,-0.038167939,-1.450381679,0.473282443
221,1780506909,-0.928955078,0.19140625,-0.245117188,-4.129770992,0.152671756,-2.557251908,-0.040039063,-0.997558594,0.034667969,-0.213740458,-0.015267176,0.595419847
222,1780506909,-0.928222656,0.184082031,-0.244384766,-4.290076336,0.259541985,-2.763358779,-0.036132813,-1.006591797,0.042236328,-0.20610687,-2.41221374,0.541984733
223,1780506909,-0.927001953,0.192871094,-0.235839844,-4.702290076,0.267175573,-2.816793893,-0.035400391,-1.005615234,0.028076172,-0.236641221,-2.72519084,0.72519084
224,1780506909,-0.933105469,0.192626953,-0.244628906,-5.038167939,0.381679389,-2.770992366,-0.041015625,-1.003662109,0.017822266,-0.198473282,-3.076335878,0.603053435
225,1780506909,-0.931640625,0.194824219,-0.249755859,-5.511450382,0.488549618,-2.969465649,-0.034912109,-1.004394531,0.022949219,-0.114503817,-3.290076336,0.687022901
226,1780506909,-0.936279297,0.195068359,-0.243164063,-5.969465649,0.557251908,-2.763358779,-0.037597656,-1.003662109,0.041503906,-1.946564885,-3.732824427,0.870229008
227,1780506909,-0.930664063,0.19921875,-0.238525391,-6.480916031,0.595419847,-2.79389313,-0.039794922,-1.004882813,0.029052734,0.267175573,-4.381679389,1.213740458
228,1780506909,-0.93359375,0.227783203,-0.229003906,-5.900763359,0.946564885,-2.564885496,-0.047363281,-1.004882813,0.049316406,0.618320611,-5.328244275,1.244274809
229,1780506909,-0.940917969,0.209228516,-0.228027344,-9.465648855,1.175572519,-2.824427481,-0.049316406,-1.001708984,0.050292969,1.160305344,-7.145038168,1.27480916
230,1780506909,-0.933105469,0.200195313,-0.227783203,-10.1221374,1.396946565,-3.236641221,-0.050048828,-1.014160156,0.033203125,1.190839695,-8.534351145,1.099236641
231,1780506909,-0.926025391,0.182128906,-0.249023438,-9.854961832,1.374045802,-3.427480916,-0.043945313,-1.011962891,0.022216797,1.06870229,-9.267175573,1.198473282
232,1780506909,-0.932617188,0.214599609,-0.264648438,-9.801526718,1.511450382,-3.458015267,-0.039794922,-1.000732422,0.029052734,0.961832061,-9.572519084,1.419847328
233,1780506909,-0.918457031,0.182128906,-0.266845703,-12.22137405,1.992366412,-3.480916031,-0.043212891,-1.002929688,0.01171875,0.946564885,-9.923664122,1.183206107
234,1780506909,-0.921875,0.178222656,-0.258056641,-11.71755725,1.442748092,-3.610687023,-0.044921875,-0.998779297,0.005126953,0.564885496,-9.870229008,0.809160305
235,1780506909,-0.925537109,0.1875,-0.268310547,-12.49618321,1.297709924,-1.992366412,-0.038085938,-1.008056641,0.006835938,0.450381679,-10.35114504,0.549618321
236,1780506909,-0.928222656,0.162597656,-0.250976563,-12.00763359,1.038167939,-4.290076336,-0.030761719,-1.005615234,0.006347656,0.65648855,-10.39694656,0.381679389
237,1780506909,-0.930664063,0.184570313,-0.255126953,-12.22137405,0.534351145,-4.236641221,-0.041992188,-1.006591797,0.0078125,0.65648855,-10.12977099,0.320610687
238,1780506909,-0.924072266,0.176757813,-0.2578125,-12.20610687,0.534351145,-4.221374046,-0.019775391,-0.986083984,0.031005859,0.969465649,-9.564885496,0.183206107
239,1780506909,-0.924804688,0.166748047,-0.243652344,-11.60305344,0.229007634,-4.297709924,-0.002929688,-1.006103516,0.005126953,1.160305344,-8.503816794,-0.06870229
240,1780506909,-0.9296875,0.168945313,-0.253173828,-10.05343511,-0.152671756,-4.083969466,-0.014892578,-1.004882813,0.005615234,1.129770992,-6.748091603,-0.404580153
241,1780506909,-0.936523438,0.159912109,-0.256835938,-8.534351145,-0.496183206,-3.954198473,-0.019287109,-1.008056641,0.006591797,1.198473282,-4.93129771,-0.549618321
242,1780506909,-0.931152344,0.176513672,-0.235595703,-7.366412214,-0.938931298,-1.961832061,-0.022949219,-1.010742188,0.004882813,1.122137405,-3.847328244,-0.610687023
243,1780506909,-0.934814453,0.179443359,-0.257080078,-6.839694656,-1.358778626,-5.79389313,-0.016845703,-1.009765625,0.008300781,1.152671756,-3.641221374,-0.755725191
244,1780506909,-0.928222656,0.178710938,-0.249267578,-6.824427481,-1.702290076,-4,-0.044189453,-1.006835938,0.01171875,1.404580153,-4.152671756,-0.809160305
245,1780506909,-0.935302734,0.188720703,-0.255371094,-7.297709924,-1.709923664,-4.251908397,-0.048339844,-1.008300781,0.002441406,1.435114504,-5.229007634,-0.984732824
246,1780506909,-0.925537109,0.193115234,-0.249755859,-7.816793893,-1.778625954,-4.435114504,-0.039550781,-1.009033203,0.017089844,1.633587786,-6.145038168,-0.916030534
247,1780506909,-0.928710938,0.197265625,-0.246582031,-8.977099237,-2.061068702,-4.496183206,-0.045166016,-1.000732422,0.030517578,1.885496183,-6.580152672,-0.916030534
248,1780506909,-0.919921875,0.188720703,-0.257324219,-9.34351145,-3.877862595,-4.854961832,-0.036621094,-1.013916016,0.021484375,1.992366412,-6.824427481,-1.015267176
249,1780506909,-0.927001953,0.182617188,-0.253417969,-9.198473282,-2.312977099,-4.625954198,-0.024169922,-1.005615234,0.008544922,2.045801527,-6.282442748,-0.984732824
250,1780506909,-0.926269531,0.187255859,-0.236083984,-8.732824427,-2.633587786,-4.549618321,-0.020751953,-1.0078125,0.01953125,1.893129771,-5.603053435,-1.473282443
251,1780506909,-0.926513672,0.170898438,-0.246582031,-7.572519084,-3.038167939,-4.648854962,-0.014648438,-1.008789063,0.013183594,3.893129771,-4.450381679,-1.282442748
252,1780506909,-0.936279297,0.175537109,-0.245605469,-7.465648855,-2.824427481,-4.396946565,-0.022949219,-1.00390625,0.008056641,2.20610687,-5.832061069,-1.435114504
253,1780506909,-0.950927734,0.167724609,-0.237548828,-6.496183206,-3.603053435,-4.526717557,-0.024658203,-1.005126953,0.01171875,2.022900763,-3.503816794,-1.923664122
254,1780506909,-0.934326172,0.164794922,-0.243408203,-5.427480916,-4.015267176,-4.572519084,-0.017089844,-1.01171875,0.015625,2.282442748,-2.770992366,-2.022900763
255,1780506909,-0.936523438,0.17578125,-0.251220703,-5.603053435,-4.374045802,-4.435114504,-0.010742188,-1.008056641,0.0234375,2.435114504,-2.458015267,-2.198473282
256,1780506909,-0.932617188,0.159423828,-0.263427734,-5.129770992,-4.641221374,-4.503816794,-0.006835938,-1.028320313,0.009277344,2.496183206,-2.381679389,-2.244274809
257,1780506909,-0.936279297,0.161132813,-0.245849609,-4.93129771,-4.969465649,-4.305343511,0.003662109,-1.001708984,0.012451172,2.229007634,-0.72519084,-3.251908397
258,1780506909,-0.933837891,0.260009766,-0.282226563,-6.351145038,-4.099236641,-0.404580153,0.104492188,-0.994140625,0.022216797,2.79389313,-1.709923664,-4.770992366
259,1780506909,-0.948242188,0.066162109,-0.25,-0.503816794,-5.839694656,-3.641221374,-0.058105469,-1.033203125,0.008300781,1.618320611,-0.496183206,-7.65648855
260,1780506909,-0.766357422,0.429443359,-0.267333984,-4.923664122,-5.022900763,6.335877863,0.085205078,-1.034667969,0.036865234,2.488549618,-3.34351145,-16.79389313
261,1780506909,-0.943847656,-0.056640625,-0.213867188,1.801526718,-7.427480916,4.755725191,-0.011230469,-0.981689453,-0.009521484,0.748091603,-0.549618321,-14.96183206
262,1780506909,-0.916259766,0.222900391,-0.257324219,-5.374045802,-7.419847328,4.786259542,0.054199219,-0.997070313,0.039794922,0.244274809,-1.305343511,-15.29770992
263,1780506909,-0.939453125,0.143066406,-0.251708984,-9.717557252,-7.061068702,7.06870229,0.064697266,-1.008300781,0.028076172,0.458015267,-4.778625954,-17.74045802
264,1780506909,-0.943359375,0.124267578,-0.251220703,-6.404580153,-6.381679389,10.76335878,0.105712891,-1.012695313,-0.087890625,-1.954198473,-5.290076336,-22.4351145
265,1780506909,-0.881835938,0.154785156,-0.235595703,-8.893129771,-8.687022901,14.7480916,0.058837891,-0.971923828,0.009765625,-1.458015267,-3.717557252,-23.77862595
266,1780506909,-0.885253906,0.075439453,-0.246582031,-5.13740458,-8.427480916,14.70229008,0.091552734,-0.992431641,0.024169922,-0.396946565,-2.022900763,-25.4351145
267,1780506909,-0.925048828,0.170654297,-0.241455078,-7.488549618,-9.381679389,17.45801527,0.121337891,-0.982177734,-0.038330078,-2.076335878,-0.664122137,-28.08396947
268,1780506909,-0.937255859,0.124023438,-0.241943359,-5.267175573,-9.770992366,21,0.153076172,-1.010498047,-0.013916016,-2.305343511,1.885496183,-32.27480916
269,1780506909,-0.955810547,0.114990234,-0.244140625,-2.473282443,-10.32061069,23.65648855,0.186523438,-1.023193359,-0.022705078,-2.625954198,6.053435115,-37.51908397
270,1780506909,-0.983642578,0.103515625,-0.230957031,0.809160305,-10.80916031,27.53435115,0.193603516,-1.019775391,-0.020996094,-3,10.5648855,-42.53435115
271,1780506909,-0.982421875,0.066650391,-0.229980469,5.702290076,-12.58778626,31.35877863,0.229736328,-1,-0.046142578,-3.496183206,15.79389313,-48.45801527
272,1780506909,-0.955078125,0.120605469,-0.222412109,8.145038168,-13.6259542,39.03053435,0.245849609,-1.004638672,-0.055175781,-4.160305344,21.32061069,-52.90076336
273,1780506909,-1.010986328,0.067871094,-0.206787109,15.45038168,-14.54198473,43.96946565,0.260498047,-1.025878906,-0.004882813,-4.038167939,26.25954198,-59.80916031
274,1780506909,-1.023681641,0.13671875,-0.214111328,20.75572519,-15.28244275,48.51908397,0.263427734,-1.017089844,-0.004638672,-4.641221374,30.42748092,-64.27480916
275,1780506909,-1.026123047,0.167480469,-0.219726563,24.76335878,-16.03053435,50.85496183,0.280761719,-1.024658203,-0.024658203,-5.038167939,36.49618321,-67.46564885
276,1780506909,-1.043212891,0.173828125,-0.231933594,27.6870229,-16.12977099,56.45038168,0.296630859,-1.038574219,-0.033447266,-5.076335878,42.1221374,-70.01526718
277,1780506909,-1.065185547,0.215332031,-0.244140625,31.20610687,-16.03816794,60.38931298,0.313964844,-1.074462891,-0.023681641,-5.190839695,46.3129771,-72.54961832
278,1780506909,-1.118164063,0.228027344,-0.249267578,33.69465649,-16.17557252,64.03053435,0.337158203,-1.086669922,-0.014892578,-6.320610687,48.36641221,-74.98473282
279,1780506909,-1.142578125,0.225830078,-0.233886719,34.33587786,-17.75572519,67.81679389,0.354248047,-1.110107422,-0.049560547,-7.839694656,49.38167939,-78.63358779
280,1780506909,-1.211425781,0.200683594,-0.214111328,36.23664122,-20.98473282,71.58015267,0.382568359,-1.110107422,-0.040039063,-15.19847328,54.41221374,-83.49618321
281,1780506909,-1.208251953,0.122314453,-0.210205078,43.1221374,-26.88549618,72.90839695,0.377685547,-1.137695313,0.004638672,-16.84732824,58.17557252,-86.51908397
282,1780506910,-1.195800781,0.023681641,-0.325195313,59.6259542,-29.38931298,69.20610687,0.371582031,-1.034912109,0.009277344,-23.6870229,64.3740458,-86.42748092
283,1780506910,-0.989257813,0.243164063,-0.596191406,52.32061069,-16.19847328,65.10687023,0.267333984,-1.037841797,0.184326172,-21.21374046,66.9389313,-83.98473282
284,1780506910,-0.922851563,0.301757813,-0.486816406,49.06870229,-7.503816794,56.97709924,0.102783203,-1.084960938,0.148925781,-20.99236641,58.88549618,-74.83969466
285,1780506910,-0.829589844,0.014404297,-0.422363281,38.90076336,-1.175572519,38.48854962,-0.0859375,-1.097412109,0.109375,-22.32061069,44.97709924,-66.08396947
286,1780506910,-0.850830078,-0.611572266,-0.316162109,31.01526718,3.664122137,2.358778626,-0.208251953,-1.150390625,0.140625,-21.41221374,26.23664122,-61.21374046
287,1780506910,-0.883544922,-0.784179688,-0.305664063,28.38931298,6.519083969,-40.89312977,-0.186767578,-1.067382813,0.08984375,-16.42748092,9.435114504,-57.90839695
288,1780506910,-0.806152344,-0.4453125,-0.338867188,15.71755725,12.77099237,-69.92366412,-0.029785156,-0.952148438,0.103027344,-13.98473282,-8.328244275,-60.67938931
289,1780506910,-0.867919922,-0.532958984,-0.349609375,0.213740458,21.26717557,-95.90076336,0.006103516,-0.946777344,0.079833984,-13.39694656,-26.90839695,-58.55725191
290,1780506910,-0.978515625,-0.529052734,-0.291748047,-6.427480916,22.3129771,-122.3206107,0.214355469,-0.915527344,-0.007568359,-13.67175573,-38.74045802,-56.25954198
291,1780506910,-1.111328125,-0.464355469,-0.302001953,-16.8778626,24.72519084,-145.2366412,0.325927734,-0.964599609,-0.019042969,-17.47328244,-45.90839695,-55.79389313
292,1780506910,-1.226806641,-0.370849609,-0.301025391,-18.0610687,25.90076336,-159.8015267,0.443603516,-0.968261719,0.032470703,-18.24427481,-46.28244275,-59.26717557
293,1780506910,-1.342773438,-0.280273438,-0.281738281,-16.67938931,28.17557252,-166.4351145,0.560546875,-0.987304688,-0.061279297,-17.61068702,-37.32061069,-63.54961832
294,1780506910,-1.399658203,-0.251464844,-0.287841797,-12.8778626,31.80152672,-173.610687,0.684326172,-1.000976563,-0.021972656,-17.67175573,-31.48854962,-66.77099237
295,1780506910,-1.452392578,-0.21484375,-0.297851563,-11.02290076,33.49618321,-175.7328244,0.737060547,-0.989013672,-0.00390625,-19.08396947,-26.48854962,-72.81679389
296,1780506910,-1.512695313,-0.264648438,-0.234375,-6.946564885,33.16030534,-173.740458,0.703857422,-0.985351563,0.115722656,-24.24427481,-23.64122137,-85.61068702
297,1780506910,-1.557373047,-0.340332031,-0.159667969,2.541984733,26.25954198,-170.9923664,0.718261719,-0.978759766,-0.086181641,-26.85496183,-19.42748092,-95.96946565
298,1780506910,-1.530029297,-0.413330078,-0.121337891,14.95419847,20.09923664,-171.6335878,0.723632813,-0.983642578,-0.282470703,-29.22137405,-2.717557252,-104.9770992
299,1780506910,-1.469726563,-0.396972656,-0.116210938,28.16030534,15.35877863,-175.8396947,0.738769531,-0.995117188,-0.202880859,-23.70229008,10.98473282,-107.2671756
300,1780506910,-1.498291016,-0.384033203,-0.140380859,36.00763359,7.923664122,-180.870229,0.707275391,-1.025634766,-0.115478516,-20.38167939,13.38167939,-107.0839695
301,1780506910,-1.535400391,-0.328613281,-0.158691406,38.0610687,2.977099237,-186.4274809,0.7109375,-1.090576172,-0.119873047,-21.44274809,16.89312977,-107.3740458
302,1780506910,-1.596435547,-0.352539063,-0.199462891,40.50381679,-2.175572519,-190.7175573,0.716552734,-1.075927734,-0.052734375,-17.72519084,21.4351145,-111.1832061
303,1780506910,-1.575683594,-0.363769531,-0.231445313,46.16030534,-5.603053435,-191.9465649,0.697265625,-1.030273438,-0.029296875,-17.16793893,21.22137405,-117.2137405
304,1780506910,-1.545410156,-0.313476563,-0.2578125,47.42748092,-7.954198473,-191.8167939,0.704345703,-1.018798828,-0.090576172,-17.45038168,23.06870229,-120.7251908
305,1780506910,-1.517333984,-0.277099609,-0.261962891,49.3129771,-10.54198473,-191.7938931,0.722167969,-0.973144531,-0.096435547,-14.38167939,31.65648855,-121.778626
306,1780506910,-1.456054688,-0.285888672,-0.291015625,53.45038168,-11.08396947,-189.610687,0.730224609,-0.937255859,-0.004882813,-13.90076336,32.95419847,-121.7480916
307,1780506910,-1.452148438,-0.251220703,-0.310791016,54.83969466,-11.6259542,-190.0534351,0.744628906,-0.963623047,0.017822266,-13.83969466,33.73282443,-124.4351145
308,1780506910,-1.423583984,-0.266113281,-0.335205078,52.80152672,-12.12977099,-187.4351145,0.681884766,-0.932373047,0.015136719,-14.27480916,31.58778626,-127.9770992
309,1780506910,-1.402832031,-0.232421875,-0.341308594,54.03053435,-11.80916031,-184.1603053,0.643554688,-0.926513672,-0.011474609,-14.08396947,26.58015267,-129.8167939
310,1780506910,-1.371582031,-0.115478516,-0.352050781,48.79389313,-9.839694656,-180.870229,0.651367188,-0.924072266,-0.055419922,-12.84732824,22.61832061,-128.0076336
311,1780506910,-1.312255859,-0.127929688,-0.348876953,38.20610687,-7.916030534,-179.1832061,0.599121094,-0.874267578,0.000732422,-11.14503817,19.80152672,-126.0229008
312,1780506910,-1.263916016,-0.147949219,-0.331054688,32.91603053,-6.335877863,-177,0.592285156,-0.818603516,-0.009033203,-11.13740458,12.53435115,-125.0305344
313,1780506910,-1.201904297,-0.153320313,-0.318359375,28.17557252,-5.335877863,-173.8167939,0.599609375,-0.780517578,-0.055419922,-12.41221374,9.358778626,-124.2671756
314,1780506910,-1.148681641,-0.183349609,-0.288818359,25.94656489,-5.221374046,-170.9923664,0.608154297,-0.765625,-0.038085938,-12.67938931,6.702290076,-122.0992366
315,1780506910,-1.117675781,-0.139648438,-0.309082031,24.38931298,-4.213740458,-166.8931298,0.616455078,-0.739013672,-0.062011719,-11.78625954,6.06870229,-120.6870229
316,1780506910,-1.068115234,-0.063232422,-0.302490234,21.79389313,-2.832061069,-160.6030534,0.634033203,-0.71875,-0.029052734,-12.48091603,3.106870229,-119.519084
317,1780506910,-1.008544922,-0.044921875,-0.325927734,18.26717557,-0.748091603,-152.7938931,0.627685547,-0.702148438,-0.013916016,-12.54961832,1.847328244,-119.1145038
318,1780506910,-0.974609375,-0.050048828,-0.330322266,14.15267176,0.79389313,-146.6183206,0.615478516,-0.684570313,-0.048828125,-13.4351145,-0.923664122,-115.2824427
319,1780506910,-0.925292969,-0.029541016,-0.311035156,11.80152672,2.702290076,-140.1221374,0.620605469,-0.638671875,-0.006835938,-12.92366412,-3.229007634,-108.9083969
320,1780506910,-0.840332031,0.021240234,-0.296630859,8.404580153,5.297709924,-132.129771,0.603027344,-0.599365234,-0.064453125,-12.44274809,-5.740458015,-105.5114504
321,1780506910,-0.80078125,0.028320313,-0.243164063,4.625954198,5.984732824,-124.6030534,0.615966797,-0.588378906,-0.084960938,-13.04580153,-7.038167939,-97.12977099
322,1780506910,-0.782470703,0.032226563,-0.218505859,3.106870229,5.763358779,-116.648855,0.653808594,-0.606933594,-0.076416016,-12.4351145,-7.694656489,-93.69465649
323,1780506910,-0.772949219,0.028320313,-0.211181641,3.694656489,4.480916031,-106.2061069,0.683837891,-0.60546875,-0.104492188,-12.47328244,-7.267175573,-90.14503817
324,1780506910,-0.751464844,-0.019775391,-0.173339844,7.076335878,2.610687023,-93.9389313,0.7265625,-0.592285156,-0.074707031,-12.52671756,-6.20610687,-86.71755725
325,1780506910,-0.696044922,0.031982422,-0.215820313,8.832061069,0.198473282,-87.61832061,0.677001953,-0.563720703,-0.073242188,-11.19083969,-4.045801527,-77.80916031
326,1780506910,-0.642333984,0.066650391,-0.215576172,5.06870229,3.244274809,-76.60305344,0.662109375,-0.530517578,-0.040771484,-9.984732824,-0.312977099,-69.27480916
327,1780506910,-0.59375,0.000488281,-0.194824219,5.267175573,3.885496183,-68.73282443,0.615966797,-0.491455078,-0.035888672,-8.549618321,1,-61.82442748
328,1780506910,-0.528320313,0.037597656,-0.201416016,7.320610687,4.290076336,-61.25954198,0.575683594,-0.446777344,-0.015869141,-8.679389313,-2.702290076,-53.42748092
329,1780506910,-0.486328125,0.187255859,-0.197753906,1.419847328,5.519083969,-54.52671756,0.577392578,-0.468261719,-0.105712891,-7.435114504,-6.229007634,-43.24427481
330,1780506910,-0.490966797,0.238769531,-0.197021484,-6.916030534,6.106870229,-42.29770992,0.590820313,-0.481689453,0.000732422,-7.106870229,-13.34351145,-32.41221374
331,1780506910,-0.506835938,0.165283203,-0.182617188,-13.6259542,5.633587786,-32.09923664,0.631591797,-0.497802734,-0.098144531,-6.511450382,-12.07633588,-23.51145038
332,1780506910,-0.513916016,0.148925781,-0.160400391,-9.786259542,4.297709924,-23.24427481,0.680175781,-0.485107422,-0.068603516,-5.801526718,-12.98473282,-15.42748092
333,1780506910,-0.498291016,0.249023438,-0.164794922,-9.580152672,3.938931298,-7.954198473,0.713378906,-0.4921875,-0.125,-5.152671756,-8.610687023,-7.86259542
334,1780506910,-0.508300781,0.227050781,-0.134277344,-12.06870229,2.977099237,10.60305344,0.765625,-0.459228516,-0.063232422,-3.534351145,-2.358778626,-3.511450382
335,1780506910,-0.468505859,0.129638672,-0.126464844,-6.244274809,1.961832061,24.19083969,0.691894531,-0.422607422,-0.104003906,-1.839694656,4.824427481,6.580152672
336,1780506910,-0.449951172,0.124755859,-0.133789063,3.93129771,-0.282442748,31.59541985,0.677978516,-0.420898438,-0.072509766,-0.992366412,8.954198473,17.26717557
337,1780506910,-0.466796875,0.135253906,-0.114501953,9.091603053,-1.79389313,44.61832061,0.729980469,-0.487548828,-0.103759766,1.488549618,12.03816794,25.53435115
338,1780506910,-0.561279297,0.140625,-0.103027344,4.404580153,-2.564885496,55.84732824,0.752197266,-0.510986328,-0.161621094,3.221374046,22.92366412,36.77099237
339,1780506910,-0.58984375,-0.013427734,-0.081542969,11.01526718,-6.053435115,65.61068702,0.754394531,-0.477783203,-0.062988281,3.786259542,31.98473282,42.35877863
340,1780506910,-0.578125,-0.077148438,-0.080322266,22.28244275,-8.923664122,76.96946565,0.747558594,-0.442626953,-0.077880859,4.465648855,35.67938931,44.84732824
341,1780506910,-0.553955078,-0.028076172,-0.119873047,28.47328244,-9.694656489,86.00763359,0.690429688,-0.436523438,-0.061279297,3.480916031,36.36641221,49.86259542
342,1780506910,-0.561767578,0.056152344,-0.148193359,26.47328244,-8.93129771,96.6870229,0.660644531,-0.470214844,-0.025146484,4.755725191,35.28244275,59.79389313
343,1780506910,-0.618408203,0.091308594,-0.194580078,18.60305344,-6.801526718,102.8473282,0.638671875,-0.511962891,-0.044921875,6.297709924,34.70992366,68.61832061
344,1780506910,-0.672119141,0.019042969,-0.199707031,12.63358779,-4.740458015,108.0458015,0.659912109,-0.548828125,-0.0390625,6.946564885,30.83969466,78.08396947
345,1780506910,-0.765380859,0.003173828,-0.192138672,6.213740458,-3.022900763,116.2290076,0.702636719,-0.577636719,0.005126953,6.267175573,25.97709924,81.34351145
346,1780506910,-0.8125,-0.097167969,-0.158935547,4.435114504,-3.442748092,124.6030534,0.704345703,-0.554443359,-0.004394531,5.908396947,23.90839695,84.16793893
347,1780506910,-0.835205078,-0.128417969,-0.147460938,4.34351145,-2.045801527,131.2519084,0.72265625,-0.551513672,-0.017089844,2.748091603,25.9389313,87.64122137
348,1780506910,-0.859863281,-0.228515625,-0.114990234,6.717557252,-5.290076336,135.1603053,0.727783203,-0.570556641,0.005615234,2.061068702,28.40458015,92.59541985
349,1780506910,-0.876464844,-0.279296875,-0.096679688,12.79389313,-5.969465649,136.0916031,0.717529297,-0.583740234,-0.084228516,4.832061069,36.25954198,100.129771
350,1780506910,-0.905029297,-0.301025391,-0.118164063,17.70992366,-5.961832061,133.9541985,0.698730469,-0.593017578,-0.052490234,5.824427481,39.96183206,107.9160305
351,1780506910,-0.919921875,-0.276123047,-0.151367188,18.44274809,-5.038167939,133.8625954,0.693359375,-0.629638672,0.028808594,7.015267176,37.87022901,110.6793893
352,1780506910,-0.995361328,-0.21875,-0.178222656,14.27480916,-3.038167939,138.2671756,0.699707031,-0.684082031,0.065429688,5.916030534,30.03053435,111.3206107
353,1780506910,-1.062255859,-0.165527344,-0.19921875,6.152671756,-0.473282443,145.129771,0.73828125,-0.763916016,0.104492188,2.290076336,20.17557252,106.1679389
354,1780506910,-1.148193359,-0.165771484,-0.17578125,-3.022900763,1.122137405,150.5572519,0.739746094,-0.75390625,0.0625,1.954198473,20.30534351,102.8473282
355,1780506910,-1.130859375,-0.285644531,-0.148925781,-5.045801527,1.610687023,156.519084,0.703613281,-0.679443359,0.086669922,1.335877863,20,100.7862595
356,1780506910,-1.076660156,-0.401123047,-0.12890625,-1.664122137,1.297709924,156.4961832,0.626953125,-0.60546875,0.095703125,-0.93129771,14.80916031,100.7328244
357,1780506910,-1.007568359,-0.379150391,-0.12890625,0.93129771,1.694656489,153.1221374,0.61328125,-0.643066406,0.057861328,-2.442748092,10.96946565,105.0610687
358,1780506910,-1.042236328,-0.282226563,-0.130859375,-1.717557252,2.328244275,147.8244275,0.580566406,-0.706787109,0.005126953,0.244274809,13.02290076,110.4732824
359,1780506910,-1.068603516,-0.294921875,-0.145751953,-4.916030534,3.877862595,142.3282443,0.580078125,-0.779541016,0.087402344,0.954198473,5.93129771,114.4732824
360,1780506910,-1.162353516,-0.184814453,-0.191894531,-10.01526718,6.977099237,139.7633588,0.618652344,-0.867919922,0.081054688,2.083969466,-0.076335878,115.8854962
361,1780506910,-1.244873047,-0.110595703,-0.216308594,-23.95419847,10.48091603,140.6030534,0.652832031,-0.909423828,0.107421875,4.099236641,-8.335877863,114.4503817
362,1780506910,-1.281005859,-0.149902344,-0.229492188,-31.29007634,13.03816794,143.3053435,0.670654297,-0.866943359,0.16015625,4.145038168,-18.21374046,109.5496183
363,1780506910,-1.269287109,-0.245605469,-0.237548828,-40.55725191,13.6259542,146.1984733,0.632324219,-0.812255859,0.145019531,0.328244275,-28.30534351,102.221374
364,1780506910,-1.248779297,-0.311523438,-0.197509766,-41.14503817,13.35877863,146.7709924,0.636474609,-0.81640625,0.104003906,-0.305343511,-32.24427481,98.64122137
365,1780506911,-1.210693359,-0.277832031,-0.174316406,-40.73282443,13.59541985,146.5419847,0.620849609,-0.848388672,0.029785156,0.770992366,-30.41221374,99.51145038
366,1780506911,-1.206542969,-0.251220703,-0.16015625,-40.98473282,12.67175573,140.3816794,0.649414063,-0.888916016,0.009033203,1.679389313,-28.48854962,101.9312977
367,1780506911,-1.265625,-0.211181641,-0.158935547,-38.03053435,13.61068702,138.7022901,0.698242188,-0.938964844,-0.040283203,4.259541985,-23.35114504,103.389313
368,1780506911,-1.317871094,-0.233154297,-0.174072266,-33.59541985,9.442748092,134.1221374,0.729492188,-0.957763672,-0.043457031,5.007633588,-15.08396947,102.4732824
369,1780506911,-1.357421875,-0.239990234,-0.164306641,-28.77862595,6.977099237,133.9083969,0.760742188,-0.983154297,-0.024902344,3.992366412,-8.938931298,98.38931298
370,1780506911,-1.382324219,-0.239501953,-0.159667969,-24.45801527,5.122137405,132.9236641,0.762695313,-0.951660156,0.014404297,3.755725191,-2.549618321,95.73282443
371,1780506911,-1.358642578,-0.250976563,-0.166992188,-18.50381679,3.419847328,134.5954198,0.714111328,-0.920654297,0.017333984,3.549618321,3.671755725,91.64122137
372,1780506911,-1.298339844,-0.334228516,-0.14453125,-11.90839695,0.732824427,131.3358779,0.630126953,-0.899414063,0.034423828,0.541984733,7.213740458,85.51145038
373,1780506911,-1.256347656,-0.345703125,-0.128417969,-4,-1.213740458,126.1526718,0.571777344,-0.930175781,0.026855469,-0.534351145,9.687022901,82.70229008
374,1780506911,-1.240234375,-0.284667969,-0.130859375,-0.038167939,-1.549618321,118.0305344,0.543945313,-1.028564453,-0.029052734,0.709923664,15.12977099,83.2519084
375,1780506911,-1.259765625,-0.262207031,-0.155517578,0.946564885,-1.267175573,107.0458015,0.497558594,-1.083007813,0.015380859,3.267175573,19.96946565,84.6870229
376,1780506911,-1.263916016,-0.306640625,-0.145507813,3.900763359,-1.236641221,94.48854962,0.449951172,-1.062255859,0.107910156,3.954198473,16.05343511,84.79389313
377,1780506911,-1.221679688,-0.276855469,-0.159423828,0.114503817,-0.175572519,83.54961832,0.408203125,-1.036621094,0.083740234,4.748091603,13.48091603,83.86259542
378,1780506911,-1.216552734,-0.189941406,-0.181640625,0.091603053,0.664122137,76.35114504,0.423828125,-1.046875,0.095458984,3.839694656,5.633587786,75.80916031
379,1780506911,-1.189453125,-0.197753906,-0.176513672,-3.847328244,1.65648855,69.84732824,0.418945313,-1.020751953,0.123046875,4.099236641,-1.061068702,69.76335878
380,1780506911,-1.159667969,-0.18359375,-0.219238281,-6,3.114503817,63.41984733,0.405761719,-1.010009766,0.100341797,3.694656489,-8.458015267,64.87022901
381,1780506911,-1.147949219,-0.117431641,-0.217041016,-14.09923664,5.610687023,57.96183206,0.400878906,-1.034667969,0.078369141,3.13740458,-14.71755725,61.09923664
382,1780506911,-1.149169922,-0.005126953,-0.213134766,-19.65648855,8.465648855,53.58778626,0.411865234,-1.089355469,0.059570313,5.290076336,-18.86259542,57.63358779
383,1780506911,-1.150878906,0.03515625,-0.239990234,-27.79389313,11.02290076,50.1221374,0.419189453,-1.070800781,0.067871094,7.580152672,-22.58778626,55.02290076
384,1780506911,-1.129638672,0.020019531,-0.226318359,-33.63358779,13.19083969,47.00763359,0.407226563,-1.047851563,0.100097656,8.152671756,-28.95419847,52.06870229
385,1780506911,-1.115234375,-0.007324219,-0.189453125,-37.77099237,13.20610687,43.20610687,0.403076172,-1.024902344,0.088867188,6.79389313,-34.09923664,48.49618321
386,1780506911,-1.098632813,-0.055419922,-0.150146484,-38.57251908,11.22900763,39.54961832,0.404296875,-1.012451172,0.047851563,5.763358779,-34.06870229,44.38931298
387,1780506911,-1.067626953,-0.074951172,-0.151855469,-35.75572519,9.541984733,35.83969466,0.406982422,-0.984130859,0.017089844,5.824427481,-33.13740458,40.19083969
388,1780506911,-1.026123047,-0.063232422,-0.148193359,-31.7480916,8.954198473,32.54961832,0.398681641,-0.945068359,0.043701172,6.320610687,-28.00763359,36.67175573
389,1780506911,-0.998046875,-0.014892578,-0.170410156,-31.19847328,9.129770992,31.19847328,0.368408203,-0.95703125,0.043457031,7.183206107,-25.18320611,33.79389313
390,1780506911,-0.985107422,0.028564453,-0.188964844,-28.42748092,9.526717557,25.95419847,0.349365234,-0.979248047,0.043212891,7.526717557,-24.00763359,31.16793893
391,1780506911,-0.997802734,0.0546875,-0.201416016,-28,9.778625954,23.12977099,0.333984375,-0.970703125,0.03515625,7.58778626,-24.18320611,28.46564885
392,1780506911,-0.994628906,0.083984375,-0.215332031,-25.44274809,10.25954198,19.90076336,0.298339844,-0.998046875,0.033691406,7.358778626,-25.75572519,26.19847328
393,1780506911,-0.978759766,0.091064453,-0.189697266,-28.53435115,9.748091603,17.58015267,0.258789063,-1.006591797,0.009521484,6.06870229,-27.03053435,26.75572519
394,1780506911,-0.930419922,0.099121094,-0.211914063,-26.22137405,9.259541985,9.572519084,0.284423828,-1.011230469,0.022705078,6.786259542,-25.8778626,28.77862595
395,1780506911,-0.944824219,0.236572266,-0.217041016,-33.76335878,9.809160305,7.503816794,0.306152344,-1.001220703,0.010253906,6.557251908,-27.81679389,29.86259542
396,1780506911,-0.943603516,0.096679688,-0.2109375,-30.66412214,9.061068702,3.488549618,0.278076172,-0.977783203,0.010498047,6.503816794,-29.14503817,28.82442748
397,1780506911,-0.923583984,0.178222656,-0.203369141,-30.25954198,8.114503817,2.580152672,0.261230469,-0.944580078,0.004394531,5.79389313,-30.32824427,26.94656489
398,1780506911,-0.911376953,0.133300781,-0.200439453,-28.22137405,7.740458015,0.152671756,0.255126953,-0.964599609,0.033691406,4.648854962,-29.91603053,26.54961832
399,1780506911,-0.89453125,0.196533203,-0.206787109,-26.80152672,7.183206107,-1.870229008,0.237304688,-0.938476563,0.026855469,3.732824427,-29.87022901,25.86259542
400,1780506911,-0.879638672,0.176025391,-0.219970703,-25.65648855,6.923664122,-3.832061069,0.225585938,-0.949951172,0.017578125,2.290076336,-29.06870229,25.47328244
401,1780506911,-0.880615234,0.192626953,-0.23828125,-23.32824427,6.572519084,-6.328244275,0.212890625,-0.958496094,0.006591797,1.832061069,-28.49618321,26.19847328
402,1780506911,-0.859863281,0.220703125,-0.239746094,-22.80152672,7.427480916,-9.534351145,0.198486328,-0.973144531,0.009765625,1.763358779,-28.04580153,28.84732824
403,1780506911,-0.865478516,0.235839844,-0.260742188,-24.23664122,7.893129771,-13.34351145,0.180664063,-0.971435547,0.008544922,1.65648855,-28.50381679,31.63358779
404,1780506911,-0.858642578,0.244628906,-0.249511719,-24.8778626,8.381679389,-16.7480916,0.162597656,-0.958984375,0.01171875,1.854961832,-29.92366412,34.00763359
405,1780506911,-0.84375,0.231201172,-0.297363281,-26.07633588,10.23664122,-20.25954198,0.149169922,-0.942138672,-0.010009766,1.839694656,-31.39694656,36.69465649
406,1780506911,-0.836425781,0.115722656,-0.315185547,-29.48854962,13.81679389,-25.61832061,0.1015625,-0.968261719,0.00390625,1.65648855,-33.58015267,40.14503817
407,1780506911,-0.889160156,-0.043457031,-0.232177734,-30.57251908,14.09160305,-37.50381679,0.067871094,-1.006591797,-0.001464844,1.251908397,-37.82442748,42.89312977
408,1780506911,-0.946289063,-0.018554688,-0.209472656,-31.82442748,12.67938931,-50.14503817,0.069335938,-1.031982422,-0.001953125,1.045801527,-41.94656489,43.77099237
409,1780506911,-0.941650391,0.163085938,-0.265136719,-34.06870229,14.12977099,-55.01526718,0.100585938,-1.026367188,0.013671875,2.427480916,-45.58778626,42.63358779
410,1780506911,-0.939697266,0.311767578,-0.27734375,-37.93129771,16.80916031,-54.52671756,0.113769531,-1.044921875,0.006103516,3.86259542,-48.48854962,39.61832061
411,1780506911,-0.970458984,0.483642578,-0.243164063,-43.50381679,18.24427481,-48.39694656,0.149169922,-1.057128906,0.014404297,3.076335878,-50.82442748,34.80916031
412,1780506911,-0.999023438,0.594238281,-0.213867188,-50.50381679,17.73282443,-35.93129771,0.182373047,-1.076904297,0.0078125,3.854961832,-54.8778626,29.26717557
413,1780506911,-1.03125,0.565917969,-0.152587891,-54.51908397,16.32824427,-22.94656489,0.203125,-1.074951172,0.027587891,0.641221374,-58.91603053,20.78625954
414,1780506911,-1.029785156,0.238037109,-0.146972656,-55.32824427,14.59541985,-18.17557252,0.223632813,-1.071777344,0.026855469,0.450381679,-57.84732824,19.3129771
415,1780506911,-1.031982422,-0.007080078,-0.168945313,-51.42748092,13.53435115,-21.92366412,0.245117188,-1.073730469,0.018310547,1.824427481,-53.64122137,21.17557252
416,1780506911,-1.047119141,-0.072753906,-0.1640625,-47.50381679,12.18320611,-27.81679389,0.296630859,-1.062011719,-0.019042969,2.236641221,-48.58778626,23.39694656
417,1780506911,-1.072998047,-0.029296875,-0.147216797,-41.42748092,9.946564885,-28.78625954,0.370361328,-1.07421875,-0.029296875,1.557251908,-41.81679389,17.05343511
418,1780506911,-1.096435547,0.130371094,-0.142578125,-35.98473282,7.900763359,-23.33587786,0.408691406,-1.075439453,-0.027587891,1.038167939,-34.16793893,8.389312977
419,1780506911,-1.080322266,0.218505859,-0.146728516,-29.95419847,7.687022901,-10.22900763,0.417236328,-1.062255859,-0.03515625,0.244274809,-26.41221374,-1.41221374
420,1780506911,-1.035644531,0.037353516,-0.159912109,-24.60305344,3.458015267,-6.007633588,0.327148438,-1.026611328,-0.059082031,0.160305344,-14.91603053,-0.404580153
421,1780506911,-0.957275391,0.134765625,-0.214599609,-15.28244275,1.442748092,-4.13740458,0.297607422,-0.960449219,-0.051513672,0.083969466,-5.763358779,-0.427480916
422,1780506911,-0.915771484,0.076416016,-0.234375,-4.664122137,0.374045802,-3.20610687,0.292480469,-0.934570313,-0.055908203,-0.824427481,5.442748092,-0.427480916
423,1780506911,-0.895751953,0.129638672,-0.215576172,4.664122137,-0.786259542,-1.717557252,0.255615234,-0.950195313,-0.050537109,-1.015267176,12.90076336,0.145038168
424,1780506911,-0.900390625,0.188964844,-0.232910156,11.0610687,-2.297709924,-0.015267176,0.207763672,-0.959716797,-0.051025391,-1.167938931,18.23664122,1.106870229
425,1780506911,-0.906005859,0.209472656,-0.234619141,14.85496183,-2.854961832,1.038167939,0.171875,-0.991699219,-0.028320313,-2.053435115,19.87022901,1.694656489
426,1780506911,-0.916748047,0.219970703,-0.228515625,16.39694656,-3.251908397,1.519083969,0.116455078,-1.003173828,-0.019042969,-1.648854962,19.94656489,1.992366412
427,1780506911,-0.91796875,0.240234375,-0.212890625,16.7480916,-3.801526718,1.503816794,0.078125,-0.986816406,0.004882813,-2.404580153,18.38167939,2.083969466
428,1780506911,-0.908935547,0.272460938,-0.230224609,15.26717557,-3.603053435,1.305343511,0.055419922,-1.001220703,0.026367188,-1.664122137,17.48091603,2.396946565
429,1780506911,-0.905273438,0.301269531,-0.244628906,13.3740458,-2.625954198,1.297709924,0.042480469,-1.010742188,0.034667969,-1.106870229,11.76335878,2.671755725
430,1780506911,-0.91015625,0.292236328,-0.22265625,5.969465649,-1.687022901,0.938931298,0.042480469,-1.016845703,0.03515625,-0.916030534,6.923664122,2.648854962
431,1780506911,-0.937011719,0.2578125,-0.208251953,1.190839695,-0.893129771,0.045801527,0.052978516,-1.025390625,0.063964844,0,2.41221374,2.465648855
432,1780506911,-0.935791016,0.258300781,-0.188964844,-2.236641221,-0.320610687,-0.465648855,0.069335938,-1.028808594,0.053466797,0.381679389,-1.13740458,2.511450382
433,1780506911,-0.94140625,0.264160156,-0.176025391,-5.122137405,0.091603053,-0.633587786,0.089599609,-1.025878906,0.056152344,0.709923664,-3.641221374,2.572519084
434,1780506911,-0.939208984,0.251953125,-0.164794922,-6.86259542,0.519083969,-0.687022901,0.100830078,-1.019287109,0.05078125,1.045801527,-4.908396947,2.633587786
435,1780506911,-0.936523438,0.235595703,-0.172851563,-7.427480916,0.41221374,-0.519083969,0.107421875,-1.009033203,0.041503906,1.229007634,-4.854961832,2.648854962
436,1780506911,-0.9296875,0.227294922,-0.194580078,-7.442748092,0.480916031,-0.839694656,0.105224609,-1.006347656,0.036621094,1.183206107,-4.076335878,2.442748092
437,1780506911,-0.926513672,0.220458984,-0.207519531,-6.06870229,0.351145038,-1.007633588,0.102783203,-0.997070313,0.016845703,0.969465649,-3,1.870229008
438,1780506911,-0.919677734,0.216552734,-0.203125,-4.984732824,0.458015267,-1.351145038,0.106689453,-1.013427734,0.005126953,0.893129771,-1.839694656,1.427480916
439,1780506911,-0.916748047,0.237060547,-0.207519531,-4.13740458,0.251908397,-1.458015267,0.090332031,-1.006347656,0.0078125,1.244274809,-1.091603053,1.351145038
440,1780506911,-0.906738281,0.263427734,-0.206542969,-3.824427481,0.145038168,-1.541984733,0.096923828,-1.011474609,0.000244141,1.595419847,-0.648854962,1.473282443
441,1780506911,-0.9296875,0.245361328,-0.207763672,-4.305343511,-0.351145038,-1.786259542,0.104736328,-1.030761719,-0.003417969,1.946564885,-0.190839695,1.114503817
442,1780506911,-0.929443359,0.234130859,-0.218017578,-2,-0.770992366,-1.671755725,0.104248047,-1.015625,0.0078125,2.13740458,0.358778626,0.740458015
443,1780506911,-0.927490234,0.229980469,-0.224609375,-4.351145038,-1.083969466,-1.435114504,0.122070313,-1.012695313,0.004150391,1.770992366,0.442748092,0.755725191
444,1780506911,-0.927246094,0.224609375,-0.209960938,-3.58778626,-1.435114504,-1.664122137,0.117431641,-1.015380859,0.0078125,1.977099237,0.809160305,0.41221374
445,1780506911,-0.930419922,0.229980469,-0.216064453,-2.458015267,-1.923664122,-1.114503817,0.134277344,-1.015380859,0.012451172,2.045801527,0.015267176,-3.328244275
446,1780506911,-0.940917969,0.357177734,-0.237304688,-9.473282443,-0.877862595,5.694656489,0.147460938,-0.991455078,-0.005859375,1.526717557,1.244274809,-7.022900763
447,1780506911,-0.933837891,0.000244141,-0.198486328,0.610687023,-2.603053435,1.824427481,0.091552734,-0.988525391,-0.000976563,1.610687023,4.816793893,-3.213740458
448,1780506911,-0.931640625,0.30859375,-0.218017578,-5.824427481,-2.183206107,0.038167939,0.179443359,-1.013427734,-0.003417969,2.938931298,5.198473282,-2.877862595
449,1780506912,-0.943359375,0.157958984,-0.197753906,-1.465648855,-2.34351145,3.282442748,0.210693359,-1.033935547,-0.013916016,3.396946565,5.358778626,-6.946564885
450,1780506912,-0.998046875,0.200683594,-0.190673828,0.58778626,-3.580152672,8.557251908,0.253662109,-1.045410156,-0.0703125,4.145038168,11.45801527,-12.38167939
451,1780506912,-0.993652344,0.284179688,-0.242431641,1.755725191,-3.770992366,15.3129771,0.291748047,-1.052490234,-0.061767578,4.969465649,16.7480916,-15.6870229
452,1780506912,-1.006347656,0.084716797,-0.212402344,2.129770992,-4.770992366,18.19083969,0.259765625,-1.038085938,-0.063964844,5.145038168,20.53435115,-21.23664122
453,1780506912,-1.027832031,0.055908203,-0.225341797,10.79389313,-6.282442748,17.66412214,0.306396484,-1.059570313,-0.056396484,4.099236641,23.03053435,-26.36641221
454,1780506912,-1.069335938,0.150878906,-0.234130859,9.816793893,-7.381679389,24.67175573,0.349853516,-1.048583984,-0.046630859,3.816793893,23.52671756,-31.49618321
455,1780506912,-1.106689453,0.146484375,-0.243408203,12.98473282,-8.671755725,32.03053435,0.390625,-1.129150391,-0.02734375,-0.748091603,26.15267176,-41.3129771
456,1780506912,-1.239990234,0.138427734,-0.25,14.2519084,-11.36641221,40.65648855,0.44140625,-1.218505859,-0.017089844,-5.641221374,25.45801527,-56.45801527
457,1780506912,-1.366455078,0.121826172,-0.264404297,14.42748092,-14.69465649,50.45038168,0.481445313,-1.274658203,-0.017333984,-9.389312977,26.34351145,-71.83206107
458,1780506912,-1.393554688,0.084472656,-0.267333984,16.38931298,-17.18320611,59.20610687,0.485595703,-1.196289063,0.002197266,-10.77862595,29.14503817,-86.42748092
459,1780506912,-1.287353516,0.051757813,-0.27734375,18.49618321,-16.93129771,65.48091603,0.483642578,-1.056884766,0.015625,-12.20610687,30.63358779,-97.55725191
460,1780506912,-1.178466797,0.091796875,-0.281494141,16.53435115,-14.22137405,70.22137405,0.459472656,-0.968017578,0.058837891,-12.35877863,29.0610687,-104.9923664
461,1780506912,-1.118652344,0.119873047,-0.230957031,12.6870229,-12.1221374,73.47328244,0.447021484,-0.953857422,0.063720703,-11.61832061,25.96946565,-108.2519084
462,1780506912,-1.103027344,0.138916016,-0.197998047,11,-12.01526718,73.38931298,0.452636719,-0.963623047,0.053710938,-12.03816794,23.13740458,-109.9541985
463,1780506912,-1.096435547,0.191162109,-0.178466797,8.816793893,-11.75572519,72.95419847,0.41796875,-0.959960938,0.075683594,-12.64885496,20.61832061,-110.519084
464,1780506912,-1.059082031,0.178955078,-0.151123047,8.732824427,-12.3129771,68.78625954,0.371582031,-0.985351563,0.051025391,-16.01526718,16.57251908,-109.2748092
465,1780506912,-1.038330078,0.226074219,-0.188476563,10.25954198,-12.57251908,63.85496183,0.317626953,-0.995849609,0.143554688,-15.44274809,18.06870229,-107.6946565
466,1780506912,-0.958740234,0.259033203,-0.203125,13.63358779,-10.34351145,57,0.28125,-1.007324219,0.054199219,-11.88549618,17.93129771,-105.0610687
467,1780506912,-0.903320313,0.192626953,-0.21875,6.572519084,-6.251908397,48.39694656,0.219726563,-1.031494141,0.083496094,-10.87022901,14.53435115,-100.6870229
468,1780506912,-0.828857422,-0.023193359,-0.238037109,3.167938931,-1.053435115,28.98473282,0.143066406,-1.088134766,0.159423828,-7.648854962,7.679389313,-93.16030534
469,1780506912,-0.819335938,-0.305419922,-0.285644531,1.732824427,3.160305344,1.27480916,0.099853516,-1.100097656,0.114990234,-5.595419847,-3.496183206,-87.51908397
470,1780506912,-0.823730469,-0.458496094,-0.316650391,1.06870229,5.778625954,-30.29007634,0.124755859,-1.042236328,0.032226563,-6.877862595,-10.24427481,-83.42748092
471,1780506912,-0.792236328,-0.360839844,-0.315185547,-1.13740458,9.717557252,-57.22900763,0.179199219,-0.926513672,0.052001953,-8,-15.44274809,-79.33587786
472,1780506912,-0.743652344,-0.357666016,-0.350341797,-2.687022901,14.48091603,-82.6870229,0.173583984,-0.849365234,0.006835938,-7.27480916,-14.54198473,-78.36641221
473,1780506912,-0.840087891,-0.281982422,-0.405517578,-15.75572519,20.22137405,-103.1679389,0.225830078,-0.845703125,-0.048828125,-10.51145038,-17.97709924,-71.48091603
474,1780506912,-0.811279297,-0.440185547,-0.321533203,-5.022900763,22.27480916,-127.9312977,0.288574219,-0.899902344,-0.006103516,-8.41221374,-20.29007634,-64.89312977
475,1780506912,-0.920166016,-0.286865234,-0.262451172,-2.435114504,22.3740458,-150.8473282,0.353271484,-0.884521484,-0.0703125,-10.30534351,-22.33587786,-57.22900763
476,1780506912,-1.004882813,-0.258300781,-0.216308594,-0.870229008,22.29007634,-173.1603053,0.390869141,-0.885498047,-0.004638672,-10.3129771,-24.95419847,-52.35114504
477,1780506912,-1.161376953,-0.205322266,-0.201416016,1.923664122,20.58015267,-188.5648855,0.437011719,-0.847412109,-0.024658203,-10.51145038,-25.92366412,-49.45801527
478,1780506912,-1.197998047,-0.170654297,-0.179931641,3.763358779,19.91603053,-201.2137405,0.470947266,-0.835693359,-0.043457031,-11.67175573,-24.80916031,-48.20610687
479,1780506912,-1.278320313,-0.142089844,-0.185791016,6.854961832,17.41221374,-210.6259542,0.536621094,-0.829833984,-0.068603516,-11.26717557,-20.77099237,-47.41221374
480,1780506912,-1.338867188,-0.133544922,-0.17578125,12.13740458,15.69465649,-217.2977099,0.589599609,-0.815429688,-0.023681641,-11.58015267,-17.58015267,-47.12977099
481,1780506912,-1.378662109,-0.059326172,-0.198730469,13.10687023,14.59541985,-218.9083969,0.632568359,-0.840332031,-0.041992188,-12.77099237,-12.70229008,-48.48091603
482,1780506912,-1.429931641,-0.067626953,-0.251953125,13.88549618,13.16030534,-221.8167939,0.642333984,-0.850097656,0.029296875,-14.10687023,-11.95419847,-51.29007634
483,1780506912,-1.459716797,-0.053222656,-0.280273438,18.16030534,12.23664122,-222.7480916,0.692382813,-0.851074219,-0.041748047,-15.22137405,-9.27480916,-54.5648855
484,1780506912,-1.462890625,-0.047363281,-0.2890625,19.30534351,12.09923664,-217.6870229,0.756103516,-0.856201172,-0.054931641,-16.3129771,-5.992366412,-57.12977099
485,1780506912,-1.496826172,-0.044189453,-0.270751953,18.15267176,11.89312977,-213.259542,0.82421875,-0.916748047,-0.084472656,-19.54198473,-5.801526718,-56.70992366
486,1780506912,-1.508056641,-0.082763672,-0.240722656,17.39694656,10.38167939,-208.8244275,0.830810547,-0.940429688,-0.063964844,-15.23664122,2.870229008,-61.48854962
487,1780506912,-1.516113281,-0.164306641,-0.207275391,19.55725191,7.961832061,-203.5725191,0.874023438,-0.936767578,-0.034423828,-18.01526718,4.541984733,-64.60305344
488,1780506912,-1.493896484,-0.197998047,-0.177001953,23.02290076,4.358778626,-195.7099237,0.868896484,-0.909912109,-0.084716797,-18.3129771,10.03053435,-74.92366412
489,1780506912,-1.459960938,-0.330078125,-0.117919922,35.63358779,-0.290076336,-191.4961832,0.872802734,-0.876464844,-0.09375,-17.09923664,20.48091603,-80.91603053
490,1780506912,-1.405029297,-0.282714844,-0.125976563,43.90076336,-4.488549618,-182.9160305,0.871582031,-0.887207031,-0.135986328,-15.16030534,29.7480916,-86.71755725
491,1780506912,-1.385009766,-0.296875,-0.119628906,48.27480916,-8.519083969,-176.1755725,0.841308594,-0.862792969,-0.027587891,-13.41221374,32.60305344,-90.13740458
492,1780506912,-1.333007813,-0.362304688,-0.138916016,52.6870229,-11.66412214,-171.1679389,0.795654297,-0.861816406,0.005859375,-10.35877863,32.09923664,-96.35114504
493,1780506912,-1.296630859,-0.293701172,-0.170410156,53.32824427,-14.11450382,-167.1068702,0.747314453,-0.873046875,-0.049804688,-9.167938931,31.87022901,-95.80152672
494,1780506912,-1.268310547,-0.225097656,-0.216552734,48.94656489,-14.59541985,-164.4580153,0.6875,-0.856933594,0.021484375,-8.251908397,27.45038168,-96.69465649
495,1780506912,-1.220703125,-0.2578125,-0.294921875,42.03053435,-13.50381679,-161.5267176,0.708251953,-0.837646484,0.041015625,-7.473282443,19.60305344,-96.6259542
496,1780506912,-1.19140625,-0.235839844,-0.333740234,32.64885496,-10.19083969,-157.8854962,0.714599609,-0.857910156,0.044921875,-6.755725191,12.22137405,-96.77099237
497,1780506912,-1.151611328,-0.196533203,-0.349121094,22.82442748,-6.328244275,-152.4427481,0.692382813,-0.803222656,0.033935547,-7.328244275,3.312977099,-97.83969466
498,1780506912,-1.108154297,-0.203369141,-0.352294922,12.90839695,-2.694656489,-148.4732824,0.702636719,-0.780029297,0.045898438,-9.236641221,-6.580152672,-97.38931298
499,1780506912,-1.020996094,-0.190185547,-0.347900391,2.06870229,1.534351145,-141.0839695,0.691650391,-0.724609375,0.002685547,-11.61068702,-13.35114504,-97.32061069
500,1780506912,-0.989746094,-0.237060547,-0.30859375,-5.34351145,4.877862595,-135.5954198,0.704101563,-0.719238281,-0.001708984,-12.12977099,-17.7480916,-97.38931298
501,1780506912,-0.976074219,-0.277832031,-0.275878906,-10.75572519,7.65648855,-130.5801527,0.70703125,-0.675048828,-0.008544922,-13.19083969,-24.27480916,-97.92366412
502,1780506912,-0.910888672,-0.268798828,-0.235107422,-15.05343511,10.03816794,-124.4427481,0.703125,-0.646240234,-0.010742188,-13.34351145,-28.61068702,-99.86259542
503,1780506912,-0.870605469,-0.326660156,-0.213378906,-18.18320611,11.57251908,-120.610687,0.692626953,-0.608154297,-0.0546875,-14.51145038,-30.78625954,-96.34351145
504,1780506912,-0.836914063,-0.40234375,-0.18359375,-14.97709924,10.29007634,-120.5801527,0.706054688,-0.603027344,-0.125,-15,-26.05343511,-90.09923664
505,1780506912,-0.815429688,-0.333251953,-0.206542969,-12.93129771,10.22900763,-119,0.762451172,-0.5703125,-0.088378906,-14.44274809,-18.89312977,-86.38931298
506,1780506912,-0.759765625,-0.344726563,-0.213378906,-3.389312977,9.748091603,-115.1068702,0.772216797,-0.545898438,-0.052246094,-14.50381679,-15.0610687,-86.87022901
507,1780506912,-0.731445313,-0.276611328,-0.25,1.648854962,10.29770992,-104.2061069,0.780761719,-0.541259766,-0.110351563,-15.35114504,-12.86259542,-87.22137405
508,1780506912,-0.711669922,-0.178955078,-0.253173828,-1.251908397,10.96946565,-95.06870229,0.745361328,-0.55078125,-0.0859375,-16.42748092,-10.35114504,-84.08396947
509,1780506912,-0.678222656,-0.168945313,-0.256591797,-1.13740458,11.52671756,-88.5648855,0.671386719,-0.498779297,-0.061523438,-15.49618321,-8.984732824,-76.5648855
510,1780506912,-0.595947266,-0.156738281,-0.249267578,1.549618321,11.5648855,-87.93129771,0.616943359,-0.463378906,-0.059082031,-15.71755725,-12.04580153,-66.75572519
511,1780506912,-0.559814453,0.066894531,-0.236816406,-6.824427481,14.70992366,-77.80152672,0.613525391,-0.472167969,-0.086425781,-15.29007634,-17.0610687,-58.90839695
512,1780506912,-0.544921875,-0.064697266,-0.157470703,-5.083969466,13.13740458,-72.34351145,0.591064453,-0.460693359,-0.068603516,-14.4351145,-17.70229008,-49.22900763
513,1780506912,-0.513671875,0.049072266,-0.187744141,-8.480916031,13.16030534,-65.76335878,0.666503906,-0.479736328,-0.1640625,-11.79389313,-15.15267176,-37.97709924
514,1780506912,-0.521972656,0.118896484,-0.163085938,-17.44274809,12.38931298,-54.17557252,0.720703125,-0.480224609,-0.133544922,-12.45038168,-9.427480916,-33.7480916
515,1780506912,-0.499023438,0.005615234,-0.162353516,-3.198473282,9.839694656,-37.93129771,0.785888672,-0.4453125,-0.076416016,-11.77099237,-7.213740458,-30.18320611
516,1780506912,-0.434326172,-0.021240234,-0.118652344,9.328244275,6.885496183,-28.3740458,0.677001953,-0.393066406,-0.08984375,-11.64122137,-3.763358779,-20.52671756
517,1780506912,-0.411132813,0.189941406,-0.177246094,4.221374046,7.679389313,-19.52671756,0.65625,-0.422607422,-0.096923828,-10.18320611,-1.503816794,-8.687022901
518,1780506912,-0.438232422,0.262207031,-0.149902344,-3.511450382,8,-7.809160305,0.648925781,-0.476318359,-0.124755859,-8.030534351,3.236641221,2.320610687
519,1780506912,-0.487304688,0.135498047,-0.119873047,-2.625954198,6.435114504,2.122137405,0.645263672,-0.477539063,-0.085693359,-5.267175573,6.870229008,11.4351145
520,1780506912,-0.475585938,0.043212891,-0.090820313,3.770992366,3.671755725,13.30534351,0.664794922,-0.438964844,-0.141113281,-2.717557252,13.09160305,18.80916031
521,1780506912,-0.45703125,-0.001953125,-0.073730469,10.44274809,0.213740458,22.29770992,0.659179688,-0.446044922,-0.135742188,-2.679389313,15.69465649,22.90076336
522,1780506912,-0.469482422,0.078369141,-0.121826172,10.7480916,-2.977099237,35.27480916,0.684814453,-0.492431641,-0.104248047,-1.007633588,13.99236641,21.5648855
523,1780506912,-0.485839844,-0.014892578,-0.132568359,14.73282443,-3.847328244,46.16030534,0.586914063,-0.475830078,-0.082519531,0.885496183,16.04580153,33.77862595
524,1780506912,-0.512939453,0.178222656,-0.187988281,9.34351145,-2.832061069,53.49618321,0.601074219,-0.496826172,-0.055419922,3.603053435,15.10687023,44.13740458
525,1780506912,-0.554199219,0.086914063,-0.170166016,-1.458015267,-1.86259542,61.53435115,0.601074219,-0.51171875,-0.067626953,5.190839695,14.65648855,48.93129771
526,1780506912,-0.575683594,-0.027587891,-0.14453125,-2.648854962,-2.72519084,66.77099237,0.618164063,-0.533447266,-0.06640625,6.022900763,11.59541985,55.64885496
527,1780506912,-0.633789063,-0.14453125,-0.129638672,-3.839694656,-4.328244275,73.97709924,0.617675781,-0.541503906,-0.143554688,6.221374046,10.03816794,61.87022901
528,1780506912,-0.663818359,-0.142822266,-0.151611328,0.809160305,-5.419847328,79.21374046,0.69140625,-0.591308594,-0.106933594,7.480916031,11.19083969,66.30534351
529,1780506912,-0.710449219,-0.061035156,-0.1875,-2.778625954,-3.938931298,88.65648855,0.746582031,-0.608886719,-0.062744141,8.877862595,13.85496183,69.08396947
530,1780506912,-0.729003906,-0.17578125,-0.171630859,-1.435114504,-6.893129771,96.38931298,0.730957031,-0.577392578,-0.038574219,9.419847328,14.01526718,72.42748092
531,1780506912,-0.715087891,-0.188964844,-0.167724609,-1.923664122,-6.320610687,102.0687023,0.701171875,-0.549316406,-0.061523438,9.755725191,14.23664122,77.70229008
532,1780506913,-0.719970703,-0.18359375,-0.1796875,0.480916031,-6.106870229,106.4198473,0.684326172,-0.548583984,-0.048339844,9.473282443,14.71755725,82.08396947
533,1780506913,-0.765625,-0.173339844,-0.200195313,0.27480916,-5.58778626,110.1374046,0.714111328,-0.623779297,-0.041748047,8.961832061,14.40458015,91.49618321
534,1780506913,-0.860107422,-0.168457031,-0.183105469,-2.045801527,-4.86259542,111.3969466,0.774902344,-0.706298828,-0.135009766,11.30534351,19.60305344,100.2137405
535,1780506913,-0.949707031,-0.279296875,-0.151123047,0.374045802,-6.916030534,115.1526718,0.785400391,-0.699462891,-0.051025391,12.24427481,30.86259542,105.6641221
536,1780506913,-0.964599609,-0.345703125,-0.142333984,11.51908397,-8.427480916,119.6717557,0.814941406,-0.640380859,0.005371094,10.70992366,31.26717557,104.0458015
537,1780506913,-0.905273438,-0.294189453,-0.169921875,15.21374046,-7.541984733,128.8320611,0.773681641,-0.593505859,0.039306641,9.625954198,32.21374046,99.92366412
538,1780506913,-0.957763672,-0.269775391,-0.163330078,19.08396947,-7.374045802,137.3435115,0.672851563,-0.552246094,0.043945313,6.450381679,27.99236641,97.76335878
539,1780506913,-0.844238281,-0.1875,-0.206054688,14.7480916,-5.488549618,142.2900763,0.589111328,-0.644775391,0.022949219,6.145038168,23.91603053,102.0458015
540,1780506913,-0.954833984,-0.08984375,-0.187011719,5.900763359,-2.549618321,143.1221374,0.598632813,-0.7265625,-0.078369141,6.564885496,19.86259542,112.1221374
541,1780506913,-1.042236328,-0.114257813,-0.211181641,-4.27480916,-1.053435115,140.9541985,0.624267578,-0.844970703,-0.045654297,6.93129771,18.16793893,121.6564885
542,1780506913,-1.213378906,-0.201660156,-0.210449219,-8.748091603,-1.938931298,140.129771,0.702636719,-0.931152344,0.005859375,7.503816794,14.78625954,123.7480916
543,1780506913,-1.270751953,-0.250244141,-0.234130859,-10.64885496,-1.526717557,145.129771,0.748779297,-0.92578125,0.032714844,6.603053435,13.60305344,116.5572519
544,1780506913,-1.354003906,-0.308837891,-0.204345703,-7.564885496,-1.442748092,153.389313,0.740234375,-0.831542969,0.039794922,4.58778626,11.94656489,106.7938931
545,1780506913,-1.220214844,-0.368652344,-0.193359375,-6.427480916,-0.221374046,159.9160305,0.679931641,-0.810302734,0.051757813,3.511450382,10.90076336,99.16793893
546,1780506913,-1.177734375,-0.369628906,-0.177246094,-5.236641221,-0.328244275,161.2366412,0.593261719,-0.770263672,0.028564453,3.030534351,9.778625954,96.88549618
547,1780506913,-1.117919922,-0.343261719,-0.177978516,-5.13740458,0.198473282,157.6946565,0.542724609,-0.807617188,0.021972656,1.564885496,6.86259542,101.2061069
548,1780506913,-1.1640625,-0.2421875,-0.185546875,-8.099236641,1.511450382,150.6641221,0.565917969,-0.948242188,-0.056396484,2.374045802,5.618320611,109.8091603
549,1780506913,-1.293945313,-0.176025391,-0.194091797,-11.83969466,2.488549618,141.7557252,0.629638672,-1.114501953,-0.072753906,5.801526718,12.24427481,121.7938931
550,1780506913,-1.452148438,-0.298583984,-0.197998047,-16.45038168,1.442748092,134.221374,0.649902344,-1.101074219,0.033447266,7.358778626,14.83206107,122.1832061
551,1780506913,-1.454345703,-0.422607422,-0.185791016,-12.14503817,1.305343511,132.3053435,0.66015625,-1.041503906,0.122558594,5.938931298,11.67938931,111.740458
552,1780506913,-1.386474609,-0.492675781,-0.174560547,-7.091603053,0.65648855,132.4732824,0.630126953,-0.962158203,0.055419922,4.419847328,8.625954198,100.9007634
553,1780506913,-1.370605469,-0.447021484,-0.134033203,-1.969465649,-1.290076336,131.0305344,0.587158203,-0.861328125,-0.003662109,2.06870229,9.854961832,94.26717557
554,1780506913,-1.137939453,-0.383056641,-0.186035156,-2.572519084,0.503816794,129.7099237,0.569091797,-0.890625,0.09765625,2.900763359,8.20610687,88.73282443
555,1780506913,-1.194091797,-0.287841797,-0.197998047,-3.748091603,1.473282443,127.0687023,0.516113281,-0.935058594,0.088134766,2.885496183,3.129770992,87.61068702
556,1780506913,-1.203369141,-0.15625,-0.240966797,-11.38167939,5.06870229,123.3969466,0.503173828,-1.028808594,0.071289063,1.755725191,-1.954198473,89.86259542
557,1780506913,-1.270263672,-0.106689453,-0.230712891,-19.92366412,7.900763359,118.1450382,0.504394531,-1.117919922,0.067871094,1.984732824,-3.969465649,93.27480916
558,1780506913,-1.345703125,-0.125488281,-0.240966797,-26.50381679,9.198473282,112.9541985,0.537597656,-1.160888672,0.033935547,4.259541985,-9.175572519,93.65648855
559,1780506913,-1.437011719,-0.254882813,-0.214111328,-31.48854962,8.465648855,109.8549618,0.537353516,-1.048828125,0.1484375,2.389312977,-16.83969466,83.12977099
560,1780506913,-1.377441406,-0.373779297,-0.180419922,-32.16030534,7.511450382,109.6259542,0.543945313,-0.976074219,0.142333984,0.969465649,-22.54961832,70.64122137
561,1780506913,-1.243896484,-0.465820313,-0.138183594,-27.54961832,5.381679389,105.7328244,0.504882813,-0.93359375,0.030029297,0.465648855,-21.5648855,63.79389313
562,1780506913,-1.131103516,-0.415039063,-0.124755859,-22.60305344,4.312977099,98.29770992,0.453125,-0.907226563,0.009521484,0.167938931,-18.0610687,62.13740458
563,1780506913,-1.069580078,-0.337646484,-0.157470703,-20.16030534,4.267175573,88.92366412,0.426025391,-0.920166016,0.061523438,1.748091603,-18.83969466,63.57251908
564,1780506913,-1.057373047,-0.259521484,-0.199707031,-21.04580153,5.778625954,78.93129771,0.403564453,-0.978515625,0.047851563,3.167938931,-19.64885496,67.05343511
565,1780506913,-1.068603516,-0.183105469,-0.218261719,-24.95419847,8.786259542,70.29770992,0.359375,-1.016357422,0.021484375,5.41221374,-19.82442748,71.42748092
566,1780506913,-1.130126953,0.059814453,-0.260498047,-28.52671756,10.02290076,63.24427481,0.401855469,-1.059570313,0.037841797,9.595419847,-21.49618321,68.83969466
567,1780506913,-1.134033203,-0.123291016,-0.257324219,-35.76335878,13.01526718,60.53435115,0.358642578,-1.027587891,0.021972656,10.38167939,-27.0610687,64.64885496
568,1780506913,-1.109375,-0.25390625,-0.253417969,-38.50381679,13.27480916,51.29007634,0.325195313,-0.98828125,0.044433594,8.396946565,-33.42748092,64.35114504
569,1780506913,-1.059814453,-0.162841797,-0.275146484,-41.54198473,12.74045802,45.74045802,0.364990234,-0.966552734,0.042236328,5.877862595,-39.02290076,55.50381679
570,1780506913,-1.069091797,-0.157470703,-0.218261719,-45.16793893,11,44.35877863,0.373779297,-0.945068359,-0.017578125,4.160305344,-43.77099237,48.99236641
571,1780506913,-1.009033203,-0.204101563,-0.224121094,-39.44274809,10,39.54198473,0.365234375,-0.935058594,-0.023925781,4.809160305,-43.5648855,45.76335878
572,1780506913,-0.982910156,-0.062011719,-0.228759766,-41.75572519,9.938931298,36.45801527,0.353515625,-0.947265625,-0.037109375,5.175572519,-43.19083969,43.41984733
573,1780506913,-0.96875,-0.058837891,-0.227050781,-44.83206107,10.47328244,31.95419847,0.277587891,-0.957519531,-0.0234375,5.290076336,-44.6259542,45.50381679
574,1780506913,-0.940185547,-0.13671875,-0.252197266,-35.54198473,9.916030534,21.64885496,0.262207031,-0.992675781,-0.011962891,6.916030534,-43.03053435,47.99236641
575,1780506913,-0.962890625,0.056152344,-0.246582031,-46.26717557,10.76335878,16.94656489,0.329345703,-1.016601563,-0.035400391,7.450381679,-45.29007634,48.32824427
576,1780506913,-0.972900391,-0.063964844,-0.265625,-44.60305344,10.85496183,10.3740458,0.255126953,-0.986572266,-0.042236328,7.839694656,-45.35114504,48.85496183
577,1780506913,-0.980957031,-0.003417969,-0.276611328,-45.12977099,11.20610687,5.977099237,0.278320313,-0.971191406,-0.052001953,7.167938931,-44.73282443,47.4351145
578,1780506913,-0.965820313,-0.046875,-0.268310547,-43,10.50381679,1.396946565,0.261962891,-0.957763672,-0.077392578,6.114503817,-43.80152672,47.24427481
579,1780506913,-0.931396484,-0.056884766,-0.242919922,-40.39694656,9.076335878,-4.236641221,0.244140625,-0.942871094,-0.1015625,6.496183206,-40.75572519,47.75572519
580,1780506913,-0.909423828,-0.076171875,-0.243408203,-36.74045802,7.061068702,-10.75572519,0.245361328,-0.929931641,-0.103515625,6.984732824,-38.45038168,50.04580153
581,1780506913,-0.876220703,-0.032470703,-0.233642578,-34.87022901,7.740458015,-17.97709924,0.221435547,-0.938476563,-0.072509766,7.671755725,-36.70992366,54.35114504
582,1780506913,-0.902832031,0.003662109,-0.219726563,-33.83206107,4.41221374,-24.65648855,0.223144531,-0.94921875,-0.046875,6.603053435,-36.1221374,57.32824427
583,1780506913,-0.927978516,0.030761719,-0.291992188,-32.50381679,5.045801527,-29.16793893,0.219970703,-0.979492188,-0.053710938,6.335877863,-35.67175573,57.70992366
584,1780506913,-0.976806641,-0.272949219,-0.259277344,-35.59541985,9.519083969,-40.67938931,0.158935547,-1.035644531,-0.012207031,8.519083969,-35.50381679,59.67175573
585,1780506913,-1.067871094,-0.521972656,-0.272216797,-25.84732824,6.549618321,-57.1221374,0.134521484,-1.048583984,-0.052001953,8.267175573,-34.47328244,60.09160305
586,1780506913,-1.049072266,-0.193603516,-0.346923828,-25.15267176,7.740458015,-68.16030534,0.195800781,-1.015380859,-0.010498047,7.72519084,-36.76335878,55.58015267
587,1780506913,-0.986816406,0.128417969,-0.375488281,-33.20610687,11.73282443,-63.8778626,0.231201172,-0.982177734,0.019042969,8.076335878,-41.20610687,48.45801527
588,1780506913,-0.968261719,0.240722656,-0.329589844,-42.40458015,15.74045802,-54.94656489,0.218017578,-0.972900391,0.014404297,7.129770992,-52.20610687,41.07633588
589,1780506913,-0.944580078,0.368408203,-0.3125,-54.80152672,20.65648855,-44.72519084,0.214599609,-0.979492188,0,4.709923664,-60.74045802,34.35114504
590,1780506913,-0.946044922,0.313232422,-0.279541016,-65.81679389,20.51145038,-32.90839695,0.206787109,-1.014892578,-0.021484375,1.816793893,-70.98473282,27.06870229
591,1780506913,-0.971435547,0.282958984,-0.270507813,-70,19.66412214,-21.21374046,0.259765625,-1.03515625,-0.068847656,-0.832061069,-72.41221374,19.89312977
592,1780506913,-1.015625,0.139892578,-0.206542969,-68.84732824,16.96183206,-11.17557252,0.283447266,-1.057128906,-0.122070313,-2.305343511,-68.0610687,15.90076336
593,1780506913,-1.023193359,-0.033203125,-0.195800781,-62.80916031,13.6870229,-9.045801527,0.308837891,-1.03515625,-0.129394531,-1.34351145,-59.20610687,15.72519084
594,1780506913,-1.010498047,-0.183837891,-0.204345703,-51.27480916,10.4351145,-12.29770992,0.302246094,-1.037353516,-0.140869141,-1.916030534,-50.3740458,17.45038168
595,1780506913,-1.016113281,-0.166015625,-0.200439453,-39.76335878,7.496183206,-15.33587786,0.312255859,-1.062744141,-0.131347656,0.839694656,-35.90839695,16.80916031
596,1780506913,-1.056640625,-0.084960938,-0.175048828,-27.51908397,4.244274809,-15.60305344,0.354248047,-1.102050781,-0.102294922,1.427480916,-21.80916031,12.19847328
597,1780506913,-1.093017578,0.061523438,-0.177001953,-16.4351145,1.381679389,-5.450381679,0.3828125,-1.147705078,-0.070068359,1.58778626,-9.351145038,3.923664122
598,1780506913,-1.119628906,0.018798828,-0.190917969,-7.977099237,-0.671755725,0.86259542,0.304931641,-1.130371094,-0.069824219,0.984732824,5.267175573,3.519083969
599,1780506913,-1.108886719,0.020019531,-0.198242188,3.580152672,-3.297709924,2.770992366,0.329833984,-1.122070313,-0.029052734,1.72519084,17.25954198,3.374045802
600,1780506913,-1.090820313,-0.024902344,-0.190185547,15.45038168,-4.954198473,3.679389313,0.314208984,-1.072753906,-0.003417969,1.702290076,25.45801527,3.145038168
601,1780506913,-1.020019531,0.006591797,-0.149414063,26.26717557,-6.839694656,5.045801527,0.248046875,-1.027099609,0.005859375,1.977099237,36.45038168,3.427480916
602,1780506913,-0.966064453,0.118408203,-0.154052734,34.77099237,-8.267175573,6.977099237,0.197021484,-0.9921875,0.025878906,2.244274809,43.09923664,4.381679389
603,1780506913,-0.9375,0.158447266,-0.154541016,38.52671756,-8.511450382,8.34351145,0.094970703,-0.971679688,0.053466797,2.938931298,45.96183206,4.961832061
604,1780506913,-0.921875,0.178466797,-0.189208984,39.28244275,-8.076335878,8.641221374,0.0234375,-0.953613281,0.052978516,3.938931298,44,5.190839695
605,1780506913,-0.895751953,0.187744141,-0.227783203,36.76335878,-7.251908397,8.114503817,-0.032470703,-0.973632813,0.038085938,3.618320611,39.61832061,4.977099237
606,1780506913,-0.896240234,0.23046875,-0.252929688,30.9389313,-5.969465649,7.282442748,-0.073486328,-0.991943359,0.033691406,3.160305344,32.84732824,4.763358779
607,1780506913,-0.901123047,0.251220703,-0.281738281,23.75572519,-4.358778626,6.312977099,-0.098632813,-0.991455078,0.038330078,2.503816794,23.72519084,4.923664122
608,1780506913,-0.910644531,0.264648438,-0.298828125,14.64122137,-2.687022901,5.122137405,-0.099609375,-1.013671875,0.044189453,1.221374046,13.38931298,5.312977099
609,1780506913,-0.921630859,0.265380859,-0.291503906,6.106870229,-1.312977099,3.65648855,-0.083740234,-1.019042969,0.033935547,0.351145038,7.664122137,5.236641221
610,1780506913,-0.919433594,0.248535156,-0.274414063,-0.809160305,-0.061068702,2.664122137,-0.047363281,-1.0078125,0.033203125,-0.122137405,-0.366412214,5.442748092
611,1780506913,-0.916503906,0.212158203,-0.265136719,-6.549618321,0.885496183,2.030534351,-0.029541016,-0.996826172,0.030761719,-0.526717557,-5.122137405,5.450381679
612,1780506913,-0.936279297,0.174804688,-0.2109375,-7.832061069,1.534351145,1.259541985,0.011474609,-0.984619141,0.044433594,-0.511450382,-8.038167939,4.755725191
613,1780506913,-0.931884766,0.143310547,-0.202636719,-11.08396947,1.79389313,0.664122137,0.037353516,-1.006103516,0.055175781,-0.297709924,-8.549618321,4.389312977
614,1780506913,-0.949951172,0.126464844,-0.162109375,-10.48854962,1.213740458,0.091603053,0.059082031,-1.014892578,0.016113281,-1.916030534,-6.65648855,3.557251908
615,1780506913,-0.951171875,0.133300781,-0.181640625,-9.740458015,0.671755725,0.190839695,0.066650391,-1.017822266,0.031738281,0.519083969,-3.083969466,3.015267176
616,1780506914,-0.938232422,0.14453125,-0.197021484,-4.236641221,0.198473282,0.213740458,0.077636719,-1.021484375,0.003417969,0.732824427,0.480916031,2.557251908
617,1780506914,-0.955322266,0.149658203,-0.206054688,-1.389312977,-0.190839695,0.389312977,0.072998047,-1.024169922,0.012451172,0.79389313,3.20610687,2.282442748
618,1780506914,-0.950927734,0.158691406,-0.220458984,1.305343511,-0.465648855,0.65648855,0.070068359,-1.023193359,0.0078125,0.816793893,5.770992366,1.458015267
619,1780506914,-0.939453125,0.201904297,-0.223388672,2.755725191,-0.801526718,3.320610687,0.075927734,-1.028808594,0.004638672,0.748091603,7.213740458,-2.030534351
620,1780506914,-0.935302734,0.104492188,-0.211914063,5.358778626,-0.954198473,2.847328244,0.028320313,-0.991455078,-0.010742188,0.694656489,8.450381679,0.160305344
621,1780506914,-0.925292969,0.145263672,-0.230712891,8.20610687,-3.885496183,-0.702290076,0.026367188,-1.007324219,0.021728516,0.86259542,9.748091603,1.541984733
622,1780506914,-0.922607422,0.227783203,-0.224121094,1.916030534,-1.083969466,-0.41221374,0.005371094,-1.010009766,0.028076172,1.076335878,3.58778626,1.702290076
623,1780506914,-0.935058594,0.185058594,-0.225097656,-0.381679389,-0.65648855,-0.877862595,-0.006591797,-1.010498047,0.020507813,0.885496183,-0.267175573,1.664122137
624,1780506914,-0.927490234,0.219238281,-0.231689453,-3.992366412,-0.229007634,-1.549618321,0.002441406,-1.008789063,0.028076172,1.160305344,-2.496183206,1.526717557
625,1780506914,-0.934814453,0.209228516,-0.230957031,-7.244274809,0.122137405,-1.824427481,0.009521484,-1.010498047,0.046386719,1.221374046,-5.503816794,1.480916031
626,1780506914,-0.933105469,0.182861328,-0.23046875,-9.34351145,0.519083969,-2.427480916,0.020263672,-1.008056641,0.023925781,1.007633588,-5.900763359,1.442748092
627,1780506914,-0.925537109,0.177490234,-0.2265625,-10.6870229,0.20610687,-2.740458015,0.035888672,-1.009521484,0.015625,0.938931298,-8.633587786,1.442748092
628,1780506914,-0.939697266,0.166015625,-0.218017578,-11.61068702,0.198473282,-2.511450382,0.052978516,-1.00390625,0.019287109,0.916030534,-9.297709924,1.442748092
629,1780506914,-0.940185547,0.164794922,-0.216308594,-11.19083969,0.442748092,-2.847328244,0.056396484,-1.014648438,0.005126953,1.366412214,-8.877862595,1.229007634
630,1780506914,-0.939697266,0.159179688,-0.208740234,-9.946564885,-0.099236641,-2.450381679,0.068359375,-1.009765625,-0.009765625,1.450381679,-6.72519084,1.221374046
631,1780506914,-0.942626953,0.158203125,-0.217285156,-8.541984733,-0.572519084,-2.290076336,0.071533203,-1.016357422,0.004882813,1.755725191,-4.770992366,1.374045802
632,1780506914,-0.943603516,0.142822266,-0.232421875,-7.106870229,-0.86259542,-2.34351145,0.078857422,-1.021484375,-0.008544922,1.755725191,-2.977099237,1.129770992
633,1780506914,-0.928955078,0.150878906,-0.245849609,-5.374045802,-1.366412214,-2.152671756,0.088134766,-1.007568359,-0.000976563,1.610687023,-0.824427481,1.083969466
634,1780506914,-0.938720703,0.150390625,-0.221923828,-3.366412214,-2.099236641,-1.839694656,0.076660156,-1.010253906,0.000732422,1.465648855,0.954198473,0.58778626
635,1780506914,-0.935546875,0.133789063,-0.21875,-1.458015267,-2.442748092,-1.801526718,0.076416016,-1.008789063,-0.013183594,1.72519084,2.740458015,0.351145038
636,1780506914,-0.940429688,0.150390625,-0.215332031,0.221374046,-3.022900763,-1.778625954,0.075439453,-1.010253906,-0.000732422,1.877862595,3.954198473,0.122137405
637,1780506914,-0.938476563,0.157714844,-0.211669922,0.671755725,-3.007633588,-1.534351145,0.067871094,-1.014404297,0.014160156,2.038167939,4.389312977,0.374045802
638,1780506914,-0.945068359,0.173339844,-0.226806641,0.534351145,-3.312977099,-1.328244275,0.059570313,-1.012207031,0.024169922,2.145038168,1.969465649,0.312977099
639,1780506914,-0.939453125,0.182617188,-0.228027344,-1.038167939,-3.06870229,-0.923664122,0.038330078,-1.066894531,0.047119141,2.083969466,2.198473282,-4.984732824
640,1780506914,-0.993408203,0.269775391,-0.241699219,-13.67175573,-1.450381679,6.603053435,0.069580078,-0.998779297,0.015380859,1.351145038,-2.06870229,-7.93129771
641,1780506914,-0.954345703,-0.031005859,-0.205566406,6.534351145,-4.198473282,1.625954198,0.054199219,-1.0078125,0.00390625,1.755725191,3.79389313,-6.251908397
642,1780506914,-0.93359375,0.344482422,-0.231933594,-12.18320611,-1.488549618,3.221374046,0.045654297,-1.0078125,0.054443359,2.045801527,-3.106870229,-5.335877863
643,1780506914,-0.952636719,-0.003417969,-0.169921875,-4.396946565,-2.885496183,0.251908397,0.062744141,-1.022705078,0.009033203,2.160305344,-5.015267176,-6.946564885
644,1780506914,-0.960693359,0.243164063,-0.223632813,-6.251908397,-3.106870229,3.564885496,0.131347656,-1.033447266,-0.010742188,2.610687023,-1.091603053,-10.67938931
645,1780506914,-0.958007813,0.143310547,-0.210693359,-7.450381679,-3.06870229,6.389312977,0.131591797,-0.922363281,0.026855469,3.679389313,2.770992366,-12.23664122
646,1780506914,-0.951660156,0.10546875,-0.212646484,-2.832061069,-2,8.618320611,0.153564453,-1.021484375,-0.01171875,0.65648855,4.221374046,-13.6870229
647,1780506914,-0.924560547,0.098144531,-0.234619141,-0.580152672,-5.396946565,11.07633588,0.174316406,-1.001464844,0.011474609,1.175572519,7.175572519,-19.42748092
648,1780506914,-0.951660156,0.095214844,-0.223144531,3.748091603,-6.435114504,14.67938931,0.218261719,-0.989990234,-0.061523438,-1.038167939,11.16030534,-24.12977099
649,1780506914,-0.954833984,0.110839844,-0.2578125,6.671755725,-5.893129771,20.19083969,0.271972656,-1.015869141,-0.062011719,-2.702290076,15.39694656,-30.05343511
650,1780506914,-0.989501953,0.100097656,-0.269287109,8.984732824,-9.015267176,26.99236641,0.3203125,-1.026855469,-0.074951172,-4.190839695,20.30534351,-36.81679389
651,1780506914,-1.019287109,0.068603516,-0.264404297,13.33587786,-10.00763359,33.81679389,0.357177734,-1.016601563,-0.064941406,-6.419847328,25.87022901,-43.70229008
652,1780506914,-1.035400391,0.038818359,-0.252929688,19.32824427,-11.12977099,39.6870229,0.356689453,-1.032226563,-0.050048828,-8.083969466,32.48854962,-49.38931298
653,1780506914,-1.054931641,0.016601563,-0.248291016,23.74045802,-12.16030534,43.79389313,0.336669922,-1.017089844,-0.026855469,-9.229007634,38.50381679,-53.95419847
654,1780506914,-1.050048828,0.000732422,-0.206787109,31.05343511,-13.13740458,46.0610687,0.34375,-1.040527344,-0.015625,-9.221374046,44.16793893,-57.46564885
655,1780506914,-1.071044922,0.028564453,-0.189697266,36.77099237,-13.83969466,46.83969466,0.309326172,-1.041748047,-0.009033203,-8.885496183,49.99236641,-59.48854962
656,1780506914,-1.047363281,0.100585938,-0.151367188,42,-13.69465649,47.29770992,0.254882813,-1.012695313,0.02734375,-9.648854962,52.16793893,-60.6870229
657,1780506914,-1,0.226318359,-0.144775391,41.54198473,-15.24427481,47.85496183,0.205322266,-1.011962891,0.088623047,-9.259541985,51.47328244,-60.16793893
658,1780506914,-0.968505859,0.20703125,-0.178222656,38.77862595,-13.81679389,44.54198473,0.122070313,-1.043212891,0.098144531,-8.648854962,48.23664122,-56.88549618
659,1780506914,-0.937988281,0.045898438,-0.185302734,38.14503817,-12.38931298,34.96183206,0.043945313,-1.074462891,0.083251953,-9.702290076,44.64122137,-50.85496183
660,1780506914,-0.916992188,0.015869141,-0.222167969,31.90839695,-9.503816794,18.00763359,-0.000732422,-1.072021484,0.090332031,-5.763358779,40.6870229,-46.67175573
661,1780506914,-0.924804688,-0.154052734,-0.220214844,23.99236641,-7.526717557,-0.641221374,-0.052734375,-1.064697266,0.064453125,-5.763358779,31.14503817,-38.91603053
662,1780506914,-0.944335938,-0.710449219,-0.209472656,22.63358779,-9.65648855,-35.32061069,-0.109863281,-1.06640625,0.003173828,-5.328244275,22.08396947,-36.75572519
663,1780506914,-1.038085938,-0.535888672,-0.300537109,24.7480916,-11.48854962,-55.13740458,0.091308594,-0.970458984,-0.106445313,-7.72519084,19.24427481,-36.57251908
664,1780506914,-0.906494141,-0.449707031,-0.326904297,27.97709924,-8.648854962,-76.51908397,0.098388672,-0.959472656,-0.030273438,-7.305343511,21.3740458,-32.52671756
665,1780506914,-0.915039063,-0.330810547,-0.403076172,28.18320611,-5.312977099,-97.30534351,0.234130859,-0.919921875,0.009765625,-6.572519084,19.97709924,-25.61832061
666,1780506914,-0.992675781,-0.239013672,-0.417480469,23.05343511,-0.099236641,-111.2290076,0.291015625,-0.966308594,0.086181641,-6.893129771,13.14503817,-25.02290076
667,1780506914,-1.106201172,-0.175048828,-0.355224609,12.0610687,4.618320611,-117.9465649,0.288818359,-0.9921875,0.123046875,-7.984732824,5.480916031,-29.85496183
668,1780506914,-1.167236328,-0.224853516,-0.358154297,7.427480916,9.458015267,-123.6183206,0.274169922,-1.044433594,0.13671875,-9.732824427,-5.175572519,-37.8778626
669,1780506914,-1.241455078,-0.198730469,-0.306884766,0.580152672,11.8778626,-126.8854962,0.288574219,-1.088867188,0.119873047,-10.16793893,-11.83969466,-48.05343511
670,1780506914,-1.285644531,-0.206787109,-0.245117188,-7.72519084,16.23664122,-128.8931298,0.341308594,-1.063476563,0.103271484,-10.9389313,-25.04580153,-58.13740458
671,1780506914,-1.2734375,-0.259765625,-0.206054688,-16.15267176,16.79389313,-131.1755725,0.362548828,-1.042480469,0.009521484,-12.67175573,-34.40458015,-66.21374046
672,1780506914,-1.25390625,-0.326416016,-0.189697266,-20.48091603,16.07633588,-135.2061069,0.437255859,-0.989013672,-0.06640625,-14.09160305,-40.16793893,-70.50381679
673,1780506914,-1.243408203,-0.387695313,-0.164306641,-22.32824427,15.22900763,-140.648855,0.505126953,-0.99609375,-0.097412109,-13.71755725,-39.85496183,-73.06870229
674,1780506914,-1.306152344,-0.358886719,-0.158447266,-22.54198473,14.4351145,-144.0458015,0.600585938,-1.081787109,-0.091064453,-13.04580153,-37.49618321,-75.67175573
675,1780506914,-1.399902344,-0.34765625,-0.172363281,-24.57251908,13.90076336,-144.9694656,0.681884766,-1.135253906,-0.125488281,-9.58778626,-29.32824427,-79.85496183
676,1780506914,-1.393554688,-0.473632813,-0.164306641,-20.61068702,12.90839695,-144.648855,0.713867188,-1.068359375,-0.005859375,-9.320610687,-21.80916031,-85.09160305
677,1780506914,-1.379394531,-0.539306641,-0.152099609,-15.35877863,10.97709924,-145.2442748,0.765380859,-1.013183594,0.024902344,-10.85496183,-17.96946565,-94.33587786
678,1780506914,-1.375244141,-0.547363281,-0.123046875,-5.549618321,9.198473282,-141.9236641,0.750976563,-1.004394531,-0.092773438,-10.00763359,-10.49618321,-105.2900763
679,1780506914,-1.34375,-0.550537109,-0.102783203,2.122137405,6.167938931,-139.2442748,0.754638672,-1.014648438,-0.076660156,-8.351145038,-3.419847328,-112.1984733
680,1780506914,-1.346435547,-0.486083984,-0.106933594,7.022900763,3.328244275,-137.3740458,0.766845703,-0.976074219,-0.021972656,-7.908396947,-0.34351145,-117.6793893
681,1780506914,-1.349121094,-0.483886719,-0.122070313,8.938931298,0.641221374,-134.0152672,0.78515625,-1.014648438,-0.044189453,-6.885496183,2.083969466,-124.2748092
682,1780506914,-1.318115234,-0.486572266,-0.155029297,7.961832061,-1.702290076,-132.1679389,0.738769531,-1.015380859,-0.065917969,-7.030534351,1.541984733,-129.5496183
683,1780506914,-1.369628906,-0.563720703,-0.182861328,15.47328244,-5.114503817,-132.6641221,0.748779297,-1.053222656,-0.068359375,-7.541984733,2.442748092,-132.1068702
684,1780506914,-1.388183594,-0.461914063,-0.214355469,17.6870229,-6.687022901,-133.4122137,0.759765625,-1.062011719,-0.077392578,-5.076335878,6.129770992,-133.4503817
685,1780506914,-1.371337891,-0.447021484,-0.249023438,18.35877863,-7.458015267,-132.9541985,0.735351563,-1.011474609,-0.056152344,-4.488549618,7.427480916,-136.9770992
686,1780506914,-1.322265625,-0.282714844,-0.332275391,10.33587786,-5.519083969,-126.8244275,0.725585938,-0.964599609,0.032958984,-4.465648855,2.267175573,-148.8778626
687,1780506914,-1.314208984,-0.348144531,-0.326171875,14.92366412,-4.167938931,-119.7480916,0.687255859,-0.870605469,-0.015869141,-6.045801527,-1.267175573,-152.8549618
688,1780506914,-1.345703125,-0.212158203,-0.373779297,6.610687023,-1.473282443,-116.870229,0.655029297,-0.969970703,-0.103027344,-7.664122137,-3.557251908,-151.4351145
689,1780506914,-1.144042969,-0.329589844,-0.328857422,6.236641221,-0.938931298,-118.870229,0.650634766,-0.920166016,-0.035888672,-4.740458015,-3,-147.4274809
690,1780506914,-1.282958984,-0.211669922,-0.328613281,3.419847328,-0.106870229,-116.5572519,0.754150391,-0.958496094,-0.081054688,-7.65648855,-4.541984733,-146.6259542
691,1780506914,-1.308837891,-0.205566406,-0.353271484,1.908396947,0.145038168,-111.3053435,0.758056641,-0.894287109,-0.045898438,-10.70229008,-6.687022901,-153.3053435
692,1780506914,-1.150634766,-0.249511719,-0.333007813,2.419847328,4.06870229,-101.6793893,0.759521484,-0.866699219,-0.045898438,-12.35114504,-5.259541985,-155.7328244
693,1780506914,-1.154785156,-0.257080078,-0.308105469,4.519083969,3,-96.54961832,0.768310547,-0.847900391,-0.098632813,-15.04580153,2.564885496,-155.778626
694,1780506914,-1.188720703,-0.425537109,-0.249267578,9.79389313,1.885496183,-97.50381679,0.727050781,-0.814697266,-0.012451172,-14.65648855,9.129770992,-155.0381679
695,1780506914,-1.076660156,-0.481201172,-0.240722656,22.25954198,-0.091603053,-101.9160305,0.609863281,-0.719970703,-0.075439453,-13.28244275,12.41221374,-148.9312977
696,1780506914,-0.977050781,-0.444580078,-0.203125,27.17557252,-0.496183206,-114.4580153,0.560058594,-0.677001953,-0.095214844,-12.7480916,12.84732824,-138.1374046
697,1780506914,-0.935302734,-0.361572266,-0.244384766,23.88549618,-1.183206107,-125.5496183,0.578857422,-0.669189453,-0.055664063,-10.70229008,11.45038168,-124.6259542
698,1780506914,-1.013427734,-0.206787109,-0.229736328,18.38931298,-1.419847328,-127.5343511,0.689453125,-0.701660156,-0.012207031,-10.28244275,3.992366412,-124.6793893
699,1780506915,-1.046386719,-0.394287109,-0.210693359,16.23664122,-2.648854962,-128.129771,0.707763672,-0.694580078,-0.070068359,-10.89312977,1.671755725,-122.9770992
700,1780506915,-1.039550781,-0.343505859,-0.202880859,18.78625954,-5.083969466,-127.4580153,0.761474609,-0.667724609,-0.086425781,-11.22137405,5.900763359,-122.1526718
701,1780506915,-0.990966797,-0.331054688,-0.193603516,20.09923664,-6.740458015,-123.9847328,0.786132813,-0.596191406,-0.046630859,-10.48091603,9.145038168,-121.6030534
702,1780506915,-0.911376953,-0.377441406,-0.176025391,27.22900763,-8.152671756,-123.4274809,0.737792969,-0.520751953,-0.063232422,-8.977099237,14.00763359,-114.7251908
703,1780506915,-0.806396484,-0.297607422,-0.212402344,29.67938931,-8.79389313,-126.7938931,0.686035156,-0.495117188,-0.065185547,-7.335877863,16.50381679,-101.9236641
704,1780506915,-0.76171875,-0.265625,-0.206542969,25.42748092,-8.496183206,-130.4961832,0.623535156,-0.497314453,-0.021240234,-7.717557252,13.15267176,-92.1221374
705,1780506915,-0.734863281,-0.172363281,-0.217773438,21.28244275,-5.885496183,-132.3206107,0.522216797,-0.470947266,0.004638672,-6,4.900763359,-83.21374046
706,1780506915,-0.707275391,-0.068603516,-0.240722656,25.01526718,-7.923664122,-129.5114504,0.673583984,-0.465332031,-0.039306641,-5.160305344,-0.34351145,-75.81679389
707,1780506915,-0.675537109,0.139404297,-0.230712891,8.358778626,-4.625954198,-120.0076336,0.700927734,-0.443359375,-0.028564453,-5.824427481,0.717557252,-72.26717557
708,1780506915,-0.654296875,0.034912109,-0.222412109,6.183206107,-3.526717557,-108.4580153,0.729492188,-0.392822266,0.053466797,-3.732824427,-4.404580153,-69.58015267
709,1780506915,-0.554199219,0.120849609,-0.202880859,4.053435115,-2.122137405,-92.93129771,0.710449219,-0.340087891,0.003662109,-4.549618321,-7.496183206,-72.45801527
710,1780506915,-0.489013672,0.175537109,-0.195068359,3.564885496,-1.053435115,-73.26717557,0.657470703,-0.307617188,-0.031738281,-7.015267176,-13.54198473,-65.66412214
711,1780506915,-0.430908203,0.259033203,-0.204833984,1.870229008,0.847328244,-63.74045802,0.638183594,-0.347900391,-0.051025391,-4.984732824,-11.3129771,-54.1221374
712,1780506915,-0.402099609,0.269287109,-0.204589844,-5.488549618,1.717557252,-54.3740458,0.653564453,-0.346191406,-0.045410156,-4.969465649,-11.0610687,-44.69465649
713,1780506915,-0.391601563,0.211914063,-0.157226563,-6.923664122,2.13740458,-41.40458015,0.66015625,-0.365478516,-0.067871094,-3.374045802,-10.47328244,-31.94656489
714,1780506915,-0.404785156,0.222900391,-0.168212891,-7.404580153,2.427480916,-29.93129771,0.680175781,-0.366943359,-0.104003906,-2.732824427,-5.473282443,-21.58015267
715,1780506915,-0.408691406,0.213134766,-0.149414063,-6.351145038,1.175572519,-18.42748092,0.692871094,-0.353027344,-0.102294922,-2.603053435,-1.877862595,-13.3740458
716,1780506915,-0.401611328,0.156005859,-0.126220703,0.961832061,-1.34351145,-5.007633588,0.718017578,-0.328369141,-0.020507813,-3.366412214,6.183206107,-6.984732824
717,1780506915,-0.397460938,0.130371094,-0.105712891,8.351145038,-2.93129771,9.076335878,0.667236328,-0.321533203,0.005371094,-3.328244275,10.58778626,-0.198473282
718,1780506915,-0.330322266,0.118408203,-0.130859375,15.38931298,-2.58778626,15.32061069,0.576904297,-0.295410156,-0.052978516,-1.503816794,16.16030534,14.29007634
719,1780506915,-0.300537109,0.300537109,-0.178466797,11.72519084,-1.038167939,19.64122137,0.577880859,-0.338623047,-0.017822266,1.053435115,16.60305344,29.11450382
720,1780506915,-0.344238281,0.234375,-0.171142578,4.702290076,1.916030534,31.99236641,0.552734375,-0.367431641,-0.032226563,0.465648855,12.15267176,38.07633588
721,1780506915,-0.446044922,0.140625,-0.188476563,3.496183206,0.458015267,40.39694656,0.574707031,-0.420410156,-0.018310547,0.221374046,9.694656489,46.77099237
722,1780506915,-0.474121094,0.232910156,-0.202148438,-1.954198473,1.305343511,49.59541985,0.606445313,-0.4609375,-0.055419922,0.595419847,5.740458015,56.46564885
723,1780506915,-0.540039063,0.204589844,-0.202148438,-7.763358779,2.152671756,59.93129771,0.676757813,-0.455566406,-0.005126953,1.366412214,1.717557252,63.80152672
724,1780506915,-0.578125,0.357666016,-0.192871094,-18.36641221,2.183206107,76.53435115,0.742431641,-0.480224609,0.003417969,1.778625954,-2.671755725,61.20610687
725,1780506915,-0.604736328,-0.090332031,-0.119873047,-14.96946565,3.061068702,90.81679389,0.733642578,-0.411376953,-0.056640625,1.641221374,-0.900763359,69.05343511
726,1780506915,-0.588134766,0.069824219,-0.132568359,-13.06870229,2.13740458,97.03053435,0.753173828,-0.408691406,-0.062255859,2.748091603,4.740458015,81.70992366
727,1780506915,-0.615478516,-0.068847656,-0.106201172,-11.50381679,0.946564885,101.0763359,0.764892578,-0.436035156,-0.096191406,3.86259542,13.45801527,92.19083969
728,1780506915,-0.669677734,-0.169189453,-0.087890625,0.41221374,-1.755725191,104.4732824,0.816162109,-0.470947266,-0.069335938,4.190839695,19.72519084,102.3435115
729,1780506915,-0.778564453,-0.189208984,-0.102050781,6.114503817,-4.65648855,110.2519084,0.840087891,-0.531005859,-0.095214844,3.526717557,30.9389313,106.778626
730,1780506915,-0.848876953,-0.223632813,-0.111328125,18.40458015,-6,118.1068702,0.885498047,-0.560302734,-0.020507813,3.86259542,37.48854962,107.3587786
731,1780506915,-0.925292969,-0.154052734,-0.163085938,26.05343511,-5.435114504,127.3206107,0.876953125,-0.576660156,0.007324219,4.022900763,44.60305344,106.6183206
732,1780506915,-0.905517578,-0.200439453,-0.152832031,25.70992366,-3.93129771,137.9160305,0.751708984,-0.526367188,0.002929688,1.152671756,47.14503817,108.0916031
733,1780506915,-0.861572266,-0.255859375,-0.110107422,27.38167939,-4.709923664,141.5954198,0.723144531,-0.522216797,0.035400391,-0.603053435,43.24427481,111.7022901
734,1780506915,-0.902099609,-0.157958984,-0.140625,27.19083969,-2.740458015,142.7862595,0.746337891,-0.555175781,-0.035888672,0.687022901,45.38167939,124.3969466
735,1780506915,-0.907958984,-0.193115234,-0.092529297,24.20610687,-1.480916031,140.5038168,0.725097656,-0.583496094,-0.03515625,1.267175573,49.4351145,136.5648855
736,1780506915,-1.004882813,-0.267333984,-0.104248047,26.03053435,-3.419847328,140.519084,0.760742188,-0.658203125,0.056884766,-1.519083969,47.67175573,138.7862595
737,1780506915,-1.111328125,-0.416259766,-0.084716797,29.78625954,-4.641221374,141.7938931,0.745117188,-0.729736328,0.103515625,-4.175572519,46.47328244,136.778626
738,1780506915,-1.186767578,-0.208496094,-0.130371094,30.25954198,-2.709923664,149.8549618,0.771240234,-0.760498047,0.12109375,-5.183206107,43.53435115,126.519084
739,1780506915,-1.1875,-0.30859375,-0.111572266,32.54198473,-0.244274809,155.0152672,0.686523438,-0.725097656,0.137451172,-5.488549618,40.67938931,124.1374046
740,1780506915,-1.165039063,-0.1171875,-0.12890625,23.60305344,3.641221374,158.259542,0.612304688,-0.701660156,0.134765625,-8.190839695,33.03053435,125.0076336
741,1780506915,-1.104980469,-0.152099609,-0.095703125,9.786259542,6.709923664,158.2137405,0.614013672,-0.764892578,0.114257813,-6.938931298,21.3740458,130.9160305
742,1780506915,-1.210449219,-0.235595703,-0.093261719,2.480916031,8.114503817,154.2137405,0.59375,-0.752441406,0.041015625,-5.778625954,21.04580153,139.7328244
743,1780506915,-1.175537109,-0.278808594,-0.105224609,0.557251908,8.458015267,145.519084,0.616455078,-0.807373047,0.085693359,-7.038167939,20.80152672,145.6412214
744,1780506915,-1.273193359,-0.312011719,-0.12109375,7.839694656,5.908396947,143.1526718,0.685302734,-0.885009766,0.141845703,-7.496183206,20.1221374,142.3969466
745,1780506915,-1.343505859,-0.349853516,-0.09765625,6.770992366,8.961832061,142.3129771,0.652099609,-0.916992188,0.160888672,-7.221374046,16.3740458,132.9465649
746,1780506915,-1.374023438,-0.215576172,-0.136474609,-0.946564885,10.57251908,148.740458,0.596191406,-0.901611328,0.156494141,-10.16793893,6.534351145,123.6946565
747,1780506915,-1.403564453,-0.318359375,-0.065917969,-2.503816794,10.74045802,148.3053435,0.562744141,-0.987548828,0.123535156,-11.22137405,2.152671756,118.3206107
748,1780506915,-1.284667969,-0.189697266,-0.163818359,-3.465648855,13.13740458,147.4122137,0.581787109,-0.954101563,0.188476563,-4.732824427,1.282442748,116.9236641
749,1780506915,-1.260253906,-0.031738281,-0.131835938,-23.94656489,18.35877863,146.8015267,0.541259766,-0.949951172,0.148681641,-5.877862595,-10.54961832,119.5343511
750,1780506915,-1.303710938,-0.230224609,-0.164550781,-27.50381679,19.50381679,140.8167939,0.564208984,-1.006347656,0.061279297,-3.923664122,-12.74045802,122.8244275
751,1780506915,-1.374023438,-0.235107422,-0.143798828,-31.32061069,19.2519084,134.8549618,0.590332031,-1.041748047,0.026123047,-3.595419847,-9.961832061,122.5954198
752,1780506915,-1.42578125,-0.355224609,-0.151611328,-26.73282443,16.96946565,130.0305344,0.607666016,-1.047363281,0.141601563,-5.34351145,-11.41984733,115.9389313
753,1780506915,-1.465576172,-0.298583984,-0.159423828,-24.48091603,16.09160305,130.2290076,0.606445313,-1.05859375,0.150146484,-6.977099237,-15.5648855,107.0534351
754,1780506915,-1.517333984,-0.26953125,-0.145263672,-23.51145038,15.50381679,131.5343511,0.584228516,-1.272949219,0.173583984,-8.328244275,-20.58015267,95.48091603
755,1780506915,-1.540283203,-0.284423828,-0.163574219,-25.19083969,16.30534351,129.1908397,0.484375,-1.010009766,0.195800781,-4.732824427,-23.83969466,87.29007634
756,1780506915,-1.295898438,-0.23046875,-0.198974609,-28.38167939,19.17557252,124.0305344,0.465332031,-0.993164063,0.078125,-6.282442748,-26.09923664,85.32061069
757,1780506915,-1.255371094,-0.200927734,-0.204833984,-34.38931298,22.72519084,118.9007634,0.457519531,-1.070800781,0.065917969,-3.977099237,-29.29770992,84.09923664
758,1780506915,-1.291015625,-0.211914063,-0.228027344,-39.70992366,24.12977099,108.0229008,0.473144531,-1.119873047,-0.015136719,-0.992366412,-29.25954198,87.02290076
759,1780506915,-1.334716797,-0.294677734,-0.205078125,-43.35877863,22.71755725,98.6259542,0.516113281,-1.151611328,0.003173828,-0.022900763,-32.25954198,85.77862595
760,1780506915,-1.435302734,-0.386230469,-0.186035156,-45.80152672,20.03053435,92.55725191,0.541992188,-1.141113281,0.088134766,-3.053435115,-36.21374046,72.3740458
761,1780506915,-1.435791016,-0.469726563,-0.139404297,-42.48091603,16.58015267,88.41984733,0.547363281,-1.093505859,0.086425781,-3.503816794,-35.55725191,59.10687023
762,1780506915,-1.32421875,-0.508544922,-0.08984375,-34.29770992,13.51145038,83.96183206,0.502929688,-1.003173828,0.077148438,-3.709923664,-30.72519084,52.64122137
763,1780506915,-1.168701172,-0.479248047,-0.083496094,-28.86259542,12.41984733,71.59541985,0.459716797,-0.958496094,0.0859375,-2.114503817,-26.46564885,49.03053435
764,1780506915,-1.077636719,-0.447265625,-0.090820313,-25.00763359,12.51145038,60.19083969,0.443359375,-0.962402344,0.072509766,0.396946565,-24.67175573,51.51908397
765,1780506915,-1.046630859,-0.393798828,-0.107421875,-24.84732824,12.19083969,43.88549618,0.449462891,-0.993896484,0.050048828,2.603053435,-23.87022901,49.49618321
766,1780506915,-1.109863281,-0.225585938,-0.135009766,-31.16793893,12.70992366,40.88549618,0.441894531,-0.995117188,0.055175781,3.877862595,-25.38167939,47.04580153
767,1780506915,-1.072753906,-0.319335938,-0.142578125,-27.58015267,12.74045802,27.74045802,0.380859375,-1.027587891,0.023193359,5.511450382,-24.77862595,48.55725191
768,1780506915,-1.048339844,-0.220458984,-0.145996094,-28.70229008,11.04580153,19.2519084,0.362792969,-0.994140625,0.014404297,4.625954198,-24.54198473,48.63358779
769,1780506915,-1.035888672,-0.173339844,-0.18359375,-28.81679389,10.34351145,11.14503817,0.49609375,-0.974609375,0.068847656,4.480916031,-28.18320611,43.6870229
770,1780506915,-1.049804688,-0.111083984,-0.142333984,-29.90076336,9.93129771,9.732824427,0.399902344,-0.98828125,0.039306641,4.022900763,-29.74045802,41.50381679
771,1780506915,-1.040771484,-0.096435547,-0.148681641,-27.99236641,9.496183206,3.389312977,0.388183594,-0.972167969,0.038085938,4.664122137,-29.51908397,40.75572519
772,1780506915,-1.015625,-0.029785156,-0.148925781,-29.52671756,9.282442748,-0.702290076,0.373779297,-0.954101563,0.033203125,5.419847328,-29.35877863,41.34351145
773,1780506915,-0.969238281,-0.004150391,-0.15234375,-31.24427481,9.259541985,-4.709923664,0.325683594,-0.960693359,0.058837891,6.465648855,-33.25954198,41.74045802
774,1780506915,-0.963378906,0.039550781,-0.146972656,-34.21374046,9.007633588,-8.389312977,0.292480469,-0.966308594,0.067871094,6.251908397,-39.73282443,42.23664122
775,1780506915,-0.947753906,0.046875,-0.145996094,-35.34351145,7.618320611,-9.809160305,0.270751953,-0.959228516,0.024902344,6.038167939,-40.04580153,42.20610687
776,1780506915,-0.935546875,0.067138672,-0.160888672,-34.40458015,6.534351145,-14.45801527,0.272460938,-0.965576172,0.000244141,5.72519084,-37.89312977,42.23664122
777,1780506915,-0.932617188,0.020751953,-0.173095703,-32.26717557,5.190839695,-17.45038168,0.277832031,-0.964599609,-0.010009766,4.809160305,-36.99236641,41.97709924
778,1780506915,-0.929199219,0.045410156,-0.159179688,-29.21374046,4.473282443,-20.61068702,0.253662109,-0.968505859,-0.026855469,5.664122137,-32.30534351,43.4351145
779,1780506915,-0.920898438,0.076416016,-0.197509766,-28.16030534,3.65648855,-24.67938931,0.223388672,-0.959472656,-0.033203125,6.72519084,-30.59541985,46.80152672
780,1780506915,-0.905761719,0.115966797,-0.192138672,-28.10687023,3.419847328,-28.97709924,0.206298828,-0.966308594,-0.023681641,7.534351145,-30.1221374,50.52671756
781,1780506915,-0.900634766,0.163085938,-0.2109375,-30.5648855,3.694656489,-32.25954198,0.174316406,-0.952880859,0.018310547,9.167938931,-29.41221374,53.13740458
782,1780506916,-0.894287109,0.212646484,-0.189941406,-34.60305344,4.687022901,-33.06870229,0.159912109,-0.946044922,0.030029297,10.09160305,-35.0610687,53.57251908
783,1780506916,-0.882324219,0.309570313,-0.251708984,-36.27480916,7.022900763,-29.93129771,0.15234375,-0.920654297,0.038818359,11.2519084,-38.6259542,52.05343511
784,1780506916,-0.834960938,0.116210938,-0.331298828,-48.11450382,18.06870229,-32.54961832,0.086914063,-0.931640625,0.106445313,14.29770992,-42.50381679,55.08396947
785,1780506916,-0.976074219,-0.472167969,-0.205078125,-43,14.81679389,-52.23664122,0.006347656,-1.018554688,0.022705078,13.03816794,-48.76335878,60.00763359
786,1780506916,-1.021240234,-0.284667969,-0.272216797,-47.03053435,11.83206107,-67.90839695,0.033447266,-1.03515625,-0.030029297,9.061068702,-54.93129771,59.22900763
787,1780506916,-1.023925781,-0.025146484,-0.302978516,-52.51908397,14.83206107,-71.21374046,0.106201172,-1.056884766,0.003417969,8.374045802,-60.6870229,53.09160305
788,1780506916,-1.051025391,0.146240234,-0.33203125,-54.3129771,17.13740458,-67.34351145,0.145507813,-1.083740234,-0.025146484,7.503816794,-64.3740458,47.96183206
789,1780506916,-1.034423828,0.275878906,-0.319091797,-62.04580153,18.39694656,-60.61068702,0.167480469,-1.057373047,-0.006835938,4.183206107,-69.20610687,44.48091603
790,1780506916,-1,0.285400391,-0.346923828,-66.74045802,18.41984733,-51.64885496,0.198974609,-1.033203125,-0.020996094,1.06870229,-73.78625954,39.09923664
791,1780506916,-0.9609375,0.307128906,-0.38671875,-67.65648855,19.2519084,-39.59541985,0.237548828,-1.009277344,-0.063232422,-2.282442748,-74.92366412,33.99236641
792,1780506916,-0.951904297,0.194824219,-0.347412109,-66.70992366,19.78625954,-30.72519084,0.25390625,-1.031005859,-0.110107422,-3.732824427,-72.15267176,33.34351145
793,1780506916,-1.002929688,-0.017578125,-0.334472656,-63.48091603,18.90839695,-30.39694656,0.263671875,-1.047607422,-0.127929688,-4.458015267,-64.46564885,36.75572519
794,1780506916,-1.038574219,-0.161132813,-0.319335938,-58.17557252,17.26717557,-33.45801527,0.292724609,-1.07421875,-0.123779297,-5.198473282,-53.51908397,38.72519084
795,1780506916,-1.072509766,-0.231201172,-0.271484375,-52.52671756,15.46564885,-34.91603053,0.330566406,-1.112060547,-0.098388672,-4.213740458,-46.87022901,36.15267176
796,1780506916,-1.092773438,-0.208251953,-0.184814453,-40.50381679,12.48091603,-32.07633588,0.359375,-1.120117188,-0.097167969,-3.41221374,-34.1221374,29.54961832
797,1780506916,-1.061035156,-0.154785156,-0.106201172,-32.73282443,9.022900763,-24.04580153,0.413574219,-1.12109375,-0.045166016,-2.458015267,-23.70229008,20.03816794
798,1780506916,-1.047119141,-0.105224609,-0.040527344,-23.00763359,5.923664122,-15.26717557,0.430175781,-1.094726563,0.01953125,-0.290076336,-14.35877863,9.152671756
799,1780506916,-1.022216797,-0.137695313,-0.057861328,-10.91603053,3.809160305,-2.694656489,0.435546875,-1.091064453,0.048828125,1.13740458,-6.06870229,1.389312977
800,1780506916,-1.010253906,-0.328125,-0.0625,2.183206107,0.893129771,-1.251908397,0.354003906,-1.029785156,0.031005859,2.160305344,4.480916031,0.519083969
801,1780506916,-0.996582031,-0.228027344,-0.142089844,8.190839695,-0.282442748,-0.167938931,0.338623047,-1.007324219,-0.007568359,2.72519084,14.46564885,-0.152671756
802,1780506916,-0.958740234,-0.144042969,-0.209960938,14.22137405,-0.885496183,0.992366412,0.312988281,-0.990234375,-0.018554688,2.465648855,21.59541985,0.450381679
803,1780506916,-0.939941406,0.010742188,-0.260742188,22.35877863,-1.389312977,4.366412214,0.256103516,-0.995849609,-0.02734375,1.687022901,29.40458015,2.099236641
804,1780506916,-0.942871094,0.088623047,-0.2734375,27.03816794,-1.312977099,8.381679389,0.196289063,-1.071533203,-0.020996094,1.381679389,34.93129771,-3.053435115
805,1780506916,-0.932128906,0.149414063,-0.268066406,26.36641221,0.030534351,17.29770992,0.108154297,-1.035400391,-0.014404297,1.27480916,34.67175573,-4.167938931
806,1780506916,-0.994384766,0.010009766,-0.270507813,35.96946565,-3.885496183,14.2519084,-0.012695313,-0.973388672,-0.041992188,0.335877863,36.96946565,1.480916031
807,1780506916,-0.949462891,0.198486328,-0.268310547,24.03816794,-0.893129771,11.19847328,-0.065429688,-0.981201172,0.024169922,-1.06870229,29.77099237,5.27480916
808,1780506916,-0.907470703,0.059082031,-0.262695313,21.2519084,-0.748091603,7.366412214,-0.080078125,-0.979736328,0.050537109,-1.053435115,20.33587786,7.72519084
809,1780506916,-0.921875,0.159912109,-0.260253906,14.69465649,0.541984733,6.580152672,-0.078369141,-0.980957031,0.051025391,-1.20610687,14.26717557,5.015267176
810,1780506916,-0.905761719,0.233886719,-0.219726563,6.65648855,2.312977099,8.259541985,-0.054443359,-1.003417969,0.087646484,-0.213740458,7.885496183,3.969465649
811,1780506916,-0.942138672,0.115722656,-0.177246094,4.549618321,2.633587786,6.06870229,-0.063964844,-0.998291016,0.088623047,0.564885496,4.030534351,7.236641221
812,1780506916,-0.968994141,0.206298828,-0.185058594,0.038167939,3.198473282,4.641221374,-0.013183594,-1.027099609,0.100097656,1.145038168,1.595419847,8.213740458
813,1780506916,-0.965820313,0.118896484,-0.186279297,-2.755725191,3.832061069,4.748091603,0.020507813,-1.025878906,0.077636719,1.687022901,0.755725191,7.984732824
814,1780506916,-0.951660156,0.079101563,-0.192138672,-1.13740458,3.633587786,4.557251908,0.020019531,-1.009277344,0.060791016,1.534351145,2.816793893,7.755725191
815,1780506916,-0.951171875,0.066894531,-0.182373047,0.618320611,3.458015267,4.366412214,0.032226563,-1.004150391,0.092529297,1.908396947,4.297709924,6.839694656
816,1780506916,-0.964355469,0.087646484,-0.21484375,2.251908397,3.770992366,3.717557252,0.020996094,-1.000976563,0.038574219,0.419847328,4.893129771,6.595419847
817,1780506916,-0.954833984,0.082275391,-0.234130859,1.244274809,3.687022901,3.381679389,0.005371094,-1.027832031,0.044189453,0.145038168,3.603053435,6.114503817
818,1780506916,-0.957275391,0.089355469,-0.265136719,1.152671756,3.389312977,3,-0.016845703,-1.027587891,0.000488281,-0.152671756,2.41221374,5.786259542
819,1780506916,-0.967773438,0.116699219,-0.278808594,-0.267175573,3.282442748,2.419847328,-0.027587891,-1.006347656,-0.010498047,-0.786259542,1.885496183,5.419847328
820,1780506916,-0.935791016,0.120361328,-0.296630859,-1.778625954,3.129770992,2,-0.023193359,-1.000732422,-0.017822266,-1.450381679,0.473282443,5.06870229
821,1780506916,-0.922363281,0.113037109,-0.293457031,-3.709923664,2.954198473,1.167938931,-0.016113281,-0.999267578,-0.006591797,-0.007633588,-1.778625954,4.58778626
822,1780506916,-0.927246094,0.109375,-0.273681641,-5.328244275,2.839694656,0.480916031,-0.018310547,-0.997070313,-0.014404297,-2.053435115,-3.396946565,4.312977099
823,1780506916,-0.934570313,0.102539063,-0.265136719,-6.72519084,2.519083969,0.13740458,-0.004394531,-0.999023438,0.012939453,-2.290076336,-5.106870229,3.938931298
824,1780506916,-0.937988281,0.0859375,-0.256835938,-7.801526718,2.351145038,-0.251908397,0.002929688,-1.012207031,0.011962891,-2.366412214,-6.198473282,3.748091603
825,1780506916,-0.937988281,0.082519531,-0.234375,-8.351145038,2.015267176,-0.381679389,0.035644531,-1.015869141,0.003662109,-1.961832061,-5.65648855,3.236641221
826,1780506916,-0.948974609,0.068359375,-0.229736328,-9.687022901,1.694656489,-0.526717557,0.051269531,-1.012451172,0.004150391,-1.702290076,-4.244274809,2.893129771
827,1780506916,-0.946044922,0.064697266,-0.236328125,-6.129770992,1.221374046,-0.381679389,0.050537109,-1.009033203,0.011962891,-1.603053435,-2.404580153,2.755725191
828,1780506916,-0.947753906,0.075195313,-0.233642578,-4.076335878,0.770992366,-0.519083969,0.049804688,-1.011962891,0.010253906,-1.358778626,-0.564885496,2.480916031
829,1780506916,-0.968505859,0.092529297,-0.249023438,-2.511450382,0.580152672,-0.160305344,0.038818359,-1.01953125,0.010253906,-1.022900763,0.832061069,2.496183206
830,1780506916,-0.938232422,0.095703125,-0.229003906,-1.694656489,0.297709924,-0.328244275,0.024414063,-1.021484375,0.003417969,-0.450381679,1.557251908,2.625954198
831,1780506916,-0.955078125,0.096679688,-0.239501953,-1.549618321,-0.198473282,-0.160305344,0.009033203,-1.018066406,0.001708984,-0.038167939,2.030534351,2.419847328
832,1780506916,-0.944580078,0.111083984,-0.235351563,-1.503816794,-0.34351145,-0.129770992,0.005126953,-1.013183594,0.012939453,0.213740458,2.20610687,2.34351145
833,1780506916,-0.943359375,0.108154297,-0.248046875,-1.580152672,-0.458015267,-0.442748092,-0.004394531,-1.002685547,0.022705078,0.061068702,3.877862595,1.816793893
834,1780506916,-0.937255859,0.106933594,-0.236328125,-1.404580153,-0.58778626,-0.717557252,-0.002929688,-1.001953125,0.036376953,0.175572519,1.122137405,1.732824427
835,1780506916,-0.94140625,0.107177734,-0.243896484,-1.671755725,-0.748091603,-1.091603053,0.006591797,-1.008544922,0.020996094,0.091603053,0.854961832,1.320610687
836,1780506916,-0.946777344,0.107910156,-0.24609375,-2.297709924,-0.893129771,-1.244274809,0.014404297,-1.007324219,0.022216797,0.267175573,0.473282443,1.27480916
837,1780506916,-0.941650391,0.093261719,-0.236572266,-2.541984733,-0.992366412,-1.503816794,0.017578125,-1.004150391,0.019775391,0.389312977,0.114503817,1.099236641
838,1780506916,-0.943847656,0.095214844,-0.233398438,-2.511450382,-1.183206107,-1.633587786,0.017822266,-1.008300781,0.018066406,0.450381679,-0.152671756,1.045801527
839,1780506916,-0.9453125,0.106689453,-0.239013672,-2.824427481,-0.977099237,-1.519083969,0.017089844,-1.008056641,0.022949219,0.694656489,-0.259541985,1.083969466
840,1780506916,-0.950439453,0.111083984,-0.229980469,-2.847328244,-1.190839695,-1.79389313,0.020507813,-1.011962891,0.025146484,0.816793893,-0.221374046,0.977099237
841,1780506916,-0.947753906,0.107177734,-0.234619141,-3.229007634,-1.458015267,-1.526717557,0.026123047,-1.00390625,0.023681641,1.122137405,-0.679389313,1.007633588
842,1780506916,-0.940185547,0.103271484,-0.229492188,-3.351145038,-1.496183206,-1.847328244,0.028320313,-1.003417969,0.026855469,0.954198473,-0.404580153,0.938931298
843,1780506916,-0.939453125,0.090087891,-0.243652344,-3.190839695,-1.458015267,-0.015267176,0.025634766,-1.010009766,0.01171875,1.007633588,-1.938931298,0.641221374
844,1780506916,-0.950195313,0.086669922,-0.237792969,-2.847328244,-2.083969466,-3.900763359,0.030517578,-1.009521484,0.012451172,0.992366412,0.297709924,0.358778626
845,1780506916,-0.945068359,0.086181641,-0.239501953,-2.427480916,-2.328244275,-2.061068702,0.034423828,-1.007568359,0.008300781,0.923664122,0.687022901,-1.908396947
846,1780506916,-0.943847656,0.092529297,-0.262451172,-3.893129771,-2.679389313,-2.022900763,0.042480469,-1.005371094,0.001464844,1.122137405,1.488549618,0.114503817
847,1780506916,-0.939208984,0.094726563,-0.232910156,-1.13740458,-2.854961832,-1.396946565,0.057128906,-1.004394531,-0.011962891,1.396946565,2.618320611,-1.954198473
848,1780506916,-0.9296875,0.115722656,-0.244628906,-5.503816794,-2.564885496,-1.450381679,0.039794922,-1.030761719,0.028320313,1.251908397,1.114503817,-0.229007634
849,1780506916,-0.962402344,0.069335938,-0.241699219,-1.541984733,-3.748091603,1.93129771,0.085693359,-1.051269531,-0.064453125,0.541984733,-0.992366412,-10.81679389
850,1780506916,-0.977050781,0.021728516,-0.245849609,-8.610687023,-3.374045802,7.86259542,0.056640625,-0.996337891,-0.013427734,1.870229008,0,-11.18320611
851,1780506916,-0.962890625,0.015380859,-0.248046875,4.564885496,-5.648854962,3.389312977,0.083007813,-0.992431641,-0.03125,0.732824427,6.748091603,-8.297709924
852,1780506916,-0.938476563,0.166015625,-0.264160156,-5.763358779,-4.633587786,5.152671756,0.1015625,-1.005371094,0.025390625,0.916030534,3.511450382,-9.374045802
853,1780506916,-0.946533203,0.024902344,-0.235351563,-1.374045802,-5.809160305,7.671755725,0.104492188,-0.943115234,-0.025146484,0.664122137,0.099236641,-16.32824427
854,1780506916,-0.948242188,0.139160156,-0.273925781,-9.496183206,-5.534351145,14.45801527,0.139648438,-1.036376953,-0.017333984,-0.610687023,2.030534351,-19.06870229
855,1780506916,-0.986083984,-0.023193359,-0.265380859,0.564885496,-7.969465649,13.99236641,0.139160156,-1.03125,-0.009033203,-0.557251908,6.79389313,-20.82442748
856,1780506916,-0.983154297,0.086669922,-0.258789063,-2.465648855,-7.832061069,17.35877863,0.157714844,-1.014892578,-0.036376953,-1.610687023,6.244274809,-23.9389313
857,1780506916,-0.978759766,0.023681641,-0.252929688,-0.129770992,-8.954198473,21.48091603,0.200195313,-1.085205078,-0.040039063,-3.27480916,4.809160305,-30.46564885
858,1780506916,-1.030761719,0.058105469,-0.279541016,-0.190839695,-10.83206107,25.48854962,0.226074219,-1.070800781,-0.070068359,-2.854961832,5.671755725,-38.05343511
859,1780506916,-1.015380859,0.008789063,-0.298339844,0.351145038,-12,34.09923664,0.263427734,-1.043457031,-0.098388672,-6.290076336,7.030534351,-45.20610687
860,1780506916,-1.014160156,-0.011474609,-0.313476563,1.213740458,-12.69465649,41.73282443,0.299560547,-1.051757813,-0.051269531,-7.832061069,9.091603053,-57.94656489
861,1780506916,-1.054931641,-0.013671875,-0.291992188,4.847328244,-13.5648855,50.29007634,0.318603516,-1.042480469,-0.060791016,-8.839694656,11.77862595,-66.84732824
862,1780506916,-1.052978516,-0.005615234,-0.280517578,11.3740458,-11.77099237,58.01526718,0.338623047,-1.040527344,-0.079833984,-9.312977099,22.06870229,-77.6259542
863,1780506916,-1.041015625,0.076904297,-0.241943359,19.52671756,-15.51145038,64.96183206,0.369873047,-1.01953125,-0.070800781,-9.251908397,30.29007634,-82.2519084
864,1780506916,-1.083496094,0.060546875,-0.216552734,24.18320611,-14.12977099,68.32061069,0.405273438,-1.020507813,-0.036132813,-9.13740458,36.8778626,-81.80916031
865,1780506916,-1.099853516,0.104492188,-0.221679688,29.51908397,-14.49618321,71.26717557,0.444824219,-1.043212891,-0.0390625,-7.534351145,45.57251908,-81.01526718
866,1780506917,-1.145507813,0.098388672,-0.187011719,33.52671756,-16.35877863,74.61832061,0.4921875,-1.079589844,-0.032226563,-10.00763359,52.09923664,-81.66412214
867,1780506917,-1.230712891,0.064941406,-0.198242188,42.22137405,-20.05343511,77.85496183,0.494873047,-1.147705078,-0.044921875,-11.39694656,61.74045802,-84.8778626
868,1780506917,-1.276367188,0.0234375,-0.178710938,51.97709924,-23.75572519,80.19847328,0.481689453,-1.148193359,-0.177246094,-17.41221374,72.84732824,-88.09923664
869,1780506917,-1.288574219,0.021240234,-0.205566406,62.87022901,-27.64885496,82.2519084,0.461669922,-1.122558594,-0.006103516,-17.10687023,88.74045802,-94.97709924
870,1780506917,-1.169189453,0.021240234,-0.353759766,75.50381679,-28.78625954,79.83206107,0.352539063,-1.033203125,-0.014404297,-18.98473282,93.27480916,-93.32061069
871,1780506917,-1.001464844,0.135009766,-0.337890625,75.67938931,-25.16793893,73.97709924,0.229980469,-0.9765625,0.058837891,-22.47328244,90.16793893,-89.58015267
872,1780506917,-0.916015625,0.197509766,-0.218261719,66.99236641,-23.6870229,65.92366412,0.068115234,-1.023925781,0.093261719,-20.77099237,81.95419847,-84.41221374
873,1780506917,-0.889404297,0.14453125,-0.158447266,59.66412214,-23.3129771,51.09923664,-0.022949219,-1.072265625,0.112548828,-20.09923664,65.48091603,-77.76335878
874,1780506917,-0.861816406,-0.029052734,-0.201416016,48.22900763,-19.70992366,32.1221374,-0.057617188,-1.114013672,0.156005859,-15.95419847,49.6259542,-71.88549618
875,1780506917,-0.894775391,-0.493408203,-0.241455078,42.60305344,-17.35114504,1.664122137,-0.050537109,-1.110351563,0.073730469,-12.63358779,37.77099237,-66.90076336
876,1780506917,-0.884521484,-0.377197266,-0.297607422,41.49618321,-15.20610687,-26.0610687,0.077148438,-1.021972656,0.00390625,-11.92366412,31.20610687,-64.49618321
877,1780506917,-0.844970703,-0.219482422,-0.324951172,29.90839695,-10.72519084,-48.51908397,0.1484375,-0.958496094,0.018554688,-11.9389313,20.80152672,-60.29770992
878,1780506917,-0.840576172,-0.380126953,-0.363525391,27.77099237,-7.541984733,-67.64885496,0.267089844,-0.953125,0.105957031,-9.572519084,15.34351145,-60.65648855
879,1780506917,-0.901611328,-0.335449219,-0.321777344,13.35114504,-1.549618321,-86.59541985,0.158203125,-0.928222656,0.046875,-12.09160305,4.465648855,-52.54961832
880,1780506917,-0.906494141,-0.354003906,-0.317382813,11.54198473,1.900763359,-109.648855,0.217041016,-0.866943359,0.088867188,-10.03816794,-2.877862595,-52.54198473
881,1780506917,-1.031005859,-0.291748047,-0.270751953,4.27480916,6.435114504,-128.7022901,0.304931641,-0.939697266,0.052734375,-9.961832061,-7.946564885,-49.29770992
882,1780506917,-1.106689453,-0.296386719,-0.257324219,2.786259542,7.984732824,-140.9236641,0.353515625,-0.931152344,0.113525391,-8.305343511,-16.47328244,-51.57251908
883,1780506917,-1.1953125,-0.188476563,-0.247070313,-0.152671756,11.7480916,-151.8473282,0.4140625,-0.943603516,0.113769531,-9.083969466,-22.71755725,-56.40458015
884,1780506917,-1.289306641,-0.206542969,-0.239990234,-7.152671756,16.63358779,-156.3664122,0.476318359,-0.953857422,0.109863281,-10.45038168,-27.98473282,-64.44274809
885,1780506917,-1.372802734,-0.235839844,-0.210449219,-8.312977099,17.78625954,-162.4961832,0.530761719,-0.982177734,0.07421875,-11.17557252,-30.96946565,-72.76335878
886,1780506917,-1.400146484,-0.216796875,-0.238769531,-9.007633588,18.05343511,-165.5114504,0.606201172,-0.97265625,-0.037353516,-10.54961832,-29.94656489,-78.89312977
887,1780506917,-1.401611328,-0.268798828,-0.243408203,-7.65648855,19.50381679,-168.5419847,0.674560547,-0.940185547,-0.114257813,-12.90076336,-28.03053435,-82.6870229
888,1780506917,-1.405761719,-0.207275391,-0.267089844,-4.175572519,17.20610687,-169.4580153,0.741943359,-0.991210938,-0.124755859,-12.60305344,-23.81679389,-85.51145038
889,1780506917,-1.475830078,-0.196289063,-0.241699219,-5.86259542,16.34351145,-169.3664122,0.794189453,-1.052734375,-0.136230469,-12.54198473,-19.74045802,-87.80916031
890,1780506917,-1.542724609,-0.173828125,-0.2421875,-3.763358779,14.34351145,-168.0152672,0.826416016,-1.065917969,-0.120849609,-12.13740458,-14.82442748,-91.99236641
891,1780506917,-1.548339844,-0.295898438,-0.253173828,-3.648854962,11.2519084,-164.5343511,0.790527344,-1.003417969,-0.085449219,-13.41221374,-11.64122137,-104.5801527
892,1780506917,-1.523681641,-0.370117188,-0.260742188,6.022900763,7.58778626,-159.7480916,0.800537109,-0.981933594,-0.072021484,-18.76335878,-15.48091603,-116.2748092
893,1780506917,-1.531982422,-0.278808594,-0.261962891,10.03053435,6.20610687,-153.9389313,0.864501953,-1.012939453,-0.081787109,-20.61068702,-10.45038168,-123.259542
894,1780506917,-1.484619141,-0.302734375,-0.248779297,13.61068702,5.427480916,-150.1526718,0.876708984,-0.945556641,-0.020996094,-19.47328244,-2.297709924,-128.2061069
895,1780506917,-1.390625,-0.301757813,-0.245361328,18.16030534,5.938931298,-149.0229008,0.876708984,-0.887695313,-0.033691406,-17.03816794,3.183206107,-127.6946565
896,1780506917,-1.335205078,-0.329101563,-0.276855469,21.09923664,5.664122137,-148.221374,0.872558594,-0.894287109,-0.075195313,-19.30534351,7.908396947,-128.9465649
897,1780506917,-1.379150391,-0.407958984,-0.273925781,28.65648855,3.778625954,-147.0534351,0.881835938,-0.913085938,-0.047119141,-18.83969466,14.93129771,-133.6412214
898,1780506917,-1.400390625,-0.332519531,-0.289550781,31.30534351,3.259541985,-144.3358779,0.887207031,-0.893310547,-0.045654297,-18.83969466,17.58015267,-140.4198473
899,1780506917,-1.327148438,-0.379882813,-0.262207031,30.49618321,2.603053435,-140.8549618,0.784423828,-0.834228516,-0.058105469,-19.30534351,14.03816794,-139.8396947
900,1780506917,-1.235107422,-0.271972656,-0.279052734,28.16793893,1.580152672,-140.480916,0.758300781,-0.781982422,-0.068847656,-18.84732824,9.969465649,-138.6259542
901,1780506917,-1.189697266,-0.24609375,-0.260253906,24.06870229,1.633587786,-140.2137405,0.737304688,-0.763671875,-0.084472656,-17.8778626,7.358778626,-137.4503817
902,1780506917,-1.175537109,-0.245117188,-0.25,22.57251908,0.557251908,-139.9847328,0.713134766,-0.750732422,-0.057128906,-16.82442748,4.595419847,-136.2671756
903,1780506917,-1.139892578,-0.234863281,-0.239746094,23.38931298,0.167938931,-140.6030534,0.691650391,-0.700927734,-0.059570313,-15.58778626,1.374045802,-129.0305344
904,1780506917,-1.058105469,-0.270751953,-0.279785156,20.20610687,0.488549618,-146.4961832,0.655029297,-0.673583984,-0.071777344,-14.16793893,0.824427481,-122.0458015
905,1780506917,-0.993164063,-0.320800781,-0.215820313,18.96946565,0.114503817,-148.1679389,0.690917969,-0.619873047,-0.071044922,-14.73282443,-1.267175573,-117.0687023
906,1780506917,-1.015136719,-0.124755859,-0.248291016,15.99236641,0.946564885,-146.4961832,0.757080078,-0.627441406,-0.09375,-13.40458015,0.007633588,-116.4045802
907,1780506917,-0.998291016,-0.126220703,-0.235839844,15.01526718,1.129770992,-140.5496183,0.726318359,-0.578613281,-0.034179688,-12.75572519,2.312977099,-115.0992366
908,1780506917,-0.916015625,-0.123779297,-0.220703125,16.85496183,1.396946565,-132.1755725,0.704345703,-0.534667969,-0.032714844,-12.41221374,-1.679389313,-114.0534351
909,1780506917,-0.843994141,0.000976563,-0.218505859,13.76335878,1.419847328,-123.8854962,0.662109375,-0.510253906,-0.035888672,-13.16030534,-5.557251908,-112.129771
910,1780506917,-0.785644531,0.083251953,-0.229736328,11.27480916,1.854961832,-115.480916,0.66015625,-0.526367188,-0.093261719,-12.22137405,-9.229007634,-105.8854962
911,1780506917,-0.765869141,0.167724609,-0.242919922,5.465648855,2.79389313,-108.2137405,0.691162109,-0.565917969,-0.133300781,-12.28244275,-10.11450382,-94.35114504
912,1780506917,-0.768310547,0.012451172,-0.206787109,5.885496183,1.488549618,-105.7862595,0.704589844,-0.589355469,-0.057373047,-10.21374046,-3.251908397,-87.7480916
913,1780506917,-0.781982422,0.1875,-0.216796875,3.511450382,1.580152672,-95.73282443,0.753662109,-0.521728516,-0.073730469,-9.709923664,-3.961832061,-84.7480916
914,1780506917,-0.675537109,-0.055419922,-0.201660156,10.01526718,0.053435115,-83.34351145,0.6875,-0.465087891,-0.085449219,-11.93129771,-0.030534351,-77.3129771
915,1780506917,-0.590576172,0.165039063,-0.209472656,11.16030534,-0.648854962,-74.51908397,0.656005859,-0.417480469,-0.077636719,-10.51908397,3.198473282,-70.32824427
916,1780506917,-0.517822266,0.197998047,-0.187988281,9.618320611,0.381679389,-65.73282443,0.655273438,-0.385253906,-0.085449219,-9.633587786,7.786259542,-59.13740458
917,1780506917,-0.473388672,0.205566406,-0.178710938,12.95419847,-0.381679389,-58.36641221,0.646240234,-0.381591797,-0.100830078,-8.664122137,11.35877863,-49.53435115
918,1780506917,-0.479492188,0.194091797,-0.167724609,13.54198473,-0.541984733,-47.20610687,0.6484375,-0.421630859,-0.103027344,-7.541984733,16.03053435,-42.79389313
919,1780506917,-0.513671875,0.159912109,-0.142578125,16.80916031,-2.41221374,-38.09923664,0.626953125,-0.44140625,-0.046386719,-7.267175573,16.74045802,-32.77862595
920,1780506917,-0.510742188,0.148193359,-0.170166016,19.47328244,-4.076335878,-29.54961832,0.614257813,-0.428955078,-0.067626953,-7.480916031,17.8778626,-25
921,1780506917,-0.477539063,0.194580078,-0.165527344,20.07633588,-4.786259542,-20.17557252,0.595703125,-0.408935547,-0.037353516,-6.335877863,18.42748092,-15.67938931
922,1780506917,-0.430908203,0.258056641,-0.176025391,18.16793893,-4.083969466,-10.61832061,0.579101563,-0.383789063,-0.0078125,-4.351145038,17.29770992,-7.328244275
923,1780506917,-0.395507813,0.285644531,-0.172363281,13.8778626,-2.41221374,-1.022900763,0.572753906,-0.360351563,-0.021240234,-2.938931298,14.91603053,4.847328244
924,1780506917,-0.416748047,0.289794922,-0.191162109,9.175572519,-0.770992366,6.129770992,0.558837891,-0.392822266,-0.025146484,-1.79389313,13.73282443,14.30534351
925,1780506917,-0.423095703,0.235107422,-0.1796875,4.755725191,0.351145038,16.87022901,0.548339844,-0.394775391,-0.006347656,-1.465648855,11.61832061,23.26717557
926,1780506917,-0.47265625,0.218994141,-0.168945313,1.488549618,0.603053435,25.25954198,0.565673828,-0.444824219,-0.0234375,-0.847328244,4.664122137,29.70992366
927,1780506917,-0.502685547,0.228515625,-0.163085938,-2.503816794,0.748091603,33.98473282,0.6015625,-0.478759766,-0.052001953,0.175572519,2.259541985,38.73282443
928,1780506917,-0.565429688,0.221679688,-0.149902344,-6.702290076,0.106870229,45.85496183,0.66015625,-0.487304688,-0.055664063,1.473282443,0.961832061,42.83969466
929,1780506917,-0.600341797,0.092041016,-0.115966797,-7.618320611,-0.755725191,52.92366412,0.663818359,-0.501708984,-0.053710938,2.549618321,2.839694656,49.0610687
930,1780506917,-0.591796875,0.081787109,-0.135498047,-3.992366412,-1.404580153,59.95419847,0.659423828,-0.474121094,-0.026123047,4.259541985,7.427480916,61.46564885
931,1780506917,-0.629638672,0.297851563,-0.142822266,-12.30534351,-0.816793893,72.48854962,0.789306641,-0.461914063,-0.016601563,5.099236641,7.213740458,65.09160305
932,1780506917,-0.674072266,-0.012207031,-0.079589844,-3.427480916,-2.549618321,84.00763359,0.721679688,-0.482910156,-0.032226563,5.572519084,11.64122137,71.57251908
933,1780506917,-0.676513672,0.044677734,-0.077636719,0.778625954,-4.748091603,91.18320611,0.750976563,-0.492431641,-0.084472656,6.045801527,19.29770992,80.0610687
934,1780506917,-0.710205078,0.063964844,-0.100341797,3.664122137,-6.618320611,98.96946565,0.771972656,-0.509521484,-0.072509766,5.885496183,26.16793893,87.74045802
935,1780506917,-0.793457031,-0.028320313,-0.099121094,10.40458015,-8.709923664,106,0.791992188,-0.552978516,-0.049560547,6.160305344,31.80916031,92.16793893
936,1780506917,-0.862304688,-0.019775391,-0.104980469,16.55725191,-10.73282443,114.1603053,0.791992188,-0.570068359,-0.040039063,6.328244275,36.8778626,95.98473282
937,1780506917,-0.882324219,-0.006347656,-0.106689453,19.90839695,-10.50381679,119.3358779,0.742675781,-0.572265625,-0.000244141,6.41221374,41.70992366,101.9847328
938,1780506917,-0.865478516,-0.005371094,-0.145996094,21.29007634,-10.22137405,126.259542,0.730712891,-0.555419922,0.0078125,7,43.81679389,108.648855
939,1780506917,-0.872558594,0.031005859,-0.132080078,20.23664122,-9.290076336,131.7709924,0.698974609,-0.558837891,0.010986328,7.687022901,43.40458015,114.5954198
940,1780506917,-0.919921875,0.038085938,-0.142578125,18.58778626,-7.732824427,137.6030534,0.696289063,-0.600830078,0.015625,6.732824427,41.33587786,117.4656489
941,1780506917,-1.010742188,0.031982422,-0.143554688,17.45038168,-7.061068702,143.870229,0.701171875,-0.654785156,0.049072266,4.435114504,38.88549618,121.389313
942,1780506917,-1.094238281,0.003662109,-0.126220703,13.24427481,-6.79389313,151.0076336,0.739257813,-0.718261719,0.099365234,2.114503817,34.58015267,120.610687
943,1780506917,-1.192138672,-0.016357422,-0.139160156,11.64885496,-6.633587786,156.3969466,0.747070313,-0.760253906,0.056884766,0.129770992,34.8778626,119.4732824
944,1780506917,-1.252929688,-0.082275391,-0.10546875,12.90076336,-7.541984733,163.6946565,0.724853516,-0.777099609,0.072998047,-1.625954198,38.93129771,118.0763359
945,1780506917,-1.221679688,-0.157958984,-0.079589844,15.67938931,-7.93129771,165.7328244,0.662353516,-0.708984375,0.1171875,-1.381679389,40.19847328,118.3435115
946,1780506917,-1.130126953,-0.157470703,-0.069824219,21.16793893,-6.648854962,164.610687,0.572265625,-0.677978516,0.114013672,-2.732824427,36.53435115,122.610687
947,1780506917,-1.080078125,-0.090576172,-0.066162109,17.3129771,-4.832061069,160.7175573,0.5390625,-0.729736328,0.086914063,-2.038167939,33.0610687,130.8549618
948,1780506917,-1.096435547,-0.063720703,-0.099853516,13.53435115,-2.969465649,156.0687023,0.531494141,-0.803710938,0.078369141,-0.41221374,30.29770992,138.8854962
949,1780506918,-1.174316406,-0.084716797,-0.127685547,6.847328244,-1.091603053,147.0534351,0.546875,-0.877441406,0.103027344,-0.282442748,25.64885496,146.9236641
950,1780506918,-1.351318359,-0.009277344,-0.162841797,5.404580153,0.473282443,145.1832061,0.601806641,-0.990234375,0.115966797,-1.633587786,20.70229008,144.2442748
951,1780506918,-1.465576172,-0.115478516,-0.15625,3.419847328,0.969465649,144.3740458,0.622314453,-1.071777344,0.135742188,-1.190839695,19.45038168,135.8167939
952,1780506918,-1.524902344,-0.063476563,-0.148193359,-4.427480916,1.480916031,148.610687,0.601806641,-0.959716797,0.12890625,-2.984732824,10.89312977,127.1832061
953,1780506918,-1.289794922,-0.248046875,-0.162841797,-0.664122137,3.106870229,149.8778626,0.613769531,-0.956787109,0.158203125,-4.396946565,9.351145038,117.3053435
954,1780506918,-1.368652344,-0.008300781,-0.127441406,-6.419847328,2.709923664,152.778626,0.615234375,-0.899169922,0.173583984,-4.229007634,4.893129771,113.5954198
955,1780506918,-1.257568359,-0.177246094,-0.096923828,-11.39694656,4.564885496,149.9465649,0.551513672,-0.862548828,0.160644531,-5.190839695,1.374045802,115.4885496
956,1780506918,-1.234130859,-0.115478516,-0.120361328,-7.977099237,8.694656489,142.8854962,0.567626953,-0.970214844,0.104248047,-3.297709924,2.34351145,120.9541985
957,1780506918,-1.353759766,-0.123779297,-0.12109375,-13.55725191,9.480916031,134.3587786,0.568847656,-1.130126953,0.083007813,-1.435114504,5.404580153,123.8473282
958,1780506918,-1.469482422,-0.194824219,-0.114990234,-13.23664122,9.351145038,126.2748092,0.562255859,-1.133789063,0.189453125,0.79389313,1.58778626,118.129771
959,1780506918,-1.504150391,-0.162109375,-0.139648438,-15.58015267,9.992366412,123.8854962,0.546875,-1.095947266,0.179931641,0.34351145,-6.839694656,109.1526718
960,1780506918,-1.462890625,-0.158691406,-0.120361328,-20.32061069,10.18320611,122.3282443,0.506591797,-1.07421875,0.163574219,-0.763358779,-12.53435115,99.49618321
961,1780506918,-1.364257813,-0.217529297,-0.111328125,-22.7480916,9.961832061,117.6793893,0.481201172,-1.008300781,0.150878906,-0.076335878,-16.34351145,90.98473282
962,1780506918,-1.245361328,-0.191650391,-0.154785156,-25.21374046,9.786259542,110.870229,0.458740234,-0.970458984,0.135009766,-0.419847328,-20.45038168,88.27480916
963,1780506918,-1.194824219,-0.172851563,-0.156005859,-27.32061069,13.02290076,102.5419847,0.453613281,-1.015380859,0.098388672,-0.473282443,-21.28244275,89.09160305
964,1780506918,-1.192871094,-0.184814453,-0.145996094,-28.92366412,14.03053435,93.23664122,0.458251953,-1.090576172,0.054443359,1.27480916,-19.80916031,93.13740458
965,1780506918,-1.280273438,-0.094970703,-0.183349609,-27.22137405,13.88549618,82.45801527,0.523681641,-1.115966797,0.116699219,3.20610687,-20.12977099,87.65648855
966,1780506918,-1.329101563,-0.282470703,-0.131835938,-32.85496183,14.55725191,75.97709924,0.431884766,-1.093994141,0.151123047,2.396946565,-25.01526718,82.61068702
967,1780506918,-1.273681641,-0.407958984,-0.123535156,-26.57251908,13.22137405,62.54961832,0.412841797,-1.053222656,0.139892578,2.969465649,-25.89312977,76.07633588
968,1780506918,-1.212890625,-0.283447266,-0.090332031,-29.45801527,12.5648855,56.6259542,0.400634766,-0.99609375,0.124267578,1.480916031,-27.45038168,65.88549618
969,1780506918,-1.136962891,-0.356689453,-0.099609375,-28.08396947,11.94656489,45.01526718,0.383544922,-0.971435547,0.12890625,2.717557252,-29.58778626,62.41984733
970,1780506918,-1.071289063,-0.323974609,-0.099121094,-27.54198473,11.35877863,34.38167939,0.367919922,-0.958984375,0.068603516,3.099236641,-30.32061069,57.88549618
971,1780506918,-1.019775391,-0.272705078,-0.108886719,-27.90839695,11.83206107,22.66412214,0.329101563,-1.013427734,0.054199219,4.198473282,-29.19847328,57.12977099
972,1780506918,-1.004394531,-0.217041016,-0.129394531,-27.38167939,12.85496183,11.69465649,0.314208984,-1.006347656,0.079589844,7.79389313,-30.4351145,59.98473282
973,1780506918,-1.014648438,-0.177734375,-0.146484375,-34.03053435,13.65648855,-2.778625954,0.338134766,-1.019042969,0.076660156,10.01526718,-34.26717557,62.51908397
974,1780506918,-1.0234375,-0.182617188,-0.152099609,-37.58015267,13.97709924,-12.03053435,0.317626953,-0.997314453,0.088134766,10.32824427,-40.97709924,62.13740458
975,1780506918,-1.039550781,-0.145996094,-0.152832031,-40.29770992,13.07633588,-19.85496183,0.314941406,-0.989990234,0.063232422,8.312977099,-45.35114504,58.3740458
976,1780506918,-1.053955078,-0.145751953,-0.151367188,-40.53435115,11.13740458,-27.22900763,0.313720703,-0.984375,0.035888672,6.839694656,-46.1221374,51.86259542
977,1780506918,-1.024658203,-0.12890625,-0.149902344,-37.23664122,10.00763359,-31.42748092,0.309570313,-0.959472656,0.030029297,6.229007634,-45.54961832,46.44274809
978,1780506918,-1.004882813,-0.048828125,-0.187011719,-36.45801527,9.977099237,-34.41984733,0.311279297,-0.975341797,0.017822266,6.236641221,-45.03816794,44.87022901
979,1780506918,-0.990966797,0.005859375,-0.197265625,-37.83206107,10.9389313,-36.79389313,0.296875,-0.985351563,0.035400391,6.671755725,-44.81679389,40.75572519
980,1780506918,-1.010009766,0.044433594,-0.201416016,-39.35877863,12.02290076,-39.27480916,0.286865234,-1.015380859,0.061767578,6.86259542,-46.15267176,39.22137405
981,1780506918,-1.022949219,0.072265625,-0.217041016,-41.82442748,13,-41.26717557,0.268066406,-1.029541016,0.074707031,6.229007634,-47.70229008,37.83969466
982,1780506918,-1.002441406,0.093994141,-0.212402344,-44.77862595,13.15267176,-42.58015267,0.255615234,-1.026123047,0.061279297,4.480916031,-51.07633588,36.87022901
983,1780506918,-0.985839844,0.162353516,-0.225341797,-46.69465649,14.44274809,-41.57251908,0.249023438,-1.005371094,0.063964844,3.755725191,-54.40458015,35.3129771
984,1780506918,-0.966308594,0.145019531,-0.310791016,-52.52671756,20.40458015,-41.99236641,0.219482422,-1.015380859,0.070800781,4.511450382,-57.61068702,35.59541985
985,1780506918,-1.019287109,-0.112060547,-0.227050781,-53.45801527,20.22900763,-48.29007634,0.188720703,-1.051513672,-0.012939453,2.893129771,-61.2519084,35.0610687
986,1780506918,-1.031005859,0.014160156,-0.219482422,-52.80152672,18.02290076,-51.00763359,0.205566406,-1.018554688,-0.041015625,0.58778626,-64.16030534,30.83969466
987,1780506918,-1.000732422,0.087402344,-0.233154297,-57.22137405,19.00763359,-48.76335878,0.222412109,-1.012695313,-0.01171875,0.801526718,-65.73282443,25.6259542
988,1780506918,-0.98828125,0.140625,-0.259521484,-56.7480916,19.76335878,-46.8778626,0.242675781,-1.020996094,-0.043457031,3.893129771,-64.53435115,22.10687023
989,1780506918,-0.971191406,0.231445313,-0.231689453,-59.65648855,19.77862595,-39.92366412,0.252685547,-0.998046875,-0.048339844,1.625954198,-65.55725191,20.54961832
990,1780506918,-0.950195313,0.249511719,-0.220214844,-62.21374046,19.16030534,-34.35114504,0.260742188,-0.9921875,-0.044189453,1.351145038,-67.77862595,19.26717557
991,1780506918,-0.953613281,0.222412109,-0.220703125,-62.83969466,18.47328244,-28.86259542,0.266113281,-0.995605469,-0.058105469,1.152671756,-65.8778626,18.87022901
992,1780506918,-0.953857422,0.190917969,-0.188476563,-59.35877863,16.42748092,-24.54198473,0.247558594,-0.976806641,0.001220703,0.633587786,-59.54198473,20.09160305
993,1780506918,-0.945556641,0.032958984,-0.202148438,-50.92366412,15.25954198,-24.74045802,0.288085938,-0.961914063,-0.024902344,-0.519083969,-49.44274809,22.09923664
994,1780506918,-0.944580078,0.002197266,-0.205566406,-42.24427481,14.03053435,-24.93129771,0.290039063,-0.972900391,-0.019775391,-1.610687023,-39.46564885,23.21374046
995,1780506918,-0.959960938,-0.019287109,-0.176757813,-32.13740458,12.82442748,-27.28244275,0.295898438,-0.999023438,-0.013183594,-2.259541985,-30.20610687,23.67175573
996,1780506918,-0.977050781,0.023925781,-0.166748047,-23.83969466,10.99236641,-24.7480916,0.257080078,-1.015136719,-0.012939453,-2.061068702,-23.35114504,23.58015267
997,1780506918,-0.997070313,0.06640625,-0.15234375,-17.20610687,9.366412214,-23.1221374,0.239013672,-1.037109375,0.003173828,-1.847328244,-15.48854962,22.35114504
998,1780506918,-1.004882813,0.096191406,-0.098876953,-11.94656489,6.984732824,-20.4351145,0.228271484,-1.035888672,0.037841797,-1.618320611,-8.320610687,20.11450382
999,1780506918,-1.005371094,0.068847656,-0.087890625,-7.496183206,5.045801527,-17.80916031,0.215576172,-1.045410156,0.048828125,-0.641221374,-5.229007634,17.45038168
1000,1780506918,-1.009521484,0.041748047,-0.106445313,-4.129770992,4.106870229,-16.09160305,0.215087891,-1.056640625,0.056884766,0.374045802,-2.977099237,14.80152672
1001,1780506918,-1.022949219,0.022949219,-0.119384766,-1.374045802,3.435114504,-15.18320611,0.214111328,-1.065673828,0.060791016,1.564885496,-1.061068702,13.03816794
1002,1780506918,-1.033691406,0.041259766,-0.146484375,0.267175573,3.488549618,-13.7480916,0.211181641,-1.091796875,0.057861328,2.694656489,0.404580153,11.48854962
1003,1780506918,-1.037109375,0.084716797,-0.158691406,0.335877863,3.610687023,-11.86259542,0.191894531,-1.076416016,0.043212891,3.27480916,2.007633588,10.24427481
1004,1780506918,-1.024414063,0.100341797,-0.196777344,-0.160305344,3.328244275,-9.129770992,0.190917969,-1.051757813,0.022705078,3.015267176,3.618320611,9.152671756
1005,1780506918,-0.987548828,0.113525391,-0.231933594,0.328244275,3.091603053,-6.549618321,0.174316406,-1.016357422,0.024902344,2.244274809,4.679389313,7.992366412
1006,1780506918,-0.96875,0.0859375,-0.241455078,0.954198473,2.954198473,-4.977099237,0.157226563,-0.991943359,0.015625,0.809160305,5.229007634,6.832061069
1007,1780506918,-0.928222656,0.090332031,-0.248046875,2.053435115,2.847328244,-3.595419847,0.127441406,-0.979003906,0.026123047,-0.832061069,5.328244275,3.938931298
1008,1780506918,-0.918945313,0.084472656,-0.25390625,2.977099237,2.557251908,-2.877862595,0.109863281,-0.979248047,0.025390625,-2.183206107,4.946564885,5.282442748
1009,1780506918,-0.914306641,0.111816406,-0.242431641,1.877862595,2.732824427,-1.603053435,0.098388672,-0.972412109,0.032470703,-3.328244275,2.748091603,3.969465649
1010,1780506918,-0.924316406,0.114257813,-0.2265625,0.20610687,3.053435115,-0.534351145,0.078125,-1.007324219,0.0390625,-3.770992366,0.854961832,3.236641221
1011,1780506918,-0.950927734,0.114257813,-0.218994141,-1.442748092,3.259541985,-0.526717557,0.077392578,-1.024169922,0.038818359,-3.58778626,-0.687022901,3.061068702
1012,1780506918,-0.955810547,0.112060547,-0.196044922,-2.702290076,3.099236641,-0.671755725,0.082763672,-1.016113281,0.031005859,-2.984732824,-1.564885496,2.72519084
1013,1780506918,-0.959228516,0.112548828,-0.185791016,-3.41221374,3.13740458,-0.946564885,0.09765625,-1.014892578,0.035644531,-2.251908397,-1.801526718,2.984732824
1014,1780506918,-0.951416016,0.123779297,-0.181396484,-3.72519084,2.832061069,-0.763358779,0.096679688,-1.008056641,0.044921875,-1.465648855,-1.076335878,3.442748092
1015,1780506918,-0.947265625,0.115966797,-0.178710938,-4.93129771,2.977099237,-0.877862595,0.089355469,-1.01171875,0.041992188,-1.381679389,-1.091603053,3.748091603
1016,1780506918,-0.950195313,0.035644531,-0.162353516,0.297709924,1.519083969,-2.977099237,0.096923828,-0.988769531,0.030029297,-1,1.809160305,7.267175573
1017,1780506918,-0.933349609,0.083496094,-0.190673828,2.679389313,1.20610687,-5.824427481,0.133544922,-0.984863281,0.051513672,-0.526717557,5.076335878,10.1221374
1018,1780506918,-0.941894531,0.223632813,-0.225585938,-5.801526718,2.427480916,-2.557251908,0.116943359,-1.004638672,0.055908203,-0.641221374,2.908396947,6.671755725
1019,1780506918,-0.952392578,0.07421875,-0.195800781,0.496183206,2.320610687,0.564885496,0.101074219,-1.000488281,0.037109375,-1.694656489,1.65648855,3.030534351
1020,1780506918,-0.947753906,0.067871094,-0.194335938,4.320610687,1.305343511,0.198473282,0.060546875,-1.011230469,0.044677734,-1.916030534,3.603053435,2.732824427
1021,1780506918,-0.949462891,0.114501953,-0.188476563,0.305343511,1.519083969,-0.129770992,0.049804688,-1.014892578,0.060302734,-1.717557252,3.847328244,2.122137405
1022,1780506918,-0.954345703,0.079589844,-0.1953125,-0.885496183,1.618320611,-1.061068702,0.045166016,-1.007080078,0.038818359,-1.824427481,-0.786259542,1.709923664
1023,1780506918,-0.943359375,0.135253906,-0.205566406,-2.541984733,1.374045802,-1.198473282,0.065917969,-0.999755859,0.042480469,-1.679389313,-1.198473282,1.854961832
1024,1780506918,-0.934814453,0.144775391,-0.203613281,-4.58778626,1.671755725,-1.358778626,0.068847656,-1.005371094,0.051269531,-1.450381679,-2.099236641,2.061068702
1025,1780506918,-0.940185547,0.140380859,-0.217529297,-5.34351145,2.167938931,-1.106870229,0.064941406,-1.001708984,0.033691406,-1.312977099,-3.335877863,2.282442748
1026,1780506918,-0.947753906,0.130126953,-0.211669922,-3.916030534,0.015267176,-1.351145038,0.060058594,-1.004882813,0.039794922,-1.496183206,-3.58778626,2.282442748
1027,1780506918,-0.945068359,0.127197266,-0.187988281,-6.083969466,1.893129771,-1.251908397,0.064453125,-1.006103516,0.043701172,-1.404580153,-3.58778626,2.251908397
1028,1780506918,-0.944091797,0.113525391,-0.204101563,-5.938931298,2.007633588,-1.358778626,0.067626953,-0.999755859,0.052490234,-1.450381679,-3.870229008,2.022900763
1029,1780506918,-0.947021484,0.115478516,-0.198730469,-6.053435115,2.129770992,-1.885496183,0.067626953,-0.998291016,0.051757813,-1.603053435,-3.648854962,1.687022901
1030,1780506918,-0.941894531,0.12109375,-0.206298828,-5.65648855,2.022900763,-1.763358779,0.072021484,-1.000488281,0.044677734,-1.610687023,-3.641221374,1.717557252
1031,1780506918,-0.940429688,0.118408203,-0.197753906,-5.564885496,2.183206107,-1.732824427,0.072998047,-1.009277344,0.040771484,-1.213740458,-3.351145038,1.717557252
1032,1780506918,-0.954345703,0.139160156,-0.199462891,-5.435114504,1.832061069,-1.870229008,0.082275391,-1.012451172,0.037597656,-1.038167939,-2.580152672,1.786259542
1033,1780506919,-0.951660156,0.112060547,-0.206054688,-4.977099237,1.885496183,-1.916030534,0.068359375,-1.010009766,0.040039063,-0.900763359,-1.854961832,1.419847328
1034,1780506919,-0.951171875,0.105957031,-0.198486328,-4.099236641,1.648854962,-1.603053435,0.081298828,-1.008789063,0.047119141,-0.824427481,-1.374045802,1.396946565
1035,1780506919,-0.942382813,0.119628906,-0.212158203,-3.595419847,1.496183206,-1.86259542,0.071289063,-1.009521484,0.032958984,-0.877862595,-0.854961832,1.351145038
1036,1780506919,-0.943359375,0.110839844,-0.207519531,-3.290076336,1.511450382,-1.908396947,0.076904297,-1.014892578,0.031738281,-1.053435115,-1.183206107,1.381679389
1037,1780506919,-0.951904297,0.12109375,-0.2109375,-3.709923664,1.374045802,-1.847328244,0.069824219,-1.016601563,0.033935547,-0.893129771,-1.503816794,1.20610687
1038,1780506919,-0.946289063,0.126953125,-0.210205078,-4.389312977,0.969465649,-1.93129771,0.069824219,-1.007324219,0.026611328,-0.893129771,-2.328244275,1.381679389
1039,1780506919,-0.934082031,0.118408203,-0.218505859,-5.198473282,1.27480916,-2.007633588,0.061523438,-1.000488281,0.024414063,-0.648854962,-3.083969466,1.213740458
1040,1780506919,-0.9375,0.116943359,-0.225097656,-6.229007634,1.175572519,-2.328244275,0.058837891,-1.003173828,0.048583984,-0.709923664,-4.671755725,0.977099237
1041,1780506919,-0.938232422,0.124267578,-0.203613281,-7.610687023,1.221374046,-2.480916031,0.065429688,-0.999023438,0.028320313,-0.79389313,-6.13740458,1.083969466
1042,1780506919,-0.947021484,0.117431641,-0.224365234,-8.41221374,1.114503817,-2.816793893,0.064941406,-1.005371094,0.027832031,-0.877862595,-6.824427481,0.778625954
1043,1780506919,-0.938232422,0.116455078,-0.216064453,-9.038167939,1.099236641,-2.824427481,0.068359375,-1.0078125,0.026855469,-1.076335878,-7.381679389,0.671755725
1044,1780506919,-0.947021484,0.120605469,-0.223632813,-9.374045802,0.893129771,-2.946564885,0.070556641,-1.016601563,0.025146484,-0.992366412,-7.236641221,0.564885496
1045,1780506919,-0.951416016,0.117675781,-0.218261719,-9.534351145,0.671755725,-2.877862595,0.075439453,-1.007080078,0.025878906,-1.030534351,-7.236641221,0.549618321
1046,1780506919,-0.942382813,0.121337891,-0.220703125,-9.351145038,0.465648855,-2.86259542,0.071289063,-1.009765625,0.020263672,-0.702290076,-7.832061069,0.740458015
1047,1780506919,-0.948730469,0.14453125,-0.2109375,-9.564885496,0.259541985,-2.618320611,0.067626953,-1.010986328,0.026611328,-0.610687023,-7.870229008,1.030534351
1048,1780506919,-0.946533203,0.135253906,-0.212890625,-10.04580153,0.427480916,-3.007633588,0.075195313,-1.012695313,0.038818359,-0.152671756,-7.977099237,1.183206107
1049,1780506919,-0.944335938,0.110839844,-0.210205078,-10.27480916,0.221374046,-2.435114504,0.083496094,-1.010253906,0.024902344,0.038167939,-8.160305344,1.122137405
1050,1780506919,-0.953125,0.113769531,-0.216308594,-9.977099237,0.213740458,-2.564885496,0.092041016,-1.001220703,0.018066406,0.374045802,-7.114503817,1.20610687
1051,1780506919,-0.944335938,0.111816406,-0.21875,-9.557251908,0.13740458,-2.221374046,0.102050781,-1.004638672,0.028564453,0.687022901,-6.160305344,1.267175573
1052,1780506919,-0.950439453,0.107177734,-0.211669922,-9.007633588,-0.34351145,-1.778625954,0.111816406,-1.003417969,0.0390625,0.816793893,-5.351145038,0.885496183
1053,1780506919,-0.947265625,0.103515625,-0.209228516,-8.572519084,-0.351145038,-1.290076336,0.118164063,-1.005371094,0.016845703,0.755725191,-4.877862595,0.541984733
1054,1780506919,-0.948242188,0.086669922,-0.208740234,-9.687022901,-0.778625954,-1.061068702,0.121582031,-1.009765625,0.021484375,0.641221374,-3.816793893,0.664122137
1055,1780506919,-0.952392578,0.12109375,-0.226806641,-8.06870229,-1.106870229,0.809160305,0.152587891,-1.046630859,0.030029297,0.618320611,-3.832061069,-4.259541985
1056,1780506919,-0.960693359,0.103271484,-0.211181641,-12.97709924,-0.809160305,6.519083969,0.125488281,-1.014892578,0.010742188,-0.145038168,-3.549618321,-7.488549618
1057,1780506919,-0.961181641,0.013916016,-0.197021484,-3.396946565,-2.167938931,5.404580153,0.124267578,-1.030273438,-0.005371094,-0.603053435,-0.480916031,-7.442748092
1058,1780506919,-0.957763672,0.121582031,-0.234130859,-5.648854962,-2.58778626,7.091603053,0.158203125,-1.020019531,0.024658203,-0.045801527,0.900763359,-9.511450382
1059,1780506919,-0.957275391,0.050537109,-0.207519531,-5.13740458,-3.175572519,9.183206107,0.176269531,-1.006591797,-0.000732422,-0.251908397,1.488549618,-12.74045802
1060,1780506919,-0.957519531,0.074707031,-0.220703125,-5.839694656,-1.977099237,12.85496183,0.197265625,-1.008056641,-0.016601563,-0.572519084,3.79389313,-16.7480916
1061,1780506919,-0.962158203,0.088867188,-0.216064453,-1.671755725,-7.702290076,18.84732824,0.263671875,-1.051757813,-0.087646484,-2.480916031,6.091603053,-22.05343511
1062,1780506919,-0.874267578,-0.044677734,-0.240722656,2.519083969,-5.213740458,22.09160305,0.218505859,-1.040527344,0.032714844,-1.374045802,9.984732824,-27.87022901
1063,1780506919,-0.980712891,0.051513672,-0.216552734,3.114503817,-8.183206107,27.26717557,0.2578125,-1.05859375,-0.056396484,-2.93129771,11.00763359,-33.19847328
1064,1780506919,-1.027099609,0.004882813,-0.254394531,2.015267176,-8.442748092,31.94656489,0.296875,-1.03515625,-0.057617188,-4.328244275,14.73282443,-40.01526718
1065,1780506919,-1.037841797,-0.020507813,-0.258300781,10.13740458,-9.824427481,38.05343511,0.381591797,-1.022216797,-0.080810547,-4.854961832,21.3129771,-47.23664122
1066,1780506919,-1.037597656,-0.0234375,-0.258544922,16.19083969,-11.51908397,46.09160305,0.437011719,-0.9921875,-0.118896484,-6.946564885,29.76335878,-57.90076336
1067,1780506919,-1.013183594,-0.024169922,-0.262695313,25.99236641,-13.2519084,55.41221374,0.4921875,-0.958007813,-0.114746094,-8.58778626,40.8778626,-64.64122137
1068,1780506919,-1.017089844,0.007080078,-0.259521484,33.73282443,-14.61068702,64.03816794,0.507324219,-0.946289063,-0.123046875,-11.11450382,51.51145038,-72.76335878
1069,1780506919,-1.05078125,0.015380859,-0.244384766,41.5648855,-15.97709924,70.49618321,0.485839844,-0.964355469,-0.005859375,-11.95419847,61.05343511,-74.82442748
1070,1780506919,-1.034423828,-0.009521484,-0.261230469,49.95419847,-17.29770992,72.12977099,0.411865234,-0.989013672,0.036621094,-12.36641221,68.23664122,-74.84732824
1071,1780506919,-1.064941406,-0.034667969,-0.222167969,57.51908397,-18.47328244,70.08396947,0.318359375,-1.01953125,-0.037109375,-17.13740458,73.84732824,-75.05343511
1072,1780506919,-1.051513672,-0.006347656,-0.227050781,59.71755725,-16.64122137,65.10687023,0.221191406,-1.073486328,0.102783203,-14.82442748,74.47328244,-75.05343511
1073,1780506919,-1.072509766,0.083984375,-0.181640625,59.27480916,-15.83206107,57.88549618,0.108642578,-1.125732422,0.116699219,-14.28244275,67.63358779,-73.16793893
1074,1780506919,-1.043701172,0.120605469,-0.286621094,54.86259542,-12.87022901,47.13740458,-0.03125,-1.110107422,0.155273438,-14.1221374,57.95419847,-69.88549618
1075,1780506919,-0.911376953,-0.056884766,-0.439941406,41.67938931,-3.20610687,28.45801527,-0.154785156,-1.110107422,0.186523438,-13.63358779,42.76335878,-64.16793893
1076,1780506919,-0.877197266,-0.500732422,-0.364990234,21.86259542,3.916030534,-8.221374046,-0.272460938,-1.151611328,0.168701172,-11.41221374,17.05343511,-50.48854962
1077,1780506919,-0.906494141,-0.907958984,-0.236572266,7.389312977,4.335877863,-55.4351145,-0.192382813,-1.178222656,0.115966797,-10.77099237,-8.038167939,-42.66412214
1078,1780506919,-0.992431641,-0.703857422,-0.280517578,-0.41221374,7.198473282,-90.38931298,-0.156005859,-1.039306641,0.068847656,-9.870229008,-27.6870229,-42.77099237
1079,1780506919,-1.020751953,-0.559814453,-0.369873047,-15.04580153,14.99236641,-117.8854962,-0.029296875,-1.049316406,0.001220703,-8.86259542,-42.18320611,-44.02290076
1080,1780506919,-1.100341797,-0.463134766,-0.401367188,-24.20610687,20.79389313,-138.9847328,0.253417969,-0.997802734,0.012207031,-8.709923664,-50.75572519,-45.02290076
1081,1780506919,-1.239257813,-0.426757813,-0.362304688,-32.16030534,23.69465649,-153.5801527,0.438720703,-1.003662109,-0.023681641,-11.22900763,-55.80916031,-49.70992366
1082,1780506919,-1.34765625,-0.351806641,-0.391845703,-34.58778626,26.18320611,-159.0610687,0.569091797,-0.993164063,-0.037109375,-13.6870229,-56.51908397,-57.14503817
1083,1780506919,-1.378662109,-0.294921875,-0.399414063,-32.78625954,27.42748092,-158.1068702,0.671142578,-0.990234375,-0.014404297,-19.77099237,-51.58015267,-66.28244275
1084,1780506919,-1.405029297,-0.251953125,-0.370605469,-27.58778626,32.36641221,-153.9389313,0.724365234,-1.009521484,-0.055175781,-21.91603053,-43.35114504,-75.20610687
1085,1780506919,-1.395263672,-0.209960938,-0.340820313,-22.90839695,34.4351145,-147.4045802,0.818115234,-1.002685547,-0.030273438,-24.96183206,-37.52671756,-82.27480916
1086,1780506919,-1.430175781,-0.194580078,-0.302978516,-20.26717557,35.70229008,-137.480916,0.874511719,-1.049316406,-0.059082031,-27.3740458,-31.48091603,-96.67938931
1087,1780506919,-1.508544922,-0.236083984,-0.264892578,-15.96946565,34.6870229,-125.3435115,0.907958984,-1.115234375,-0.056884766,-31.00763359,-23.22900763,-111.6030534
1088,1780506919,-1.558105469,-0.437744141,-0.165283203,-17.04580153,32.74045802,-118.1450382,0.802490234,-1.098632813,-0.171875,-32.87022901,-14.86259542,-127
1089,1780506919,-1.444335938,-0.454589844,-0.163574219,11.54198473,24.90076336,-115.2900763,0.857910156,-0.999267578,-0.159423828,-30.38931298,-4,-138.5267176
1090,1780506919,-1.407958984,-0.225097656,-0.132324219,10.73282443,23.4351145,-107.5496183,0.80859375,-1.016357422,-0.17578125,-27.66412214,2.450381679,-143.2519084
1091,1780506919,-1.400878906,-0.438720703,-0.115966797,20.10687023,16.81679389,-109.8320611,0.749511719,-0.977050781,-0.063232422,-23.51908397,8.20610687,-144.4503817
1092,1780506919,-1.412353516,-0.367919922,-0.120849609,24.57251908,12.41984733,-113.6717557,0.713623047,-1.057861328,-0.076904297,-23.34351145,7.34351145,-145.1755725
1093,1780506919,-1.439941406,-0.353759766,-0.185302734,26.35114504,7.404580153,-117.740458,0.706298828,-1.0703125,-0.076171875,-22.44274809,9.244274809,-144.9312977
1094,1780506919,-1.442382813,-0.327636719,-0.213623047,30.29007634,5.847328244,-122.221374,0.731933594,-1.051269531,-0.095947266,-22.11450382,13.2519084,-144.6030534
1095,1780506919,-1.429931641,-0.290039063,-0.255859375,31.69465649,1.618320611,-123.1603053,0.760986328,-1.023681641,-0.075439453,-21.65648855,13.72519084,-144.0458015
1096,1780506919,-1.385498047,-0.298583984,-0.289550781,33.41221374,0.992366412,-127.2366412,0.7734375,-0.996826172,-0.044433594,-19.90076336,18.41221374,-144.8854962
1097,1780506919,-1.398925781,-0.26953125,-0.28515625,34.76335878,0.732824427,-127.6259542,0.784912109,-0.958984375,-0.061767578,-19.82442748,17.97709924,-146.9694656
1098,1780506919,-1.363037109,-0.227539063,-0.302001953,33.6870229,0.458015267,-125.6412214,0.763916016,-0.944335938,-0.051269531,-19.16030534,17.44274809,-150.1374046
1099,1780506919,-1.330078125,-0.229003906,-0.274414063,32.83969466,-0.458015267,-124.6335878,0.739257813,-0.905761719,-0.0625,-18.60305344,16.42748092,-149.870229
1100,1780506919,-1.279785156,-0.188720703,-0.278320313,30.70992366,-1.221374046,-125.3053435,0.747558594,-0.861816406,-0.065185547,-16.78625954,15.64885496,-147.5267176
1101,1780506919,-1.223876953,-0.223632813,-0.231445313,29.83206107,-2.427480916,-126.351145,0.732421875,-0.8046875,-0.084472656,-15.08396947,17.0610687,-144.8167939
1102,1780506919,-1.185058594,-0.217285156,-0.208251953,29.90076336,-4.282442748,-128.9618321,0.735839844,-0.785644531,-0.096191406,-13.79389313,16.61832061,-141.9007634
1103,1780506919,-1.171386719,-0.201416016,-0.196044922,29.64885496,-6.58778626,-127.9618321,0.726318359,-0.772705078,-0.09765625,-12.80916031,17.03816794,-140.5572519
1104,1780506919,-1.147705078,-0.219726563,-0.181640625,29.78625954,-9.557251908,-129.2366412,0.720214844,-0.747558594,-0.090087891,-11.57251908,17.78625954,-135.5572519
1105,1780506919,-1.12109375,-0.222167969,-0.190673828,29.32061069,-13.00763359,-129.8854962,0.707763672,-0.707763672,-0.087402344,-10.77099237,18.67938931,-133.3358779
1106,1780506919,-1.083496094,-0.216064453,-0.201904297,35.63358779,-15.61068702,-129.4580153,0.717285156,-0.676757813,-0.0703125,-8.870229008,21.48854962,-132
1107,1780506919,-1.035644531,-0.119384766,-0.214111328,34.84732824,-16.48854962,-125.9160305,0.722167969,-0.638427734,-0.044921875,-6.961832061,21.58778626,-131.3816794
1108,1780506919,-1.010742188,-0.081298828,-0.220947266,32.73282443,-16.61068702,-121.5648855,0.701416016,-0.619628906,-0.047851563,-5.870229008,21.3129771,-128.221374
1109,1780506919,-0.966796875,-0.061279297,-0.244628906,35.42748092,-17.21374046,-119.0381679,0.746337891,-0.613037109,-0.027587891,-3.175572519,22.90839695,-126.6183206
1110,1780506919,-0.936035156,0.093017578,-0.190429688,23.78625954,-17,-108.4122137,0.706298828,-0.564208984,-0.059570313,-3.503816794,18.97709924,-123.9923664
1111,1780506919,-0.855224609,-0.072753906,-0.177734375,28.54198473,-18.86259542,-105.389313,0.657714844,-0.527832031,-0.059082031,-2.58778626,17.9389313,-118.7099237
1112,1780506919,-0.787353516,0.124511719,-0.1796875,26,-20.24427481,-98.73282443,0.667480469,-0.51953125,-0.085693359,-1.79389313,17.67175573,-113
1113,1780506919,-0.746337891,0.100830078,-0.1796875,24.32824427,-22.02290076,-93.48854962,0.656982422,-0.499755859,-0.0546875,-0.13740458,17.58778626,-103.870229
1114,1780506919,-0.703857422,0.141113281,-0.207763672,24.58778626,-22.58015267,-85.64122137,0.633789063,-0.464111328,-0.0234375,0.847328244,19.76335878,-96.06870229
1115,1780506919,-0.637695313,0.179931641,-0.238037109,23.22137405,-21.14503817,-79.24427481,0.596923828,-0.428710938,-0.010498047,0.618320611,18.77099237,-86
1116,1780506920,-0.544677734,0.182861328,-0.280029297,22.30534351,-18.66412214,-75.23664122,0.556640625,-0.407714844,0.037841797,0.679389313,19.45038168,-72.61068702
1117,1780506920,-0.506591797,0.303466797,-0.301757813,19.94656489,-14.89312977,-70.26717557,0.580322266,-0.384277344,0.044189453,1.290076336,14.49618321,-63.04580153
1118,1780506920,-0.476074219,0.278808594,-0.296142578,15.14503817,-10.76335878,-59.83206107,0.564941406,-0.377197266,0.014160156,0.34351145,10.05343511,-56.44274809
1119,1780506920,-0.462158203,0.221679688,-0.255615234,9.183206107,-8.954198473,-51.51908397,0.552246094,-0.365966797,-0.003662109,-0.534351145,5.618320611,-46.00763359
1120,1780506920,-0.447265625,0.268310547,-0.249755859,5.473282443,-6.946564885,-43.09923664,0.562011719,-0.348388672,0.001464844,-1.114503817,1.366412214,-37.28244275
1121,1780506920,-0.408203125,0.281738281,-0.203369141,1.374045802,-5.961832061,-34.80916031,0.573486328,-0.313232422,0.022460938,-1.320610687,-1.229007634,-32.58778626
1122,1780506920,-0.422363281,0.487060547,-0.184814453,-5.595419847,-3.664122137,-14.52671756,0.583496094,-0.255371094,0.007080078,-1.122137405,-3.916030534,-28.5648855
1123,1780506920,-0.288574219,0.168945313,-0.170898438,-3.297709924,-2.541984733,-7.351145038,0.53515625,-0.271972656,-0.022460938,-1.351145038,-4.160305344,-10.6870229
1124,1780506920,-0.263183594,0.288085938,-0.177001953,-5.58778626,-1.580152672,-3.404580153,0.577148438,-0.282958984,-0.053466797,0.282442748,-0.610687023,5.083969466
1125,1780506920,-0.373779297,0.37109375,-0.212402344,-8,-1.946564885,7.053435115,0.668945313,-0.302978516,-0.072265625,0.778625954,5.503816794,15.20610687
1126,1780506920,-0.423828125,0.184326172,-0.138427734,-1.114503817,-2.175572519,17.13740458,0.673583984,-0.319091797,-0.068115234,1.923664122,11.00763359,21.58015267
1127,1780506920,-0.426269531,0.154296875,-0.162597656,8.687022901,-5.839694656,26.51145038,0.670654297,-0.31640625,-0.055175781,-1.183206107,15.52671756,32.1221374
1128,1780506920,-0.429443359,0.1796875,-0.160400391,10.38167939,-4.427480916,35.93129771,0.64453125,-0.336669922,-0.030761719,-0.847328244,17.99236641,40.84732824
1129,1780506920,-0.439453125,0.215820313,-0.153320313,10.55725191,-4.290076336,44.76335878,0.609619141,-0.339599609,-0.003417969,-0.221374046,19.00763359,49.48091603
1130,1780506920,-0.452392578,0.226074219,-0.160644531,8.893129771,-2.854961832,51.03816794,0.595947266,-0.344238281,0.003417969,-0.091603053,17.17557252,56.6870229
1131,1780506920,-0.489257813,0.214599609,-0.168457031,5.511450382,-1.320610687,61.23664122,0.623291016,-0.375732422,-0.000488281,0.755725191,15.7480916,67.00763359
1132,1780506920,-0.544921875,0.181152344,-0.174316406,3.236641221,-0.580152672,68.96946565,0.645751953,-0.408935547,-0.008300781,0.007633588,14.06870229,72.44274809
1133,1780506920,-0.609375,0.116699219,-0.178955078,2.190839695,0.091603053,76.10687023,0.686035156,-0.439453125,0.001953125,-0.312977099,12.51908397,81.51145038
1134,1780506920,-0.67578125,0.122802734,-0.173828125,0.435114504,1.282442748,83.42748092,0.721435547,-0.478027344,-0.005126953,-0.442748092,12.05343511,88.7480916
1135,1780506920,-0.731689453,0.103027344,-0.155761719,-0.335877863,3.86259542,91.7480916,0.796386719,-0.478759766,0.037353516,0.709923664,14.59541985,89.53435115
1136,1780506920,-0.855224609,0.198974609,-0.183837891,-7.34351145,3.20610687,107.1679389,0.784423828,-0.468261719,0.037841797,-0.770992366,15.57251908,91.03053435
1137,1780506920,-0.784179688,-0.1015625,-0.114746094,0.167938931,2.419847328,112.5648855,0.706298828,-0.462890625,0.002441406,-1.290076336,15.46564885,97.08396947
1138,1780506920,-0.76171875,0.052978516,-0.097167969,1.687022901,2.396946565,117.7251908,0.764892578,-0.459228516,-0.026611328,-1.213740458,16.75572519,106.3435115
1139,1780506920,-0.791015625,0.011230469,-0.098632813,2.091603053,1.740458015,120.9465649,0.789306641,-0.517822266,-0.049804688,-0.236641221,21.97709924,115.7938931
1140,1780506920,-0.901611328,-0.026611328,-0.092285156,4.709923664,-0.564885496,125.0229008,0.831298828,-0.559326172,-0.021728516,0.473282443,26.50381679,121.1068702
1141,1780506920,-1.011962891,-0.033691406,-0.079833984,8.183206107,-2.083969466,132.1068702,0.833251953,-0.599853516,-0.00390625,0.145038168,30.35877863,121.740458
1142,1780506920,-1.078857422,-0.041503906,-0.082275391,13.63358779,-4.076335878,140.0687023,0.847167969,-0.624511719,0.004882813,-1.946564885,33.28244275,121.5954198
1143,1780506920,-1.125976563,-0.00390625,-0.085693359,17.25954198,-5.41221374,148.3664122,0.860107422,-0.625732422,0.024169922,-2.648854962,37.41221374,122.0534351
1144,1780506920,-1.137451172,0.020019531,-0.114013672,16.88549618,-4.610687023,156.7328244,0.831298828,-0.619873047,0.0625,-3.335877863,39.84732824,123.1679389
1145,1780506920,-1.111572266,0.018066406,-0.08984375,15.12977099,-3.480916031,163.6259542,0.761962891,-0.574707031,0.157470703,-4.664122137,37.55725191,125.3664122
1146,1780506920,-1.084716797,-0.030517578,-0.088623047,15.46564885,-2.419847328,167.0229008,0.696289063,-0.599609375,0.169433594,-6.312977099,34.50381679,130.5725191
1147,1780506920,-1.121337891,-0.049804688,-0.083007813,16.44274809,-2.213740458,166.3664122,0.704345703,-0.714355469,0.046630859,-7.824427481,35.02290076,136.5114504
1148,1780506920,-1.24609375,-0.09375,-0.068359375,18.03816794,-3.297709924,164.6183206,0.735351563,-0.829345703,0.025390625,-10.19847328,42.18320611,137.8854962
1149,1780506920,-1.394042969,-0.115478516,-0.063964844,22.65648855,-4.198473282,164.2442748,0.730224609,-0.881835938,0.047119141,-9.152671756,46.35114504,134.4427481
1150,1780506920,-1.423583984,-0.114013672,-0.091552734,24.44274809,-4.923664122,165.480916,0.687011719,-0.85546875,0.110595703,-10.65648855,43.48091603,127.9236641
1151,1780506920,-1.377197266,-0.149658203,-0.100097656,24.64885496,-5.610687023,165.5801527,0.601806641,-0.809326172,0.173828125,-13.65648855,34,122.3969466
1152,1780506920,-1.291503906,-0.152832031,-0.112304688,24.54198473,-5.770992366,163.7022901,0.553710938,-0.772705078,0.163818359,-16.75572519,25.61832061,120.6870229
1153,1780506920,-1.211425781,-0.079345703,-0.133056641,21.61068702,-2.20610687,159.3740458,0.569824219,-0.811035156,0.114013672,-18.7480916,23.36641221,123.1145038
1154,1780506920,-1.183105469,-0.023193359,-0.15625,17.22137405,3.213740458,151.7251908,0.610595703,-0.931884766,0.084228516,-15.32824427,26.77862595,134.0305344
1155,1780506920,-1.267822266,-0.125488281,-0.158447266,13.26717557,6.58778626,142.5343511,0.611083984,-1,0.111328125,-11.99236641,29.38167939,140.3129771
1156,1780506920,-1.397949219,-0.032958984,-0.192138672,15.11450382,9.687022901,135.1221374,0.631835938,-1.001953125,0.221679688,-12.21374046,20.90076336,135.1145038
1157,1780506920,-1.440917969,-0.201660156,-0.121582031,8.450381679,11.93129771,129.8549618,0.517578125,-1.028808594,0.240722656,-14.9389313,10.67175573,128.3664122
1158,1780506920,-1.420654297,-0.166259766,-0.096679688,6.167938931,12.6870229,123.9923664,0.477294922,-1.006103516,0.190673828,-15.19083969,5.312977099,121.1755725
1159,1780506920,-1.319580078,-0.112304688,-0.098144531,2.145038168,14.80152672,119.7938931,0.486083984,-0.952636719,0.200195313,-13.83969466,-1.038167939,111.870229
1160,1780506920,-1.279052734,-0.054931641,-0.111572266,-5.801526718,15.63358779,118.4351145,0.487060547,-0.936279297,0.165283203,-12.58015267,-8.72519084,106.0992366
1161,1780506920,-1.232177734,-0.049560547,-0.106933594,-9.145038168,20.87022901,113.4427481,0.525634766,-1.006103516,0.113769531,-10.19083969,-12.16793893,105.1068702
1162,1780506920,-1.267333984,0.018310547,-0.112792969,-13.89312977,21.92366412,107.8244275,0.572509766,-1.061279297,0.092041016,-8.687022901,-14.2519084,107.7709924
1163,1780506920,-1.305908203,-0.036132813,-0.119873047,-19.06870229,20.73282443,101.3816794,0.606201172,-1.096191406,0.087890625,-9.854961832,-16.69465649,106.2748092
1164,1780506920,-1.395019531,-0.079345703,-0.094238281,-21.82442748,20.72519084,97.02290076,0.597167969,-1.130615234,0.114257813,-10.6259542,-17.64122137,100.3435115
1165,1780506920,-1.449951172,-0.165039063,-0.079589844,-19.33587786,19.50381679,91.14503817,0.570556641,-1.143554688,0.162353516,-8.809160305,-16.21374046,93
1166,1780506920,-1.390380859,-0.161621094,-0.053466797,-18.24427481,18.36641221,84.69465649,0.529296875,-1.071777344,0.166015625,-6.41221374,-17.89312977,87.64885496
1167,1780506920,-1.262207031,-0.214599609,-0.072265625,-20,18.90839695,77.48091603,0.451660156,-0.984863281,0.159423828,-5.671755725,-21.49618321,78.74045802
1168,1780506920,-1.181640625,-0.232177734,-0.088378906,-21.45038168,19.29007634,70.4351145,0.446044922,-0.968505859,0.15625,-4.86259542,-24.52671756,72.61068702
1169,1780506920,-1.127197266,-0.111083984,-0.124755859,-21.22137405,20.90076336,63.9389313,0.4375,-0.991210938,0.130615234,-3.27480916,-24.29007634,67.97709924
1170,1780506920,-1.133789063,-0.044921875,-0.118896484,-25.22900763,23.83206107,60.57251908,0.451171875,-1.030029297,0.104980469,-1.328244275,-25.35877863,64.3129771
1171,1780506920,-1.167236328,-0.028076172,-0.086914063,-29.4351145,24.45038168,51.92366412,0.431884766,-1.086669922,0.038818359,1,-26.42748092,62.84732824
1172,1780506920,-1.155029297,-0.277832031,-0.055175781,-28.13740458,21.50381679,37.96946565,0.382324219,-1.129638672,0.070800781,1.908396947,-28.38167939,67.72519084
1173,1780506920,-1.156982422,-0.076416016,-0.041992188,-32.05343511,18.64885496,26.05343511,0.428955078,-1.105224609,0.129394531,4.305343511,-32.35114504,65.92366412
1174,1780506920,-1.126708984,-0.145263672,-0.035644531,-35.88549618,16.22900763,18.26717557,0.458984375,-1.061767578,0.115234375,3.625954198,-36.40458015,59.10687023
1175,1780506920,-1.172851563,-0.241943359,-0.012207031,-31.40458015,12.69465649,11.50381679,0.367431641,-1.024902344,0.104736328,2.93129771,-36.96946565,52.26717557
1176,1780506920,-1.092285156,-0.217529297,-0.043212891,-27.46564885,9.526717557,0.564885496,0.335449219,-0.987792969,0.062011719,2.503816794,-33.77862595,47.90076336
1177,1780506920,-1.041992188,-0.191650391,-0.08203125,-25.25954198,8.328244275,-9.755725191,0.335449219,-1.005371094,0.053466797,3.366412214,-29.90839695,45.86259542
1178,1780506920,-1.015380859,-0.119140625,-0.109619141,-21.6870229,8.236641221,-19.22900763,0.316894531,-1.020019531,0.066894531,5.030534351,-28.61068702,45.93129771
1179,1780506920,-1.012207031,-0.045654297,-0.168945313,-21.82442748,8.961832061,-25.53435115,0.305664063,-1.032226563,0.075683594,5.648854962,-29.53435115,46.4351145
1180,1780506920,-1.009033203,0.048583984,-0.175292969,-23.09160305,9.916030534,-34.54198473,0.284423828,-1.031738281,0.086425781,5.763358779,-31.24427481,46.67175573
1181,1780506920,-0.999023438,0.074462891,-0.209228516,-24.41221374,10.9389313,-39.92366412,0.286376953,-1.017333984,0.073242188,5.786259542,-32.66412214,47.03053435
1182,1780506920,-0.987060547,0.121582031,-0.220458984,-26.09160305,12.63358779,-43.59541985,0.281494141,-0.987792969,0.058837891,5.480916031,-34.47328244,46.38167939
1183,1780506920,-0.978027344,0.158935547,-0.220703125,-28.39694656,13.29007634,-45.1221374,0.279541016,-0.988037109,0.048339844,4.572519084,-38.03053435,44.75572519
1184,1780506920,-0.979248047,0.1796875,-0.239257813,-31.75572519,14.05343511,-45.45038168,0.264892578,-0.997314453,0.041748047,3.58778626,-41.86259542,42.87022901
1185,1780506920,-0.9765625,0.185302734,-0.216064453,-35.8778626,14.60305344,-45.61832061,0.24609375,-1.012939453,-0.006103516,3.099236641,-44.17557252,40.32824427
1186,1780506920,-0.984619141,0.195068359,-0.21484375,-39.13740458,14.15267176,-45.17557252,0.229736328,-1.010009766,-0.003662109,3.404580153,-45.77099237,38.10687023
1187,1780506920,-0.981689453,0.260253906,-0.216064453,-41.29007634,14.95419847,-43.38931298,0.228759766,-0.994384766,0.002929688,4.129770992,-48.22900763,35.64122137
1188,1780506920,-0.948242188,0.227294922,-0.247558594,-46.51145038,18.45038168,-42.22900763,0.189697266,-1.007080078,0.022216797,6.374045802,-52.05343511,34.58778626
1189,1780506920,-0.966308594,0.060302734,-0.224121094,-48.29770992,18.25954198,-46.17557252,0.166992188,-1.000244141,-0.010498047,6.488549618,-58.16030534,35.28244275
1190,1780506920,-0.968994141,0.199707031,-0.236816406,-53.48091603,18.57251908,-47.1221374,0.186279297,-0.990966797,-0.011962891,6.244274809,-64.19083969,35
1191,1780506920,-0.938476563,0.200195313,-0.251708984,-60.2519084,20.13740458,-47.48854962,0.150146484,-0.986816406,0.000244141,6.015267176,-67.45801527,34.76335878
1192,1780506920,-0.956787109,0.248291016,-0.214599609,-63.48091603,19.75572519,-45.97709924,0.186767578,-0.997070313,-0.004150391,5.091603053,-67.70229008,32.32824427
1193,1780506920,-0.952392578,0.268066406,-0.193359375,-64.23664122,19.08396947,-42.71755725,0.221923828,-0.998779297,0.012207031,3.557251908,-66.9389313,28.72519084
1194,1780506920,-0.971923828,0.231201172,-0.1796875,-58.96183206,17.93129771,-35.71755725,0.256103516,-1.006103516,0.006591797,2.503816794,-63.75572519,24.97709924
1195,1780506920,-0.989013672,0.248535156,-0.168457031,-56.13740458,16.75572519,-29.64122137,0.293945313,-1.029052734,-0.000732422,1.328244275,-57.6870229,22.71755725
1196,1780506920,-1.004638672,0.113769531,-0.165527344,-52.58015267,15.35114504,-27.13740458,0.290283203,-1.040527344,-0.014404297,1.244274809,-49.53435115,22.24427481
1197,1780506920,-1.016357422,0.038085938,-0.169677734,-43.39694656,13.67938931,-27.09923664,0.299804688,-1.031738281,0.002441406,1.740458015,-42.9389313,22.34351145
1198,1780506920,-1.025390625,0.011230469,-0.148925781,-36.36641221,13.61832061,-27.14503817,0.317138672,-1.044433594,0.001220703,1.41221374,-32.67175573,21.16793893
1199,1780506920,-1.028320313,0.031738281,-0.140136719,-28.52671756,11.70992366,-24.55725191,0.334472656,-1.044677734,0.018310547,1.160305344,-27.2519084,19.30534351
1200,1780506921,-1.031005859,0.091552734,-0.127685547,-21.86259542,8.374045802,-19.18320611,0.337158203,-1.040527344,0.017333984,0.854961832,-18.88549618,12.89312977
1201,1780506921,-1.032958984,0.090332031,-0.142089844,-15.44274809,6.992366412,-14.11450382,0.324707031,-1.043212891,0.006347656,0.908396947,-12.19847328,9.450381679
1202,1780506921,-1.012207031,0.076660156,-0.177978516,-10.07633588,5.961832061,-10.5648855,0.291259766,-1.035400391,-0.013427734,0.923664122,-5.015267176,7.091603053
1203,1780506921,-0.990478516,0.090820313,-0.202148438,-6.366412214,4.778625954,-8.045801527,0.261962891,-1.007568359,-0.022460938,0.755725191,0.557251908,6.65648855
1204,1780506921,-0.959228516,0.057617188,-0.211425781,0.213740458,3.427480916,-7.442748092,0.239013672,-0.989013672,-0.010009766,0.297709924,5.480916031,6.297709924
1205,1780506921,-0.940429688,0.131591797,-0.220703125,2.198473282,2.557251908,-4.908396947,0.227539063,-0.973876953,-0.022705078,-0.564885496,8.381679389,4.458015267
1206,1780506921,-0.922119141,0.121337891,-0.231445313,5.396946565,2.251908397,-3.816793893,0.191162109,-0.980957031,-0.002197266,-1.427480916,10.25954198,1.900763359
1207,1780506921,-0.930908203,0.118164063,-0.229003906,8.93129771,1.564885496,-0.20610687,0.16796875,-0.999511719,-0.013671875,-2.129770992,12.01526718,2.015267176
1208,1780506921,-0.926757813,0.171630859,-0.222167969,8.290076336,1.320610687,0.190839695,0.134521484,-0.997802734,0.006103516,-2.038167939,11.76335878,2.099236641
1209,1780506921,-0.930175781,0.126220703,-0.217041016,7.86259542,1.183206107,0.076335878,0.115478516,-1.003173828,0.011962891,-2.427480916,10.02290076,2.030534351
1210,1780506921,-0.930419922,0.146972656,-0.213378906,6.809160305,1.053435115,-0.053435115,0.103027344,-0.996582031,0.029296875,-2.534351145,7.832061069,0.007633588
1211,1780506921,-0.939453125,0.174072266,-0.20703125,4.687022901,1.152671756,-0.099236641,0.079589844,-1.001220703,0.035888672,-2.038167939,6.122137405,2.045801527
1212,1780506921,-0.939208984,0.185302734,-0.202636719,2.961832061,1.702290076,-1.847328244,0.082519531,-1.009033203,0.050048828,-1.79389313,4.877862595,2.244274809
1213,1780506921,-0.940917969,0.182373047,-0.195068359,1.854961832,1.740458015,-0.06870229,0.106689453,-1.014404297,0.052734375,-1.824427481,5.816793893,2.305343511
1214,1780506921,-0.924804688,0.176269531,-0.172363281,0.648854962,1.877862595,-0.236641221,0.101074219,-1.007324219,0.061523438,-1.854961832,3.175572519,2.442748092
1215,1780506921,-0.937011719,0.172363281,-0.197021484,0.358778626,2.045801527,-0.221374046,0.096679688,-1.005859375,0.059570313,-1.916030534,2.687022901,2.381679389
1216,1780506921,-0.947021484,0.178955078,-0.190673828,-0.129770992,1.984732824,-0.366412214,0.092285156,-1.012451172,0.053222656,-2.007633588,0,2.419847328
1217,1780506921,-0.947998047,0.178955078,-0.196533203,-0.496183206,1.809160305,-0.419847328,0.087158203,-1.007324219,0.052001953,-1.938931298,1.099236641,2.442748092
1218,1780506921,-0.935058594,0.184326172,-0.196044922,-1.381679389,0.099236641,-0.557251908,0.086914063,-1.004150391,0.034423828,-0.015267176,1.916030534,2.625954198
1219,1780506921,-0.931640625,0.178222656,-0.187988281,-2.152671756,2.030534351,-0.633587786,0.092529297,-0.987792969,0.041992188,-1.938931298,-0.961832061,2.503816794
1220,1780506921,-0.929199219,0.202880859,-0.201171875,-3.045801527,2.129770992,-0.809160305,0.078125,-1.002685547,0.03515625,-1.717557252,-1.748091603,2.465648855
1221,1780506921,-0.928222656,0.192138672,-0.213378906,-3.954198473,2.335877863,-1.152671756,0.068359375,-1.01171875,0.024169922,-1.503816794,-2.557251908,2.358778626
1222,1780506921,-0.928466797,0.183837891,-0.207763672,-4.86259542,2.190839695,-1.229007634,0.0703125,-1.006591797,0.032714844,-1.229007634,-3.183206107,3.900763359
1223,1780506921,-0.931152344,0.179199219,-0.204345703,-5.41221374,2.076335878,-1.824427481,0.066162109,-1.008300781,0.024414063,-1.27480916,-3.748091603,1.916030534
1224,1780506921,-0.931640625,0.184326172,-0.210205078,-5.664122137,2.030534351,-1.694656489,0.090087891,-1.013916016,0.026855469,-1.290076336,-3.946564885,1.648854962
1225,1780506921,-0.931396484,0.176757813,-0.218017578,-5.977099237,2.091603053,-1.854961832,0.101806641,-1.000244141,0.026855469,-1.198473282,-3.778625954,1.770992366
1226,1780506921,-0.938720703,0.171630859,-0.20703125,-5.671755725,1.832061069,-1.893129771,0.102294922,-1.004638672,0.026123047,-1.122137405,-3.259541985,1.65648855
1227,1780506921,-0.937255859,0.163085938,-0.204833984,-5.20610687,1.664122137,-2.022900763,0.111083984,-1.009765625,0.023193359,-1.061068702,-2.748091603,1.65648855
1228,1780506921,-0.939697266,0.157714844,-0.188476563,-4.259541985,1.450381679,-1.916030534,0.112792969,-1.006103516,0.024658203,-0.923664122,-1.572519084,1.427480916
1229,1780506921,-0.952636719,0.165039063,-0.208496094,-3.572519084,1.030534351,-1.755725191,0.122314453,-1.010253906,0.040771484,-0.801526718,-0.305343511,1.259541985
1230,1780506921,-0.923583984,0.145507813,-0.206298828,-3.022900763,0.839694656,-1.786259542,0.121582031,-1.001708984,0.030517578,-0.86259542,0.076335878,1.419847328
1231,1780506921,-0.946044922,0.16015625,-0.200927734,-2.259541985,0.519083969,-1.72519084,0.110839844,-1.006103516,0.024658203,-0.778625954,0.79389313,1.007633588
1232,1780506921,-0.9375,0.167724609,-0.203125,-1.534351145,0.251908397,-1.687022901,0.098388672,-1.0078125,0.030761719,-0.473282443,1.618320611,0.900763359
1233,1780506921,-0.934082031,0.158447266,-0.198974609,-1.114503817,0.114503817,-1.961832061,0.095214844,-1.00390625,0.032714844,-0.664122137,1.603053435,0.664122137
1234,1780506921,-0.936523438,0.171875,-0.203125,-0.763358779,-0.34351145,-1.786259542,0.099365234,-1.010009766,0.021972656,-0.480916031,1.847328244,0.671755725
1235,1780506921,-0.944335938,0.172851563,-0.190185547,-1.015267176,0.099236641,-2.045801527,0.088623047,-1.011230469,0.017333984,-0.396946565,1.404580153,0.465648855
1236,1780506921,-0.942626953,0.179931641,-0.213867188,-1.557251908,-0.244274809,-2.198473282,0.064453125,-1.005615234,0.022216797,-0.572519084,0.839694656,0.526717557
1237,1780506921,-0.933837891,0.177490234,-0.204101563,-1.770992366,-0.366412214,-2.160305344,0.082275391,-1.007080078,0.020019531,-0.503816794,0.65648855,0.435114504
1238,1780506921,-0.923828125,0.186279297,-0.212158203,-2.106870229,-0.320610687,-2.374045802,0.081054688,-0.995605469,0.031738281,-0.526717557,0.328244275,0.267175573
1239,1780506921,-0.928710938,0.183105469,-0.203613281,-2.41221374,-0.259541985,-2.618320611,0.090087891,-0.995361328,0.027099609,-0.480916031,0.198473282,0.183206107
1240,1780506921,-0.935302734,0.179443359,-0.204345703,-2.435114504,-0.381679389,-2.854961832,0.089111328,-1.001220703,0.029296875,-0.251908397,0.366412214,0.20610687
1241,1780506921,-0.9375,0.178466797,-0.210205078,-2.358778626,-0.572519084,-3.083969466,0.101806641,-1.009277344,0.017089844,-0.053435115,0.572519084,-0.20610687
1242,1780506921,-0.938232422,0.171386719,-0.197021484,-2.038167939,-0.801526718,-2.977099237,0.099365234,-1.005615234,0.011230469,-0.06870229,1.083969466,-0.435114504
1243,1780506921,-0.937988281,0.166992188,-0.209960938,-1.900763359,-1,-3.06870229,0.108398438,-1.00390625,0.025390625,-0.022900763,1.358778626,-0.419847328
1244,1780506921,-0.941162109,0.156494141,-0.218505859,-1.503816794,-1.083969466,-2.961832061,0.108886719,-1.005615234,0.027832031,-0.145038168,1.687022901,-0.755725191
1245,1780506921,-0.937011719,0.141357422,-0.210449219,-1.129770992,-1.465648855,-2.938931298,0.104492188,-0.999267578,0.022216797,-0.282442748,1.732824427,-0.824427481
1246,1780506921,-0.943847656,0.166748047,-0.203857422,-0.916030534,-1.671755725,-3.244274809,0.096923828,-1.010009766,0.024414063,-0.396946565,1.748091603,-1.007633588
1247,1780506921,-0.938964844,0.171142578,-0.213623047,-1.007633588,-1.664122137,-3.328244275,0.09765625,-1.003173828,0.025390625,-0.404580153,1.755725191,-1.122137405
1248,1780506921,-0.940185547,0.177734375,-0.198730469,-0.854961832,-1.641221374,-3.633587786,0.107910156,-1.010253906,0.028808594,-0.229007634,2.091603053,-1.351145038
1249,1780506921,-0.933837891,0.174072266,-0.210205078,-0.977099237,-1.854961832,-3.549618321,0.087646484,-1.005126953,0.034667969,0.145038168,2.091603053,-1.496183206
1250,1780506921,-0.935058594,0.183349609,-0.205566406,-0.877862595,-1.786259542,-3.72519084,0.087890625,-1.000976563,0.036621094,0.244274809,2.190839695,-1.648854962
1251,1780506921,-0.933105469,0.188232422,-0.208740234,-1.511450382,-1.694656489,-3.458015267,0.082763672,-1.008789063,0.036376953,0.419847328,1.618320611,-2.13740458
1252,1780506921,-0.934326172,0.172119141,-0.204833984,-1.72519084,-1.694656489,-4.007633588,0.082275391,-1.01171875,0.037841797,0.473282443,1.015267176,-2.244274809
1253,1780506921,-0.940673828,0.179443359,-0.202148438,-2.061068702,-2,-4.13740458,0.086425781,-1.006835938,0.039550781,0.213740458,0.549618321,-2.717557252
1254,1780506921,-0.933349609,0.174316406,-0.200439453,-2.732824427,-1.86259542,-3.923664122,0.088378906,-1.000488281,0.052490234,0.34351145,-0.221374046,-3.396946565
1255,1780506921,-0.922363281,0.188720703,-0.196533203,-3.251908397,-1.480916031,-3.34351145,0.098632813,-1.005126953,0.045654297,0.229007634,-1.152671756,-5.312977099
1256,1780506921,-0.93359375,0.187988281,-0.197021484,-4.473282443,-1.374045802,-1.755725191,0.099121094,-1.014648438,0.047607422,0.450381679,-1.618320611,-6.923664122
1257,1780506921,-0.932861328,0.135742188,-0.190185547,-2.72519084,-1.541984733,-2.236641221,0.09375,-1.002685547,0.048339844,0.175572519,-1.702290076,-5.992366412
1258,1780506921,-0.935546875,0.16015625,-0.202636719,-5.13740458,-1.419847328,-3.824427481,0.104003906,-0.996337891,0.044677734,0.06870229,-2.786259542,-5.007633588
1259,1780506921,-0.934326172,0.159423828,-0.199707031,-5.229007634,-1.458015267,-4.038167939,0.126953125,-0.984619141,0.017089844,0.389312977,-3.251908397,-3.954198473
1260,1780506921,-0.939208984,0.205322266,-0.208007813,-7.328244275,-1.015267176,-1.641221374,0.171142578,-0.998779297,-0.028076172,0.65648855,-1.839694656,-7.58778626
1261,1780506921,-0.947998047,0.129150391,-0.199707031,-4.778625954,-1.503816794,-1.801526718,0.192138672,-1.031494141,0.062988281,-1.045801527,-2.534351145,-9.267175573
1262,1780506921,-0.994873047,0.162597656,-0.214355469,-7.618320611,-1.106870229,3.152671756,0.200195313,-1.050292969,0.102783203,-1.389312977,-6.06870229,-13.14503817
1263,1780506921,-0.998046875,0.054199219,-0.203369141,-6.946564885,-0.267175573,4.625954198,0.196289063,-1.037109375,-0.006835938,-2.221374046,-3.984732824,-17.89312977
1264,1780506921,-1.078369141,0.136230469,-0.161132813,-1.755725191,-5.748091603,10.22137405,0.268066406,-1.050048828,-0.064941406,-4.595419847,-0.198473282,-28
1265,1780506921,-1.027099609,-0.010498047,-0.180419922,3.694656489,-5.435114504,15.15267176,0.385498047,-1.056640625,-0.061523438,-3.404580153,6.832061069,-36.40458015
1266,1780506921,-1.032470703,0.053466797,-0.201660156,5.083969466,-7.320610687,21.5648855,0.43359375,-0.995117188,-0.124511719,-5.541984733,12.32824427,-46.03053435
1267,1780506921,-1.032470703,-0.02734375,-0.204833984,7.13740458,-7.923664122,32.48854962,0.505126953,-0.976074219,-0.084472656,-7.251908397,17.23664122,-55.85496183
1268,1780506921,-1.045898438,-0.033203125,-0.224609375,12.78625954,-12.72519084,42.00763359,0.536132813,-0.948974609,-0.064208984,-7.13740458,24.35877863,-66.3129771
1269,1780506921,-1.033203125,-0.043212891,-0.219238281,18.58015267,-14.53435115,49.07633588,0.534179688,-0.938720703,-0.052978516,-7.992366412,32.57251908,-73.77862595
1270,1780506921,-1.041992188,-0.016357422,-0.244628906,26.55725191,-15.26717557,56.03053435,0.499023438,-0.968017578,-0.037353516,-8.13740458,39.29007634,-77.92366412
1271,1780506921,-1.076171875,-0.000732422,-0.217285156,33.83206107,-16.97709924,58.54961832,0.435302734,-1.004150391,-0.067871094,-10.97709924,45.96183206,-79.76335878
1272,1780506921,-1.109619141,0.125488281,-0.224121094,37.95419847,-17.72519084,60.57251908,0.411621094,-1.05859375,0.013671875,-11.38167939,47.7480916,-80.41984733
1273,1780506921,-1.137207031,0.224121094,-0.241943359,38.73282443,-17.85496183,61.80916031,0.35546875,-1.111328125,-0.007568359,-13.28244275,46.32824427,-79.46564885
1274,1780506921,-1.123779297,0.296630859,-0.251708984,35.85496183,-16.98473282,60.81679389,0.282958984,-1.144287109,0.034912109,-13.27480916,43.9389313,-76.76335878
1275,1780506921,-1.095703125,0.087158203,-0.322753906,30.82442748,-12.60305344,50.83969466,0.181884766,-1.166503906,0.102050781,-10.27480916,39.01526718,-70.51908397
1276,1780506921,-1.030761719,-0.140136719,-0.387207031,21.77862595,-4.908396947,31.45801527,0.084472656,-1.176757813,0.146972656,-6.480916031,22.33587786,-64.20610687
1277,1780506921,-0.989013672,0.124023438,-0.327880859,3.053435115,2.221374046,17.54961832,0.018554688,-1.145996094,0.125244141,-6.442748092,2.396946565,-60.9389313
1278,1780506921,-1.007324219,-0.642089844,-0.305419922,-13.61832061,7.809160305,-17.42748092,-0.057861328,-1.152099609,0.164306641,-5.954198473,-14.96183206,-56.58778626
1279,1780506921,-1.031982422,-0.930419922,-0.343017578,-5.366412214,6.854961832,-53.87022901,0.023681641,-1.052734375,0.0234375,-6.79389313,-23.70229008,-56.78625954
1280,1780506921,-1.075439453,-0.299072266,-0.397949219,-13.65648855,12.44274809,-70.70992366,0.256591797,-0.904541016,-0.047363281,-11.6870229,-26.61832061,-70.29007634
1281,1780506921,-1.069091797,-0.494140625,-0.401611328,-11.96946565,15.78625954,-86.27480916,0.350585938,-0.900634766,-0.011962891,-13.27480916,-25.80152672,-70.41221374
1282,1780506921,-1.056396484,-0.526855469,-0.413085938,-2.305343511,20.42748092,-108.9160305,0.451171875,-0.947265625,-0.008300781,-11.6870229,-21.22900763,-65.58778626
1283,1780506922,-1.132568359,-0.251953125,-0.37109375,-15.44274809,25.04580153,-120.6412214,0.514892578,-0.979492188,0.016113281,-13.83206107,-25.64122137,-65.86259542
1284,1780506922,-1.220214844,-0.394287109,-0.306152344,-13.53435115,26.76335878,-129.9236641,0.560546875,-0.958496094,0.077636719,-15.20610687,-31.28244275,-69.58778626
1285,1780506922,-1.298095703,-0.206054688,-0.288818359,-13.35114504,28.16030534,-133.2366412,0.590576172,-0.957763672,0.053955078,-18.53435115,-34.70992366,-76.11450382
1286,1780506922,-1.326416016,-0.21484375,-0.234619141,-12.84732824,28.90076336,-135.129771,0.592773438,-0.959716797,0.008300781,-19.91603053,-33.04580153,-83.41984733
1287,1780506922,-1.333251953,-0.163085938,-0.215576172,-10.17557252,29.5648855,-134.2137405,0.655517578,-0.958984375,-0.054931641,-20.67938931,-31.73282443,-92.80152672
1288,1780506922,-1.377685547,-0.092773438,-0.2265625,-11.64122137,29.67938931,-129.4198473,0.730957031,-0.970214844,-0.033447266,-21.52671756,-31.27480916,-101.3969466
1289,1780506922,-1.414306641,-0.106445313,-0.242675781,-13.17557252,28.64122137,-123.7022901,0.778320313,-0.980957031,-0.076660156,-20.96183206,-32.83206107,-111.3358779
1290,1780506922,-1.405029297,-0.135009766,-0.228027344,-17.79389313,27.51908397,-120.3664122,0.709960938,-0.956298828,-0.181884766,-23.81679389,-27.52671756,-115.2366412
1291,1780506922,-1.361328125,-0.241455078,-0.239013672,-7.358778626,23.7480916,-122.3129771,0.743652344,-0.99609375,-0.166259766,-22.99236641,-17.04580153,-118.2442748
1292,1780506922,-1.381591797,-0.194580078,-0.209716797,1.267175573,21.66412214,-123.6717557,0.796630859,-1.017089844,-0.072998047,-21.72519084,-14.73282443,-119.9770992
1293,1780506922,-1.416992188,-0.157714844,-0.215820313,0.022900763,20.84732824,-122.6335878,0.791503906,-1.022460938,-0.093261719,-20.11450382,-13.38167939,-122.389313
1294,1780506922,-1.43359375,-0.259277344,-0.206787109,1.229007634,20,-126.0305344,0.760986328,-1.097412109,-0.138427734,-19.96946565,-6.79389313,-122.1221374
1295,1780506922,-1.528564453,-0.229736328,-0.246826172,6.167938931,17.39694656,-127.1908397,0.791992188,-1.105712891,-0.095703125,-15.64885496,0.603053435,-126.9465649
1296,1780506922,-1.557861328,-0.386962891,-0.204101563,12.80916031,13.99236641,-132.7251908,0.787109375,-1.054199219,-0.011230469,-17.77099237,-0.625954198,-132.3129771
1297,1780506922,-1.510253906,-0.338134766,-0.200927734,17.23664122,10.81679389,-135.2824427,0.767333984,-0.993408203,-0.073974609,-17.29770992,1.824427481,-139.3282443
1298,1780506922,-1.458984375,-0.258789063,-0.166259766,14.09923664,6.816793893,-134.1450382,0.789794922,-0.895751953,-0.133300781,-17.91603053,4.824427481,-142.8244275
1299,1780506922,-1.346435547,-0.417236328,-0.153808594,26.88549618,2.572519084,-137.5877863,0.806152344,-0.878417969,-0.106445313,-15.72519084,9.633587786,-142.3969466
1300,1780506922,-1.358398438,-0.256103516,-0.177978516,23.63358779,-0.938931298,-140.1526718,0.817382813,-0.866210938,-0.105957031,-14.50381679,13.6259542,-139.6946565
1301,1780506922,-1.369628906,-0.242919922,-0.215576172,28.86259542,-3.801526718,-141.740458,0.829345703,-0.882568359,-0.047119141,-14.67938931,15.61832061,-141.3129771
1302,1780506922,-1.400146484,-0.294677734,-0.225341797,32.86259542,-7.06870229,-142.9083969,0.809814453,-0.888916016,-0.045898438,-13.81679389,14,-142.4351145
1303,1780506922,-1.354980469,-0.209716797,-0.251708984,32.70229008,-9.198473282,-143.9541985,0.773681641,-0.844238281,-0.099121094,-11.92366412,16.02290076,-142.5725191
1304,1780506922,-1.288330078,-0.229980469,-0.2890625,32.32824427,-10.00763359,-144.4885496,0.756103516,-0.782226563,-0.05078125,-13.22900763,14.47328244,-143.3816794
1305,1780506922,-1.273193359,-0.244140625,-0.295166016,30.04580153,-10.21374046,-144.6183206,0.742919922,-0.747314453,0.004638672,-11.60305344,13.26717557,-144.3206107
1306,1780506922,-1.173339844,-0.211181641,-0.284179688,30.23664122,-8.954198473,-145.4198473,0.692871094,-0.670654297,-0.015869141,-9.702290076,12.52671756,-143.5877863
1307,1780506922,-1.075439453,-0.145751953,-0.298339844,25.65648855,-6.908396947,-146.1068702,0.634033203,-0.603759766,-0.000488281,-10.42748092,6.106870229,-137.0458015
1308,1780506922,-0.969482422,-0.162841797,-0.291503906,24.58015267,-5.419847328,-150.9541985,0.614501953,-0.576904297,-0.017822266,-8.480916031,2.175572519,-128.9923664
1309,1780506922,-0.969238281,-0.023925781,-0.310302734,13.01526718,-2.694656489,-151.389313,0.623291016,-0.554931641,-0.032958984,-8.419847328,-2.106870229,-121.5648855
1310,1780506922,-0.903808594,-0.119873047,-0.278564453,11.25954198,-2.297709924,-152.9389313,0.667480469,-0.578613281,-0.005859375,-8.20610687,-9.633587786,-117.9236641
1311,1780506922,-0.949462891,-0.004638672,-0.243164063,8.229007634,-1.427480916,-152.3206107,0.646728516,-0.546630859,-0.044433594,-7.480916031,-14.16030534,-113.5877863
1312,1780506922,-0.896240234,0.066894531,-0.255371094,1.984732824,-0.404580153,-144.740458,0.686767578,-0.5,-0.090087891,-8.198473282,-15.19083969,-109.6717557
1313,1780506922,-0.874755859,0.016357422,-0.229736328,1.465648855,-0.435114504,-137.5419847,0.7109375,-0.465332031,-0.036621094,-7.129770992,-15.5648855,-107.1145038
1314,1780506922,-0.794189453,0.104003906,-0.228271484,1.183206107,-0.580152672,-127.3587786,0.711425781,-0.397216797,-0.052490234,-6.969465649,-15.32061069,-103.8320611
1315,1780506922,-0.703613281,0.132324219,-0.210449219,2.129770992,-0.152671756,-119.1908397,0.675048828,-0.364257813,-0.050292969,-8.053435115,-14.73282443,-98.87022901
1316,1780506922,-0.640625,0.202392578,-0.244140625,2.717557252,0.13740458,-106.351145,0.709228516,-0.359863281,-0.069824219,-8.755725191,-15.22137405,-90.54961832
1317,1780506922,-0.602294922,0.223144531,-0.240966797,1.786259542,1.20610687,-99.57251908,0.717529297,-0.407226563,-0.085205078,-9.763358779,-11.30534351,-80.99236641
1318,1780506922,-0.618652344,0.232177734,-0.276855469,2.580152672,1.664122137,-86.18320611,0.742919922,-0.420410156,-0.067138672,-10.16030534,-8.053435115,-71.63358779
1319,1780506922,-0.597412109,0.266845703,-0.239501953,2.541984733,2.480916031,-75.92366412,0.773925781,-0.398193359,-0.116699219,-9.603053435,-4,-63.15267176
1320,1780506922,-0.55859375,0.229492188,-0.223876953,2.93129771,2.251908397,-62,0.75,-0.364501953,-0.133300781,-9.801526718,2.167938931,-56.6259542
1321,1780506922,-0.499023438,0.140136719,-0.188964844,7.671755725,0.946564885,-52.2519084,0.701904297,-0.328125,-0.075683594,-9.366412214,7.27480916,-46.10687023
1322,1780506922,-0.418212891,0.129394531,-0.165771484,12.07633588,-0.129770992,-43.27480916,0.646240234,-0.276123047,-0.043457031,-8.763358779,8.916030534,-37.47328244
1323,1780506922,-0.346191406,0.170898438,-0.128662109,13,-0.13740458,-34.77862595,0.569091797,-0.238037109,-0.030761719,-6.961832061,9.259541985,-28.14503817
1324,1780506922,-0.307128906,0.217285156,-0.144775391,11.22900763,-0.20610687,-26.14503817,0.564208984,-0.232177734,-0.064697266,-5.480916031,6.152671756,-18.48091603
1325,1780506922,-0.307861328,0.191162109,-0.154296875,7.748091603,0.167938931,-18,0.572509766,-0.274658203,-0.095458984,-4.473282443,3.534351145,-9.290076336
1326,1780506922,-0.275146484,-0.066894531,-0.118652344,-2.900763359,-0.511450382,-18.61068702,0.489501953,-0.3046875,-0.124023438,-4.435114504,0.534351145,8.221374046
1327,1780506922,-0.430175781,0.243896484,-0.203613281,3.816793893,-2.954198473,-10.71755725,0.728027344,-0.383056641,-0.058105469,-1.664122137,3.885496183,12.35114504
1328,1780506922,-0.523681641,0.180419922,-0.103027344,-4.442748092,-2.175572519,5.381679389,0.721923828,-0.332275391,-0.071777344,0.877862595,3.549618321,13.76335878
1329,1780506922,-0.446533203,0.061035156,-0.134033203,1.366412214,-3.251908397,15.20610687,0.646728516,-0.270996094,-0.067626953,2.72519084,7.267175573,22.59541985
1330,1780506922,-0.333740234,0.149902344,-0.156005859,-2.618320611,-2.847328244,22.94656489,0.625976563,-0.222412109,-0.041259766,2.702290076,6.633587786,35.19847328
1331,1780506922,-0.271484375,0.027099609,-0.139404297,-0.404580153,-2.290076336,22.96946565,0.593505859,-0.281005859,-0.02734375,6.954198473,3.06870229,49.08396947
1332,1780506922,-0.346191406,0.1484375,-0.11328125,-7.435114504,-3.076335878,27.60305344,0.628662109,-0.309326172,-0.115478516,6.908396947,2.671755725,58.70992366
1333,1780506922,-0.462402344,0.058837891,-0.105224609,-7.702290076,-4.969465649,36.88549618,0.677978516,-0.384521484,-0.051757813,8.572519084,2.916030534,64.53435115
1334,1780506922,-0.584472656,0.073730469,-0.108886719,-6.954198473,-7.267175573,44.96183206,0.761230469,-0.409423828,-0.104980469,9.541984733,2.320610687,69.64885496
1335,1780506922,-0.664306641,0.096679688,-0.130126953,-7.045801527,-8.618320611,58.6259542,0.847167969,-0.439697266,-0.07421875,10.52671756,4.694656489,70.74045802
1336,1780506922,-0.699462891,0.077880859,-0.166503906,-11.00763359,-8.740458015,73.26717557,0.831054688,-0.416259766,-0.062744141,12.51908397,8.572519084,78.58015267
1337,1780506922,-0.623046875,0.065429688,-0.154052734,-12.0610687,-9.160305344,82.03053435,0.816894531,-0.342529297,-0.053955078,13.67938931,12.58778626,86.72519084
1338,1780506922,-0.576171875,-0.001953125,-0.144042969,-8.167938931,-9.335877863,90.38167939,0.826904297,-0.284667969,-0.036865234,13.39694656,16.78625954,94.61068702
1339,1780506922,-0.580322266,-0.040283203,-0.129150391,-2.167938931,-9.93129771,98.32061069,0.803222656,-0.333007813,-0.054931641,14.67175573,19.67938931,102.5343511
1340,1780506922,-0.673339844,-0.027587891,-0.16015625,-1.908396947,-10.38931298,105.4351145,0.815673828,-0.427001953,-0.114257813,14.21374046,24.41984733,108.9312977
1341,1780506922,-0.836181641,-0.154296875,-0.155029297,1.351145038,-12.38931298,109.4732824,0.819580078,-0.540771484,-0.060546875,13.09160305,26.42748092,112.6717557
1342,1780506922,-0.943359375,-0.169189453,-0.159667969,6.351145038,-14.45801527,116.3206107,0.822021484,-0.601806641,-0.043701172,13.4351145,28.63358779,114.5114504
1343,1780506922,-1.023193359,0.109619141,-0.183837891,5.664122137,-14.66412214,128.8625954,0.905517578,-0.6328125,-0.080322266,13.05343511,29.51145038,110.9160305
1344,1780506922,-1.041015625,-0.267333984,-0.140625,9.20610687,-15.57251908,134.0992366,0.845214844,-0.577636719,-0.067382813,12.89312977,33.99236641,113.9160305
1345,1780506922,-0.994873047,-0.133789063,-0.169189453,11.16793893,-15.79389313,138.5725191,0.793212891,-0.504394531,0.021972656,14.58015267,35.35114504,118.2366412
1346,1780506922,-0.908691406,-0.140869141,-0.141357422,9.183206107,-14.1221374,141.648855,0.731933594,-0.459228516,-0.005615234,12.64885496,34.01526718,124.7251908
1347,1780506922,-0.888427734,-0.157714844,-0.166503906,9.229007634,-14.12977099,143.4274809,0.722167969,-0.504882813,-0.008789063,9.824427481,33.57251908,130.129771
1348,1780506922,-0.990722656,-0.182373047,-0.176025391,11.6870229,-15.11450382,145.3129771,0.792236328,-0.640869141,-0.031005859,6.221374046,34.4351145,133.648855
1349,1780506922,-1.191894531,-0.15625,-0.19140625,12.96183206,-15.16030534,148.9618321,0.886962891,-0.806884766,-0.050537109,5.816793893,39.12977099,134.7633588
1350,1780506922,-1.373046875,-0.160400391,-0.206298828,16.23664122,-14.75572519,154.9923664,0.875732422,-0.857910156,0.015869141,6.053435115,47.03053435,128.9694656
1351,1780506922,-1.396484375,-0.197998047,-0.208496094,19.51145038,-15.58015267,161.7099237,0.782226563,-0.779541016,0.144287109,4.854961832,41.92366412,119.4885496
1352,1780506922,-1.276855469,-0.196044922,-0.214599609,16.55725191,-10.22137405,166.351145,0.651611328,-0.683349609,0.176757813,2.938931298,29.67938931,114.2519084
1353,1780506922,-1.129394531,-0.144042969,-0.214111328,8.007633588,-6.045801527,167.6183206,0.551269531,-0.636962891,0.139892578,0.854961832,18.05343511,114.6335878
1354,1780506922,-1.055419922,-0.088623047,-0.197509766,-2.900763359,-1.366412214,165.0152672,0.561035156,-0.698486328,0.035400391,2.381679389,10.44274809,122.6183206
1355,1780506922,-1.069335938,-0.108398438,-0.177001953,-12.53435115,1.34351145,157.0687023,0.576416016,-0.802001953,-0.052734375,5.076335878,10.09923664,135.6793893
1356,1780506922,-1.182373047,-0.196289063,-0.156494141,-13.74045802,0.801526718,145.7022901,0.632568359,-0.924560547,-0.002197266,4.946564885,8.267175573,144.1832061
1357,1780506922,-1.385253906,-0.224121094,-0.162109375,-7.496183206,-2.305343511,141.2137405,0.727783203,-1.011474609,0.078613281,4.458015267,6.396946565,139.4427481
1358,1780506922,-1.568847656,-0.104980469,-0.137451172,-10.59541985,-3.809160305,142.8931298,0.753173828,-1.047607422,0.045166016,2.27480916,4.34351145,125.778626
1359,1780506922,-1.582275391,-0.290771484,-0.108642578,-4.427480916,-8.198473282,148.4732824,0.664306641,-0.998046875,0.008300781,-0.328244275,5.946564885,116.1221374
1360,1780506922,-1.402587891,-0.284423828,-0.13671875,5.305343511,-10.03816794,144.7862595,0.678466797,-0.917480469,0.078125,-0.229007634,13.58778626,111.8015267
1361,1780506922,-1.299072266,0.037353516,-0.234375,1.13740458,-7.083969466,147.1603053,0.677978516,-0.834960938,0.140380859,0.335877863,15.00763359,111.740458
1362,1780506922,-1.194091797,-0.056152344,-0.228759766,3.038167939,-2.839694656,145.7633588,0.606933594,-0.853759766,0.073486328,-0.885496183,17.55725191,116.610687
1363,1780506922,-1.178222656,-0.009277344,-0.273681641,5.610687023,2.564885496,139.8320611,0.597412109,-0.979492188,-0.015380859,-0.549618321,19.5648855,123.2290076
1364,1780506922,-1.287841797,-0.041748047,-0.239013672,1.961832061,3.893129771,131.0229008,0.607666016,-1.106689453,-0.010498047,-1.022900763,26.07633588,131.7938931
1365,1780506922,-1.459716797,0.156738281,-0.256347656,-2.358778626,4.465648855,129.1679389,0.654785156,-1.086669922,0.077880859,-2.099236641,23.54198473,130.7938931
1366,1780506922,-1.471923828,-0.179931641,-0.147949219,0.34351145,1.694656489,125.259542,0.583740234,-1.035644531,0.116455078,-3.961832061,20.20610687,122.3435115
1367,1780506923,-1.405761719,-0.267578125,-0.076416016,12.29007634,-2.900763359,120.1679389,0.522460938,-0.982421875,0.111816406,-9.13740458,19.92366412,113.2671756
1368,1780506923,-1.340820313,-0.097412109,-0.065673828,10.99236641,-3.007633588,120.5343511,0.489501953,-0.917724609,0.171386719,-10.15267176,17.39694656,101.9694656
1369,1780506923,-1.208496094,-0.215576172,-0.100585938,15.07633588,-0.79389313,116.9160305,0.392822266,-0.940429688,0.141845703,-9.732824427,17.18320611,98.51145038
1370,1780506923,-1.141845703,-0.053710938,-0.129150391,13.23664122,3.053435115,106.8015267,0.352539063,-1.008056641,0.087158203,-6.122137405,17.57251908,99.64122137
1371,1780506923,-1.147216797,0.038574219,-0.121826172,2.053435115,8.183206107,97.17557252,0.341796875,-1.094238281,0.109863281,-1.244274809,11.58015267,99.09923664
1372,1780506923,-1.274658203,0.088623047,-0.127929688,-11.89312977,9.465648855,92.35877863,0.352539063,-1.127441406,0.041259766,1.290076336,1.610687023,93.83969466
1373,1780506923,-1.308837891,-0.152099609,-0.1015625,-17.18320611,6.549618321,83.58015267,0.342529297,-1.130859375,0.09375,-0.511450382,-9.015267176,85.16793893
1374,1780506923,-1.301025391,-0.244384766,-0.050537109,-16.76335878,3.335877863,73.35877863,0.344970703,-1.1484375,0.141845703,-3.86259542,-11.98473282,78.18320611
1375,1780506923,-1.267089844,-0.227294922,-0.100830078,-13.48091603,1.282442748,62.65648855,0.372070313,-1.120605469,0.112548828,-1.335877863,-9.557251908,70.80152672
1376,1780506923,-1.230712891,-0.251708984,-0.075683594,-11.61068702,0.152671756,52.80152672,0.405517578,-1.067138672,0.078369141,0.244274809,-6.709923664,64.84732824
1377,1780506923,-1.134521484,-0.294433594,-0.065917969,-8.763358779,0.648854962,41.3740458,0.329345703,-1.042724609,0.0859375,0.091603053,-5.511450382,65.19083969
1378,1780506923,-1.083007813,-0.164550781,-0.121826172,-5.877862595,2.229007634,30.33587786,0.312988281,-1.052490234,0.147949219,5.099236641,-7.20610687,62.61068702
1379,1780506923,-1.041748047,-0.122314453,-0.140136719,-12.21374046,4.740458015,21.40458015,0.2734375,-1.020019531,0.175537109,6.106870229,-13,64.38931298
1380,1780506923,-1.019287109,-0.081542969,-0.134277344,-18.08396947,7.465648855,8.770992366,0.220458984,-1.043212891,0.200927734,7.022900763,-21.09160305,64.48091603
1381,1780506923,-1.016357422,-0.041015625,-0.148681641,-24.00763359,9.465648855,1.610687023,0.185302734,-1.030761719,0.191162109,6.664122137,-30.54961832,60.15267176
1382,1780506923,-1.000976563,-0.03515625,-0.186035156,-29.81679389,11.28244275,-9.213740458,0.183837891,-1.036865234,0.1171875,6.832061069,-35.18320611,58.08396947
1383,1780506923,-1.003173828,-0.015380859,-0.194824219,-34.00763359,13.26717557,-15.90076336,0.196777344,-1.049316406,0.107421875,6.648854962,-42.83206107,55.59541985
1384,1780506923,-1.030029297,0.001953125,-0.213134766,-37.70992366,14.51145038,-24.35114504,0.204833984,-1.0625,0.051757813,5.580152672,-47.53435115,52.32824427
1385,1780506923,-1.038330078,0.013427734,-0.233154297,-40.67938931,15.51145038,-29.45801527,0.240966797,-1.051269531,0.039550781,5.015267176,-48.97709924,48.35114504
1386,1780506923,-1.024658203,0.028808594,-0.247314453,-42.38931298,16.49618321,-33.26717557,0.240722656,-1.024414063,0.024169922,4.923664122,-49.89312977,44.49618321
1387,1780506923,-1.013183594,0.034667969,-0.241210938,-45.51145038,16.99236641,-36.09160305,0.21875,-0.985839844,0.015380859,4.175572519,-53.58015267,41.48854962
1388,1780506923,-0.959228516,0.062011719,-0.235107422,-47.01526718,17.96946565,-38.81679389,0.208740234,-0.974365234,0.040039063,3.435114504,-56.94656489,39.23664122
1389,1780506923,-0.933837891,0.043212891,-0.270996094,-52.26717557,21.22900763,-41.07633588,0.177246094,-0.969482422,0.05859375,3.404580153,-60.81679389,38.42748092
1390,1780506923,-0.949707031,-0.038574219,-0.268798828,-56.6259542,24.01526718,-49.40458015,0.162841797,-0.987548828,0.060302734,3.27480916,-64.55725191,37.73282443
1391,1780506923,-0.993164063,-0.028564453,-0.235351563,-59.03053435,24.00763359,-55.15267176,0.175292969,-1.011230469,0.000244141,1.396946565,-72.94656489,35.93129771
1392,1780506923,-0.990966797,0.161621094,-0.238037109,-62.6870229,25.20610687,-54.95419847,0.203125,-1.015380859,-0.010986328,0.534351145,-76.26717557,32.3740458
1393,1780506923,-0.991210938,0.242431641,-0.233642578,-68.24427481,25.7480916,-50.33587786,0.239501953,-1.023925781,-0.011230469,-0.190839695,-76.91603053,29.29007634
1394,1780506923,-1.012207031,0.345214844,-0.174560547,-70.07633588,24.29007634,-41.27480916,0.268310547,-1.031005859,-0.022705078,-2.045801527,-76.81679389,20.76335878
1395,1780506923,-1.01953125,0.431884766,-0.106933594,-69.89312977,21.33587786,-28.46564885,0.299072266,-1.044433594,-0.030517578,-3.603053435,-72.69465649,12.72519084
1396,1780506923,-1.019287109,0.364501953,-0.070556641,-63.90076336,19.48091603,-16.19083969,0.319335938,-1.037841797,-0.040771484,-3.519083969,-64.73282443,6.839694656
1397,1780506923,-1.009521484,0.159667969,-0.093994141,-55.53435115,15.29770992,-10.85496183,0.31640625,-1.002685547,-0.030517578,-2.679389313,-53.07633588,6.717557252
1398,1780506923,-0.973144531,-0.076171875,-0.088867188,-43.24427481,12.95419847,-16.16793893,0.273925781,-0.998535156,-0.022705078,-0.58778626,-39.10687023,14.09923664
1399,1780506923,-0.971923828,-0.02734375,-0.09765625,-32.4351145,11.64885496,-21.54961832,0.281982422,-1.003417969,-0.014648438,0.885496183,-26.67175573,17.94656489
1400,1780506923,-0.985839844,0.028564453,-0.073242188,-22.09160305,6.916030534,-24.7480916,0.283203125,-1.000488281,-0.015625,0.435114504,-17.76335878,16.46564885
1401,1780506923,-1.013183594,0.172851563,-0.087402344,-12.18320611,4.65648855,-19.6259542,0.300537109,-1.044189453,0.017089844,0.633587786,-9.839694656,11.19847328
1402,1780506923,-1.019287109,0.246582031,-0.124755859,-7.664122137,3.297709924,-12.11450382,0.273681641,-1.0546875,0.037109375,0.687022901,-1.961832061,6.908396947
1403,1780506923,-1.006103516,0.186035156,-0.177734375,-0.396946565,2.648854962,-9.748091603,0.229003906,-1.039306641,0.040283203,0.427480916,1.954198473,4.519083969
1404,1780506923,-0.983398438,0.122070313,-0.198242188,2.267175573,2.358778626,-7.053435115,0.179199219,-1.015380859,0.044921875,-0.282442748,5.992366412,4.335877863
1405,1780506923,-0.951171875,0.110839844,-0.222412109,3.229007634,2.190839695,-8.41221374,0.141113281,-0.997558594,0.050537109,-1.786259542,4.41221374,4.877862595
1406,1780506923,-0.931884766,0.152832031,-0.20703125,2.839694656,1.992366412,-8.893129771,0.125244141,-0.989746094,0.010742188,-2.58778626,3.13740458,4.503816794
1407,1780506923,-0.923339844,0.219238281,-0.197021484,3.458015267,1.618320611,-7.152671756,0.131347656,-0.995361328,0.000244141,-2.916030534,2.832061069,3.198473282
1408,1780506923,-0.925048828,0.280761719,-0.210449219,1.06870229,1.687022901,-3.648854962,0.125244141,-1.01171875,0.015625,-2.86259542,2.053435115,1.007633588
1409,1780506923,-0.911376953,0.205078125,-0.217773438,0.679389313,2.183206107,-2.20610687,0.10546875,-0.990234375,0.031005859,-2.519083969,1.129770992,1.58778626
1410,1780506923,-0.906005859,0.227783203,-0.222412109,-2.396946565,2.992366412,-2.129770992,0.098144531,-0.989990234,0.029052734,-2.801526718,-1.229007634,1.816793893
1411,1780506923,-0.925292969,0.190429688,-0.211914063,-4.977099237,3.167938931,-2.557251908,0.1015625,-0.994140625,0.038330078,-3.427480916,-1.984732824,1.305343511
1412,1780506923,-0.932617188,0.184814453,-0.187988281,-6.229007634,3.175572519,-2.893129771,0.104003906,-1.001708984,0.044433594,-3.732824427,-6.091603053,1.091603053
1413,1780506923,-0.924804688,0.193847656,-0.180664063,-7.328244275,3.396946565,-2.946564885,0.114013672,-0.995849609,0.057861328,-3.709923664,-7.374045802,1.06870229
1414,1780506923,-0.936523438,0.184326172,-0.165039063,-7.847328244,3.458015267,-2.847328244,0.133789063,-1.004882813,0.037841797,-3.022900763,-6.442748092,1.106870229
1415,1780506923,-0.938232422,0.186279297,-0.156982422,-6.213740458,3.083969466,-2.480916031,0.146728516,-0.998779297,0.024902344,-2.595419847,-4.053435115,1.236641221
1416,1780506923,-0.932128906,0.198974609,-0.150146484,-5.86259542,2.290076336,-2.106870229,0.150634766,-1.008056641,0.029052734,-1.977099237,-0.687022901,1.564885496
1417,1780506923,-0.943359375,0.208984375,-0.156982422,-1.419847328,2.13740458,-0.977099237,0.148925781,-1.015625,0.019042969,-1.465648855,2.183206107,2.083969466
1418,1780506923,-0.948242188,0.188476563,-0.161865234,-0.091603053,1.633587786,-0.625954198,0.139648438,-1.014404297,0.035400391,-1.755725191,3.839694656,2.129770992
1419,1780506923,-0.938232422,0.180175781,-0.181884766,1.458015267,0.946564885,-0.625954198,0.121826172,-1.012695313,0.030273438,-2.27480916,5.229007634,1.717557252
1420,1780506923,-0.941650391,0.17578125,-0.18359375,3.267175573,0.58778626,-0.58778626,0.104248047,-1.01171875,0.029785156,-2.038167939,6.488549618,1.473282443
1421,1780506923,-0.931396484,0.217041016,-0.190185547,4.610687023,0.41221374,-0.717557252,0.101318359,-1.002929688,0.024169922,-1.732824427,6.778625954,1.702290076
1422,1780506923,-0.923095703,0.240966797,-0.188232422,4.038167939,0.870229008,-0.290076336,0.090087891,-0.999511719,0.024414063,-1.763358779,5.534351145,2.160305344
1423,1780506923,-0.919677734,0.242431641,-0.197998047,2,1.244274809,-0.045801527,0.076416016,-0.997070313,0.034912109,-1.809160305,3.961832061,2.152671756
1424,1780506923,-0.925537109,0.224609375,-0.194335938,0.381679389,0.961832061,-0.435114504,0.070800781,-1.01171875,0.041015625,-1.572519084,2.465648855,2.091603053
1425,1780506923,-0.920166016,0.215332031,-0.182128906,-0.641221374,1.06870229,-0.816793893,0.066894531,-0.994628906,0.046142578,-1.877862595,1.229007634,1.885496183
1426,1780506923,-0.923095703,0.216552734,-0.182861328,-0.786259542,1.114503817,-0.847328244,0.072753906,-1.006347656,0.045410156,-1.824427481,0.763358779,1.748091603
1427,1780506923,-0.922851563,0.227539063,-0.189941406,-1.34351145,1.419847328,-1.083969466,0.079345703,-1.006103516,0.041259766,-1.450381679,1.06870229,1.694656489
1428,1780506923,-0.9296875,0.226074219,-0.186523438,-1.717557252,1.41221374,-1.007633588,0.083496094,-1.010253906,0.033447266,-1.160305344,0.34351145,1.65648855
1429,1780506923,-0.945556641,0.2265625,-0.190429688,-2.13740458,1.488549618,-1.389312977,0.083496094,-1.014648438,0.033691406,-0.954198473,-0.404580153,1.801526718
1430,1780506923,-0.933349609,0.221679688,-0.19921875,-2.885496183,1.473282443,-1.221374046,0.083496094,-1.010742188,0.032470703,-1.007633588,-0.893129771,1.877862595
1431,1780506923,-0.928955078,0.210449219,-0.188232422,-3.312977099,1.198473282,-1.221374046,0.092041016,-0.997558594,0.044433594,-1.244274809,-0.969465649,1.625954198
1432,1780506923,-0.926757813,0.205810547,-0.192626953,-2.877862595,1.076335878,-1.564885496,0.109130859,-0.989746094,0.021972656,-1.167938931,-0.290076336,1.503816794
1433,1780506923,-0.9375,0.207275391,-0.187988281,-2.27480916,0.923664122,-1.328244275,0.098144531,-0.989013672,0.025390625,-1.564885496,0.526717557,1.465648855
1434,1780506923,-0.927001953,0.204833984,-0.190917969,-1.251908397,0.717557252,-1.404580153,0.104003906,-1.010009766,0.019042969,-1.244274809,2.213740458,1.267175573
1435,1780506923,-0.939208984,0.208984375,-0.196044922,-0.152671756,0.351145038,-1.305343511,0.100097656,-1.009521484,0.027587891,-1.038167939,2.992366412,1.129770992
1436,1780506923,-0.936523438,0.212890625,-0.184814453,0.022900763,0.129770992,-1.076335878,0.101074219,-1.003417969,0.03125,-0.977099237,2.984732824,1.328244275
1437,1780506923,-0.933105469,0.203125,-0.197021484,-0.160305344,0.099236641,-0.923664122,0.091796875,-1.007324219,0.028320313,-0.847328244,2.641221374,1.312977099
1438,1780506923,-0.933105469,0.208007813,-0.201660156,-0.41221374,-0.244274809,-0.961832061,0.095703125,-1.001464844,0.030517578,-0.679389313,2.625954198,1.198473282
1439,1780506923,-0.936767578,0.209960938,-0.194580078,-0.488549618,0,-1.038167939,0.108886719,-1.014404297,0.018798828,-0.977099237,2.358778626,1
1440,1780506923,-0.927001953,0.208251953,-0.190429688,-0.908396947,-0.129770992,-0.916030534,0.086914063,-1.004150391,0.025634766,-1.083969466,1.954198473,-0.061068702
1441,1780506923,-0.927001953,0.189453125,-0.183837891,-0.847328244,-0.41221374,-0.86259542,0.079833984,-1.003662109,0.023925781,-1.061068702,2.732824427,-0.305343511
1442,1780506923,-0.928955078,0.295898438,-0.190429688,1.374045802,-1.190839695,3.770992366,0.137695313,-1.0390625,0.030029297,-0.839694656,1.374045802,-8.671755725
1443,1780506923,-0.953125,0.081542969,-0.149414063,1.580152672,-1.267175573,4.557251908,0.004150391,-1.006103516,0.008789063,-0.061068702,3.152671756,-5.022900763
1444,1780506923,-0.913330078,0.197998047,-0.234619141,5.076335878,-1.664122137,-0.282442748,0.095214844,-1,0.027587891,-0.129770992,6.41221374,-0.664122137
1445,1780506923,-0.916748047,0.259033203,-0.202392578,-1.190839695,-0.473282443,-0.694656489,0.149169922,-0.994873047,0.010253906,-0.305343511,5.297709924,0.618320611
1446,1780506923,-0.948974609,0.1484375,-0.168701172,2.435114504,-1.442748092,0.778625954,0.203369141,-1.033691406,-0.0234375,0.41221374,7.450381679,-6.801526718
1447,1780506923,-0.990478516,0.289550781,-0.187011719,-3.389312977,-0.099236641,9.908396947,0.231201172,-0.997070313,-0.056640625,-0.778625954,11.66412214,-13.98473282
1448,1780506923,-0.995605469,-0.019775391,-0.185791016,14.7480916,-4.297709924,12.23664122,0.259033203,-1.022705078,-0.050537109,-0.610687023,20.5648855,-15.54198473
1449,1780506923,-0.997802734,0.111816406,-0.189453125,13.88549618,-6.816793893,13.45038168,0.295166016,-1.006835938,-0.071533203,-0.595419847,28.30534351,-16.90076336
1450,1780506924,-0.977783203,-0.046875,-0.182373047,24.99236641,-10.49618321,14.91603053,0.33984375,-0.974853516,-0.048583984,-3.435114504,33.83969466,-23.85496183
1451,1780506924,-0.997802734,0.122314453,-0.205322266,30.38167939,-13.2519084,23.8778626,0.351806641,-0.986083984,-0.087890625,-4.038167939,41.47328244,-34.77862595
1452,1780506924,-1.009277344,0.074707031,-0.203369141,39.01526718,-15.83969466,31.42748092,0.309082031,-0.991699219,-0.064453125,-5.175572519,50.41221374,-42.27480916
1453,1780506924,-1.004638672,0.111572266,-0.229736328,43.70992366,-17.08396947,35.66412214,0.261230469,-1.014892578,-0.001220703,-6.86259542,51.72519084,-46.67938931
1454,1780506924,-0.999511719,0.176757813,-0.219970703,44.01526718,-17.3129771,37.97709924,0.216796875,-1.017333984,0.031005859,-7.557251908,51.14503817,-48.85496183
1455,1780506924,-0.979492188,0.252441406,-0.209716797,43.32061069,-16.64122137,39.41221374,0.159912109,-1.038574219,0.027832031,-7.755725191,48.35877863,-50.84732824
1456,1780506924,-0.984130859,0.310791016,-0.204345703,39.8778626,-16.67938931,41.18320611,0.151123047,-1.061523438,-0.030517578,-7.580152672,45.77099237,-53.05343511
1457,1780506924,-1.001953125,0.368896484,-0.224121094,35.79389313,-16.17557252,44.45801527,0.186767578,-1.077880859,-0.036132813,-6.748091603,41.98473282,-55.30534351
1458,1780506924,-1.043701172,0.354492188,-0.253173828,31.20610687,-15.06870229,47.12977099,0.227783203,-1.094238281,-0.010742188,-6.030534351,36.2519084,-56.93129771
1459,1780506924,-1.049804688,0.308105469,-0.294433594,21.76335878,-13.93129771,47.40458015,0.214111328,-1.073730469,0.004150391,-5.351145038,32.32824427,-56.0610687
1460,1780506924,-0.998046875,0.183349609,-0.272705078,16.57251908,-11.74045802,43.38167939,0.207275391,-1.03515625,0.040527344,-4.854961832,28.54198473,-54.18320611
1461,1780506924,-0.960693359,0.149658203,-0.295654297,13.83969466,-8.633587786,37.90839695,0.19921875,-1.028076172,0.089111328,-5.633587786,22.48091603,-52.6870229
1462,1780506924,-0.973388672,0.078857422,-0.278320313,8.755725191,-5.312977099,30.55725191,0.201660156,-1.0625,0.112548828,-7.79389313,15.29007634,-52.63358779
1463,1780506924,-1.025146484,-0.165283203,-0.176757813,3,-3.847328244,16.39694656,0.156005859,-1.078613281,0.143310547,-7.396946565,8.687022901,-52.74045802
1464,1780506924,-0.974609375,-0.298583984,-0.252685547,2.496183206,0.824427481,-3.641221374,0.1015625,-1.045166016,0.132568359,-5.969465649,4.755725191,-49.16793893
1465,1780506924,-0.953857422,-0.845214844,-0.220214844,7.259541985,2.358778626,-35.85496183,0.083496094,-1.046630859,0.062988281,-5.480916031,2.152671756,-44.3740458
1466,1780506924,-1.059814453,-0.402099609,-0.326171875,16.81679389,2.984732824,-57.22900763,0.307861328,-0.947265625,-0.012207031,-8.229007634,1.366412214,-57.35877863
1467,1780506924,-1.067626953,-0.510009766,-0.331298828,14.02290076,7.694656489,-72.17557252,0.264648438,-0.948974609,-0.0078125,-13.26717557,1.328244275,-56.11450382
1468,1780506924,-1.068115234,-0.416015625,-0.385009766,13.98473282,8.65648855,-90.73282443,0.337646484,-1.077148438,0.043457031,-11.52671756,1.709923664,-55.44274809
1469,1780506924,-1.137207031,-0.317138672,-0.304443359,9.083969466,9.885496183,-101.8625954,0.407714844,-1.006347656,0.076171875,-14.09923664,-7.083969466,-54.83206107
1470,1780506924,-1.242919922,-0.269775391,-0.282714844,2.13740458,13.81679389,-112.351145,0.444091797,-1.041748047,0.106201172,-11.96946565,-15.61068702,-60.65648855
1471,1780506924,-1.268554688,-0.229736328,-0.23828125,-5.045801527,20.22137405,-118.8396947,0.453125,-1.024169922,0.120361328,-12.82442748,-21.79389313,-68.24427481
1472,1780506924,-1.273193359,-0.1796875,-0.212890625,-14.80152672,24.09923664,-123.6793893,0.460205078,-0.996582031,0.115478516,-13.71755725,-32.80916031,-75.29770992
1473,1780506924,-1.291992188,-0.252441406,-0.198242188,-21.49618321,25.83969466,-128.0381679,0.470703125,-1.008056641,0.048583984,-14.91603053,-36.6259542,-84.95419847
1474,1780506924,-1.352294922,-0.319335938,-0.15234375,-22.74045802,26.0610687,-133.4503817,0.455322266,-1.051025391,0.041259766,-15.41221374,-35.19847328,-95.4351145
1475,1780506924,-1.378173828,-0.4375,-0.108154297,-18.7480916,23.51145038,-143.1221374,0.489501953,-1.010986328,-0.048583984,-17,-35.74045802,-97.93129771
1476,1780506924,-1.330566406,-0.521484375,-0.093017578,-15.33587786,19.79389313,-154.5114504,0.537353516,-0.959960938,-0.170898438,-15.39694656,-28.67938931,-96.44274809
1477,1780506924,-1.313720703,-0.534667969,-0.080810547,-4.65648855,15.19083969,-170.1450382,0.579345703,-0.931884766,-0.061523438,-15.51908397,-20.7480916,-91.30534351
1478,1780506924,-1.339111328,-0.458007813,-0.100830078,1.442748092,13.7480916,-181.7938931,0.607666016,-0.922851563,-0.001708984,-10.22137405,-14.72519084,-89.59541985
1479,1780506924,-1.402587891,-0.388916016,-0.146484375,6.114503817,13.09160305,-191.1068702,0.616210938,-0.961669922,-0.024414063,-9,-12.23664122,-91.01526718
1480,1780506924,-1.470947266,-0.278076172,-0.204833984,7.244274809,12.51145038,-193.5572519,0.618408203,-0.999511719,0.013916016,-9.328244275,-13.23664122,-96.97709924
1481,1780506924,-1.516845703,-0.199951172,-0.231445313,4.030534351,12.34351145,-192.1068702,0.640625,-1.028564453,0.019042969,-10.8778626,-16.96183206,-101.8549618
1482,1780506924,-1.534667969,-0.187255859,-0.194824219,1.335877863,10.27480916,-187.648855,0.661132813,-1.024169922,-0.034667969,-12.67175573,-18.08396947,-112.4732824
1483,1780506924,-1.500244141,-0.218505859,-0.169433594,5.748091603,6.694656489,-183.1603053,0.707275391,-1.011962891,-0.069824219,-15.25954198,-18.77862595,-117
1484,1780506924,-1.498291016,-0.185546875,-0.157714844,5.13740458,4.358778626,-179.5877863,0.752441406,-0.992675781,-0.112792969,-13.95419847,-12.17557252,-118.7480916
1485,1780506924,-1.438964844,-0.2578125,-0.160400391,7.954198473,2.496183206,-176.9770992,0.795898438,-0.942138672,-0.020019531,-12.71755725,-6.900763359,-120.0076336
1486,1780506924,-1.385742188,-0.285644531,-0.167480469,12.6870229,0.687022901,-173.5954198,0.772216797,-0.895507813,-0.034667969,-12.22137405,-2.511450382,-121.4732824
1487,1780506924,-1.33984375,-0.345947266,-0.155273438,20.23664122,-1.916030534,-172.8320611,0.728271484,-0.884521484,-0.094482422,-11.48091603,5.167938931,-120.0305344
1488,1780506924,-1.311767578,-0.325439453,-0.1640625,25.63358779,-4.633587786,-172.0534351,0.691650391,-0.889160156,-0.069824219,-9.427480916,10.2519084,-116.5267176
1489,1780506924,-1.296630859,-0.269042969,-0.201660156,26.6870229,-6.061068702,-174.1984733,0.710693359,-0.870117188,-0.035888672,-7.809160305,10.74045802,-115.7709924
1490,1780506924,-1.270507813,-0.226318359,-0.203369141,24.1221374,-6.335877863,-171.8778626,0.719970703,-0.878662109,0.033203125,-7.167938931,4.282442748,-117.3969466
1491,1780506924,-1.252441406,-0.182373047,-0.263427734,17.93129771,-5.687022901,-164.1450382,0.707275391,-0.870117188,-0.022216797,-6.694656489,-2.694656489,-123.2900763
1492,1780506924,-1.241210938,-0.172119141,-0.267333984,10.7480916,-4.687022901,-154.6793893,0.728759766,-0.885986328,-0.042724609,-7.969465649,-7.824427481,-126.6412214
1493,1780506924,-1.223144531,-0.185546875,-0.252441406,2.129770992,-3.488549618,-146.6183206,0.733886719,-0.850341797,-0.012939453,-6.977099237,-16.33587786,-129.480916
1494,1780506924,-1.152832031,-0.196289063,-0.262939453,-5.213740458,-1.748091603,-140.8167939,0.694335938,-0.779052734,-0.0625,-7.053435115,-19.81679389,-128.0076336
1495,1780506924,-1.044433594,-0.308349609,-0.257080078,-3.984732824,-0.65648855,-142.6412214,0.655029297,-0.680175781,-0.066650391,-7.06870229,-21.26717557,-121.9770992
1496,1780506924,-0.950439453,-0.260253906,-0.285888672,-9.389312977,1.160305344,-141.5038168,0.629150391,-0.635986328,-0.018554688,-7.030534351,-27.18320611,-115.5419847
1497,1780506924,-0.921386719,-0.193603516,-0.299316406,-16.70992366,4.152671756,-140.7328244,0.635253906,-0.639892578,-0.105712891,-6.366412214,-31.40458015,-109.6870229
1498,1780506924,-0.9296875,-0.179443359,-0.294677734,-23.03816794,5.824427481,-138.6946565,0.673339844,-0.661865234,-0.052001953,-8.022900763,-35.16030534,-108.3053435
1499,1780506924,-0.923339844,-0.148681641,-0.300048828,-26.17557252,7.473282443,-128.0992366,0.743652344,-0.661865234,-0.064453125,-8.755725191,-41.21374046,-110.7709924
1500,1780506924,-0.927490234,-0.031738281,-0.349121094,-36.33587786,11.25954198,-117.2366412,0.711425781,-0.657226563,-0.143066406,-12.97709924,-44.50381679,-109.3358779
1501,1780506924,-0.894287109,-0.157958984,-0.356445313,-34.27480916,12.01526718,-111.6412214,0.751464844,-0.637695313,-0.037353516,-13,-44.99236641,-102.8625954
1502,1780506924,-0.857666016,-0.038818359,-0.322753906,-36.74045802,14.65648855,-103.1145038,0.765380859,-0.591064453,-0.046142578,-12.44274809,-47.28244275,-102.8854962
1503,1780506924,-0.765136719,-0.085205078,-0.280029297,-42.54961832,17.19083969,-90.76335878,0.692626953,-0.498046875,-0.081054688,-12.86259542,-47.27480916,-99
1504,1780506924,-0.610351563,-0.212158203,-0.218994141,-38.35114504,16.41984733,-90.07633588,0.596923828,-0.422851563,-0.155273438,-13.15267176,-49.64885496,-89.22137405
1505,1780506924,-0.576660156,-0.213867188,-0.136474609,-41.15267176,14.82442748,-89.35877863,0.607666016,-0.416992188,-0.253662109,-12.74045802,-45.76335878,-78.64885496
1506,1780506924,-0.616699219,-0.049072266,-0.167236328,-29.57251908,11.49618321,-85.95419847,0.782714844,-0.465087891,-0.205322266,-11.32061069,-35.76335878,-71.66412214
1507,1780506924,-0.630615234,-0.112548828,-0.192871094,-23.17557252,9.755725191,-74.87022901,0.887451172,-0.499511719,-0.215087891,-10.7480916,-17.84732824,-65.71755725
1508,1780506924,-0.625488281,-0.202636719,-0.158447266,-3.335877863,3.908396947,-65.58778626,0.902587891,-0.481933594,-0.15234375,-9,-2.41221374,-60.3740458
1509,1780506924,-0.60546875,-0.060546875,-0.158691406,11.90839695,0.923664122,-56.58015267,0.845214844,-0.458251953,-0.153320313,-7.282442748,12.53435115,-50.34351145
1510,1780506924,-0.569335938,0.229736328,-0.201904297,23.3740458,-1.671755725,-33.4351145,0.817871094,-0.404296875,-0.117675781,-5.618320611,20.09160305,-52.21374046
1511,1780506924,-0.477050781,0.056152344,-0.12109375,27.70992366,-4.06870229,-16.48854962,0.653320313,-0.360107422,-0.197998047,-6.541984733,25.98473282,-43.47328244
1512,1780506924,-0.405517578,0.144287109,-0.135253906,23.51908397,-7.79389313,-10.51145038,0.491455078,-0.369384766,-0.143066406,-6,26.28244275,-29.40458015
1513,1780506924,-0.365234375,0.161376953,-0.11328125,29.94656489,-10.23664122,-6.41221374,0.499267578,-0.380859375,-0.139892578,-2.755725191,27.19847328,-17.29770992
1514,1780506924,-0.363769531,0.301513672,-0.133056641,27.28244275,-10.94656489,-0.022900763,0.496582031,-0.380859375,-0.120361328,-0.801526718,31.12977099,-0.030534351
1515,1780506924,-0.364257813,0.183349609,-0.145507813,29.58015267,-12.96946565,6.641221374,0.551269531,-0.420166016,-0.051269531,1.854961832,34.86259542,9.65648855
1516,1780506924,-0.413330078,0.200439453,-0.147216797,33.20610687,-13.45801527,16.44274809,0.588623047,-0.387207031,-0.083984375,1.580152672,37.11450382,18.67175573
1517,1780506924,-0.423095703,0.208251953,-0.208251953,34.2519084,-13.08396947,26.70992366,0.575195313,-0.457763672,-0.055664063,1.748091603,39.61832061,25
1518,1780506924,-0.49609375,0.399902344,-0.278564453,30.40458015,-11.19083969,46.80152672,0.666748047,-0.451171875,-0.030029297,2.954198473,39.13740458,24.41984733
1519,1780506924,-0.469970703,0.443115234,-0.283935547,17.16030534,-7.809160305,63.73282443,0.524658203,-0.446044922,-0.044677734,1.694656489,30.07633588,33.97709924
1520,1780506924,-0.456542969,0.1875,-0.279785156,16.07633588,-4.610687023,69.75572519,0.446289063,-0.441894531,-0.052001953,2.839694656,23.16030534,43.16793893
1521,1780506924,-0.508056641,0.333984375,-0.258300781,5.549618321,-1.511450382,78.67938931,0.528320313,-0.492675781,-0.022216797,3.152671756,15.3129771,51.96183206
1522,1780506924,-0.583496094,0.271972656,-0.217529297,-9.641221374,-0.358778626,89.86259542,0.518310547,-0.490478516,-0.008544922,2.954198473,4.351145038,57.48854962
1523,1780506924,-0.601318359,0.068115234,-0.166015625,-14.22137405,-0.427480916,95.35877863,0.502685547,-0.45703125,-0.050537109,3.72519084,-3.022900763,64.51145038
1524,1780506924,-0.616943359,-0.029296875,-0.147216797,-15.34351145,-1.20610687,96.48854962,0.554931641,-0.476318359,-0.1171875,4.58778626,-2.86259542,77.81679389
1525,1780506924,-0.647705078,-0.118408203,-0.096923828,-14.10687023,-3.328244275,97.6870229,0.634277344,-0.499023438,-0.131591797,8.022900763,2.694656489,89.00763359
1526,1780506924,-0.696044922,-0.176269531,-0.100341797,-11.54961832,-3.954198473,95.45038168,0.708251953,-0.520263672,-0.153564453,11.99236641,10.22900763,98.58778626
1527,1780506924,-0.780029297,-0.092529297,-0.165527344,-5.282442748,-6.480916031,100.389313,0.800048828,-0.570068359,-0.115478516,14.15267176,16.09923664,103.8625954
1528,1780506924,-0.866210938,-0.166503906,-0.185302734,-2.870229008,-7.244274809,106.5038168,0.841064453,-0.625732422,-0.063232422,15.46564885,19.57251908,103.8549618
1529,1780506924,-0.995117188,0.146484375,-0.291748047,-2.908396947,-5.908396947,123.9923664,0.927978516,-0.673095703,-0.022216797,16.16793893,20.84732824,97
1530,1780506924,-1.047119141,-0.258544922,-0.182373047,-0.557251908,-7.633587786,137.0076336,0.820068359,-0.699707031,-0.107910156,12.12977099,22.27480916,97.97709924
1531,1780506924,-1.071777344,-0.208740234,-0.198242188,5.152671756,-10.21374046,143.5496183,0.875732422,-0.709472656,-0.081787109,11.19847328,28.08396947,99.10687023
1532,1780506924,-1.093017578,-0.125244141,-0.132568359,5.534351145,-12.40458015,152.0916031,0.895751953,-0.679931641,-0.095458984,10.96946565,33.90839695,103.2290076
1533,1780506924,-1.084228516,-0.215332031,-0.135742188,9.938931298,-14.33587786,157.389313,0.879150391,-0.63671875,-0.084716797,10.95419847,41.60305344,108.3969466
1534,1780506925,-1.047363281,-0.212646484,-0.097167969,17.94656489,-16.29007634,161.7099237,0.832275391,-0.607421875,-0.055664063,9.938931298,48.55725191,114.0229008
1535,1780506925,-1.043457031,-0.2578125,-0.104492188,23.61832061,-16.9389313,163.3664122,0.768554688,-0.598388672,-0.026611328,9.885496183,52.73282443,120.3358779
1536,1780506925,-1.065673828,-0.260742188,-0.132568359,31.64885496,-18.02290076,162.0152672,0.680419922,-0.668945313,-0.047607422,7.496183206,55.24427481,125.3358779
1537,1780506925,-1.107910156,-0.21875,-0.162353516,35.16793893,-18.89312977,159.8015267,0.671142578,-0.736328125,-0.048583984,4.167938931,56.81679389,133.7938931
1538,1780506925,-1.198486328,-0.163818359,-0.193847656,36.69465649,-18.63358779,158.8549618,0.6875,-0.833496094,-0.086181641,2.664122137,63.34351145,137.2748092
1539,1780506925,-1.296142578,-0.245605469,-0.190673828,41.85496183,-20.16793893,157.3282443,0.671630859,-0.849853516,-0.070556641,1.938931298,71.66412214,137.8167939
1540,1780506925,-1.290771484,-0.347412109,-0.177246094,50.99236641,-21.60305344,156.3282443,0.613769531,-0.778564453,0.024414063,-3.282442748,78.16030534,136.5801527
1541,1780506925,-1.174072266,-0.294921875,-0.192871094,62.71755725,-18.88549618,152.3053435,0.572753906,-0.72265625,0.134521484,-6.045801527,79.86259542,136.4122137
1542,1780506925,-1.104003906,-0.172607422,-0.166992188,64.06870229,-14.29007634,150.2977099,0.500732422,-0.732910156,0.165283203,-8.687022901,76.25954198,139.0992366
1543,1780506925,-1.077148438,-0.118408203,-0.208251953,63.71755725,-8.358778626,146.1221374,0.490234375,-0.803466797,0.139404297,-10.91603053,74.18320611,143.3969466
1544,1780506925,-1.216552734,-0.028564453,-0.174072266,55.77862595,-2.244274809,145.5038168,0.488525391,-0.981445313,0.086425781,-13.77862595,65.83206107,144.4503817
1545,1780506925,-1.400878906,-0.094970703,-0.198730469,50.29770992,0.641221374,140.9389313,0.444580078,-1.166992188,0.068603516,-16.64122137,62.83969466,142.778626
1546,1780506925,-1.585449219,-0.056396484,-0.167724609,42.32824427,1.648854962,140.3358779,0.5703125,-1.264648438,0.134277344,-18.7480916,53.20610687,135.2290076
1547,1780506925,-1.598388672,-0.241699219,-0.081054688,33.57251908,2.564885496,138.4885496,0.5546875,-1.167724609,0.155517578,-17.10687023,45.97709924,126.4351145
1548,1780506925,-1.527099609,-0.177978516,-0.044189453,26.41984733,3.671755725,144.0916031,0.583496094,-0.941894531,0.20703125,-18.87022901,35.90076336,109.2824427
1549,1780506925,-1.366210938,-0.392333984,-0.042480469,33.09923664,4.022900763,147.2977099,0.535888672,-0.878417969,0.226318359,-21.14503817,30.9389313,92.85496183
1550,1780506925,-1.258300781,-0.290283203,-0.004150391,24.03053435,6.259541985,146.9465649,0.480712891,-0.931152344,0.192138672,-21.46564885,29.26717557,86.69465649
1551,1780506925,-1.239257813,-0.176269531,-0.015869141,15.26717557,11.29007634,139.7099237,0.366210938,-1.006591797,0.201904297,-16,17.55725191,88.83206107
1552,1780506925,-1.257080078,-0.202636719,-0.040039063,8.648854962,14.83969466,125.6793893,0.278808594,-1.152099609,0.183105469,-13.04580153,2.770992366,91.90076336
1553,1780506925,-1.330810547,-0.087158203,-0.083496094,-7.114503817,18.3129771,112.4351145,0.278564453,-1.281982422,0.155273438,-9.900763359,-8.839694656,95.89312977
1554,1780506925,-1.433349609,-0.111328125,-0.067138672,-21.30534351,19.28244275,100.1908397,0.33203125,-1.283447266,0.157226563,-5.381679389,-18.52671756,93.08396947
1555,1780506925,-1.407226563,-0.192382813,-0.049072266,-31.07633588,19.58778626,93.53435115,0.405517578,-1.158203125,0.168212891,-3.839694656,-28.38167939,86.18320611
1556,1780506925,-1.337158203,-0.223876953,-0.034179688,-37.93129771,19.67938931,89.83206107,0.483886719,-1.047851563,0.174560547,-1.053435115,-34.32824427,75.32824427
1557,1780506925,-1.283691406,-0.301757813,-0.005859375,-44.6259542,18.04580153,85.4351145,0.491455078,-0.992919922,0.148681641,-0.465648855,-37.45038168,64.79389313
1558,1780506925,-1.216796875,-0.404541016,-0.0078125,-38.5648855,15.3129771,80.27480916,0.469482422,-0.973144531,0.103271484,0.053435115,-36.29007634,56.78625954
1559,1780506925,-1.166259766,-0.306396484,-0.033691406,-34.85496183,13.64885496,73.86259542,0.438476563,-1.01171875,0.104980469,0.458015267,-35.76335878,53.66412214
1560,1780506925,-1.141601563,-0.229492188,-0.066894531,-34.04580153,11.96183206,64.83969466,0.411621094,-1.0703125,0.098632813,1.832061069,-35.0610687,53.03053435
1561,1780506925,-1.146240234,-0.167480469,-0.096435547,-34.8778626,11.99236641,55.92366412,0.384033203,-1.074462891,0.095947266,3.893129771,-34.44274809,52.84732824
1562,1780506925,-1.124755859,-0.163085938,-0.130615234,-34.83969466,13.48854962,48.67175573,0.375488281,-1.069824219,0.087890625,5.992366412,-34.02290076,51.52671756
1563,1780506925,-1.135986328,-0.031738281,-0.189697266,-41.46564885,14.92366412,42.4351145,0.392578125,-1.023681641,0.033203125,7.572519084,-34.47328244,47.59541985
1564,1780506925,-1.077636719,-0.143798828,-0.225341797,-40.03816794,16.19083969,37.69465649,0.383300781,-0.972167969,0.044677734,7.549618321,-34.77099237,42.78625954
1565,1780506925,-1.040771484,-0.16015625,-0.221923828,-36.54198473,15.70992366,33,0.382080078,-0.94921875,0.012451172,5.65648855,-34.61068702,38.16030534
1566,1780506925,-1.015869141,-0.131835938,-0.216552734,-34.69465649,13.54198473,29.04580153,0.386962891,-0.930175781,-0.004394531,1.969465649,-33.49618321,34.20610687
1567,1780506925,-0.990722656,-0.130859375,-0.207275391,-32.22900763,11.88549618,27.27480916,0.371826172,-0.923339844,-0.001953125,0.366412214,-31.83969466,30.3129771
1568,1780506925,-0.962890625,-0.097900391,-0.210693359,-29.44274809,12.09923664,21.23664122,0.340332031,-0.9375,0.020263672,0.58778626,-31.8778626,27.70992366
1569,1780506925,-0.922851563,-0.100585938,-0.215576172,-25.84732824,12.35877863,14.36641221,0.219726563,-0.901123047,-0.006347656,0.122137405,-32.70992366,32.46564885
1570,1780506925,-0.877441406,0.029785156,-0.267578125,-26.2519084,14.40458015,4.977099237,0.280029297,-0.959228516,0.029296875,0.786259542,-34.7480916,36.03816794
1571,1780506925,-0.92578125,0.039550781,-0.220458984,-35.51145038,16.35877863,-2.671755725,0.213134766,-0.956054688,-0.002441406,0.480916031,-39.32824427,39
1572,1780506925,-0.955322266,-0.10546875,-0.215087891,-28.06870229,15.36641221,-12.81679389,0.217285156,-1.024658203,-0.011474609,0.022900763,-37.95419847,40.10687023
1573,1780506925,-0.949707031,0.057373047,-0.237304688,-35.69465649,15.90839695,-17.84732824,0.192138672,-0.988769531,-0.0234375,2.519083969,-38.92366412,41.33587786
1574,1780506925,-0.908447266,-0.01171875,-0.237060547,-35.92366412,16.12977099,-26.91603053,0.186279297,-0.944091797,-0.009033203,2.946564885,-41.7480916,42.08396947
1575,1780506925,-0.862792969,0.015869141,-0.356689453,-35.46564885,19.29007634,-31.30534351,0.160400391,-0.906738281,0.002441406,2.328244275,-45.21374046,43.18320611
1576,1780506925,-0.865966797,-0.171386719,-0.290771484,-42.32061069,23.36641221,-45.64885496,0.137207031,-0.958740234,0.015136719,2.183206107,-52.61832061,46.72519084
1577,1780506925,-0.962402344,-0.337402344,-0.191894531,-44.65648855,22.46564885,-61.04580153,0.107177734,-1.002685547,-0.008789063,3.374045802,-59.81679389,50.24427481
1578,1780506925,-0.997802734,-0.065429688,-0.231933594,-50.16030534,21.32061069,-73.27480916,0.145019531,-0.978759766,-0.029541016,3.519083969,-67.65648855,49.69465649
1579,1780506925,-0.940185547,0.239257813,-0.279296875,-61.74045802,26.10687023,-71.84732824,0.161376953,-0.978271484,0.002685547,5.114503817,-72.45801527,45.09160305
1580,1780506925,-0.979980469,0.330322266,-0.239013672,-66.79389313,27.81679389,-64.81679389,0.170410156,-1.019042969,-0.013916016,4.198473282,-80.10687023,37.3740458
1581,1780506925,-1.019042969,0.459228516,-0.169677734,-74.13740458,25.72519084,-51.8778626,0.215087891,-1.062744141,-0.052490234,1.358778626,-84.54961832,27.6259542
1582,1780506925,-1.034912109,0.503662109,-0.149902344,-75.03053435,23.02290076,-36.53435115,0.272705078,-1.0703125,-0.074462891,0.526717557,-83.64885496,20.33587786
1583,1780506925,-1.024169922,0.365966797,-0.161376953,-71.18320611,20.96946565,-27.02290076,0.288085938,-1.055419922,-0.080566406,1.167938931,-75.77099237,21.0610687
1584,1780506925,-0.998535156,0.090576172,-0.156738281,-65.63358779,19.25954198,-27.39694656,0.250488281,-1.028320313,-0.073242188,3.832061069,-63.77099237,28.67175573
1585,1780506925,-0.954589844,-0.089355469,-0.172851563,-57.77862595,17.59541985,-38.00763359,0.240722656,-0.976074219,-0.065917969,6.526717557,-53.66412214,36.2519084
1586,1780506925,-0.960205078,-0.079833984,-0.137939453,-50.10687023,15.19083969,-44.03816794,0.252197266,-0.979492188,-0.051757813,6.183206107,-47,37.35877863
1587,1780506925,-1.006591797,0.016113281,-0.094238281,-41.55725191,11.88549618,-43.25954198,0.273681641,-1.042480469,-0.021972656,5.404580153,-40.69465649,32.05343511
1588,1780506925,-1.060058594,0.106933594,-0.088134766,-33.87022901,8.519083969,-36.50381679,0.281494141,-1.111328125,-0.026367188,5.175572519,-35.00763359,24.49618321
1589,1780506925,-1.096923828,0.099609375,-0.158447266,-29.19847328,6.305343511,-29.76335878,0.285644531,-1.126464844,0.000732422,5.366412214,-25.82442748,19.4351145
1590,1780506925,-1.104492188,0.009277344,-0.217041016,-22.82442748,6.015267176,-26.29770992,0.267822266,-1.125488281,0.025878906,5.183206107,-21.76335878,13.77862595
1591,1780506925,-1.089599609,0.005126953,-0.239746094,-21.09160305,7.740458015,-24.47328244,0.267822266,-1.104736328,0.002685547,4.381679389,-19.41984733,10.96946565
1592,1780506925,-1.036621094,0.06640625,-0.206787109,-19.36641221,4.908396947,-20.63358779,0.262939453,-1.03515625,-0.028564453,2.938931298,-17.41221374,7.488549618
1593,1780506925,-0.981445313,0.127685547,-0.209716797,-15.6870229,4.038167939,-15.08396947,0.246337891,-0.993408203,-0.038330078,2.198473282,-14.65648855,5.045801527
1594,1780506925,-0.937988281,0.066162109,-0.232666016,-12.87022901,3.236641221,-13.10687023,0.218505859,-0.964111328,-0.024414063,1.145038168,-10.54198473,5.709923664
1595,1780506925,-0.918945313,0.095214844,-0.243896484,-12.7480916,3.389312977,-11.96183206,0.196044922,-0.958251953,-0.005615234,1.679389313,-8.580152672,5.65648855
1596,1780506925,-0.911621094,0.052490234,-0.231933594,-10.94656489,3.038167939,-10.66412214,0.163574219,-0.966552734,-0.015625,1.503816794,-8.312977099,4.389312977
1597,1780506925,-0.925537109,0.112304688,-0.239501953,-10.17557252,2.671755725,-8.633587786,0.154296875,-0.988037109,-0.0234375,0.900763359,-8.312977099,1.496183206
1598,1780506925,-0.925292969,0.128173828,-0.224853516,-10.42748092,2.503816794,-5.335877863,0.112060547,-0.985107422,-0.010986328,0.572519084,-8.557251908,-0.809160305
1599,1780506925,-0.936523438,0.079833984,-0.240722656,-8.79389313,1.900763359,-5.511450382,0.101074219,-1.001220703,0.000976563,0.335877863,-8.984732824,-1.053435115
1600,1780506925,-0.948730469,0.115234375,-0.237304688,-9.488549618,1.526717557,-5.152671756,0.114501953,-1.029052734,-0.014892578,-0.167938931,-9.259541985,-1.030534351
1601,1780506925,-0.947753906,0.101074219,-0.232177734,-10.08396947,1.160305344,-4.86259542,0.135253906,-1.014404297,-0.004882813,-0.175572519,-8.251908397,-0.778625954
1602,1780506925,-0.955810547,0.113769531,-0.215576172,-9.282442748,1.022900763,-4.41221374,0.139160156,-1.021240234,-0.010986328,0.229007634,-6.038167939,-0.381679389
1603,1780506925,-0.958251953,0.113525391,-0.212402344,-8.007633588,0.580152672,-3.847328244,0.146484375,-1.013916016,0.002929688,0.450381679,-3.190839695,-1.923664122
1604,1780506925,-0.962402344,0.106933594,-0.188720703,-5.740458015,-0.053435115,-3.106870229,0.150146484,-1.017822266,0.006835938,0.580152672,-0.625954198,0.20610687
1605,1780506925,-0.960205078,0.109130859,-0.185546875,-2.450381679,-0.610687023,-2.916030534,0.140625,-1.0234375,0.013427734,0.832061069,2.183206107,-0.114503817
1606,1780506925,-0.970458984,0.100585938,-0.172363281,0.213740458,-1.129770992,-2.740458015,0.109619141,-1.023925781,0.038330078,1.015267176,3.419847328,0.20610687
1607,1780506925,-0.958740234,0.113769531,-0.200439453,1.06870229,-1.625954198,-2.396946565,0.100585938,-1.011962891,0.045898438,1.603053435,3.946564885,0.20610687
1608,1780506925,-0.939697266,0.15234375,-0.201660156,0.435114504,-1.213740458,-2.450381679,0.065429688,-0.991943359,0.041992188,2.183206107,3.374045802,0.648854962
1609,1780506925,-0.914550781,0.164306641,-0.208984375,-0.954198473,-0.679389313,-2.58778626,0.054443359,-0.983642578,0.046630859,2.259541985,1.496183206,1.175572519
1610,1780506925,-0.918457031,0.157714844,-0.225585938,-4.938931298,0.229007634,-4.435114504,0.020507813,-0.978027344,0.061767578,1.740458015,-2.969465649,2.06870229
1611,1780506925,-0.930175781,0.086914063,-0.202880859,-1.236641221,-0.694656489,-7.41221374,0.077880859,-0.981933594,0.038818359,1.938931298,-4.450381679,8.129770992
1612,1780506925,-0.943847656,0.133056641,-0.203613281,0.549618321,-1.053435115,-11.64885496,0.054199219,-1.020996094,0.051757813,2.305343511,-5.053435115,9.022900763
1613,1780506925,-0.955566406,0.29296875,-0.232666016,-14.5648855,1.503816794,-5.969465649,0.095703125,-1.021484375,0.056152344,2.015267176,-10,4.786259542
1614,1780506925,-0.95703125,0.065429688,-0.207763672,-10.19083969,1.061068702,-3.969465649,0.075683594,-1.017822266,0.016113281,1.129770992,-10.69465649,1.152671756
1615,1780506925,-0.947998047,0.104736328,-0.2109375,-11.32824427,0.687022901,-4.007633588,0.070800781,-1.00390625,0.026855469,0.908396947,-9.664122137,1.175572519
1616,1780506925,-0.951660156,0.087158203,-0.203613281,-12.84732824,0.824427481,-5.732824427,0.074462891,-0.986816406,0.025390625,1.061068702,-10.69465649,3.419847328
1617,1780506926,-0.922363281,-0.029541016,-0.182617188,-11.19083969,-0.389312977,-10.77862595,0.078613281,-0.974609375,-0.009277344,1.41221374,-8.099236641,8.160305344
1618,1780506926,-0.935302734,0.280761719,-0.224853516,-16.08396947,0.648854962,-7.473282443,0.158935547,-1.030517578,0.016113281,2.435114504,-7.648854962,4.877862595
1619,1780506926,-0.951416016,0.073242188,-0.1953125,-10.89312977,0.557251908,-4.13740458,0.147949219,-1.009277344,0.00390625,2.312977099,-5.618320611,0.938931298
1620,1780506926,-0.943359375,0.070068359,-0.228027344,-7.335877863,-0.106870229,-2.732824427,0.126464844,-1.004150391,0.009521484,1.213740458,-3.801526718,0.679389313
1621,1780506926,-0.943847656,0.096923828,-0.212890625,-7.557251908,-0.564885496,-2.503816794,0.125244141,-1.000732422,0.033935547,0.549618321,-1.603053435,0.427480916
1622,1780506926,-0.963378906,0.052490234,-0.202880859,-4.557251908,-1.167938931,-2.969465649,0.138671875,-1.018798828,0.011230469,0.633587786,-1.809160305,-0.099236641
1623,1780506926,-0.964111328,0.091308594,-0.215087891,-3.473282443,-1.816793893,-2.778625954,0.127929688,-1.013427734,0,0.687022901,-0.427480916,0.114503817
1624,1780506926,-0.938476563,0.104003906,-0.209472656,-3.435114504,-2.244274809,-2.160305344,0.127197266,-0.999023438,0.001708984,1.198473282,1.198473282,0.167938931
1625,1780506926,-0.940429688,0.091796875,-0.206542969,-2.221374046,-2.435114504,-1.908396947,0.1171875,-1.007080078,0.015625,1.229007634,1.839694656,0.198473282
1626,1780506926,-0.951171875,0.103027344,-0.198974609,-1.549618321,-2.732824427,-1.786259542,0.094726563,-1.031005859,0.026367188,0.984732824,2.732824427,0.236641221
1627,1780506926,-0.966796875,0.113769531,-0.214355469,-1.480916031,-3.13740458,-1.419847328,0.099365234,-1.002685547,0.029296875,1.038167939,2.832061069,0.328244275
1628,1780506926,-0.954101563,0.122314453,-0.208740234,-1.290076336,-3.053435115,-1.625954198,0.106689453,-1.005615234,0.038085938,1.038167939,3.007633588,0.328244275
1629,1780506926,-0.932128906,0.097167969,-0.191894531,-1.038167939,-3.213740458,-1.374045802,0.086669922,-0.994873047,0.031982422,1.053435115,3.511450382,0.076335878
1630,1780506926,-0.913818359,0.111572266,-0.199462891,-0.458015267,-3.213740458,-1.122137405,0.099609375,-0.983398438,0.028076172,1.175572519,4.534351145,-0.717557252
1631,1780506926,-0.924072266,0.120605469,-0.208496094,-0.633587786,-3.007633588,0.244274809,0.107177734,-0.997314453,0.031738281,0.763358779,4.923664122,-2.801526718
1632,1780506926,-0.936279297,0.095703125,-0.210449219,-1.740458015,-3.198473282,1.786259542,0.108154297,-0.999267578,0.061035156,-0.618320611,5.312977099,-3.20610687
1633,1780506926,-0.947509766,0.138183594,-0.227539063,6.152671756,-5.595419847,2.977099237,0.141113281,-1.027099609,0.07421875,-1.13740458,6.801526718,-8.992366412
1634,1780506926,-0.966796875,0.062011719,-0.205078125,2.954198473,-3.641221374,5.65648855,0.094238281,-1.004882813,0.026367188,-2.129770992,7.473282443,-10.41221374
1635,1780506926,-0.965820313,0.052246094,-0.199462891,7.923664122,-4.20610687,5.076335878,0.137695313,-1.038330078,0.021240234,-3.244274809,9.419847328,-11.36641221
1636,1780506926,-0.97265625,0.157714844,-0.193359375,5.755725191,-5.435114504,7.312977099,0.183349609,-1.029541016,0.018310547,-2.870229008,10.82442748,-13.10687023
1637,1780506926,-0.974853516,0.112304688,-0.214355469,0.465648855,-3.763358779,11.54961832,0.187744141,-0.887207031,-0.005126953,-2.648854962,10.60305344,-18.88549618
1638,1780506926,-0.871826172,-0.007080078,-0.215087891,2.519083969,-3.541984733,16.27480916,0.194091797,-1.006347656,-0.015869141,-3.870229008,11.54961832,-23.7480916
1639,1780506926,-0.984619141,0.017578125,-0.189941406,8.687022901,-6.030534351,18.55725191,0.256835938,-1.019042969,-0.062011719,-2.045801527,13.70992366,-27.54198473
1640,1780506926,-0.998535156,0.069824219,-0.243896484,9.465648855,-6.824427481,23.98473282,0.326171875,-1.017578125,-0.038574219,-5.923664122,17.27480916,-32.90076336
1641,1780506926,-1.026123047,0.009765625,-0.262695313,9.908396947,-5.900763359,30.58015267,0.372314453,-1.060058594,-0.057617188,-7.229007634,19.70992366,-39.18320611
1642,1780506926,-1.037109375,0.009277344,-0.267089844,16.15267176,-8.755725191,39.00763359,0.39453125,-1.044921875,-0.094482422,-9.541984733,25.9389313,-51.29770992
1643,1780506926,-1.049804688,-0.012695313,-0.263916016,22.10687023,-10.27480916,47.35877863,0.416503906,-1.020996094,-0.100097656,-11.82442748,33.6259542,-58.8778626
1644,1780506926,-1.061767578,-0.005371094,-0.25390625,27.46564885,-11.32824427,54.50381679,0.406494141,-0.987304688,-0.038085938,-12.64122137,39.6870229,-65.99236641
1645,1780506926,-1.044433594,-0.060302734,-0.258789063,35.14503817,-11.38931298,55.38167939,0.374755859,-0.984130859,-0.03125,-13.07633588,46.04580153,-65.01526718
1646,1780506926,-1.026611328,-0.066650391,-0.228515625,37.20610687,-11.01526718,51.55725191,0.320068359,-1.009277344,0.016601563,-12.41221374,48.45038168,-62.64122137
1647,1780506926,-1.045654297,-0.005859375,-0.174316406,40.24427481,-11.1221374,47.5648855,0.256591797,-1.005126953,0.058837891,-13.29007634,46.64885496,-62.51908397
1648,1780506926,-1.025390625,0.076416016,-0.151611328,39.18320611,-9.381679389,43.72519084,0.213134766,-1.037597656,0.101074219,-11.83969466,43.51145038,-59.11450382
1649,1780506926,-0.996826172,0.116943359,-0.165527344,37.26717557,-6.992366412,38.3129771,0.119384766,-1.055908203,0.115966797,-9.687022901,40.01526718,-56.71755725
1650,1780506926,-0.922119141,0.058837891,-0.461914063,35.14503817,3.045801527,28.80916031,0.020996094,-1.044433594,0.160644531,-6.687022901,35.19847328,-49.76335878
1651,1780506926,-0.86328125,-0.259277344,-0.500244141,19.19083969,13.61832061,2.511450382,-0.09375,-1.083740234,0.148681641,-3.786259542,22.79389313,-40.99236641
1652,1780506926,-0.958251953,-0.402099609,-0.259033203,0.740458015,13.55725191,-24.42748092,-0.135498047,-1.088134766,0.027099609,-8.480916031,0.641221374,-32.93129771
1653,1780506926,-1.033203125,-0.421386719,-0.200683594,-0.404580153,6.022900763,-48.30534351,-0.026611328,-0.979492188,0.049804688,-13.6259542,-18.2519084,-44.50381679
1654,1780506926,-0.986328125,-0.815917969,-0.253417969,13.13740458,8.541984733,-71.59541985,0.037353516,-0.933105469,0.004882813,-14.08396947,-23.41984733,-45.09160305
1655,1780506926,-0.948242188,-0.291992188,-0.312988281,-0.259541985,14.12977099,-89.22900763,0.200439453,-0.9453125,-0.006103516,-14.02290076,-16.38167939,-43.32824427
1656,1780506926,-0.990966797,-0.472167969,-0.287841797,-5.167938931,16.72519084,-107.2061069,0.292724609,-0.965576172,0.021972656,-14.53435115,-19.80152672,-39.40458015
1657,1780506926,-1.128173828,-0.340820313,-0.298583984,-6.961832061,17.71755725,-116.7328244,0.484375,-0.98046875,-0.022949219,-16.21374046,-24.95419847,-42.45801527
1658,1780506926,-1.215087891,-0.256591797,-0.364501953,-11.96946565,21.0610687,-119.7480916,0.522460938,-1.015136719,-0.015380859,-17.3740458,-22.83969466,-49.24427481
1659,1780506926,-1.250488281,-0.281494141,-0.352294922,-10.97709924,25.29007634,-120.6946565,0.499267578,-1.012939453,0.099853516,-17.54961832,-21.86259542,-56.83969466
1660,1780506926,-1.243652344,-0.250976563,-0.326904297,-13.52671756,28.47328244,-120.0916031,0.459960938,-1.014892578,0.038085938,-20.29007634,-24.5648855,-68.87022901
1661,1780506926,-1.239990234,-0.314941406,-0.281738281,-15.70229008,28.76335878,-119.2137405,0.454101563,-0.969726563,-0.074462891,-23.58778626,-29.36641221,-75.48854962
1662,1780506926,-1.211669922,-0.402587891,-0.217529297,-16.47328244,26.90076336,-126.9160305,0.46875,-0.971923828,-0.115478516,-24.79389313,-31.12977099,-77.32061069
1663,1780506926,-1.247802734,-0.443847656,-0.165771484,-14.34351145,25.38931298,-135.4503817,0.511474609,-1.022216797,-0.170166016,-25.38931298,-28.15267176,-77.19083969
1664,1780506926,-1.283203125,-0.486328125,-0.126220703,-11.15267176,20.14503817,-142.6717557,0.572509766,-1.014648438,-0.196289063,-20.39694656,-21.14503817,-76.63358779
1665,1780506926,-1.321777344,-0.539794922,-0.134277344,-3.534351145,16.46564885,-153.2366412,0.637207031,-1.010742188,-0.109375,-18.04580153,-15.80152672,-78.32061069
1666,1780506926,-1.348632813,-0.479003906,-0.176025391,2.381679389,14.86259542,-154.389313,0.657470703,-0.984863281,-0.079833984,-17.7480916,-10.80916031,-82.1221374
1667,1780506926,-1.373046875,-0.507324219,-0.208007813,8.641221374,12.79389313,-156.0992366,0.699951172,-1.015869141,-0.078369141,-18.79389313,-7.312977099,-93.06870229
1668,1780506926,-1.388916016,-0.451416016,-0.249511719,13.59541985,10.77099237,-152.9923664,0.710449219,-0.999511719,-0.054443359,-18.00763359,-4.106870229,-100.6641221
1669,1780506926,-1.326171875,-0.373535156,-0.26953125,14.47328244,10.80916031,-149.6030534,0.707519531,-0.972900391,-0.012207031,-17.93129771,-4.114503817,-105.2290076
1670,1780506926,-1.292236328,-0.296875,-0.294677734,11.1221374,12.15267176,-145.3053435,0.726074219,-0.973876953,-0.005371094,-18.07633588,-5.328244275,-109.0076336
1671,1780506926,-1.302001953,-0.275634766,-0.284667969,6.259541985,13.06870229,-139.9007634,0.765380859,-1.007324219,-0.026123047,-18.53435115,-9.381679389,-114.1221374
1672,1780506926,-1.309326172,-0.300292969,-0.258300781,1,13.78625954,-134.3587786,0.698974609,-0.997314453,-0.042236328,-18.51145038,-14.53435115,-118.5343511
1673,1780506926,-1.303222656,-0.319091797,-0.252197266,-0.114503817,12.86259542,-130.2977099,0.72265625,-1.028564453,-0.137451172,-19.98473282,-19.4351145,-121.7862595
1674,1780506926,-1.339599609,-0.4375,-0.249755859,-3.572519084,10.8778626,-128.351145,0.726806641,-1.023681641,-0.141845703,-21.41221374,-18.35877863,-124.870229
1675,1780506926,-1.324462891,-0.515869141,-0.258300781,0.580152672,9.671755725,-129.5267176,0.735351563,-0.982421875,-0.05859375,-19.36641221,-19.29770992,-126.3129771
1676,1780506926,-1.263671875,-0.380859375,-0.297607422,-1.389312977,10.51145038,-128.2290076,0.753173828,-0.921386719,-0.086181641,-19.07633588,-16.64885496,-127.259542
1677,1780506926,-1.194824219,-0.472167969,-0.273681641,-0.297709924,11.38167939,-129.5877863,0.703613281,-0.857666016,-0.092773438,-18.50381679,-10.61068702,-124.7251908
1678,1780506926,-1.172363281,-0.422363281,-0.313476563,5.748091603,11.52671756,-130.4656489,0.763183594,-0.874267578,-0.103027344,-18.7480916,-7.427480916,-125.4045802
1679,1780506926,-1.184814453,-0.497070313,-0.281005859,8.900763359,10.45038168,-130.6030534,0.771728516,-0.900390625,-0.113769531,-19.12977099,-4.282442748,-126.4045802
1680,1780506926,-1.239990234,-0.497070313,-0.296875,10.29770992,9.664122137,-129.8778626,0.774658203,-0.916748047,-0.084960938,-20.15267176,-5.595419847,-125.1145038
1681,1780506926,-1.218994141,-0.44921875,-0.290771484,10.15267176,9.129770992,-129.1450382,0.758544922,-0.879394531,-0.087890625,-18.29007634,-6.061068702,-128.0687023
1682,1780506926,-1.183105469,-0.193847656,-0.302978516,7.076335878,10.16793893,-121.3053435,0.818847656,-0.830566406,-0.148925781,-17.82442748,-8.122137405,-133.0610687
1683,1780506926,-1.116699219,-0.521972656,-0.208740234,5.832061069,7.328244275,-119.1832061,0.765380859,-0.788085938,-0.239013672,-19.19847328,-2.961832061,-132.2061069
1684,1780506926,-1.104492188,-0.376953125,-0.268066406,11.95419847,4.770992366,-116.5877863,0.815429688,-0.776611328,-0.140380859,-17.95419847,-0.702290076,-131.740458
1685,1780506926,-1.077148438,-0.330810547,-0.231201172,13.94656489,2.374045802,-112.3587786,0.817382813,-0.703857422,-0.17578125,-17.54961832,2.954198473,-130.9618321
1686,1780506926,-1.024902344,-0.514404297,-0.248779297,24.34351145,0.93129771,-112.0839695,0.821044922,-0.700439453,-0.169677734,-16.96946565,10.27480916,-126.4274809
1687,1780506926,-0.979980469,-0.322509766,-0.2890625,23.95419847,0.610687023,-110.5343511,0.831542969,-0.704345703,-0.150390625,-15.30534351,15.8778626,-120.8473282
1688,1780506926,-0.984619141,-0.392089844,-0.231689453,23.51908397,-1.053435115,-109.0381679,0.825195313,-0.733642578,-0.150634766,-14.77862595,20.57251908,-119.6335878
1689,1780506926,-1.0234375,-0.401367188,-0.202148438,34.19083969,-5.770992366,-105.3969466,0.865234375,-0.724609375,-0.153808594,-15.07633588,24.83969466,-122.4580153
1690,1780506926,-1.067382813,-0.371582031,-0.164306641,41.08396947,-12.34351145,-94.20610687,0.985351563,-0.818603516,-0.132568359,-13.00763359,33.06870229,-125.7175573
1691,1780506926,-0.869628906,-0.488525391,-0.147216797,63.69465649,-16.39694656,-94.48854962,0.767089844,-0.475830078,-0.235351563,-9.664122137,51.84732824,-112.4656489
1692,1780506926,-0.650146484,-0.128173828,-0.199951172,63.98473282,-18.49618321,-93.55725191,0.738525391,-0.383056641,-0.129638672,-8.045801527,59.71755725,-101.1603053
1693,1780506926,-0.5546875,-0.137695313,-0.230224609,63.84732824,-19.67175573,-89.29007634,0.645996094,-0.401611328,-0.063720703,-5.465648855,57.7480916,-92.5648855
1694,1780506926,-0.59765625,-0.053955078,-0.285888672,63.19083969,-19.40458015,-84.78625954,0.564941406,-0.505615234,-0.035644531,-5.72519084,53.09160305,-86.51145038
1695,1780506926,-0.684570313,0.160644531,-0.320068359,54.15267176,-16.99236641,-76.46564885,0.518066406,-0.585449219,0.030761719,-4.282442748,39.22900763,-83.60305344
1696,1780506926,-0.670166016,0.206054688,-0.319091797,35.51145038,-13.08396947,-66.17557252,0.480957031,-0.533447266,0.000732422,-5,29.96946565,-77.38167939
1697,1780506926,-0.537597656,0.252197266,-0.364501953,34.6259542,-11.45038168,-58.96946565,0.497802734,-0.449462891,0.073242188,-3.65648855,22.66412214,-69.67175573
1698,1780506926,-0.448486328,0.208007813,-0.258789063,14.41984733,-6.106870229,-51.80916031,0.422851563,-0.353271484,0.026855469,-5.145038168,13.51145038,-58.82442748
1699,1780506926,-0.385986328,0.095214844,-0.224121094,16.17557252,-3.595419847,-50.78625954,0.447265625,-0.333496094,0.035888672,-4.282442748,6.053435115,-50.33587786
1700,1780506926,-0.3671875,0.306152344,-0.190185547,4.038167939,-1.41221374,-42.01526718,0.44140625,-0.348632813,-0.028564453,-3.648854962,0.847328244,-35.90839695
1701,1780506927,-0.389404297,0.225585938,-0.198974609,4.106870229,-1.20610687,-35.33587786,0.484863281,-0.376953125,-0.046630859,-2.72519084,-3.083969466,-27.88549618
1702,1780506927,-0.435058594,0.212890625,-0.185058594,-0.786259542,-0.870229008,-26.93129771,0.525634766,-0.438964844,-0.053222656,-2.549618321,-4.755725191,-21.22137405
1703,1780506927,-0.438232422,0.212890625,-0.198730469,-2.572519084,-0.396946565,-18.1221374,0.561767578,-0.448242188,-0.043457031,-1.603053435,-4.877862595,-10.41221374
1704,1780506927,-0.474853516,0.213134766,-0.187744141,-5.091603053,0.610687023,-8.763358779,0.607666016,-0.457763672,-0.072021484,-0.984732824,-3.129770992,-1.312977099
1705,1780506927,-0.468261719,0.188232422,-0.175048828,-5.41221374,0.763358779,0.557251908,0.6171875,-0.428466797,-0.047363281,-0.72519084,0.496183206,7.58778626
1706,1780506927,-0.4453125,0.188720703,-0.163818359,-2.664122137,-0.20610687,10.09160305,0.689208984,-0.423828125,-0.046875,-0.854961832,4.198473282,10.55725191
1707,1780506927,-0.473388672,0.23828125,-0.157470703,0.045801527,-0.748091603,30.18320611,0.673583984,-0.393066406,-0.056396484,-0.740458015,8.259541985,17.19847328
1708,1780506927,-0.403808594,0.127197266,-0.145751953,1.427480916,0.435114504,35.3740458,0.529785156,-0.389892578,-0.068603516,-0.229007634,8.534351145,33.96946565
1709,1780506927,-0.427246094,0.174804688,-0.212402344,1.328244275,0.053435115,37.95419847,0.567138672,-0.454589844,-0.048583984,-0.198473282,8.328244275,43.02290076
1710,1780506927,-0.502929688,0.195556641,-0.210449219,-4.114503817,1.908396947,47.83206107,0.597412109,-0.488769531,-0.004394531,0.93129771,5.671755725,54.05343511
1711,1780506927,-0.575195313,0.185546875,-0.216064453,-7.877862595,2.816793893,56.55725191,0.597412109,-0.504882813,-0.036132813,1.427480916,2.34351145,57.29007634
1712,1780506927,-0.648925781,0.244140625,-0.215332031,-10.01526718,4.198473282,73.54961832,0.692382813,-0.501464844,-0.02734375,1.290076336,-1.427480916,56.44274809
1713,1780506927,-0.648925781,0.031982422,-0.164794922,-15.24427481,4.648854962,83.61832061,0.639404297,-0.478515625,-0.037841797,1.13740458,-4.099236641,63.15267176
1714,1780506927,-0.625488281,0.007080078,-0.160644531,-14.03816794,2.908396947,88.80152672,0.641113281,-0.457763672,-0.033203125,1.954198473,-2.938931298,71.95419847
1715,1780506927,-0.613037109,-0.001220703,-0.141357422,-14.19083969,3.427480916,92.0610687,0.683105469,-0.446044922,-0.050048828,4.091603053,0.572519084,82.05343511
1716,1780506927,-0.628662109,-0.022460938,-0.146972656,-10.85496183,3.320610687,97.6259542,0.688476563,-0.461669922,-0.059082031,5.641221374,4.091603053,91.90076336
1717,1780506927,-0.692138672,-0.028076172,-0.182373047,-7.86259542,3.633587786,100.6259542,0.726318359,-0.541992188,-0.043212891,5.923664122,6.328244275,105.0229008
1718,1780506927,-0.817382813,-0.038085938,-0.169677734,-9.213740458,3.610687023,106.0839695,0.795410156,-0.638916016,-0.041259766,5.885496183,8.79389313,111.7175573
1719,1780506927,-0.928466797,-0.058349609,-0.125732422,-6.58778626,2.816793893,114.3740458,0.844238281,-0.657470703,-0.078613281,8.748091603,14.73282443,113.0839695
1720,1780506927,-1.055664063,0.174804688,-0.173095703,-16.02290076,2.541984733,134.1068702,0.941650391,-0.676269531,-0.052490234,7.679389313,15.19847328,106.6335878
1721,1780506927,-1.087646484,-0.226318359,-0.10546875,-1.435114504,-1.625954198,145.6335878,0.891845703,-0.622558594,-0.063964844,5.687022901,21.04580153,104.1984733
1722,1780506927,-1.019775391,-0.12109375,-0.081298828,3.702290076,-5.259541985,157.2137405,0.869140625,-0.541259766,-0.017089844,3.129770992,27.22137405,103.1526718
1723,1780506927,-0.979736328,-0.182373047,-0.051269531,12.39694656,-8.473282443,165.351145,0.794433594,-0.492919922,-0.019775391,0.007633588,33.23664122,107.4503817
1724,1780506927,-0.941650391,-0.127929688,-0.083251953,22.35877863,-8.732824427,168.5419847,0.8046875,-0.579589844,-0.114990234,3.175572519,44.44274809,117.5496183
1725,1780506927,-1.047363281,-0.098876953,-0.15234375,25.12977099,-8.465648855,168.3587786,0.818603516,-0.72265625,-0.145507813,3.396946565,57.4351145,131.4427481
1726,1780506927,-1.24609375,-0.146240234,-0.17578125,29.87022901,-8.549618321,168.1526718,0.823974609,-0.840332031,0.031005859,3.198473282,63.04580153,132.3816794
1727,1780506927,-1.399902344,-0.109863281,-0.181396484,32.13740458,-8.335877863,178.3282443,0.804199219,-0.840332031,0.107666016,-0.847328244,59.29007634,126.8396947
1728,1780506927,-1.407470703,-0.1328125,-0.160888672,32.80152672,-8.824427481,187.3969466,0.706542969,-0.780273438,0.084228516,-6.328244275,55.61068702,119.0152672
1729,1780506927,-1.292724609,-0.193359375,-0.152099609,33.34351145,-8.061068702,192.0992366,0.609375,-0.646972656,0.102294922,-8.839694656,53.04580153,112.6259542
1730,1780506927,-1.143310547,-0.1796875,-0.136474609,32.22137405,-5.198473282,192.9465649,0.538330078,-0.610351563,0.104980469,-9.770992366,48.60305344,114.129771
1731,1780506927,-1.068603516,-0.113525391,-0.150634766,29.10687023,-1.27480916,188.7557252,0.456787109,-0.646728516,0.092773438,-9.511450382,40.80152672,122.9236641
1732,1780506927,-1.064941406,-0.062011719,-0.197998047,20.29770992,4.34351145,178.9007634,0.420654297,-0.804199219,0.082275391,-8.961832061,28.7480916,137.7862595
1733,1780506927,-1.215332031,0.030273438,-0.225341797,9.06870229,9.755725191,167.480916,0.485839844,-1.07421875,0.012939453,-9.572519084,23.03053435,150.4351145
1734,1780506927,-1.5390625,0.037109375,-0.212646484,-2.083969466,12.34351145,158.5725191,0.618896484,-1.293701172,0.039306641,-6.610687023,21.51145038,152.9312977
1735,1780506927,-1.756835938,-0.149169922,-0.165283203,-9.885496183,10.51908397,155.2900763,0.642578125,-1.227539063,0.135009766,-2.885496183,18.26717557,139.9465649
1736,1780506927,-1.694091797,-0.322509766,-0.110107422,-11.86259542,10.38167939,156.6946565,0.621582031,-0.989746094,0.242431641,-3.832061069,5.847328244,122.0381679
1737,1780506927,-1.552978516,-0.315917969,-0.086425781,-10.98473282,7.992366412,158.8167939,0.550537109,-0.83984375,0.115234375,-7.93129771,-0.473282443,107.0992366
1738,1780506927,-1.331298828,-0.266601563,-0.059082031,-12.64122137,7.824427481,159.9465649,0.582763672,-0.9296875,0.261962891,-8.748091603,-9.473282443,99.38167939
1739,1780506927,-1.302734375,-0.281982422,-0.100097656,-10,9.893129771,155.8549618,0.563964844,-0.915527344,0.185058594,-7.183206107,-14.33587786,95.19847328
1740,1780506927,-1.290771484,-0.100341797,-0.153076172,-18.83206107,15.20610687,150.1068702,0.567871094,-1.106201172,0.031982422,-5.129770992,-10.83969466,100.5801527
1741,1780506927,-1.395263672,-0.114501953,-0.150634766,-23.21374046,16.3129771,135.2748092,0.556396484,-1.234619141,-0.003417969,-1.839694656,-6.045801527,109.0305344
1742,1780506927,-1.464355469,-0.171142578,-0.163085938,-24.90839695,15.92366412,121.4885496,0.571289063,-1.205566406,0.069580078,3.809160305,-7.511450382,110.9007634
1743,1780506927,-1.464355469,-0.197998047,-0.121582031,-28.96183206,14.6870229,113.9923664,0.587402344,-1.065673828,0.135742188,3.58778626,-14.84732824,103.6793893
1744,1780506927,-1.416259766,-0.241699219,-0.083007813,-30.00763359,13.54198473,111.259542,0.595703125,-0.957763672,0.151367188,0.038167939,-20.49618321,92.66412214
1745,1780506927,-1.350585938,-0.285644531,-0.035888672,-25.22137405,6.740458015,110.8396947,0.601074219,-0.894775391,0.110595703,-2.34351145,-21.41984733,80.45038168
1746,1780506927,-1.276611328,-0.276367188,-0.033935547,-16.89312977,3.198473282,109.9618321,0.610107422,-0.888427734,0.06640625,-3.366412214,-19.12977099,71.93129771
1747,1780506927,-1.194580078,-0.194580078,-0.084228516,-14.01526718,2.198473282,107.2061069,0.602294922,-0.932373047,-0.0078125,-4.152671756,-10.30534351,69.70229008
1748,1780506927,-1.178222656,-0.143066406,-0.111816406,-8.839694656,2.099236641,100.4580153,0.604003906,-1.00390625,-0.010742188,-1.27480916,-0.114503817,73.38167939
1749,1780506927,-1.173583984,-0.117919922,-0.165527344,-5.900763359,3.580152672,90.74045802,0.578613281,-1.083251953,-0.021240234,2.839694656,10.41221374,79.26717557
1750,1780506927,-1.210449219,-0.178710938,-0.178466797,-2.916030534,2.381679389,78.57251908,0.53515625,-1.059326172,-0.007080078,3.732824427,16.81679389,79.70992366
1751,1780506927,-1.268798828,-0.087402344,-0.222412109,-4.526717557,0.381679389,76.1221374,0.527099609,-0.981933594,0.055664063,1.717557252,13.98473282,73.47328244
1752,1780506927,-1.190673828,-0.335449219,-0.153076172,4.488549618,-3.564885496,66.59541985,0.432617188,-0.929199219,0.065917969,-4.465648855,12.33587786,65.51145038
1753,1780506927,-1.09375,-0.285644531,-0.151123047,12.77862595,-6.961832061,58.66412214,0.387695313,-0.889648438,0.008544922,-7.267175573,12.73282443,60.88549618
1754,1780506927,-0.970947266,-0.312988281,-0.167480469,18.57251908,-6.671755725,47.16793893,0.343261719,-0.89453125,0.008544922,-6.770992366,15.48854962,60.4351145
1755,1780506927,-0.943115234,-0.146972656,-0.1953125,17.02290076,-4.809160305,36.2519084,0.32421875,-0.937744141,0.072998047,-5.633587786,13.61832061,63.57251908
1756,1780506927,-0.881347656,-0.258300781,-0.182373047,19.87022901,-3.381679389,19.73282443,0.176025391,-0.933837891,0.072265625,-3.93129771,9.351145038,67.83206107
1757,1780506927,-0.906005859,-0.069580078,-0.205566406,10.90076336,0.854961832,4.328244275,0.208740234,-1.040771484,0.063720703,-0.305343511,4.236641221,73.84732824
1758,1780506927,-0.915527344,-0.045166016,-0.260986328,5.65648855,4.328244275,-10.78625954,0.178955078,-1.024414063,0.063720703,2.320610687,-3.251908397,77.73282443
1759,1780506927,-0.930175781,0.068115234,-0.294921875,-3.938931298,8.496183206,-20.64885496,0.162109375,-0.979003906,0.088623047,2.809160305,-13.67175573,76.92366412
1760,1780506927,-0.943847656,-0.171630859,-0.366455078,-17.3740458,14.47328244,-31.41984733,0.125244141,-0.997558594,0.09375,2.320610687,-23.65648855,75.14503817
1761,1780506927,-1.040527344,-0.515380859,-0.206054688,-17.67175573,13.08396947,-51.52671756,0.106689453,-1.0390625,0.004638672,0.41221374,-33.89312977,71.72519084
1762,1780506927,-1.080810547,-0.629882813,-0.197265625,-24.49618321,13.03053435,-75.8778626,0.117675781,-1.037597656,-0.012695313,1.190839695,-41.42748092,67.58015267
1763,1780506927,-1.083251953,-0.190673828,-0.299560547,-23.01526718,14.2519084,-86.13740458,0.222900391,-1.011474609,0.020263672,3.167938931,-47.09160305,59.94656489
1764,1780506927,-1.057861328,0.3125,-0.334716797,-37.25954198,20.98473282,-79.50381679,0.281982422,-1.031005859,0.056396484,3.366412214,-57.90839695,52.69465649
1765,1780506927,-1.0625,0.518554688,-0.267089844,-51.23664122,24.32824427,-66.4351145,0.32421875,-1.045898438,0.08203125,2.732824427,-69.09923664,39.25954198
1766,1780506927,-1.057617188,0.765869141,-0.255371094,-64.39694656,25.77099237,-42.8778626,0.352783203,-1.034423828,0.033447266,0,-78.59541985,26.46564885
1767,1780506927,-1.020019531,0.655517578,-0.23828125,-73.58015267,26.53435115,-19.61832061,0.329833984,-1.028564453,-0.032958984,-1.946564885,-81.84732824,18.14503817
1768,1780506927,-1.012695313,0.154052734,-0.161865234,-72.11450382,24.04580153,-13.96183206,0.292724609,-1.040527344,-0.097900391,-1.450381679,-77.47328244,21.00763359
1769,1780506927,-1.008056641,-0.190917969,-0.165527344,-64.16793893,20.21374046,-26.35114504,0.288330078,-1.039306641,-0.141113281,-0.198473282,-70.34351145,28.97709924
1770,1780506927,-1.045654297,-0.158447266,-0.152832031,-56.55725191,16.29007634,-35.63358779,0.356445313,-1.080810547,-0.145751953,0.229007634,-57.77099237,30.67938931
1771,1780506927,-1.145263672,0.072753906,-0.094726563,-43.67938931,10.63358779,-32.48854962,0.426025391,-1.16796875,-0.119628906,-0.282442748,-47.7480916,25.33587786
1772,1780506927,-1.216552734,0.259033203,-0.114746094,-36.12977099,6.648854962,-21.3740458,0.475097656,-1.204833984,-0.062744141,0.473282443,-37.93129771,12.55725191
1773,1780506927,-1.205322266,0.152099609,-0.186523438,-31.0610687,5.488549618,-8.984732824,0.444091797,-1.160888672,-0.030761719,1.870229008,-26.7480916,5.564885496
1774,1780506927,-1.127685547,0.009033203,-0.196533203,-20.54961832,3.954198473,-5.396946565,0.389892578,-1.080322266,-0.027587891,1.641221374,-14.51145038,2.312977099
1775,1780506927,-1.043457031,0.032470703,-0.164306641,-12.13740458,1.954198473,-3.160305344,0.357421875,-0.983398438,-0.016601563,0,-4.450381679,1.938931298
1776,1780506927,-0.967285156,0.076660156,-0.135253906,-2.320610687,-0.167938931,-1.221374046,0.334716797,-0.943359375,-0.020019531,-0.893129771,6.404580153,2.06870229
1777,1780506927,-0.911621094,0.119384766,-0.145263672,8.496183206,-2.473282443,0.763358779,0.299804688,-0.947265625,-0.045898438,-1.145038168,17.03816794,2.961832061
1778,1780506927,-0.886474609,0.190917969,-0.166259766,17.09923664,-3.763358779,2.946564885,0.247558594,-0.946777344,-0.019287109,-0.770992366,23.73282443,4.213740458
1779,1780506927,-0.888427734,0.219726563,-0.216796875,23.23664122,-4.549618321,4.374045802,0.170410156,-0.964355469,-0.01953125,-1.007633588,29.90076336,5.122137405
1780,1780506927,-0.893310547,0.228759766,-0.248291016,25.19083969,-4.442748092,4.603053435,0.095703125,-0.978271484,-0.005371094,-2.404580153,29.46564885,6.106870229
1781,1780506927,-0.884765625,0.206542969,-0.256835938,24.32824427,-4.328244275,2.045801527,0.004638672,-0.990722656,0.015380859,-3.603053435,26.17557252,9.320610687
1782,1780506927,-0.873779297,0.310058594,-0.260742188,24.15267176,-4.557251908,1.435114504,-0.076660156,-0.933837891,-0.000976563,-3.748091603,20.46564885,9.679389313
1783,1780506927,-0.876220703,0.329345703,-0.269042969,16.59541985,-2.053435115,-0.20610687,0.030273438,-1.027587891,0.02734375,-3.351145038,13.93129771,7.809160305
1784,1780506928,-0.921875,0.350341797,-0.243652344,7.496183206,-0.34351145,2.702290076,-0.027587891,-1.009277344,0.010986328,-2.801526718,7.312977099,3.977099237
1785,1780506928,-0.912353516,0.274902344,-0.218017578,5.458015267,-0.312977099,1.06870229,0.026611328,-1.026611328,0.029296875,-1.702290076,3.79389313,3.86259542
1786,1780506928,-0.927490234,0.266601563,-0.213867188,1.34351145,-0.160305344,0.839694656,0.074462891,-1.023193359,0.029052734,-2.015267176,0.961832061,3.458015267
1787,1780506928,-0.937988281,0.205078125,-0.172607422,-2.770992366,-0.320610687,-0.175572519,0.091796875,-1.018310547,0.047363281,-2.740458015,-1.847328244,2.610687023
1788,1780506928,-0.926269531,0.187988281,-0.178710938,-0.86259542,-1.038167939,-0.511450382,0.103515625,-1.030029297,0.03125,-2.236641221,-0.786259542,2.580152672
1789,1780506928,-0.927490234,0.251464844,-0.180908203,-0.419847328,-0.641221374,-0.160305344,0.114990234,-1.009277344,0.041748047,-1.687022901,1.786259542,2.824427481
1790,1780506928,-0.919921875,0.250244141,-0.181640625,-0.236641221,0.061068702,0.282442748,0.120605469,-1.007324219,0.044189453,-0.786259542,4.022900763,2.778625954
1791,1780506928,-0.923828125,0.216308594,-0.183349609,1.473282443,-0.610687023,0.244274809,0.096191406,-1.005615234,0.008789063,-0.839694656,5.625954198,2.083969466
1792,1780506928,-0.946044922,0.207519531,-0.173583984,2.534351145,-1.129770992,-0.351145038,0.090087891,-1.022705078,0.004150391,-0.900763359,6.633587786,1.160305344
1793,1780506928,-0.952148438,0.209960938,-0.172607422,3.503816794,-1.595419847,-0.854961832,0.081542969,-1.024658203,0.024902344,-0.175572519,6.595419847,1.312977099
1794,1780506928,-0.925048828,0.259277344,-0.189697266,4.061068702,-1.664122137,-0.740458015,0.073486328,-1.010498047,0.01171875,-1.954198473,5.305343511,1.58778626
1795,1780506928,-0.906494141,0.289794922,-0.219482422,2.267175573,-1.297709924,-0.564885496,0.063964844,-1.003417969,0.003662109,0.106870229,4.213740458,1.893129771
1796,1780506928,-0.904541016,0.268310547,-0.232177734,0.015267176,-0.786259542,-0.786259542,0.052490234,-0.997070313,0.013916016,0.152671756,2.679389313,1.641221374
1797,1780506928,-0.907226563,0.238525391,-0.227050781,-0.86259542,-0.633587786,-1.496183206,0.052001953,-1.007324219,0.006347656,-0.488549618,0.93129771,1.053435115
1798,1780506928,-0.914794922,0.243652344,-0.212646484,-0.167938931,-0.458015267,-2.061068702,0.075439453,-1.009765625,0.026367188,-0.763358779,-0.20610687,0.755725191
1799,1780506928,-0.922851563,0.260253906,-0.199462891,-3.564885496,-0.259541985,-2.450381679,0.074462891,-1.017578125,0.028808594,-0.083969466,-1.763358779,0.572519084
1800,1780506928,-0.934570313,0.259277344,-0.197753906,-4.992366412,-0.015267176,-2.503816794,0.078125,-1.014892578,0.042480469,-0.076335878,-1.977099237,0.79389313
1801,1780506928,-0.936279297,0.270019531,-0.172119141,-6.083969466,-0.290076336,-2.58778626,0.081787109,-1.016601563,0.042724609,0.251908397,-4.984732824,0.969465649
1802,1780506928,-0.923095703,0.258300781,-0.200439453,-7.091603053,0.076335878,-2.671755725,0.079833984,-1.017578125,0.031005859,0.427480916,-4.801526718,0.854961832
1803,1780506928,-0.924560547,0.239013672,-0.190185547,-6.969465649,-1.93129771,-2.969465649,0.076660156,-1.007080078,0.017333984,0.404580153,-4.572519084,0.458015267
1804,1780506928,-0.917724609,0.236328125,-0.205810547,-6.351145038,-0.175572519,-2.900763359,0.073486328,-1.008544922,0.013916016,0.694656489,-3.854961832,-0.038167939
1805,1780506928,-0.920654297,0.248291016,-0.203125,-5.641221374,-0.297709924,-3.702290076,0.062988281,-1.005371094,0.001220703,1.061068702,-3.534351145,-0.129770992
1806,1780506928,-0.911865234,0.271728516,-0.19921875,-3.969465649,-0.305343511,-3.480916031,0.072021484,-1.010986328,0.018798828,1.41221374,-4.244274809,0.229007634
1807,1780506928,-0.917724609,0.266113281,-0.208984375,-7.045801527,1.923664122,-3.496183206,0.074951172,-1.0234375,0.005126953,1.564885496,-4.954198473,0.328244275
1808,1780506928,-0.928222656,0.243652344,-0.20703125,-8.213740458,-0.312977099,-3.740458015,0.081542969,-1.017333984,0.025146484,1.58778626,-5.442748092,-0.06870229
1809,1780506928,-0.927734375,0.226806641,-0.216796875,-8.076335878,-0.58778626,-4.106870229,0.088378906,-1.007324219,0.014892578,1.770992366,-6.122137405,-0.511450382
1810,1780506928,-0.927978516,0.225341797,-0.192626953,-7.954198473,-0.809160305,-4.34351145,0.094726563,-1.013183594,0.010253906,1.618320611,-6.877862595,-0.473282443
1811,1780506928,-0.924072266,0.235351563,-0.201904297,-8.603053435,-0.732824427,-4.419847328,0.091308594,-1.0078125,-0.002929688,2.335877863,-6.977099237,-0.458015267
1812,1780506928,-0.915771484,0.251220703,-0.200439453,-9.748091603,-0.709923664,-4.282442748,0.091552734,-1.003173828,0.014648438,2.664122137,-7.145038168,-0.236641221
1813,1780506928,-0.922607422,0.2265625,-0.202636719,-10.12977099,-0.832061069,-4.183206107,0.098144531,-0.999511719,0.013427734,2.709923664,-7.65648855,-0.603053435
1814,1780506928,-0.914306641,0.221923828,-0.195556641,-10.1221374,-0.984732824,-4.20610687,0.099609375,-1.001220703,-0.002441406,2.755725191,-7.564885496,-0.671755725
1815,1780506928,-0.919677734,0.243408203,-0.205322266,-10.23664122,-1.114503817,-4.236641221,0.112548828,-1.005859375,0.013427734,2.511450382,-7.908396947,-0.648854962
1816,1780506928,-0.924316406,0.220947266,-0.208740234,-10.95419847,-1.335877863,-4.175572519,0.116699219,-1.006103516,0.011230469,2.770992366,-7.488549618,-0.72519084
1817,1780506928,-0.925292969,0.213134766,-0.208984375,-10.48091603,-1.580152672,-4.122137405,0.122314453,-1.014160156,-0.002685547,3.13740458,-6.770992366,-0.801526718
1818,1780506928,-0.937255859,0.213867188,-0.195800781,-9.496183206,-1.984732824,-3.908396947,0.132324219,-0.997558594,0.003662109,3.297709924,-6.618320611,-0.969465649
1819,1780506928,-0.930664063,0.213134766,-0.208984375,-9.709923664,-2.099236641,-3.908396947,0.121337891,-1.029296875,-0.026123047,3.20610687,-7.114503817,-1.511450382
1820,1780506928,-0.957763672,0.200683594,-0.219482422,-10.3740458,-3.022900763,-4.091603053,0.114013672,-1.035888672,-0.033691406,2.732824427,-5.908396947,-2.007633588
1821,1780506928,-0.959716797,0.204101563,-0.228271484,-13.50381679,-3.770992366,-4.198473282,0.124511719,-1.022949219,-0.031738281,2.748091603,-10.28244275,-2.534351145
1822,1780506928,-0.938964844,0.188720703,-0.228027344,-16.22900763,-4.076335878,-4.198473282,0.138183594,-0.992675781,-0.022705078,4.305343511,-13.96183206,-2.267175573
1823,1780506928,-0.92578125,0.316650391,-0.254638672,-20.38931298,-3.27480916,3.290076336,0.254638672,-0.96875,-0.040771484,3.916030534,-17.72519084,-13.96183206
1824,1780506928,-1.084716797,0.19921875,-0.306152344,-21.15267176,-2.748091603,13.0610687,0.314453125,-0.9921875,-0.079101563,2.618320611,-19.22137405,-23.57251908
1825,1780506928,-0.963134766,0.181640625,-0.25390625,-30.15267176,-1.236641221,19.90076336,0.261230469,-0.958007813,-0.079345703,1.198473282,-15.28244275,-29.69465649
1826,1780506928,-0.959960938,0.144287109,-0.353515625,-23.28244275,-0.061068702,24.30534351,0.373046875,-0.977539063,-0.027832031,-0.893129771,-8.190839695,-35.51908397
1827,1780506928,-1.010986328,0.052001953,-0.270996094,-18.65648855,-2.167938931,29.95419847,0.402587891,-0.973144531,-0.030517578,-3.870229008,-2.396946565,-41.90076336
1828,1780506928,-1.024658203,-0.014648438,-0.239746094,-4.404580153,-3.763358779,35.79389313,0.465820313,-0.96875,-0.093505859,-4.641221374,11.30534351,-49.86259542
1829,1780506928,-1.034667969,0.097167969,-0.225585938,4.72519084,-4.832061069,43.9389313,0.498779297,-0.959960938,-0.080810547,-8.061068702,21.93129771,-56.28244275
1830,1780506928,-1.068603516,0.064453125,-0.2109375,17.00763359,-7.106870229,50.70992366,0.510009766,-0.983398438,-0.011474609,-9.908396947,33.87022901,-62.36641221
1831,1780506928,-1.100585938,0.072021484,-0.164306641,26.55725191,-8.564885496,55.92366412,0.482910156,-1.030761719,-0.005615234,-11.65648855,41.81679389,-66.1221374
1832,1780506928,-1.140869141,0.085693359,-0.107177734,35.90839695,-11.57251908,57.47328244,0.407714844,-1.063720703,-0.007080078,-13.84732824,49.81679389,-68.10687023
1833,1780506928,-1.152832031,0.148193359,-0.071289063,44.70229008,-15.96946565,57.34351145,0.369873047,-1.093994141,0.009521484,-15.22900763,56.12977099,-68.90839695
1834,1780506928,-1.104003906,0.215820313,-0.103759766,52.02290076,-17.9389313,56.88549618,0.300537109,-1.069824219,0.010986328,-14.83206107,62.25954198,-67.29007634
1835,1780506928,-0.94921875,0.223144531,-0.594238281,53.48854962,-7.053435115,49.57251908,0.164794922,-1.047363281,0.058349609,-12.36641221,65.22137405,-60.48091603
1836,1780506928,-0.831542969,0.075195313,-0.506103516,37.73282443,2.664122137,31.75572519,0.005859375,-1.13671875,0.099853516,-12.3129771,52.41221374,-49.49618321
1837,1780506928,-0.919189453,-0.107666016,-0.295654297,24.16030534,1.847328244,10.85496183,-0.137207031,-1.143310547,0.076904297,-15.45801527,28.06870229,-44.16030534
1838,1780506928,-0.906005859,-0.579345703,-0.310791016,10.87022901,3.259541985,-25.19083969,-0.197021484,-1.127685547,0.041992188,-15.93129771,11.63358779,-41.05343511
1839,1780506928,-0.982666016,-0.814453125,-0.354003906,26.60305344,1.190839695,-57.96946565,-0.031005859,-1.029052734,-0.059326172,-16.03053435,2.679389313,-50.88549618
1840,1780506928,-1.012451172,-0.779541016,-0.359375,30.27480916,5.511450382,-83.3740458,0.168457031,-0.946289063,-0.116943359,-19.15267176,3.511450382,-55.85496183
1841,1780506928,-1.031982422,-0.41796875,-0.401367188,20.83206107,9.221374046,-103.2290076,0.261474609,-0.944335938,0.00390625,-19.21374046,2.022900763,-51.94656489
1842,1780506928,-1.067626953,-0.548828125,-0.372802734,9.816793893,13.09160305,-123.8473282,0.412841797,-0.973388672,0.087890625,-19.20610687,-5.694656489,-46.97709924
1843,1780506928,-1.215087891,-0.383789063,-0.301269531,4.152671756,17.1221374,-141.6793893,0.464599609,-1.004882813,0.166015625,-19.16030534,-15.07633588,-48.84732824
1844,1780506928,-1.297607422,-0.364013672,-0.279541016,-2.732824427,22,-151.9007634,0.466552734,-0.997802734,0.165527344,-18.29007634,-22.9389313,-54.63358779
1845,1780506928,-1.331787109,-0.385498047,-0.227783203,-2.458015267,26,-158.4885496,0.479736328,-0.998779297,0.093017578,-17.83206107,-27.23664122,-62.45038168
1846,1780506928,-1.411621094,-0.2578125,-0.182617188,-8.740458015,27.70992366,-164.1068702,0.539306641,-1.019042969,0.090820313,-19.94656489,-34.3129771,-70.54961832
1847,1780506928,-1.475341797,-0.243408203,-0.166748047,-12.82442748,26.61832061,-163.9007634,0.603027344,-1.061767578,-0.038330078,-20.19847328,-35.45038168,-82.52671756
1848,1780506928,-1.502685547,-0.203125,-0.147949219,-16.16793893,25.67175573,-160.5419847,0.69140625,-1.058105469,-0.080566406,-20.40458015,-36.90076336,-95.53435115
1849,1780506928,-1.540039063,-0.226318359,-0.145019531,-18.49618321,24.26717557,-156.480916,0.758544922,-1.080322266,-0.127685547,-19.86259542,-35.20610687,-105.1145038
1850,1780506928,-1.567138672,-0.255126953,-0.100341797,-18,22.13740458,-153.4122137,0.843017578,-1.143066406,-0.179199219,-18.35114504,-31.09923664,-112.1755725
1851,1780506928,-1.638427734,-0.353271484,-0.091308594,-17.57251908,17.6870229,-151.9007634,0.912597656,-1.128417969,-0.11328125,-16.71755725,-23.23664122,-117.2519084
1852,1780506928,-1.607177734,-0.520751953,-0.052490234,-6.778625954,11.79389313,-153.5572519,0.902832031,-1.030761719,-0.038818359,-17.51908397,-10.19847328,-121.1755725
1853,1780506928,-1.522216797,-0.647705078,-0.039550781,9.221374046,7.687022901,-157.2442748,0.815673828,-0.962890625,-0.037353516,-19.39694656,5.381679389,-129.3969466
1854,1780506928,-1.467773438,-0.707763672,-0.068115234,29.9389313,1.893129771,-164.8320611,0.771240234,-0.947998047,-0.097167969,-16.90076336,23.35877863,-131.7938931
1855,1780506928,-1.453613281,-0.5859375,-0.146484375,45.5648855,-2.992366412,-173.4732824,0.756591797,-0.971191406,-0.033935547,-13.41221374,31.4351145,-130.9007634
1856,1780506928,-1.491210938,-0.417236328,-0.218017578,43.96183206,-4.167938931,-179.3816794,0.70703125,-1.025390625,0.034912109,-11.02290076,30.64885496,-130.7709924
1857,1780506928,-1.560302734,-0.419189453,-0.275878906,38.55725191,-4.366412214,-184.2137405,0.6640625,-1.052246094,-0.002685547,-9.72519084,25.61832061,-132.9312977
1858,1780506928,-1.590576172,-0.422119141,-0.265869141,34.15267176,-5.351145038,-186.9694656,0.660400391,-1.040527344,-0.015380859,-10.70992366,14.8778626,-142.4580153
1859,1780506928,-1.590332031,-0.421630859,-0.285644531,28.35114504,-5.763358779,-186.1832061,0.6953125,-0.984130859,-0.022216797,-10.51908397,7.618320611,-150.3664122
1860,1780506928,-1.496337891,-0.350097656,-0.287597656,21.96183206,-4.832061069,-183.7862595,0.685302734,-0.898925781,-0.017822266,-9.175572519,-1.145038168,-152.5801527
1861,1780506928,-1.400878906,-0.343994141,-0.315673828,16.00763359,-3.419847328,-188.3740458,0.658935547,-0.836425781,-0.027099609,-9.755725191,-4.091603053,-150.1221374
1862,1780506928,-1.36328125,-0.413574219,-0.343017578,13.17557252,-2.221374046,-193.1679389,0.666748047,-0.836914063,-0.020996094,-10.46564885,-9.755725191,-148.7709924
1863,1780506928,-1.374511719,-0.365478516,-0.366699219,7.114503817,0.870229008,-195.6259542,0.671630859,-0.833984375,-0.005126953,-9.740458015,-15.28244275,-149.870229
1864,1780506928,-1.397460938,-0.355224609,-0.404541016,-0.419847328,4.877862595,-195.1603053,0.686767578,-0.859375,-0.014648438,-12.69465649,-24.77862595,-155.2290076
1865,1780506928,-1.433349609,-0.355957031,-0.415771484,-9.488549618,8.381679389,-191.0458015,0.704589844,-0.864990234,-0.057617188,-13.51145038,-33.13740458,-163.3358779
1866,1780506928,-1.4140625,-0.323974609,-0.377929688,-16.57251908,11.54961832,-185.9160305,0.700683594,-0.801269531,-0.117919922,-14.41221374,-38.64885496,-168.3664122
1867,1780506929,-1.294433594,-0.32421875,-0.333984375,-21.6259542,13.34351145,-183.8549618,0.680419922,-0.696777344,-0.154296875,-17.06870229,-41.35877863,-168.5877863
1868,1780506929,-1.197021484,-0.408691406,-0.303222656,-18.58015267,12.85496183,-184.778626,0.661621094,-0.617675781,-0.089599609,-18.8778626,-42.09160305,-168.0534351
1869,1780506929,-1.09765625,-0.3203125,-0.304931641,-22.54961832,14.51908397,-187.351145,0.595947266,-0.540283203,-0.090576172,-21.29007634,-45.54198473,-157.7862595
1870,1780506929,-1.03515625,-0.277832031,-0.358642578,-11.14503817,15.52671756,-190.8778626,0.634521484,-0.542236328,-0.096435547,-21.71755725,-41.86259542,-147.9083969
1871,1780506929,-1.006103516,0.029052734,-0.350585938,-17.4351145,19.48091603,-189.4045802,0.674072266,-0.542480469,-0.119628906,-20.77099237,-38.58015267,-138.5267176
1872,1780506929,-0.941894531,0.053955078,-0.382080078,-18.55725191,22.46564885,-182.2061069,0.685302734,-0.5234375,-0.112304688,-21.96183206,-36.4351145,-127.0305344
1873,1780506929,-0.934082031,0.091064453,-0.361816406,-19.45038168,23.27480916,-172.7709924,0.725097656,-0.543701172,-0.162109375,-25.09923664,-36.1221374,-122.7251908
1874,1780506929,-0.916748047,0.233886719,-0.315917969,-14.50381679,23.29770992,-155.6183206,0.769775391,-0.591552734,-0.159667969,-27.33587786,-34.75572519,-124.5114504
1875,1780506929,-0.8515625,0.417480469,-0.305419922,-12.16793893,23.18320611,-129.2137405,0.786376953,-0.517578125,-0.133789063,-27.83206107,-33.45801527,-116.2671756
1876,1780506929,-0.684570313,0.422607422,-0.284179688,-8.045801527,23.87022901,-119.0610687,0.666015625,-0.462646484,-0.184326172,-27.33587786,-29.95419847,-102.9694656
1877,1780506929,-0.602050781,0.450439453,-0.249511719,-8.366412214,22.99236641,-102.7328244,0.645996094,-0.420898438,-0.145507813,-26.48854962,-25.1221374,-88.64885496
1878,1780506929,-0.525390625,0.495361328,-0.20703125,-11.70229008,22.09923664,-89.65648855,0.636962891,-0.397705078,-0.128417969,-25.84732824,-19.54961832,-74.45038168
1879,1780506929,-0.470214844,0.465820313,-0.17578125,-5.946564885,21.42748092,-74.17557252,0.647705078,-0.403076172,-0.181396484,-24.74045802,-11.10687023,-64.35877863
1880,1780506929,-0.463623047,0.414794922,-0.137207031,1.610687023,18.26717557,-57.67175573,0.653808594,-0.399658203,-0.190917969,-22.67938931,1.595419847,-49.29770992
1881,1780506929,-0.418457031,0.381835938,-0.095703125,12.16030534,13.96183206,-46.7480916,0.660644531,-0.359619141,-0.203613281,-20.1221374,16.81679389,-36.17557252
1882,1780506929,-0.384277344,0.403564453,-0.063476563,22.58778626,9.832061069,-30.40458015,0.655761719,-0.416992188,-0.185546875,-17.82442748,25.71755725,-26.9389313
1883,1780506929,-0.454345703,0.449951172,-0.045166016,31.45801527,5.770992366,-13.4351145,0.622802734,-0.419921875,-0.151367188,-15.07633588,34.50381679,-20.18320611
1884,1780506929,-0.378417969,0.326171875,-0.035400391,43.28244275,-0.648854962,-1.839694656,0.535400391,-0.367919922,-0.152587891,-12,43.41984733,-4.648854962
1885,1780506929,-0.302978516,0.559082031,-0.094238281,43.58015267,-2.885496183,9.778625954,0.514892578,-0.329345703,-0.094238281,-7.114503817,46.39694656,10.46564885
1886,1780506929,-0.296386719,0.511230469,-0.069091797,37.04580153,-3.641221374,23.96183206,0.449951172,-0.30859375,-0.068359375,-4.770992366,40.32061069,24.80152672
1887,1780506929,-0.282470703,0.378662109,-0.107177734,34.35877863,-4.900763359,32.86259542,0.430908203,-0.342285156,-0.0546875,-2.480916031,36.25954198,36.83206107
1888,1780506929,-0.356933594,0.482421875,-0.104248047,25.40458015,-5.167938931,44.3740458,0.450195313,-0.388427734,-0.031738281,-0.244274809,30.20610687,47.1221374
1889,1780506929,-0.408691406,0.468994141,-0.135742188,17.38167939,-4.679389313,57.23664122,0.527832031,-0.438964844,-0.047607422,1.183206107,22.21374046,48.91603053
1890,1780506929,-0.471191406,0.257324219,-0.110107422,9.893129771,-4.847328244,71.29770992,0.512451172,-0.417236328,-0.089599609,3.190839695,19.34351145,59.08396947
1891,1780506929,-0.492919922,0.245361328,-0.102050781,9.259541985,-5.366412214,76.54961832,0.578857422,-0.449951172,-0.072021484,6.549618321,20.16793893,70.48091603
1892,1780506929,-0.548339844,0.392578125,-0.10546875,-11.36641221,-3.671755725,88.22137405,0.594238281,-0.436279297,-0.054199219,9.618320611,13.70992366,80.97709924
1893,1780506929,-0.569824219,-0.004394531,-0.077148438,-3.58778626,-5.419847328,96.10687023,0.581298828,-0.42578125,-0.105224609,12.32824427,10.42748092,88.00763359
1894,1780506929,-0.595703125,0.141845703,-0.082275391,-5.984732824,-7.27480916,102.6564885,0.654785156,-0.462646484,-0.114257813,13.99236641,7.93129771,100.648855
1895,1780506929,-0.697265625,0.037597656,-0.085693359,-9.72519084,-10.50381679,108.648855,0.741699219,-0.521972656,-0.151367188,16.55725191,12.71755725,112.2290076
1896,1780506929,-0.808105469,-0.040527344,-0.087646484,-4.847328244,-14.58015267,115.8854962,0.858154297,-0.587158203,-0.135986328,17.79389313,20.04580153,118.9389313
1897,1780506929,-0.906982422,-0.151855469,-0.090820313,3.519083969,-18.15267176,124.7862595,0.944580078,-0.6328125,-0.129882813,19.22137405,32.07633588,119.6793893
1898,1780506929,-0.994384766,-0.134521484,-0.118652344,15.23664122,-20.16793893,141.6412214,1.025146484,-0.601074219,-0.084960938,22.25954198,43.19083969,116.2442748
1899,1780506929,-1.009765625,-0.19921875,-0.135009766,20.38931298,-21.23664122,153.4580153,0.870849609,-0.556884766,-0.109375,20.54961832,50.7480916,118.648855
1900,1780506929,-0.948486328,-0.226074219,-0.165039063,26.58778626,-20.57251908,159.5419847,0.791015625,-0.510742188,-0.020996094,20.07633588,50.23664122,124.0534351
1901,1780506929,-0.908691406,-0.134033203,-0.170410156,23.95419847,-19.06870229,164.8320611,0.756591797,-0.566650391,-0.006347656,19.41221374,47.6870229,129.2442748
1902,1780506929,-1.028320313,-0.113769531,-0.183349609,17.77099237,-18.64885496,168.9541985,0.738769531,-0.583007813,-0.029541016,19.41984733,45.34351145,137.2900763
1903,1780506929,-1.081054688,-0.186279297,-0.161132813,14.35877863,-18.36641221,173.0381679,0.779296875,-0.671630859,0.003662109,16.64885496,44.79389313,140.0610687
1904,1780506929,-1.214111328,-0.253417969,-0.160400391,17.67938931,-19.09160305,177.6641221,0.793212891,-0.720458984,-0.006103516,14.45038168,46.82442748,139.3282443
1905,1780506929,-1.278564453,-0.293457031,-0.190185547,23.02290076,-18.78625954,183,0.782958984,-0.705322266,0.031005859,11.41221374,48.74045802,137.3740458
1906,1780506929,-1.239990234,-0.279785156,-0.193115234,27.28244275,-17.74045802,187.3664122,0.736572266,-0.662353516,0.061035156,11.32061069,48.2519084,137.2900763
1907,1780506929,-1.182373047,-0.206298828,-0.229492188,22.52671756,-15.6259542,189.3053435,0.657714844,-0.681152344,0.049316406,10.48854962,44.83206107,141.0381679
1908,1780506929,-1.185546875,-0.130615234,-0.245849609,14.29007634,-8.427480916,188.9083969,0.640136719,-0.7421875,0.045898438,9.374045802,32.44274809,148.0152672
1909,1780506929,-1.255859375,-0.101074219,-0.278076172,1.984732824,-4.358778626,187.8549618,0.675292969,-0.851806641,0.027587891,8.854961832,26.33587786,152.4274809
1910,1780506929,-1.442871094,-0.134033203,-0.278320313,-8.832061069,-3.809160305,189.7328244,0.756103516,-0.944091797,0.017089844,6.27480916,19.29770992,150.8015267
1911,1780506929,-1.673828125,-0.1953125,-0.2421875,-15.25954198,-1.450381679,194.4503817,0.841308594,-1.0390625,0.046630859,7.282442748,23.44274809,141.5496183
1912,1780506929,-1.677001953,-0.368652344,-0.192871094,-13.59541985,-1.603053435,199.3053435,0.792480469,-0.922363281,0.146972656,5.20610687,23.6870229,129.9160305
1913,1780506929,-1.554931641,-0.514160156,-0.146728516,-1.122137405,-2.893129771,200.0534351,0.706054688,-0.783935547,0.151123047,1.778625954,21.08396947,122.351145
1914,1780506929,-1.401855469,-0.47265625,-0.110107422,3.183206107,-2.79389313,195.5572519,0.603515625,-0.778320313,0.071289063,-1.564885496,19.57251908,122.3969466
1915,1780506929,-1.360839844,-0.392822266,-0.078613281,2.885496183,-3.847328244,185.7251908,0.546142578,-0.814697266,0.033935547,-1.900763359,18.18320611,127.648855
1916,1780506929,-1.150878906,-0.360351563,-0.104980469,-1.190839695,-1.908396947,174.1984733,0.510009766,-0.927978516,0.035644531,3.27480916,18.32824427,132.5801527
1917,1780506929,-1.3359375,-0.315673828,-0.093261719,-0.564885496,-3.763358779,162.6030534,0.541259766,-0.989990234,-0.01171875,4.190839695,14.15267176,135.6793893
1918,1780506929,-1.434326172,-0.243652344,-0.1640625,-3.908396947,-3.748091603,156.0992366,0.603759766,-1.075439453,0.044921875,2.335877863,9.198473282,131.519084
1919,1780506929,-1.563232422,-0.188476563,-0.202148438,-7.900763359,-3.061068702,155.3664122,0.680175781,-1.140136719,0.082763672,4.145038168,4.938931298,122.4961832
1920,1780506929,-1.636474609,-0.090332031,-0.219970703,-17.1221374,-0.702290076,159.1603053,0.696777344,-1.096191406,0.106689453,6.541984733,2.007633588,113.1908397
1921,1780506929,-1.55859375,-0.223388672,-0.173339844,-21.93129771,-0.770992366,159.8167939,0.604980469,-0.970703125,0.095214844,4.595419847,-2.580152672,101.6946565
1922,1780506929,-1.390625,-0.351074219,-0.181640625,-20.13740458,-0.564885496,155.6030534,0.514160156,-0.897949219,0.152832031,3.511450382,-6.977099237,95.30534351
1923,1780506929,-1.28125,-0.338867188,-0.151611328,-19.45038168,0.396946565,147.648855,0.447509766,-0.912597656,0.087646484,3.633587786,-7.419847328,93.27480916
1924,1780506929,-1.201904297,-0.309814453,-0.108886719,-17.54961832,0.519083969,135.4656489,0.409912109,-0.946777344,0.051025391,3.961832061,-4.938931298,95.92366412
1925,1780506929,-1.139892578,-0.234619141,-0.118652344,-15.41221374,0.755725191,121.9160305,0.394042969,-0.978515625,0.010986328,8.465648855,-0.664122137,100.5267176
1926,1780506929,-1.155517578,-0.176757813,-0.163818359,-17.58015267,3.267175573,108.8625954,0.421386719,-1.041259766,0.044921875,11.54961832,-0.679389313,104.5648855
1927,1780506929,-1.239746094,-0.145019531,-0.196289063,-18.03053435,3.480916031,99.24427481,0.482666016,-1.107666016,0.071044922,12.73282443,-2.312977099,100.5954198
1928,1780506929,-1.329833984,-0.217529297,-0.186279297,-22.72519084,1.083969466,92.48854962,0.418457031,-1.105957031,0.091796875,8.34351145,-10.61068702,93.7480916
1929,1780506929,-1.338378906,-0.368408203,-0.208251953,-19.64122137,-0.801526718,82.90839695,0.372070313,-1.101806641,0.078613281,5.526717557,-11.86259542,83.6870229
1930,1780506929,-1.272705078,-0.305908203,-0.227050781,-15.20610687,-1.870229008,73.6870229,0.372314453,-1.068115234,0.034179688,2.419847328,-7.93129771,73.19083969
1931,1780506929,-1.199462891,-0.207763672,-0.253662109,-11.16030534,-1.290076336,65.76335878,0.380126953,-1.038818359,0.042236328,1.389312977,-4.732824427,66.54961832
1932,1780506929,-1.135742188,-0.223632813,-0.250244141,-6.015267176,-0.145038168,57.58778626,0.355957031,-1.004638672,0.034423828,1.763358779,-3.595419847,62.29770992
1933,1780506929,-1.038818359,-0.274169922,-0.270507813,-3.465648855,1.854961832,45.29007634,0.293701172,-0.970947266,0.046386719,0.824427481,-3.992366412,64.67938931
1934,1780506929,-0.939697266,-0.136474609,-0.25,-6.625954198,3.648854962,32.74045802,0.229736328,-0.977539063,0.065185547,0.72519084,-5.236641221,71.14503817
1935,1780506929,-0.957519531,-0.112304688,-0.254882813,-9.755725191,6.595419847,19.27480916,0.219482422,-0.990722656,0.109375,1.396946565,-8.297709924,74.20610687
1936,1780506929,-0.99609375,-0.094970703,-0.215087891,-13.16793893,8.435114504,7.709923664,0.229980469,-1.015869141,0.117431641,1.618320611,-11.91603053,74.03816794
1937,1780506929,-1.001464844,-0.097900391,-0.19921875,-15.53435115,9.984732824,-5.145038168,0.160400391,-1.01953125,0.068847656,2.190839695,-16.47328244,71.98473282
1938,1780506929,-0.995117188,-0.104248047,-0.180175781,-15.63358779,10.78625954,-15.57251908,0.154296875,-1.029785156,0.067871094,1.503816794,-22.16793893,69.39694656
1939,1780506929,-1.001464844,-0.0234375,-0.195800781,-18.29770992,11.05343511,-21.75572519,0.171630859,-1.026855469,0.021728516,1.229007634,-26.77862595,65.74045802
1940,1780506929,-0.999023438,-0.04296875,-0.177734375,-22.23664122,11.63358779,-31.09923664,0.167724609,-1.031005859,0.022705078,1.625954198,-27.36641221,63
1941,1780506929,-1.028076172,-0.171142578,-0.192626953,-26.10687023,12.09923664,-39.45038168,0.172607422,-1.041992188,0.032470703,2.404580153,-31.32824427,60.86259542
1942,1780506929,-1.057373047,-0.263183594,-0.192138672,-30.02290076,12.66412214,-53.89312977,0.165527344,-1.050537109,0.047119141,3.061068702,-39.77099237,58.41984733
1943,1780506929,-1.078613281,-0.327392578,-0.191894531,-33.70229008,13.86259542,-64.73282443,0.173339844,-1.049804688,0.090087891,4.183206107,-45.77099237,54.24427481
1944,1780506929,-1.088623047,-0.053955078,-0.247802734,-36.83206107,15.59541985,-70.86259542,0.243652344,-1.040527344,0.082275391,4.06870229,-52.57251908,45.51908397
1945,1780506929,-1.069091797,0.244384766,-0.2578125,-44.95419847,18.60305344,-63.19847328,0.265136719,-1.043701172,0.075195313,1.625954198,-61.22900763,35.2519084
1946,1780506929,-1.068359375,0.331054688,-0.193115234,-56,20.17557252,-51.88549618,0.274169922,-1.072265625,0.083251953,-0.20610687,-69.70229008,24.89312977
1947,1780506929,-1.0546875,0.476318359,-0.145507813,-65.6259542,19.90076336,-38.4351145,0.298339844,-1.072021484,0.034423828,-1.633587786,-76.12977099,14.72519084
1948,1780506929,-1.052734375,0.479248047,-0.087890625,-71.66412214,18.41984733,-20.39694656,0.314453125,-1.092285156,-0.005615234,-2.038167939,-77.58778626,5.969465649
1949,1780506929,-1.063232422,0.287841797,-0.097900391,-71,16.51908397,-9.465648855,0.3359375,-1.079101563,-0.036376953,-0.709923664,-74.01526718,2.633587786
1950,1780506929,-1.051269531,0.030517578,-0.102050781,-61.66412214,14.01526718,-9.435114504,0.331787109,-1.071289063,-0.021484375,1.290076336,-60.59541985,2.198473282
1951,1780506930,-1.048828125,-0.071777344,-0.105712891,-52.96946565,11.40458015,-10.94656489,0.342285156,-1.019287109,0.00390625,0.816793893,-47.38931298,4.824427481
1952,1780506930,-0.982666016,-0.17578125,-0.079101563,-41.82442748,7.282442748,-18.53435115,0.353515625,-0.979492188,-0.008300781,0,-33.74045802,10.89312977
1953,1780506930,-0.971191406,0.053466797,-0.111572266,-21.03816794,3.06870229,-19.84732824,0.35546875,-1.006103516,-0.030517578,0.045801527,-18.40458015,8.167938931
1954,1780506930,-0.958251953,0.248046875,-0.083007813,-13.6870229,0.885496183,-10.46564885,0.345214844,-0.95703125,-0.058105469,-0.809160305,-7.458015267,2.007633588
1955,1780506930,-0.955322266,0.241699219,-0.152587891,0.72519084,-0.709923664,-1.610687023,0.281005859,-0.963134766,-0.053222656,-0.389312977,9.648854962,0.526717557
1956,1780506930,-0.932617188,0.212646484,-0.223144531,11.55725191,-1.366412214,-0.450381679,0.21875,-0.990478516,-0.021240234,0.045801527,22.19083969,1.236641221
1957,1780506930,-0.940673828,0.147216797,-0.227539063,18.53435115,-3.198473282,0.473282443,0.163085938,-0.991699219,0.013427734,-0.129770992,25.91603053,0.358778626
1958,1780506930,-0.929931641,0.104736328,-0.205810547,24.9389313,-4.450381679,-0.198473282,0.119628906,-0.989746094,0.0078125,-2.778625954,28.27480916,-0.229007634
1959,1780506930,-0.910644531,0.229980469,-0.220947266,26.6259542,-4.961832061,-0.213740458,0.103759766,-0.986816406,0.006103516,-3.396946565,28.45038168,0.496183206
1960,1780506930,-0.900878906,0.270996094,-0.205810547,24.03816794,-4.41221374,0.496183206,0.079101563,-0.993408203,0.037353516,-5.86259542,25.01526718,1.305343511
1961,1780506930,-0.921386719,0.269775391,-0.197998047,20.8778626,-3.435114504,0.732824427,0.053222656,-1.021240234,0.062988281,-3.129770992,19.81679389,1.603053435
1962,1780506930,-0.925537109,0.28515625,-0.202636719,17.47328244,-2.809160305,0.503816794,0.038574219,-1.02734375,0.055664063,-2.58778626,14.00763359,1.946564885
1963,1780506930,-0.930908203,0.291503906,-0.189453125,9.458015267,-3.809160305,0.175572519,0.015625,-1.03515625,0.062255859,-1.702290076,8.389312977,2.312977099
1964,1780506930,-0.952880859,0.305175781,-0.175292969,3.374045802,-0.984732824,-0.526717557,0.022949219,-1.028320313,0.069824219,-0.488549618,2.885496183,2.229007634
1965,1780506930,-0.926513672,0.272949219,-0.177490234,-2.923664122,0.221374046,-1.114503817,0.018066406,-1.023193359,0.083984375,-0.580152672,-2.977099237,1.847328244
1966,1780506930,-0.936523438,0.236572266,-0.177246094,-7.625954198,0.664122137,-2.022900763,0.037841797,-1.017578125,0.106445313,-0.923664122,-8.190839695,1.419847328
1967,1780506930,-0.937011719,0.239013672,-0.180664063,-10.40458015,1.030534351,-2.740458015,0.05078125,-1.000488281,0.081054688,-1.519083969,-11.41984733,0.946564885
1968,1780506930,-0.920410156,0.25390625,-0.156738281,-11.78625954,1.480916031,-2.86259542,0.062744141,-1.001953125,0.049804688,-1.083969466,-10.82442748,1.145038168
1969,1780506930,-0.910888672,0.260009766,-0.165527344,-11.03816794,1.58778626,-2.404580153,0.093261719,-0.998291016,0.016113281,-0.320610687,-9.007633588,1.381679389
1970,1780506930,-0.911621094,0.251708984,-0.167236328,-10.33587786,1.770992366,-2.175572519,0.098388672,-1.000976563,0.039306641,-0.061068702,-6.160305344,1.564885496
1971,1780506930,-0.926269531,0.221679688,-0.166992188,-8.167938931,1.129770992,-3.893129771,0.103515625,-1.005371094,0.034179688,-0.129770992,-3.297709924,1.328244275
1972,1780506930,-0.922607422,0.202392578,-0.172851563,-4.809160305,0.480916031,-1.854961832,0.108886719,-1.004150391,0.028564453,-0.183206107,-0.358778626,0.809160305
1973,1780506930,-0.931152344,0.212890625,-0.177001953,-1.801526718,-0.328244275,-1.679389313,0.103515625,-1.011230469,0.021484375,-0.72519084,1.022900763,1
1974,1780506930,-0.936279297,0.229248047,-0.17578125,-0.893129771,-0.488549618,-1.763358779,0.100341797,-1.012695313,0.033935547,-0.916030534,2.015267176,1.190839695
1975,1780506930,-0.948242188,0.220214844,-0.186767578,-0.198473282,-0.72519084,-1.816793893,0.086914063,-1.012939453,0.030517578,-0.511450382,2.396946565,0.908396947
1976,1780506930,-0.925537109,0.250976563,-0.161865234,0.145038168,-1.160305344,-1.442748092,0.076904297,-1.010742188,0.021240234,-0.404580153,3.20610687,1.122137405
1977,1780506930,-0.92578125,0.257324219,-0.179931641,0.419847328,-1.183206107,-1.450381679,0.063232422,-1.005126953,0.049804688,0.06870229,3.129770992,1.236641221
1978,1780506930,-0.920654297,0.250732422,-0.1796875,-0.152671756,-0.732824427,-1.06870229,0.091308594,-1.002685547,0.052978516,0.190839695,2.404580153,1.34351145
1979,1780506930,-0.927001953,0.235595703,-0.174804688,-1.152671756,-0.709923664,-1.244274809,0.078125,-1.006103516,0.066650391,-0.221374046,1.374045802,1.183206107
1980,1780506930,-0.928466797,0.225585938,-0.168945313,-1.618320611,-0.625954198,-1.580152672,0.073242188,-1.01171875,0.063232422,-0.030534351,0.381679389,1.259541985
1981,1780506930,-0.927490234,0.248779297,-0.167724609,-0.022900763,-0.526717557,-1.839694656,0.079589844,-1.007568359,0.062255859,0.282442748,-0.229007634,1.236641221
1982,1780506930,-0.9375,0.261474609,-0.177734375,-3.20610687,-0.244274809,-1.564885496,0.079589844,-1.004394531,0.052978516,0.580152672,-0.969465649,1.633587786
1983,1780506930,-0.917236328,0.253173828,-0.170410156,-4.419847328,0.022900763,-1.374045802,0.080810547,-1.010986328,0.045410156,1.167938931,-0.007633588,1.79389313
1984,1780506930,-0.912841797,0.243408203,-0.176513672,-5.664122137,0.114503817,-1.366412214,0.0859375,-0.987060547,0.036376953,1.183206107,-3.351145038,1.748091603
1985,1780506930,-0.919921875,0.219482422,-0.186767578,-7.091603053,0.229007634,-1.511450382,0.083740234,-1.005859375,0.043945313,0.740458015,-4.450381679,1.259541985
1986,1780506930,-0.933349609,0.213623047,-0.178222656,-6.870229008,-0.244274809,-1.732824427,0.084716797,-1.008789063,0.041992188,0.618320611,-4.305343511,1.099236641
1987,1780506930,-0.92578125,0.235351563,-0.176513672,-6.030534351,-0.519083969,-1.641221374,0.093261719,-1.009521484,0.0234375,0.778625954,-3.396946565,1.053435115
1988,1780506930,-0.928955078,0.251708984,-0.179199219,-5.984732824,-0.328244275,-1.183206107,0.108642578,-1.003417969,0.019042969,1.595419847,-2.183206107,1.358778626
1989,1780506930,-0.917724609,0.243408203,-0.176025391,-6.435114504,-0.480916031,-0.175572519,0.135498047,-1.003173828,0.014160156,1.809160305,-1.404580153,-0.549618321
1990,1780506930,-0.934570313,0.237060547,-0.184570313,-5.458015267,-0.847328244,4.251908397,0.127197266,-1.000976563,0.022460938,1.969465649,-1.526717557,-5.557251908
1991,1780506930,-0.954101563,0.014892578,-0.176025391,1.366412214,-1.648854962,6.893129771,0.059570313,-0.982666016,0.049316406,2.335877863,1.755725191,-7.79389313
1992,1780506930,-0.948730469,0.178222656,-0.173095703,-0.58778626,-0.083969466,6.595419847,0.131591797,-0.998535156,0.018066406,3.396946565,0.908396947,-8.572519084
1993,1780506930,-0.954101563,0.144287109,-0.186035156,-4.099236641,0.679389313,6.664122137,0.173583984,-1.006103516,0.002929688,4.480916031,2.480916031,-7.900763359
1994,1780506930,-0.956542969,0.200439453,-0.208984375,5.030534351,-0.541984733,11.54198473,0.325927734,-1.010742188,-0.028808594,6.65648855,6.290076336,-15.84732824
1995,1780506930,-0.986083984,0.275634766,-0.172363281,-8.564885496,-0.86259542,22.75572519,0.323486328,-0.972900391,-0.081298828,3.404580153,6.717557252,-23.73282443
1996,1780506930,-0.985839844,0.012695313,-0.217041016,2.41221374,-3.893129771,28.82442748,0.357177734,-0.997558594,-0.029541016,2.022900763,10.88549618,-33.79389313
1997,1780506930,-1.04296875,0.153076172,-0.205566406,3.549618321,-5.580152672,36.4351145,0.388916016,-1.034667969,-0.031005859,-0.832061069,16.41221374,-41.38167939
1998,1780506930,-1.063232422,0.136230469,-0.198242188,6.854961832,-6.351145038,43.38931298,0.399658203,-1.055175781,-0.008300781,-3.290076336,21.29770992,-47.80916031
1999,1780506930,-1.104492188,0.14453125,-0.201416016,11.67938931,-8.122137405,49.54198473,0.400634766,-1.041748047,-0.020019531,-6,26.95419847,-53.00763359
2000,1780506930,-1.082275391,0.125244141,-0.194824219,16.92366412,-9.893129771,52.83206107,0.336181641,-1.035644531,0.051513672,-8.755725191,31.01526718,-55.30534351
2001,1780506930,-1.062744141,0.1015625,-0.199462891,24.99236641,-12.99236641,52.63358779,0.288330078,-1.040283203,0.038574219,-10.57251908,36.51145038,-56.35114504
2002,1780506930,-1.022705078,0.164306641,-0.200683594,30.54961832,-13.00763359,51.14503817,0.25390625,-1.03125,0.025146484,-11.36641221,41.70992366,-56.46564885
2003,1780506930,-0.988037109,0.226318359,-0.2109375,33.83969466,-12.01526718,49.24427481,0.222167969,-1.083496094,0.048583984,-11.40458015,43.90839695,-55.48091603
2004,1780506930,-1.002441406,0.26171875,-0.311279297,36.55725191,-9.419847328,45.7480916,0.178222656,-1.079589844,0.07421875,-11.82442748,44.70992366,-53.29770992
2005,1780506930,-0.933105469,0.148925781,-0.455322266,32.00763359,-2.244274809,38.99236641,0.107421875,-1.079833984,0.134277344,-11.32061069,40.53435115,-49.83969466
2006,1780506930,-0.944580078,0.227783203,-0.316162109,23.86259542,0.763358779,27.58778626,0.015380859,-1.087890625,0.064941406,-13.27480916,30.10687023,-47.93129771
2007,1780506930,-0.931152344,-0.005859375,-0.254150391,15.58778626,2.297709924,12.54961832,-0.026123047,-1.080078125,0.070800781,-15.19083969,17.01526718,-46.7480916
2008,1780506930,-0.952636719,-0.350585938,-0.219970703,15.40458015,1.427480916,-9.572519084,0.010009766,-1.053466797,0.071777344,-14.35114504,7.129770992,-46.61068702
2009,1780506930,-0.933837891,-0.270263672,-0.337158203,19.33587786,3.671755725,-28.08396947,0.115966797,-0.971435547,-0.016113281,-14.33587786,5.839694656,-47.01526718
2010,1780506930,-0.914306641,-0.144042969,-0.3203125,12.88549618,6.900763359,-40.82442748,0.246582031,-0.964355469,-0.034912109,-16.77099237,4.34351145,-47.54961832
2011,1780506930,-0.959716797,-0.317871094,-0.321289063,14.89312977,6.557251908,-53.80916031,0.354736328,-0.982910156,-0.005126953,-17,6.549618321,-50.83206107
2012,1780506930,-1.053955078,-0.202636719,-0.29296875,10.26717557,7.549618321,-58.98473282,0.330078125,-0.970458984,-0.005615234,-19.70992366,5.022900763,-57.32824427
2013,1780506930,-1.021728516,-0.295654297,-0.259521484,13.27480916,9.893129771,-74.03053435,0.272949219,-1.007324219,0.052978516,-19.7480916,2.41221374,-54.65648855
2014,1780506930,-1.041259766,-0.150146484,-0.269775391,11.8778626,12.48091603,-87.35114504,0.336425781,-1.008300781,0.08984375,-17.40458015,-0.045801527,-53.69465649
2015,1780506930,-1.110107422,-0.143554688,-0.245117188,6.717557252,15.82442748,-96.81679389,0.346435547,-1.075439453,0.091552734,-16.22900763,-8.167938931,-57.41984733
2016,1780506930,-1.172119141,-0.166748047,-0.175537109,1.282442748,16.91603053,-105.0916031,0.400390625,-1.023193359,0.06640625,-15.82442748,-14.92366412,-61.24427481
2017,1780506930,-1.217773438,-0.165283203,-0.159423828,-1.832061069,17.40458015,-109.7099237,0.444091797,-1.029296875,0.057373047,-16.39694656,-18.1221374,-66.17557252
2018,1780506930,-1.267578125,-0.156738281,-0.155273438,-3.236641221,17.41221374,-117.1374046,0.509765625,-1.040283203,0.049560547,-16.45038168,-19.96183206,-71.72519084
2019,1780506930,-1.316650391,-0.204101563,-0.137695313,-2.984732824,16.84732824,-120.6717557,0.575439453,-1.044433594,-0.011474609,-15.9389313,-18.06870229,-77.48854962
2020,1780506930,-1.364746094,-0.200195313,-0.145263672,-2.511450382,16.11450382,-122.9160305,0.654296875,-1.066894531,-0.021728516,-15.79389313,-16.77862595,-83.02290076
2021,1780506930,-1.416015625,-0.205566406,-0.127441406,-4.328244275,15.3740458,-124.3053435,0.683837891,-1.116210938,-0.025390625,-13.81679389,-10.7480916,-88.36641221
2022,1780506930,-1.463134766,-0.288085938,-0.082275391,-2.13740458,13.75572519,-128.7633588,0.674804688,-1.128662109,0.022949219,-10.33587786,-7.27480916,-91.76335878
2023,1780506930,-1.468017578,-0.344726563,-0.074462891,-0.473282443,10.80152672,-134.8167939,0.661621094,-1.088623047,-0.014404297,-8.755725191,-5.320610687,-96.35114504
2024,1780506930,-1.448974609,-0.430175781,-0.037109375,3.091603053,7.083969466,-141.3969466,0.644775391,-1.043701172,0.011230469,-8.679389313,-2.984732824,-102.1603053
2025,1780506930,-1.458740234,-0.461181641,-0.026123047,5.923664122,2.778625954,-146.8473282,0.633056641,-1.018310547,0.073730469,-8.106870229,-0.778625954,-110.6641221
2026,1780506930,-1.480712891,-0.466064453,-0.017822266,14.83969466,-2.167938931,-152.129771,0.630126953,-1.03515625,0.015869141,-7.916030534,2.213740458,-118.6335878
2027,1780506930,-1.5078125,-0.457519531,-0.071044922,17.74045802,-6.65648855,-157.1603053,0.674560547,-1.043457031,-0.032714844,-6.770992366,6.366412214,-124.4656489
2028,1780506930,-1.495849609,-0.430175781,-0.104736328,24.22900763,-9.099236641,-162.8931298,0.716796875,-1.022216797,-0.043945313,-3.778625954,10.05343511,-126.7709924
2029,1780506930,-1.480224609,-0.365478516,-0.162841797,25.10687023,-11.0610687,-166.1908397,0.708984375,-1.001464844,-0.002197266,-2.366412214,12.03816794,-127.870229
2030,1780506930,-1.461914063,-0.353027344,-0.202148438,25.59541985,-12.98473282,-172.519084,0.693847656,-0.961914063,0.017578125,-3.877862595,12.22137405,-129.6335878
2031,1780506930,-1.442382813,-0.366210938,-0.224853516,26.60305344,-13.61068702,-175.8320611,0.680664063,-0.960693359,-0.018798828,-2.664122137,9.41221374,-133.1908397
2032,1780506930,-1.486328125,-0.315429688,-0.287353516,24.54961832,-13.59541985,-176.9541985,0.681884766,-0.983642578,0.005126953,-3.709923664,4.129770992,-140.2900763
2033,1780506930,-1.526367188,-0.284912109,-0.307128906,19.93129771,-12.2519084,-175.9694656,0.666503906,-0.972900391,0.032958984,-2.679389313,-0.015267176,-146.9465649
2034,1780506931,-1.471923828,-0.254394531,-0.357177734,15.38167939,-9.610687023,-174.9389313,0.645507813,-0.949462891,0.046142578,-3.435114504,-8.916030534,-153.0992366
2035,1780506931,-1.428466797,-0.244384766,-0.344238281,4.870229008,-7.740458015,-174.2748092,0.615478516,-0.875732422,0.041992188,-2.832061069,-17.1221374,-156.0916031
2036,1780506931,-1.362792969,-0.236328125,-0.386474609,-4.877862595,-1.076335878,-175.8244275,0.631347656,-0.853759766,0.001953125,-4.351145038,-25.48091603,-155.4885496
2037,1780506931,-1.349853516,-0.279785156,-0.359375,-13.4351145,2.961832061,-179.0076336,0.637207031,-0.839599609,-0.020751953,-4.709923664,-36,-153.3969466
2038,1780506931,-1.304443359,-0.235595703,-0.342041016,-20.15267176,6.297709924,-182.389313,0.627441406,-0.792480469,-0.080078125,-5.160305344,-44.24427481,-150.3740458
2039,1780506931,-1.256347656,-0.186523438,-0.337158203,-28.89312977,9.366412214,-185.0610687,0.651611328,-0.737792969,-0.083007813,-6.954198473,-51.38931298,-143.4198473
2040,1780506931,-1.219726563,-0.196044922,-0.301025391,-33.86259542,11.5648855,-184.3816794,0.715087891,-0.717773438,-0.082763672,-7.320610687,-57.84732824,-141.4122137
2041,1780506931,-1.206787109,-0.127441406,-0.283447266,-38.3129771,13.33587786,-178.0076336,0.80859375,-0.687988281,-0.134277344,-9.938931298,-60.3740458,-142.7938931
2042,1780506931,-1.236572266,-0.116455078,-0.290039063,-39.3740458,14.18320611,-167.8778626,0.93359375,-0.700927734,-0.103027344,-12.75572519,-60.39694656,-149.6793893
2043,1780506931,-1.201660156,-0.146240234,-0.306884766,-41.22137405,17.28244275,-155.0992366,0.892333984,-0.655273438,-0.135009766,-14.01526718,-52.90839695,-143.7480916
2044,1780506931,-1.089111328,-0.028564453,-0.283691406,-33.75572519,16.00763359,-143.2366412,1.018798828,-0.628662109,-0.165527344,-14.38167939,-42.4351145,-144.9007634
2045,1780506931,-1.055175781,-0.01953125,-0.188964844,-24.59541985,14.67938931,-124.2061069,1.059570313,-0.554931641,-0.170654297,-16.71755725,-31.47328244,-147.4274809
2046,1780506931,-1.049560547,0.075439453,-0.221679688,-14.2519084,12.17557252,-104.6870229,1.051269531,-0.547851563,-0.169433594,-17.39694656,-21.17557252,-148.3816794
2047,1780506931,-0.933837891,0.009765625,-0.192626953,-3.648854962,8.549618321,-89.67938931,1.010253906,-0.540527344,-0.157226563,-18.98473282,-10.81679389,-147.1145038
2048,1780506931,-0.8984375,0.0703125,-0.125488281,8.366412214,3.801526718,-71.11450382,0.968017578,-0.523925781,-0.161132813,-18.48091603,-3.763358779,-143.4885496
2049,1780506931,-0.833984375,0.240722656,-0.142333984,13.7480916,1.152671756,-52.83206107,0.979736328,-0.537353516,-0.169677734,-16.90839695,9.183206107,-140.480916
2050,1780506931,-0.823486328,0.301025391,-0.151123047,15.54961832,-2.374045802,-33.83206107,0.966796875,-0.509521484,-0.158203125,-16.38931298,20.89312977,-133.6717557
2051,1780506931,-0.76171875,0.09765625,-0.052490234,18.1221374,-8.770992366,-20.34351145,0.836669922,-0.409423828,-0.113525391,-16.57251908,31.22137405,-125.1679389
2052,1780506931,-0.565429688,-0.044921875,0.009521484,38.85496183,-16.09160305,-15.67938931,0.668701172,-0.353271484,-0.189697266,-16.6870229,46.03816794,-108.8549618
2053,1780506931,-0.397460938,-0.087890625,-0.004394531,51.29770992,-21.50381679,-24.01526718,0.538818359,-0.340820313,-0.203369141,-15.3740458,64.32061069,-84.35114504
2054,1780506931,-0.298583984,-0.093994141,0.00390625,66.61068702,-29.90076336,-33.52671756,0.430175781,-0.321533203,-0.099853516,-10.95419847,75.97709924,-64.36641221
2055,1780506931,-0.251464844,0.019042969,-0.074707031,75.58778626,-33.84732824,-41.48091603,0.349853516,-0.283691406,-0.08984375,-8.290076336,80.67175573,-43.61832061
2056,1780506931,-0.310791016,0.405273438,-0.241699219,79.87022901,-34.78625954,-36.38167939,0.369873047,-0.258544922,0.038330078,-5.519083969,77.17557252,-36.03816794
2057,1780506931,-0.229492188,0.219726563,-0.315429688,66.17557252,-27.30534351,-38.09160305,0.170654297,-0.298339844,0.085693359,-5.534351145,62.64122137,-15.71755725
2058,1780506931,-0.157714844,0.414306641,-0.416015625,58.22137405,-19.97709924,-38.51908397,0.205322266,-0.348632813,0.144042969,-1.679389313,45.03816794,-4.702290076
2059,1780506931,-0.291992188,0.686279297,-0.386230469,29.13740458,-10.30534351,-25.92366412,0.305908203,-0.358154297,0.169433594,-2.320610687,21.22137405,-0.091603053
2060,1780506931,-0.354248047,0.655029297,-0.364501953,8.129770992,-3.877862595,-9.091603053,0.346435547,-0.404296875,0.15625,0.366412214,-1.030534351,2.152671756
2061,1780506931,-0.340332031,0.596435547,-0.285888672,-17.96183206,6.183206107,3.549618321,0.326416016,-0.385498047,0.051757813,-0.503816794,-18.96946565,11.89312977
2062,1780506931,-0.320556641,0.571777344,-0.250488281,-31.32824427,9.229007634,14.48091603,0.431152344,-0.368896484,0.018066406,0.152671756,-30.1221374,23.49618321
2063,1780506931,-0.349121094,0.505126953,-0.185302734,-38.78625954,11.20610687,25.39694656,0.530029297,-0.346191406,-0.020751953,0.053435115,-34.09923664,36.45038168
2064,1780506931,-0.377197266,0.360351563,-0.131835938,-39.80916031,10.94656489,33.63358779,0.586181641,-0.327392578,-0.072753906,4.572519084,-28.75572519,46.33587786
2065,1780506931,-0.393554688,0.239257813,-0.081054688,-32.9389313,8.374045802,43.14503817,0.630859375,-0.315429688,-0.11328125,5.244274809,-20,52.92366412
2066,1780506931,-0.438476563,0.172851563,-0.076660156,-22.72519084,4.458015267,54.30534351,0.661132813,-0.322265625,-0.134521484,5.961832061,-8.564885496,63.03816794
2067,1780506931,-0.482666016,0.159423828,-0.082763672,-12.90076336,1.282442748,63.58015267,0.701416016,-0.349853516,-0.114257813,7.229007634,3.404580153,71.48854962
2068,1780506931,-0.546630859,0.157470703,-0.113037109,-6.427480916,-1.34351145,72.64885496,0.730957031,-0.399658203,-0.090820313,6.816793893,9.893129771,79.94656489
2069,1780506931,-0.641845703,0.135742188,-0.103515625,-0.687022901,-4.396946565,81.48854962,0.749267578,-0.465087891,-0.063476563,6.839694656,17.59541985,87.3740458
2070,1780506931,-0.713623047,0.138183594,-0.122558594,5.335877863,-6.480916031,89.83969466,0.729736328,-0.495361328,-0.04296875,7.213740458,26.02290076,94.70992366
2071,1780506931,-0.737792969,0.168212891,-0.134277344,9.20610687,-7.122137405,96.03053435,0.727294922,-0.491210938,-0.036621094,7.641221374,28.29770992,103.1984733
2072,1780506931,-0.723632813,0.201660156,-0.129150391,9.183206107,-6.938931298,106.5877863,0.714355469,-0.469238281,-0.022460938,7.770992366,28.72519084,111.6946565
2073,1780506931,-0.753662109,0.172851563,-0.128417969,7.06870229,-7.160305344,114.1832061,0.728759766,-0.467529297,0.012451172,6.610687023,27.90076336,120.6183206
2074,1780506931,-0.781494141,0.055419922,-0.154785156,7.709923664,-8.312977099,117.351145,0.718994141,-0.488769531,0.001708984,5.358778626,28.54198473,128.6641221
2075,1780506931,-0.879150391,0.126953125,-0.158447266,7.801526718,-8.34351145,127.9160305,0.751953125,-0.525634766,0.001708984,4.79389313,29.70992366,131.4885496
2076,1780506931,-0.961669922,0.003662109,-0.147460938,11.32061069,-5.870229008,134.6870229,0.758056641,-0.594970703,0.008544922,2.648854962,29.90839695,136.5038168
2077,1780506931,-1.055175781,0.051513672,-0.172851563,12.64122137,-7.572519084,140.221374,0.769287109,-0.686035156,-0.016113281,2.27480916,33.58015267,141.0839695
2078,1780506931,-1.133544922,0.056396484,-0.18359375,11.04580153,-5.992366412,145.2900763,0.752197266,-0.719726563,0.02734375,2.732824427,34.83206107,144.2671756
2079,1780506931,-1.172363281,0.136230469,-0.172607422,12.67938931,-4.717557252,153.8931298,0.753417969,-0.700439453,0.102783203,3.160305344,30.30534351,139.6183206
2080,1780506931,-1.188232422,0.0078125,-0.165039063,9.511450382,-3.893129771,160.5725191,0.634521484,-0.676269531,0.094238281,1.664122137,23.63358779,140.8625954
2081,1780506931,-1.158935547,0.120117188,-0.176513672,2.221374046,-0.007633588,164.1526718,0.692626953,-0.684326172,0.046875,1.244274809,22.35877863,144.5114504
2082,1780506931,-1.1953125,0.025878906,-0.150634766,1.847328244,-0.13740458,169.0916031,0.735839844,-0.729248047,0.017822266,-1.015267176,21.44274809,148.1984733
2083,1780506931,-1.313476563,0.034667969,-0.160644531,-3.129770992,-0.251908397,174.7862595,0.782958984,-0.821777344,0.03515625,-2.595419847,18.88549618,146.9770992
2084,1780506931,-1.455322266,-0.037109375,-0.152099609,2.93129771,-1.305343511,180.1374046,0.841552734,-0.921386719,0.032714844,-4.847328244,21.58015267,143.519084
2085,1780506931,-1.573974609,-0.000488281,-0.157226563,6.419847328,-2.160305344,185.5725191,0.846435547,-0.974853516,0.048095703,-6.893129771,31.16030534,139.389313
2086,1780506931,-1.60546875,-0.092773438,-0.127685547,9.946564885,-3.450381679,188.9160305,0.793701172,-0.939453125,0.079101563,-6.038167939,38.06870229,135.3358779
2087,1780506931,-1.506347656,-0.1328125,-0.114501953,15.80916031,-3.229007634,189.8473282,0.694580078,-0.832275391,0.103759766,-7.740458015,38.22137405,131.7022901
2088,1780506931,-1.395019531,-0.072021484,-0.104736328,17.78625954,-1.20610687,190.5419847,0.643798828,-0.793945313,0.160400391,-9.488549618,32.38167939,129.8320611
2089,1780506931,-1.373535156,-0.014404297,-0.085449219,13.49618321,1.129770992,190.2519084,0.626708984,-0.839355469,0.15234375,-10.16030534,27.48854962,130.221374
2090,1780506931,-1.3984375,-0.021972656,-0.104003906,9.015267176,2.236641221,187.7328244,0.624023438,-0.907226563,0.098876953,-10.67175573,25.97709924,131.0229008
2091,1780506931,-1.475830078,-0.067138672,-0.096923828,9.221374046,2.396946565,185.4045802,0.634765625,-1.002685547,0.096679688,-12.3740458,27.19847328,129.8473282
2092,1780506931,-1.567382813,-0.059082031,-0.130126953,9.717557252,3.427480916,179.2900763,0.633544922,-1.084228516,0.125488281,-12.58015267,21.95419847,125.2671756
2093,1780506931,-1.63671875,-0.066650391,-0.115234375,5.847328244,4.190839695,175.5419847,0.622070313,-1.118164063,0.172607422,-12.03053435,15.97709924,118.351145
2094,1780506931,-1.619628906,-0.057128906,-0.110107422,1.732824427,5.572519084,173.7709924,0.580810547,-1.069824219,0.230712891,-10.75572519,6.885496183,110.9389313
2095,1780506931,-1.521484375,-0.048583984,-0.151611328,-5.06870229,8.496183206,168.1679389,0.530761719,-0.98828125,0.246826172,-9.160305344,-0.122137405,104.9465649
2096,1780506931,-1.403076172,-0.056396484,-0.146972656,-11.52671756,12.95419847,162.870229,0.485595703,-0.960449219,0.188476563,-8.030534351,-9.633587786,100.6793893
2097,1780506931,-1.327880859,-0.038818359,-0.137939453,-15.85496183,17.39694656,155.6641221,0.467529297,-0.999023438,0.102539063,-5.198473282,-12.32824427,98.05343511
2098,1780506931,-1.303955078,-0.043701172,-0.135498047,-24.71755725,20.34351145,146.1679389,0.465576172,-1.053466797,0.071289063,-0.305343511,-14.09923664,98.22900763
2099,1780506931,-1.318115234,-0.059814453,-0.135253906,-30.69465649,22,136.351145,0.497802734,-1.1015625,0.134033203,2.229007634,-23.10687023,98.75572519
2100,1780506931,-1.389892578,-0.083251953,-0.124511719,-39.39694656,21.38167939,124.870229,0.507080078,-1.142578125,0.170166016,2.809160305,-32.0610687,95.48854962
2101,1780506931,-1.422607422,-0.184814453,-0.079345703,-44.65648855,17.94656489,111.778626,0.517089844,-1.100830078,0.154785156,2.442748092,-34.54198473,89.44274809
2102,1780506931,-1.336669922,-0.290283203,-0.039306641,-37.70229008,14.21374046,101.259542,0.487304688,-1.007324219,0.117919922,2.778625954,-33.74045802,84.21374046
2103,1780506931,-1.187744141,-0.302490234,-0.054199219,-31.55725191,12.55725191,86.09923664,0.444580078,-0.94140625,0.085449219,3.557251908,-32.70992366,81.90839695
2104,1780506931,-1.063476563,-0.317382813,-0.108154297,-22.86259542,12.46564885,72.49618321,0.466064453,-0.923095703,0.073486328,5.86259542,-29.2519084,77.96183206
2105,1780506931,-1.078613281,-0.044677734,-0.093261719,-33.6259542,14.33587786,64.6870229,0.444824219,-0.930419922,0.020019531,8.129770992,-28.53435115,79.09160305
2106,1780506931,-0.980712891,-0.33203125,-0.148925781,-22.04580153,13.65648855,45.98473282,0.395507813,-0.991455078,0.000732422,10.35877863,-24.80152672,83.17557252
2107,1780506931,-1.023193359,-0.068359375,-0.149169922,-27.35877863,12.4351145,32.45801527,0.389404297,-0.990966797,-0.015380859,9.259541985,-24.4351145,84.51908397
2108,1780506931,-1.092285156,-0.111816406,-0.174560547,-27.15267176,10.90076336,20.70229008,0.463134766,-1.060058594,0.033935547,8.122137405,-25.97709924,81.7480916
2109,1780506931,-1.184814453,-0.083007813,-0.159179688,-24,9.702290076,12.21374046,0.472900391,-1.072265625,0.028808594,6.175572519,-24.3740458,75.29770992
2110,1780506931,-1.191894531,-0.099121094,-0.168457031,-20.65648855,4.854961832,7.748091603,0.457275391,-1.038818359,0.000732422,3.694656489,-21.45801527,67.61832061
2111,1780506931,-1.143554688,-0.123535156,-0.149658203,-13.44274809,2.595419847,-0.824427481,0.447265625,-0.994140625,0.0234375,2.27480916,-13.73282443,62.00763359
2112,1780506931,-1.0703125,-0.089599609,-0.168457031,-7.618320611,1.381679389,-7.763358779,0.428222656,-0.962890625,0.047851563,1.244274809,-10.94656489,59.35877863
2113,1780506931,-0.996337891,-0.048583984,-0.156982422,-4.625954198,2.038167939,-15.29770992,0.387451172,-0.948730469,0.057128906,1.641221374,-9.229007634,59.32061069
2114,1780506931,-0.946044922,0.025390625,-0.200439453,-3.435114504,3.946564885,-22.61068702,0.338134766,-0.958984375,0.064208984,3.603053435,-9.648854962,61.5648855
2115,1780506931,-0.910888672,0.095703125,-0.235107422,-4.740458015,7.465648855,-30.11450382,0.297119141,-0.980712891,0.067871094,4.389312977,-11.10687023,63.89312977
2116,1780506931,-0.944580078,-0.051025391,-0.296630859,-8.526717557,12.72519084,-40.79389313,0.244384766,-1.030517578,0.082519531,5.389312977,-15.13740458,65.83206107
2117,1780506931,-1.047851563,-0.255859375,-0.213378906,-11.95419847,12.85496183,-57.30534351,0.211914063,-1.083984375,0.084960938,2.389312977,-23.18320611,64.76335878
2118,1780506932,-1.124267578,-0.24609375,-0.213623047,-17.29770992,12.79389313,-71.70229008,0.218505859,-1.090332031,0.075195313,1.145038168,-29.39694656,59.55725191
2119,1780506932,-1.137451172,0.043457031,-0.239013672,-19.97709924,14.07633588,-75.73282443,0.26171875,-1.0859375,0.077148438,0.465648855,-38.55725191,50.90076336
2120,1780506932,-1.140380859,0.3203125,-0.301757813,-28.97709924,18.59541985,-72.28244275,0.282470703,-1.088134766,0.064453125,0,-45.4351145,41.35114504
2121,1780506932,-1.127685547,0.452636719,-0.240966797,-36.41221374,21.33587786,-59.67175573,0.301513672,-1.095458984,0.072509766,-0.519083969,-51.13740458,30.52671756
2122,1780506932,-1.104492188,0.596191406,-0.216796875,-45.83969466,22.90076336,-44.03816794,0.301025391,-1.082275391,0.043701172,-1.740458015,-58.77099237,18.82442748
2123,1780506932,-1.067626953,0.652099609,-0.184326172,-55.40458015,23.28244275,-28.86259542,0.283203125,-1.069335938,0.034423828,-2.977099237,-66.06870229,8.679389313
2124,1780506932,-1.052490234,0.454833984,-0.114013672,-60.09923664,21.54961832,-15.78625954,0.250976563,-1.071777344,0.011962891,-3.061068702,-65.95419847,2.717557252
2125,1780506932,-1.001464844,0.161865234,-0.104980469,-58.19847328,20.03816794,-15.42748092,0.237304688,-1.015869141,0.026611328,-1.27480916,-63.06870229,5.053435115
2126,1780506932,-0.914306641,-0.038574219,-0.103027344,-54.39694656,18.61832061,-25.20610687,0.216308594,-0.978515625,0.008789063,0.503816794,-58.65648855,12.12977099
2127,1780506932,-0.918212891,0.093261719,-0.106201172,-48.78625954,16.63358779,-31.63358779,0.267822266,-0.982910156,-0.002929688,1.450381679,-53.3129771,15.6259542
2128,1780506932,-0.954833984,0.229248047,-0.0703125,-44.07633588,14.41984733,-30.61832061,0.309326172,-1.011474609,-0.013183594,1.13740458,-48.23664122,15.04580153
2129,1780506932,-0.996337891,0.386962891,-0.086914063,-40.83206107,11.60305344,-25.09160305,0.315429688,-1.033447266,-0.044433594,1.72519084,-40.38931298,13.64885496
2130,1780506932,-0.997314453,0.35546875,-0.146240234,-32.71755725,10.05343511,-16.44274809,0.302490234,-1.027832031,-0.042480469,1.900763359,-33.07633588,9.923664122
2131,1780506932,-0.966064453,0.209472656,-0.2109375,-24.89312977,9.557251908,-14.33587786,0.256591797,-1.01171875,-0.056884766,2.404580153,-22.09923664,10.54961832
2132,1780506932,-0.942626953,0.130859375,-0.247802734,-18.28244275,8.503816794,-16.19083969,0.246826172,-0.990722656,-0.041748047,0.648854962,-14.94656489,11.69465649
2133,1780506932,-0.924804688,0.119873047,-0.246337891,-11.97709924,6.938931298,-17.49618321,0.231933594,-0.980957031,-0.054443359,-2.259541985,-8.679389313,10.59541985
2134,1780506932,-0.938720703,0.178955078,-0.230224609,-5.152671756,4.717557252,-15.19083969,0.251220703,-0.977050781,-0.054199219,-4.641221374,-3,7.290076336
2135,1780506932,-0.950195313,0.258789063,-0.206054688,1.007633588,2.977099237,-10.89312977,0.261962891,-0.985351563,-0.040283203,-5.763358779,2.732824427,5.038167939
2136,1780506932,-0.930419922,0.269042969,-0.189208984,5.679389313,2.221374046,-7.20610687,0.247558594,-0.995117188,-0.037841797,-5.389312977,8.34351145,5.534351145
2137,1780506932,-0.926269531,0.239501953,-0.169189453,8.450381679,0.13740458,-6.549618321,0.232421875,-1.014404297,0.010986328,-4.335877863,10.78625954,7.992366412
2138,1780506932,-0.93359375,0.236572266,-0.15625,7.572519084,1.72519084,-7.519083969,0.19140625,-1.017333984,0.030761719,-3.374045802,10.14503817,8.916030534
2139,1780506932,-0.944335938,0.238525391,-0.128662109,6.488549618,1.045801527,-6.679389313,0.162109375,-1.009033203,0.052490234,-3.374045802,8.458015267,7.022900763
2140,1780506932,-0.952880859,0.237548828,-0.131591797,6.213740458,0.419847328,-4.458015267,0.157714844,-1.010742188,0.063232422,-2.870229008,7.129770992,2.488549618
2141,1780506932,-0.951904297,0.297607422,-0.149169922,4.328244275,0.977099237,-1.175572519,0.133056641,-0.988769531,0.051025391,-2.267175573,5.618320611,0.832061069
2142,1780506932,-0.90234375,0.272705078,-0.194335938,1.961832061,1.824427481,-1.580152672,0.1328125,-0.997802734,0.049560547,-1.549618321,3.519083969,1.099236641
2143,1780506932,-0.891113281,0.249023438,-0.21875,1.679389313,2.114503817,-1.839694656,0.133300781,-0.978759766,0.054199219,-2.290076336,1.854961832,0.740458015
2144,1780506932,-0.906982422,0.214599609,-0.197753906,-1.770992366,2.038167939,-2.442748092,0.12109375,-0.973388672,0.039550781,-5.854961832,-2.763358779,0.610687023
2145,1780506932,-0.893798828,0.246826172,-0.204345703,-1.58778626,1.564885496,-2.534351145,0.118896484,-0.991699219,0.003417969,-5.816793893,-1.282442748,0.534351145
2146,1780506932,-0.899902344,0.312744141,-0.21484375,-0.251908397,1.893129771,-1.824427481,0.122802734,-0.998046875,-0.014892578,-3.152671756,0.977099237,1.572519084
2147,1780506932,-0.898925781,0.333496094,-0.220703125,-0.297709924,2.015267176,-0.900763359,0.125488281,-1.010742188,-0.019775391,-2.404580153,2.465648855,2.145038168
2148,1780506932,-0.931640625,0.295898438,-0.209228516,-0.595419847,1.916030534,-0.65648855,0.094726563,-1.023925781,-0.00390625,-3.870229008,2.541984733,2.198473282
2149,1780506932,-0.937744141,0.276611328,-0.202880859,-0.877862595,1.366412214,-0.65648855,0.102783203,-1.033935547,0.01171875,-2.34351145,1.358778626,1.900763359
2150,1780506932,-0.953125,0.252197266,-0.174804688,-0.519083969,0.801526718,-1.427480916,0.107421875,-1.028808594,0.023925781,-3.061068702,1.427480916,1.236641221
2151,1780506932,-0.937255859,0.259765625,-0.176025391,0.13740458,0.458015267,-1.770992366,0.112304688,-1.011962891,0.028564453,-2.519083969,2.229007634,1.053435115
2152,1780506932,-0.916748047,0.285400391,-0.181152344,1.083969466,0.419847328,-1.427480916,0.123291016,-0.998779297,0.027832031,-1.86259542,3.038167939,1.259541985
2153,1780506932,-0.910644531,0.299804688,-0.189941406,0.229007634,0.633587786,-1.099236641,0.120605469,-0.999511719,0.037597656,-1.183206107,3.045801527,1.671755725
2154,1780506932,-0.921386719,0.287597656,-0.174072266,-0.549618321,1.053435115,-1.038167939,0.111572266,-1.009033203,0.045654297,-0.93129771,2.160305344,1.854961832
2155,1780506932,-0.911865234,0.282958984,-0.172607422,-0.801526718,1.045801527,-0.923664122,0.089355469,-1.002685547,0.047607422,-0.778625954,3.832061069,1.694656489
2156,1780506932,-0.917724609,0.298095703,-0.178466797,-1.641221374,1.022900763,-1.427480916,0.083740234,-1.024169922,0.048095703,-0.732824427,0.526717557,1.34351145
2157,1780506932,-0.906982422,0.289550781,-0.192382813,-2.221374046,1.13740458,-1.770992366,0.080322266,-1.010986328,0.043701172,-0.541984733,-1.419847328,1.183206107
2158,1780506932,-0.8984375,0.306884766,-0.19921875,-1.992366412,1.366412214,-2.129770992,0.077148438,-1.002441406,0.019775391,-0.389312977,-3.610687023,1.045801527
2159,1780506932,-0.8984375,0.306884766,-0.212890625,-6.709923664,1.938931298,-2.106870229,0.079589844,-1.008789063,0.013671875,-0.374045802,-5.770992366,1.312977099
2160,1780506932,-0.904785156,0.286132813,-0.202148438,-8.93129771,3.885496183,-2.389312977,0.083740234,-1.001708984,0.027099609,-0.526717557,-7.404580153,1.061068702
2161,1780506932,-0.901855469,0.275878906,-0.187988281,-9.198473282,1.79389313,-2.923664122,0.090087891,-1.005371094,0.008056641,-0.358778626,-7.633587786,0.854961832
2162,1780506932,-0.921142578,0.286376953,-0.188232422,-9.06870229,1.801526718,-2.954198473,0.105224609,-1.003417969,0.002929688,0.160305344,-7.374045802,0.961832061
2163,1780506932,-0.914550781,0.293457031,-0.191162109,-9,1.709923664,-2.709923664,0.123535156,-1.006347656,0.009521484,0.328244275,-6.801526718,1.213740458
2164,1780506932,-0.918701172,0.271972656,-0.192382813,-8.908396947,1.396946565,-2.374045802,0.13671875,-1.009277344,0.004882813,0.854961832,-5.671755725,1.236641221
2165,1780506932,-0.916503906,0.25390625,-0.187744141,-8.045801527,0.572519084,-2.427480916,0.152099609,-1.004882813,-0.001708984,0.694656489,-3.977099237,0.824427481
2166,1780506932,-0.919189453,0.238525391,-0.194335938,-5.954198473,0.358778626,-2.190839695,0.140869141,-0.98828125,-0.015625,0.679389313,-2.152671756,0.694656489
2167,1780506932,-0.926757813,0.250488281,-0.197509766,-4.503816794,-0.335877863,-1.694656489,0.163330078,-1.000976563,-0.005859375,0.900763359,-1.93129771,0.488549618
2168,1780506932,-0.930419922,0.278808594,-0.188720703,-3.41221374,-0.86259542,0.41221374,0.188232422,-1.003173828,0.007080078,1.328244275,3.824427481,-2.687022901
2169,1780506932,-0.945556641,0.274658203,-0.201171875,-5.099236641,-1.122137405,3.854961832,0.1796875,-1.002197266,-0.014160156,0.305343511,3.419847328,-2.86259542
2170,1780506932,-0.987060547,0.242675781,-0.278808594,3,-1.503816794,4.641221374,0.178222656,-0.9765625,0.018310547,1.511450382,4.076335878,-4.366412214
2171,1780506932,-0.905029297,0.170410156,-0.178222656,8.572519084,-3.625954198,4.572519084,0.200439453,-0.9921875,0.020751953,1.183206107,4.351145038,-8.06870229
2172,1780506932,-0.935791016,0.244384766,-0.180419922,-0.27480916,-2.961832061,8.549618321,0.171142578,-0.99609375,-0.011474609,0.641221374,2.717557252,-10.14503817
2173,1780506932,-0.91796875,0.227783203,-0.201171875,4.86259542,-3.900763359,8.984732824,0.182128906,-1.006347656,-0.006835938,1.885496183,5.160305344,-11.42748092
2174,1780506932,-0.918945313,0.340576172,-0.222167969,-5.053435115,-2.099236641,10.9389313,0.149658203,-0.990234375,-0.010986328,3.839694656,3.977099237,-11.15267176
2175,1780506932,-0.923095703,0.190917969,-0.202636719,-1.221374046,-3.145038168,10.38931298,0.171630859,-1.007568359,-0.003173828,3.015267176,3.358778626,-12.84732824
2176,1780506932,-0.927001953,0.304931641,-0.216552734,-3.801526718,-3.458015267,13.10687023,0.200195313,-0.996582031,-0.017333984,2.992366412,4.488549618,-13.76335878
2177,1780506932,-0.942382813,0.242919922,-0.228271484,-3.297709924,-3.351145038,16.00763359,0.210205078,-1.006103516,-0.025634766,3.396946565,5.488549618,-18.81679389
2178,1780506932,-0.959960938,0.254882813,-0.205810547,-2.893129771,-3.755725191,19.3740458,0.248291016,-0.998291016,-0.030517578,3.282442748,6.122137405,-23.15267176
2179,1780506932,-0.989501953,0.227294922,-0.223632813,-2.709923664,-4.236641221,23.4351145,0.288574219,-1.015136719,-0.043701172,2.106870229,7.763358779,-28.54961832
2180,1780506932,-1.029296875,0.198730469,-0.214355469,0.549618321,-6.511450382,28.44274809,0.34375,-1.012695313,-0.102539063,1.152671756,13.38931298,-35.64122137
2181,1780506932,-1.053955078,0.154052734,-0.205566406,4.664122137,-8.969465649,34.19083969,0.381347656,-0.991455078,-0.102050781,-3.679389313,18.85496183,-43.7480916
2182,1780506932,-1.064941406,0.116210938,-0.2265625,11.51145038,-12.96946565,39.67175573,0.400390625,-0.983886719,-0.045654297,-7.671755725,26.14503817,-53.47328244
2183,1780506932,-1.0546875,0.104003906,-0.208007813,21,-16.16030534,45.29007634,0.362548828,-0.938720703,0.031982422,-12.75572519,30.86259542,-63.05343511
2184,1780506932,-1.022460938,0.158203125,-0.199462891,28.49618321,-17.6259542,49.77862595,0.313232422,-0.963378906,0.018798828,-13.28244275,39.6870229,-70.32061069
2185,1780506932,-1.009277344,0.215820313,-0.165283203,35.88549618,-18.10687023,51.35877863,0.264648438,-0.998291016,-0.010253906,-12.75572519,43,-72.61068702
2186,1780506932,-0.974365234,0.389648438,-0.164306641,35.58778626,-17.73282443,51.92366412,0.247802734,-1.058105469,0.054443359,-12.51145038,41.67175573,-70.51908397
2187,1780506932,-0.980712891,0.485595703,-0.160888672,28.48091603,-17.32061069,51.33587786,0.186279297,-1.122070313,0.065185547,-11.76335878,36.54961832,-66.66412214
2188,1780506932,-0.958740234,0.451171875,-0.171875,25.02290076,-15.85496183,48.75572519,0.132080078,-1.149169922,0.054931641,-8.259541985,33.60305344,-61.30534351
2189,1780506932,-0.923828125,0.374267578,-0.161376953,18.34351145,-14.40458015,38.02290076,0.123779297,-1.142822266,0.031005859,-6.328244275,31.19847328,-54.93129771
2190,1780506932,-0.877685547,0.310302734,-0.148193359,15.08396947,-14.48091603,29.29007634,0.096435547,-1.087402344,0.080322266,-3.671755725,20.79389313,-48.29007634
2191,1780506932,-0.843017578,0.401367188,-0.184814453,9.519083969,-12.03053435,21.29770992,0.139160156,-1.025878906,0.076660156,-2.694656489,13.17557252,-44.75572519
2192,1780506932,-0.802490234,0.194335938,-0.248779297,0.641221374,-8.20610687,9.465648855,0.140869141,-1.045410156,0.082275391,-2.671755725,8.900763359,-37.33587786
2193,1780506932,-0.827392578,-0.229736328,-0.324951172,-4.442748092,-4.045801527,-12.69465649,0.125488281,-1.071533203,0.080810547,-2.358778626,7.213740458,-29.71755725
2194,1780506932,-0.909912109,-0.753662109,-0.260498047,12.42748092,-6.961832061,-43.93129771,0.246826172,-1.006347656,0.13671875,-2.946564885,3.061068702,-35.23664122
2195,1780506932,-1.002197266,-0.827148438,-0.298095703,19.60305344,-2.572519084,-71.97709924,0.21484375,-0.981445313,0.052978516,-8.595419847,-0.091603053,-38.34351145
2196,1780506932,-1.012451172,-0.405761719,-0.381591797,19.08396947,0.786259542,-88.97709924,0.380859375,-1.004150391,-0.007324219,-10.2519084,2.374045802,-42.4351145
2197,1780506932,-1.070068359,-0.321044922,-0.352539063,12.0610687,5.595419847,-105.5267176,0.416992188,-0.976806641,0.049316406,-12.64885496,1.053435115,-43.46564885
2198,1780506932,-1.17578125,-0.324462891,-0.336669922,8.847328244,8.557251908,-118.740458,0.500732422,-0.994384766,0.087890625,-11.84732824,-4.778625954,-47.11450382
2199,1780506932,-1.258300781,-0.234619141,-0.313720703,6.183206107,12.21374046,-127.7022901,0.540771484,-0.968994141,0.028808594,-13.11450382,-7.870229008,-51.52671756
2200,1780506932,-1.299804688,-0.207275391,-0.308349609,3.526717557,15.60305344,-133.9618321,0.552001953,-0.999511719,0.054931641,-14.03053435,-13.45038168,-59.06870229
2201,1780506933,-1.367675781,-0.16015625,-0.271240234,1.496183206,18.5648855,-136.4503817,0.581054688,-1.015136719,0.089355469,-14.54198473,-19.2519084,-69.00763359
2202,1780506933,-1.418701172,-0.122070313,-0.258544922,-3.86259542,22.59541985,-137.1984733,0.614257813,-1.050048828,0.085693359,-15.67938931,-25.69465649,-79.38931298
2203,1780506933,-1.475097656,-0.096923828,-0.277587891,-9.79389313,26.50381679,-136.5419847,0.651123047,-1.106933594,0.033447266,-14.40458015,-35.16030534,-90.83969466
2204,1780506933,-1.559570313,-0.164306641,-0.253662109,-19.18320611,27.84732824,-136.221374,0.670410156,-1.094726563,-0.021728516,-15.51145038,-41.63358779,-103.2137405
2205,1780506933,-1.559326172,-0.197509766,-0.237792969,-24.41221374,28.01526718,-135.0916031,0.690429688,-1.035888672,-0.0234375,-17.25954198,-47.38167939,-113.5572519
2206,1780506933,-1.516601563,-0.225585938,-0.202148438,-28.2519084,28.35877863,-133.778626,0.707275391,-0.987792969,-0.031494141,-17.67938931,-49.54198473,-125.9083969
2207,1780506933,-1.443359375,-0.354492188,-0.150634766,-27.84732824,31.23664122,-138.1450382,0.673095703,-1.008544922,-0.065429688,-15.92366412,-45.04580153,-131.8320611
2208,1780506933,-1.493164063,-0.283935547,-0.117919922,-26.78625954,28.85496183,-143.4122137,0.695556641,-1.069580078,-0.037597656,-16.77099237,-46.26717557,-136.6717557
2209,1780506933,-1.616943359,-0.320068359,-0.109619141,-29.42748092,28.38931298,-149.4274809,0.771728516,-1.126220703,-0.080322266,-15.84732824,-48.71755725,-141.5496183
2210,1780506933,-1.662841797,-0.468505859,-0.107910156,-32.57251908,29.30534351,-160.0152672,0.840820313,-1.189697266,-0.187011719,-10.22137405,-42.1221374,-138.1450382
2211,1780506933,-1.731201172,-0.330078125,-0.116943359,-29.73282443,25.38167939,-167.4580153,0.971679688,-1.109130859,-0.124755859,-9.198473282,-37.09923664,-143.1755725
2212,1780506933,-1.801513672,-0.477294922,-0.063964844,-25.99236641,18.0610687,-167.7022901,0.996582031,-1.002441406,-0.070556641,-12.4351145,-28.19083969,-158.1526718
2213,1780506933,-1.809814453,-0.6015625,-0.022949219,-5.190839695,9.946564885,-167.5267176,0.959228516,-0.937255859,-0.123291016,-14.53435115,-12.89312977,-167.6335878
2214,1780506933,-1.634521484,-0.474609375,-0.077148438,14.44274809,1.41221374,-170.9770992,0.96875,-0.818847656,-0.173095703,-13.25954198,7.427480916,-170.4885496
2215,1780506933,-1.486083984,-0.421386719,-0.075927734,27.32824427,-5.511450382,-173.3740458,0.940429688,-0.780029297,-0.141601563,-13.83206107,18.42748092,-171.5267176
2216,1780506933,-1.517089844,-0.369873047,-0.158935547,39.77862595,-11.42748092,-174.0992366,0.924072266,-0.835205078,-0.102539063,-12.58778626,24.7480916,-170.610687
2217,1780506933,-1.519042969,-0.188720703,-0.241210938,39.22137405,-14.26717557,-179.6412214,0.844482422,-0.907226563,-0.112548828,-12.49618321,29.82442748,-160.9923664
2218,1780506933,-1.445800781,-0.237548828,-0.323974609,46.42748092,-17.19847328,-187.9389313,0.775634766,-0.850341797,-0.054931641,-10.90839695,31.86259542,-156.389313
2219,1780506933,-1.3828125,-0.134277344,-0.34765625,40.77099237,-17.30534351,-189.8015267,0.692871094,-0.736328125,-0.068603516,-12.09160305,30.29770992,-153.351145
2220,1780506933,-1.291503906,-0.142089844,-0.407714844,47.50381679,-17.03816794,-191.4580153,0.662353516,-0.69921875,-0.007324219,-13.67175573,31.28244275,-151.5419847
2221,1780506933,-1.229003906,-0.046386719,-0.405761719,46.0610687,-16.3129771,-191.8320611,0.591796875,-0.661621094,0.002685547,-13.89312977,28.96946565,-148.2900763
2222,1780506933,-1.172851563,0.006835938,-0.452392578,45.5648855,-12.69465649,-190.4274809,0.599365234,-0.660888672,0.017089844,-15.11450382,23.39694656,-146.7022901
2223,1780506933,-1.166503906,0.148925781,-0.456542969,38.15267176,-7.41221374,-187.5801527,0.608642578,-0.656494141,0.040039063,-14.5648855,12.54961832,-143.0992366
2224,1780506933,-1.086181641,0.196044922,-0.458740234,26.82442748,-0.72519084,-181.5572519,0.541992188,-0.611816406,0.024658203,-12.45038168,5.20610687,-136.8167939
2225,1780506933,-0.971923828,0.228027344,-0.436279297,15.85496183,4.755725191,-178.0992366,0.48828125,-0.528808594,0.011230469,-12.64122137,-4.251908397,-129.259542
2226,1780506933,-0.866699219,0.260498047,-0.375976563,6.374045802,8.732824427,-175.8396947,0.44921875,-0.495605469,-0.030517578,-14.65648855,-17.79389313,-122.870229
2227,1780506933,-0.8203125,0.281738281,-0.343261719,-2.320610687,11.47328244,-168.8015267,0.441162109,-0.490234375,-0.055419922,-15.90076336,-30.5648855,-114.9618321
2228,1780506933,-0.806152344,0.360351563,-0.324951172,-7.885496183,14.61068702,-161.1145038,0.512939453,-0.506835938,-0.017822266,-16.36641221,-41.95419847,-104.8091603
2229,1780506933,-0.799560547,0.435302734,-0.291992188,-19.90076336,16.77862595,-150.0687023,0.590087891,-0.505371094,-0.081298828,-17.66412214,-46.79389313,-98.33587786
2230,1780506933,-0.750976563,0.399658203,-0.253173828,-23.78625954,18.03053435,-136.8015267,0.665527344,-0.435791016,-0.103759766,-18.51908397,-42.45038168,-90.33587786
2231,1780506933,-0.669921875,0.406005859,-0.228515625,-21.36641221,18.47328244,-122.9923664,0.767333984,-0.393798828,-0.125,-20.4351145,-38.73282443,-83.64122137
2232,1780506933,-0.629882813,0.354003906,-0.224121094,-14.11450382,18.48091603,-107.3587786,0.84375,-0.411376953,-0.201171875,-19.90839695,-23.41221374,-72.39694656
2233,1780506933,-0.627929688,0.311035156,-0.161621094,-2.580152672,15.8778626,-91.63358779,0.865478516,-0.398681641,-0.172119141,-19.18320611,-3.152671756,-62.87022901
2234,1780506933,-0.562255859,0.297607422,-0.110107422,9.595419847,11.99236641,-75.9389313,0.800048828,-0.346679688,-0.154785156,-18.48854962,10.29770992,-54.93129771
2235,1780506933,-0.479736328,0.294677734,-0.068359375,22.55725191,7.335877863,-60.10687023,0.730712891,-0.323242188,-0.136230469,-18.16793893,20.41221374,-45.90076336
2236,1780506933,-0.411132813,0.336669922,-0.071289063,30.46564885,3.091603053,-43.9389313,0.633300781,-0.316162109,-0.128417969,-16.15267176,23.55725191,-35.34351145
2237,1780506933,-0.359375,0.452148438,-0.072265625,31.73282443,0.801526718,-31.28244275,0.574462891,-0.336914063,-0.089111328,-12.94656489,25.54961832,-22.98473282
2238,1780506933,-0.312988281,0.419921875,-0.080566406,22.90839695,-0.702290076,-23.88549618,0.511474609,-0.361572266,-0.100097656,-10.84732824,25.64122137,-2.290076336
2239,1780506933,-0.365478516,0.526611328,-0.134033203,22.08396947,-2.465648855,-10.34351145,0.642333984,-0.382568359,-0.024414063,-7.122137405,25.05343511,1.106870229
2240,1780506933,-0.443359375,0.465820313,-0.108886719,9.801526718,-1.778625954,4.091603053,0.542236328,-0.375,-0.07421875,-7.786259542,22.76335878,11.0610687
2241,1780506933,-0.400390625,0.354248047,-0.149169922,13.84732824,-3.908396947,16.69465649,0.540283203,-0.368896484,-0.032470703,-7.34351145,21.9389313,20.70992366
2242,1780506933,-0.388916016,0.365722656,-0.111083984,14.40458015,-4.030534351,26.92366412,0.562255859,-0.368652344,-0.026611328,-5.038167939,21.2519084,28.48854962
2243,1780506933,-0.397216797,0.395751953,-0.129882813,10.76335878,-3.404580153,40.54198473,0.493652344,-0.318115234,-0.018798828,-2.610687023,19.16030534,36.27480916
2244,1780506933,-0.345214844,0.139892578,-0.110107422,15.66412214,-2.664122137,44.20610687,0.447753906,-0.346435547,-0.045166016,-0.679389313,18.76335878,50.3129771
2245,1780506933,-0.417724609,0.443359375,-0.193359375,5.175572519,-0.13740458,51.03053435,0.526611328,-0.404296875,-0.0234375,1.908396947,13.07633588,60.4351145
2246,1780506933,-0.512939453,0.296386719,-0.175537109,-5.198473282,1.648854962,61.61832061,0.554931641,-0.481689453,-0.028320313,3.885496183,4.977099237,66.46564885
2247,1780506933,-0.612304688,0.194335938,-0.146484375,-6.167938931,0.603053435,69.40458015,0.601074219,-0.533447266,-0.048583984,4.816793893,-1.396946565,75.83969466
2248,1780506933,-0.673339844,0.224121094,-0.150634766,-12.0610687,0.366412214,77.80152672,0.668457031,-0.537597656,-0.061767578,6.603053435,-4.961832061,82.30534351
2249,1780506933,-0.697265625,0.207519531,-0.139892578,-19.83206107,0.748091603,87.08396947,0.728515625,-0.508056641,-0.015380859,9.557251908,-4.442748092,91.35114504
2250,1780506933,-0.74609375,0.436523438,-0.196289063,-31.79389313,3.083969466,104.1526718,0.768554688,-0.482910156,0.001708984,11.30534351,-6.816793893,87.90076336
2251,1780506933,-0.735595703,0.014404297,-0.128173828,-28.40458015,2.015267176,119.6793893,0.767333984,-0.411132813,-0.010986328,9.625954198,-7.396946565,94.83206107
2252,1780506933,-0.736083984,0.040039063,-0.118164063,-19.66412214,-1.145038168,126.1832061,0.789794922,-0.441894531,-0.048095703,10.80916031,3.770992366,105.4580153
2253,1780506933,-0.769042969,-0.060791016,-0.072265625,-17.46564885,-3.893129771,130.0458015,0.790283203,-0.445800781,-0.060546875,11.22137405,9.832061069,116.2900763
2254,1780506933,-0.833740234,-0.126708984,-0.068603516,-4.519083969,-6.923664122,133.1832061,0.829589844,-0.484863281,-0.107421875,12.70992366,21.12977099,124.8320611
2255,1780506933,-0.947265625,-0.100341797,-0.075439453,3.366412214,-8.007633588,138.3129771,0.90234375,-0.602050781,-0.142089844,12.09160305,31.17557252,129.8320611
2256,1780506933,-1.101074219,-0.098144531,-0.108398438,9.564885496,-13.12977099,145.8167939,0.900878906,-0.666015625,-0.064941406,14.22137405,40.58015267,130.0229008
2257,1780506933,-1.173583984,-0.062988281,-0.114013672,14.42748092,-14.96946565,155.6793893,0.867919922,-0.633056641,-0.014892578,13.32061069,44.58015267,127.9236641
2258,1780506933,-1.142333984,-0.063232422,-0.123046875,16.6259542,-15.52671756,164.4961832,0.799316406,-0.575439453,0.028320313,10.87022901,43.95419847,128.129771
2259,1780506933,-1.0546875,-0.063476563,-0.112304688,17.94656489,-15.39694656,170.9694656,0.748779297,-0.531738281,0.050048828,8.458015267,42.10687023,131.7862595
2260,1780506933,-1.058349609,-0.040771484,-0.130615234,17.29770992,-14.58015267,174.4885496,0.740234375,-0.59765625,0.044677734,6.259541985,40.54198473,138.2671756
2261,1780506933,-1.162597656,-0.045898438,-0.155273438,15.61832061,-11.73282443,177.0229008,0.770751953,-0.726318359,-0.002685547,4.503816794,41.83206107,143.0839695
2262,1780506933,-1.344726563,-0.083740234,-0.155761719,17.93129771,-14.03816794,179.1908397,0.813232422,-0.855712891,0.0078125,2.427480916,44.69465649,143.7251908
2263,1780506933,-1.499023438,-0.080566406,-0.172851563,21.01526718,-14.23664122,183.4961832,0.827880859,-0.930908203,0.001464844,1.13740458,47.77099237,139.5801527
2264,1780506933,-1.552734375,-0.082763672,-0.180419922,22.99236641,-13.70229008,188.5648855,0.756347656,-0.90625,0.061523438,0,48.33587786,134.2137405
2265,1780506933,-1.471923828,-0.115234375,-0.182617188,22.09160305,-12.16793893,191.480916,0.686767578,-0.791992188,0.116455078,-1.664122137,41.67175573,129.9312977
2266,1780506933,-1.334472656,-0.135498047,-0.169921875,16.40458015,-9.366412214,192.1450382,0.578125,-0.715332031,0.142333984,-2.770992366,32.91603053,128.5114504
2267,1780506933,-1.212890625,-0.124023438,-0.169433594,9.259541985,-5.022900763,188.9694656,0.507568359,-0.718017578,0.117919922,-3.053435115,23.41984733,131.740458
2268,1780506933,-1.210449219,-0.085449219,-0.187011719,1.381679389,-0.511450382,181.8091603,0.491210938,-0.852539063,0.072265625,-3.076335878,13.01526718,138.5877863
2269,1780506933,-1.300048828,-0.129638672,-0.227539063,-4.832061069,2.030534351,171.2061069,0.515625,-1.003173828,0.069091797,-3.053435115,6.908396947,143.1603053
2270,1780506933,-1.477050781,-0.131835938,-0.249023438,-7.916030534,4.221374046,164.1221374,0.577880859,-1.134033203,0.089599609,-2.908396947,1.641221374,140.3664122
2271,1780506933,-1.654541016,-0.139404297,-0.189697266,-14.27480916,4.480916031,157.3969466,0.627441406,-1.1796875,0.104003906,-2.648854962,-3.221374046,132.8778626
2272,1780506933,-1.678222656,-0.168457031,-0.181884766,-16.22137405,4.572519084,154.9694656,0.644042969,-1.121337891,0.085205078,-1.450381679,-4.58778626,119.6564885
2273,1780506933,-1.576904297,-0.213378906,-0.166992188,-16.45801527,5.351145038,152.2137405,0.626953125,-1.001953125,0.093261719,-1.038167939,-4.358778626,110.8167939
2274,1780506933,-1.435791016,-0.210205078,-0.145996094,-14.99236641,6.381679389,149.610687,0.645751953,-0.922607422,0.088134766,0.213740458,-3.045801527,104.2290076
2275,1780506933,-1.369140625,-0.169189453,-0.155761719,-13.35114504,6.770992366,147.1679389,0.666015625,-0.894775391,0.069824219,-1.564885496,-2.648854962,99.78625954
2276,1780506933,-1.326904297,-0.134521484,-0.142089844,-12.4351145,7.694656489,144.259542,0.667236328,-0.912841797,0.126953125,-3.473282443,-4.618320611,99.20610687
2277,1780506933,-1.303955078,-0.147949219,-0.152587891,-13.58778626,8.603053435,137.3435115,0.617675781,-0.990722656,0.088134766,-2.473282443,-2.786259542,101.2290076
2278,1780506933,-1.297851563,-0.217773438,-0.129882813,-12.61068702,9.015267176,126.3282443,0.552001953,-1.03125,0.083984375,-1.572519084,-2.694656489,103.3053435
2279,1780506933,-1.299316406,-0.250244141,-0.139160156,-13.40458015,9.106870229,113.6183206,0.510742188,-1.047607422,0.099853516,-0.938931298,-3.961832061,100.8778626
2280,1780506933,-1.320556641,-0.272705078,-0.099853516,-14.9389313,9.076335878,101.9465649,0.438476563,-1.052978516,0.154785156,-0.328244275,-11.4351145,95.51908397
2281,1780506933,-1.266845703,-0.299072266,-0.119384766,-16.61068702,9.992366412,89.22137405,0.391113281,-1.034179688,0.15234375,2.229007634,-15.89312977,89.26717557
2282,1780506933,-1.239013672,-0.170166016,-0.147705078,-22.58778626,12.55725191,79.27480916,0.400390625,-1.004638672,0.079101563,4.160305344,-20.18320611,80.99236641
2283,1780506933,-1.169189453,-0.189453125,-0.172607422,-23.48091603,14.50381679,70.47328244,0.370361328,-0.984863281,0.081298828,6.290076336,-26.09923664,73.75572519
2284,1780506933,-1.111328125,-0.105712891,-0.179199219,-28.78625954,16.78625954,62.90839695,0.355957031,-0.977294922,0.071289063,8.267175573,-33.61832061,69.66412214
2285,1780506934,-1.009521484,-0.188720703,-0.189941406,-36.49618321,18.97709924,51.11450382,0.337890625,-1.024414063,0.005615234,7.625954198,-37.2519084,73.34351145
2286,1780506934,-1.104003906,0.056396484,-0.197509766,-40.38931298,18.10687023,44.50381679,0.538085938,-1.107177734,0.043212891,8.061068702,-39.19847328,71.42748092
2287,1780506934,-1.198730469,-0.066650391,-0.147460938,-41.45038168,16.06870229,36.29770992,0.446777344,-1.104248047,-0.003662109,8.244274809,-38.58015267,67.25954198
2288,1780506934,-1.243408203,-0.098388672,-0.153076172,-38.66412214,13.77099237,29.46564885,0.485595703,-1.096191406,-0.009765625,9.015267176,-34.76335878,61.93129771
2289,1780506934,-1.172119141,-0.105224609,-0.134521484,-36.5648855,12.71755725,22.92366412,0.431396484,-1.048583984,0.038574219,10.29770992,-33.20610687,57.25954198
2290,1780506934,-1.092773438,-0.103271484,-0.117919922,-33.6870229,12.42748092,15.80152672,0.380859375,-0.997314453,0.051025391,12.16793893,-29.28244275,53.04580153
2291,1780506934,-1.026611328,-0.061279297,-0.116699219,-32.45038168,11.8778626,8.847328244,0.336181641,-0.969726563,0.055175781,12.83969466,-30.6259542,49.09923664
2292,1780506934,-0.973144531,-0.010498047,-0.151123047,-33.52671756,11.95419847,2.320610687,0.288085938,-0.957519531,0.079345703,13.58015267,-34.49618321,47.21374046
2293,1780506934,-0.925537109,0.036376953,-0.165771484,-36.64122137,12.9389313,-4.770992366,0.250976563,-0.951416016,0.097412109,14.45801527,-40.42748092,47.45801527
2294,1780506934,-0.888916016,0.08203125,-0.216308594,-40.6870229,14.45801527,-11.4351145,0.257324219,-0.964355469,0.106445313,13.41221374,-44.96183206,46.97709924
2295,1780506934,-0.914794922,0.092773438,-0.243408203,-43.83206107,15.72519084,-18.22137405,0.237548828,-1.014648438,0.09765625,10.58015267,-50.97709924,48.03053435
2296,1780506934,-0.981689453,0.105224609,-0.272705078,-44.92366412,17.04580153,-21.72519084,0.222900391,-1.057373047,0.051757813,9.740458015,-51.96183206,46.81679389
2297,1780506934,-1.020996094,0.081054688,-0.281005859,-43.61832061,18.29770992,-29.18320611,0.204345703,-1.085449219,0.007324219,6.984732824,-51.42748092,41.70229008
2298,1780506934,-1.026367188,0.149169922,-0.304199219,-44.33587786,20.2519084,-33.58015267,0.202392578,-1.093261719,-0.027099609,6.473282443,-52.60305344,38.77099237
2299,1780506934,-1.010986328,0.174316406,-0.320068359,-47.73282443,22.50381679,-37.05343511,0.191162109,-1.04296875,-0.013183594,6.450381679,-55.42748092,36.83969466
2300,1780506934,-0.978515625,0.211425781,-0.340576172,-48.86259542,24.70229008,-39.22900763,0.190673828,-1.007324219,-0.008544922,6.198473282,-58.54198473,34.29007634
2301,1780506934,-0.926513672,0.214111328,-0.341796875,-55.14503817,26.77862595,-40.36641221,0.190185547,-0.970947266,-0.003173828,4.34351145,-61.22137405,32.75572519
2302,1780506934,-0.913085938,0.185546875,-0.317626953,-57.50381679,27.71755725,-42.21374046,0.191894531,-0.950927734,0.003173828,2.145038168,-63.58015267,31.73282443
2303,1780506934,-0.918945313,0.149902344,-0.279052734,-58.07633588,27.76335878,-44.4351145,0.202148438,-0.939941406,-0.005371094,-0.549618321,-64.46564885,31.6259542
2304,1780506934,-0.934326172,0.11328125,-0.185058594,-58.76335878,26.66412214,-47.96183206,0.220214844,-1.007324219,-0.033691406,-2.450381679,-64.69465649,31.90839695
2305,1780506934,-1.029296875,0.066162109,-0.072265625,-53.79389313,21.92366412,-50.47328244,0.302246094,-1.058837891,-0.074707031,-3.503816794,-61.08396947,30.03816794
2306,1780506934,-1.106933594,0.194580078,-0.000488281,-49.48091603,15.83206107,-47.22137405,0.395263672,-1.091552734,-0.089355469,-3.465648855,-56.58778626,24.42748092
2307,1780506934,-1.151123047,0.319580078,0.080566406,-43.74045802,10.16030534,-38.7480916,0.483398438,-1.119140625,-0.043945313,-1.595419847,-46.05343511,16.02290076
2308,1780506934,-1.156494141,0.348876953,0.051025391,-36.35877863,6.41221374,-24.92366412,0.530517578,-1.109619141,-0.005371094,2.564885496,-36.74045802,7.58778626
2309,1780506934,-1.125976563,0.238037109,-0.038085938,-30.92366412,4.961832061,-12.44274809,0.490966797,-1.040039063,0.017089844,5.114503817,-22.41984733,2.496183206
2310,1780506934,-1.059570313,0.070068359,-0.104248047,-19.89312977,3.633587786,-8.809160305,0.407714844,-0.987548828,0.034667969,6.022900763,-11.25954198,0.847328244
2311,1780506934,-0.962402344,-0.015136719,-0.140869141,-12.18320611,2.610687023,-10.86259542,0.312744141,-0.946777344,0.035888672,4.702290076,-5.786259542,3.190839695
2312,1780506934,-0.901855469,0.084228516,-0.184570313,-9.65648855,1.702290076,-14.30534351,0.252197266,-0.944335938,0.037353516,3.022900763,-0.702290076,5.06870229
2313,1780506934,-0.896972656,0.185058594,-0.211425781,-0.152671756,0.488549618,-13.23664122,0.254394531,-0.957519531,0.010498047,0.93129771,2.053435115,2.900763359
2314,1780506934,-0.927246094,0.369384766,-0.243164063,-0.709923664,0.847328244,-7.450381679,0.265625,-0.977294922,-0.016113281,-0.488549618,2.473282443,-1.282442748
2315,1780506934,-0.87890625,0.204833984,-0.244384766,1.13740458,1.900763359,-2.549618321,0.177734375,-0.983886719,-0.020263672,-1.488549618,2.366412214,0.053435115
2316,1780506934,-0.878173828,0.299072266,-0.273193359,3.625954198,-0.244274809,-2.007633588,0.139648438,-0.996826172,-0.041992188,-2.770992366,2.984732824,0.938931298
2317,1780506934,-0.881591797,0.287841797,-0.282958984,0.93129771,0.877862595,-1.480916031,0.115478516,-0.975830078,-0.066894531,-3.709923664,2.687022901,1.427480916
2318,1780506934,-0.876708984,0.285644531,-0.290039063,-0.312977099,1.465648855,-1.625954198,0.094482422,-0.979003906,-0.055908203,-4.251908397,0.832061069,1.618320611
2319,1780506934,-0.873046875,0.303710938,-0.282470703,-2.328244275,1.633587786,-1.564885496,0.083984375,-0.989013672,-0.028076172,-4.916030534,-2.259541985,1.58778626
2320,1780506934,-0.892089844,0.303222656,-0.241210938,-4.580152672,2.106870229,-1.801526718,0.087890625,-1.003417969,-0.010498047,-4.717557252,-5.022900763,1.641221374
2321,1780506934,-0.901611328,0.313964844,-0.217529297,-5.511450382,2.473282443,-1.854961832,0.094238281,-1.010742188,0.011230469,-3.977099237,-5.34351145,1.786259542
2322,1780506934,-0.920166016,0.29296875,-0.176757813,-6.290076336,2.450381679,-1.732824427,0.147705078,-1.014648438,0.033691406,-4.061068702,-4.488549618,1.954198473
2323,1780506934,-0.929199219,0.258056641,-0.151367188,-5.465648855,2.106870229,-1.732824427,0.180908203,-1.009033203,0.051513672,-3.465648855,-3.183206107,2.076335878
2324,1780506934,-0.939453125,0.227294922,-0.12109375,-4.061068702,1.702290076,-1.679389313,0.192382813,-1.006591797,0.05859375,-2.870229008,-1.129770992,1.916030534
2325,1780506934,-0.943847656,0.227294922,-0.096191406,-2.229007634,0.900763359,-1.312977099,0.203125,-1.008300781,0.073486328,-2.648854962,0.358778626,0.038167939
2326,1780506934,-0.947021484,0.221679688,-0.093994141,-0.450381679,0.091603053,-1.366412214,0.188232422,-1.000976563,0.069824219,-3.900763359,2.366412214,1.603053435
2327,1780506934,-0.940917969,0.240966797,-0.110839844,1.458015267,-0.312977099,-1.427480916,0.166503906,-1.009521484,0.065429688,-1.488549618,3.801526718,1.122137405
2328,1780506934,-0.928710938,0.257324219,-0.114501953,2.465648855,-0.282442748,-1.312977099,0.144042969,-1.010009766,0.047851563,-0.526717557,4.595419847,0.893129771
2329,1780506934,-0.919677734,0.279541016,-0.154052734,2.259541985,0.58778626,-1.732824427,0.138183594,-1.003173828,0.05859375,1.13740458,3.770992366,1.038167939
2330,1780506934,-0.912597656,0.295166016,-0.184570313,0.511450382,0.992366412,-1.801526718,0.10546875,-1.009033203,0.023193359,1.450381679,0.938931298,1.267175573
2331,1780506934,-0.921386719,0.320068359,-0.193359375,-2.251908397,1.419847328,-1.679389313,0.091796875,-1.018798828,0.024414063,2.022900763,-1.847328244,1.297709924
2332,1780506934,-0.90625,0.317138672,-0.220214844,-6.022900763,2.022900763,-1.740458015,0.089355469,-1.004150391,0.024658203,1.809160305,-4.641221374,1.679389313
2333,1780506934,-0.897216797,0.309082031,-0.249267578,-9.06870229,2.503816794,-2.038167939,0.089599609,-0.996826172,0.017578125,1.091603053,-8.038167939,1.580152672
2334,1780506934,-0.896972656,0.270507813,-0.239746094,-11.28244275,2.79389313,-2.732824427,0.104736328,-0.996826172,0.017578125,0.610687023,-10.39694656,1.229007634
2335,1780506934,-0.897460938,0.272705078,-0.243896484,-12.26717557,3.297709924,-2.755725191,0.133056641,-0.993652344,0.005615234,-0.122137405,-11.98473282,1.267175573
2336,1780506934,-0.906494141,0.276123047,-0.202148438,-13.5648855,3.465648855,-2.618320611,0.148681641,-1,0.001464844,-0.618320611,-12.67175573,1.557251908
2337,1780506934,-0.915527344,0.255126953,-0.193603516,-13.47328244,2.900763359,-2.27480916,0.163574219,-1.006591797,0.001708984,-0.312977099,-11.78625954,1.648854962
2338,1780506934,-0.923583984,0.251464844,-0.169677734,-12.40458015,2.473282443,-2.175572519,0.169921875,-1.010498047,0.003173828,0.06870229,-9.832061069,1.694656489
2339,1780506934,-0.923095703,0.241699219,-0.159179688,-10.35877863,2.007633588,-1.870229008,0.185546875,-0.995849609,0.001708984,0.404580153,-7.045801527,1.671755725
2340,1780506934,-0.910888672,0.24609375,-0.160644531,-8.534351145,1.519083969,-1.41221374,0.186279297,-1.009033203,0.014404297,1.099236641,-4.328244275,1.72519084
2341,1780506934,-0.937011719,0.241210938,-0.158203125,-6.65648855,0.709923664,-0.885496183,0.190429688,-1.008056641,0.011962891,1.511450382,-3.79389313,1.786259542
2342,1780506934,-0.939453125,0.237060547,-0.177001953,-4.473282443,0.389312977,-0.503816794,0.199462891,-1.009033203,0.019775391,1.755725191,0.427480916,2.038167939
2343,1780506934,-0.934814453,0.241699219,-0.182617188,-5.839694656,0.145038168,0.015267176,0.191650391,-1.004394531,0.006591797,1.86259542,2.549618321,3.854961832
2344,1780506934,-0.924804688,0.2421875,-0.182617188,-2.198473282,-0.580152672,1.091603053,0.184326172,-1.009277344,-0.006103516,1.740458015,4.099236641,1.358778626
2345,1780506934,-0.93359375,0.313720703,-0.195556641,3.34351145,-1.290076336,7.290076336,0.187744141,-1.040527344,-0.012451172,1.885496183,4.190839695,-6.183206107
2346,1780506934,-0.944091797,0.104980469,-0.170410156,0.641221374,-1.190839695,5.954198473,0.045654297,-1.078857422,0.005126953,0.603053435,7.190839695,-5.267175573
2347,1780506934,-0.894042969,0.374023438,-0.265625,4.72519084,-2.061068702,9.244274809,0.232910156,-0.98046875,0.026123047,3.20610687,6.847328244,-7.839694656
2348,1780506934,-0.925048828,0.266113281,-0.189697266,-6.114503817,-0.259541985,11.4351145,0.201171875,-1.000732422,0.010742188,2.381679389,2.900763359,-7.267175573
2349,1780506934,-0.932617188,0.189697266,-0.209716797,-1.809160305,-0.977099237,11.32061069,0.228759766,-1.017089844,-0.007080078,3.061068702,0.984732824,-9.007633588
2350,1780506934,-0.981445313,0.276855469,-0.208251953,-4.603053435,-0.969465649,14.79389313,0.2734375,-1.021728516,-0.059082031,2.13740458,2.13740458,-11.32061069
2351,1780506934,-0.981445313,0.211181641,-0.209960938,-0.969465649,-1.290076336,15.70229008,0.326416016,-1.033935547,-0.05078125,2.961832061,9.748091603,-14.59541985
2352,1780506934,-1.020019531,0.137207031,-0.212158203,4.671755725,-3.167938931,20.2519084,0.350830078,-1.018310547,-0.114746094,1.320610687,17.01526718,-18.3129771
2353,1780506934,-1.040771484,0.111328125,-0.239990234,14.61068702,-6.618320611,24.04580153,0.416748047,-0.997558594,-0.154052734,-1.86259542,26.16793893,-24.51145038
2354,1780506934,-1.057617188,0.151367188,-0.247802734,22.92366412,-10.92366412,32.16793893,0.486572266,-0.989013672,-0.165283203,-6.20610687,35.4351145,-31.52671756
2355,1780506934,-1.090332031,0.165039063,-0.249511719,29.49618321,-14.00763359,42.61832061,0.527832031,-0.98046875,-0.122314453,-10.9389313,48.6259542,-42.93129771
2356,1780506934,-1.114746094,0.133789063,-0.235351563,39.08396947,-15.77099237,51.28244275,0.489990234,-1.002197266,-0.053710938,-15.22137405,58.96946565,-50.77099237
2357,1780506934,-1.111083984,0.07421875,-0.236572266,51.03816794,-22.19847328,55.5648855,0.432861328,-1.005371094,-0.037353516,-18.44274809,68.82442748,-56.49618321
2358,1780506934,-1.051025391,0.120605469,-0.216552734,61,-23,57.35877863,0.365234375,-0.985107422,-0.011474609,-19.00763359,76.02290076,-59.53435115
2359,1780506934,-1.030273438,0.135742188,-0.210693359,64.73282443,-22.36641221,55.05343511,0.28125,-1.023193359,0.036621094,-19.66412214,76.33587786,-58.63358779
2360,1780506934,-0.958984375,0.060791016,-0.343994141,64.27480916,-17.85496183,45.96183206,0.174072266,-1.052978516,0.14453125,-18.29770992,69.71755725,-55.26717557
2361,1780506934,-0.927246094,0.102050781,-0.305908203,54.29007634,-12.70992366,34.03053435,0.063232422,-1.105957031,0.144775391,-18.09923664,58.18320611,-52.51908397
2362,1780506934,-0.972900391,-0.059570313,-0.168945313,38.78625954,-9.664122137,17.03816794,-0.032958984,-1.154541016,0.155273438,-17.51908397,42.90076336,-51.33587786
2363,1780506934,-1.011962891,-0.759033203,-0.149902344,38.14503817,-11.63358779,-17.3129771,-0.064208984,-1.156494141,0.097900391,-13.35114504,29.42748092,-51.55725191
2364,1780506934,-0.975830078,-0.529541016,-0.316894531,41.58015267,-7.961832061,-45.47328244,0.048828125,-1.006103516,-0.010498047,-12.61068702,25.3129771,-53.28244275
2365,1780506934,-0.972412109,-0.149169922,-0.34765625,35.16793893,-1.519083969,-61.81679389,0.244384766,-0.966064453,0.040527344,-11.78625954,18.27480916,-62.80152672
2366,1780506934,-1.071289063,-0.526367188,-0.330810547,21.40458015,1.778625954,-81.98473282,0.1796875,-1.022216797,0.009033203,-13.48854962,11.52671756,-57.39694656
2367,1780506934,-1.006347656,-0.333984375,-0.360107422,17.42748092,3.27480916,-106.519084,0.304931641,-1.055175781,0.046142578,-11.9389313,1.335877863,-53.65648855
2368,1780506935,-1.141601563,-0.174316406,-0.291748047,1.893129771,9.022900763,-122.2442748,0.282470703,-1.055664063,0.087890625,-10.44274809,-13.16030534,-52.73282443
2369,1780506935,-1.264404297,-0.208007813,-0.2421875,-4.366412214,13.97709924,-132.5877863,0.438232422,-1.073974609,0.135498047,-6.114503817,-23.58015267,-59.35114504
2370,1780506935,-1.357421875,-0.13671875,-0.229980469,-14.07633588,17.44274809,-137.3816794,0.466308594,-1.054931641,0.08203125,-5.458015267,-31.55725191,-68.09160305
2371,1780506935,-1.385498047,-0.187988281,-0.209472656,-20.82442748,19.83969466,-140.5572519,0.510253906,-1.033447266,0.129638672,-8.053435115,-42.35114504,-79.95419847
2372,1780506935,-1.428955078,-0.167236328,-0.207275391,-24.03053435,20.6259542,-140.0152672,0.55859375,-1.025146484,0.084960938,-10.53435115,-48.70992366,-92.46564885
2373,1780506935,-1.425292969,-0.199462891,-0.235839844,-24.25954198,21.51908397,-139.8244275,0.638671875,-1.023925781,-0.055419922,-14.13740458,-45.73282443,-101.0610687
2374,1780506935,-1.437988281,-0.159912109,-0.245849609,-24.67938931,22.57251908,-139.1908397,0.769775391,-1.036621094,-0.116210938,-14.19083969,-39.29007634,-106.5267176
2375,1780506935,-1.463378906,-0.260253906,-0.223388672,-23.81679389,22.54961832,-140.0610687,0.813232422,-1.034667969,-0.138671875,-11.46564885,-28.09923664,-109.7251908
2376,1780506935,-1.469482422,-0.359863281,-0.168701172,-16.75572519,20.32824427,-143.6412214,0.785888672,-1.025878906,-0.047363281,-12.92366412,-20.60305344,-114.4580153
2377,1780506935,-1.505615234,-0.409912109,-0.118408203,-8.473282443,16.58778626,-146.0610687,0.766845703,-1.001708984,-0.033447266,-15.50381679,-17.18320611,-122.7328244
2378,1780506935,-1.543212891,-0.486083984,-0.107177734,2.610687023,11.75572519,-150.0992366,0.75,-1.036376953,-0.120605469,-15.64885496,-7.641221374,-129.3053435
2379,1780506935,-1.549072266,-0.483154297,-0.108154297,14.2519084,7.86259542,-157.4961832,0.737792969,-1.091064453,-0.092529297,-11.85496183,7.160305344,-131.7633588
2380,1780506935,-1.552490234,-0.357666016,-0.164306641,19.90076336,4.564885496,-164,0.764160156,-1.046875,-0.022460938,-9.244274809,9.442748092,-133.9847328
2381,1780506935,-1.554931641,-0.322021484,-0.218994141,17.84732824,2.160305344,-166.3740458,0.758789063,-0.998046875,-0.000488281,-12.48091603,5.908396947,-139.1755725
2382,1780506935,-1.610595703,-0.325195313,-0.291503906,23.22900763,1.877862595,-166.0763359,0.813476563,-1.034423828,-0.006347656,-15.80916031,5.198473282,-154.3435115
2383,1780506935,-1.657226563,-0.223144531,-0.320800781,22.48854962,-0.534351145,-159.5648855,0.79296875,-1.018066406,-0.034667969,-15.87022901,5.351145038,-160.0763359
2384,1780506935,-1.573486328,-0.281005859,-0.333740234,29.03053435,1.045801527,-162.8473282,0.778320313,-1.029541016,-0.027587891,-14.2519084,4.190839695,-161.6946565
2385,1780506935,-1.533935547,-0.189697266,-0.330322266,19.61832061,3.442748092,-164.2519084,0.750976563,-0.979736328,-0.012695313,-13.45801527,-2.34351145,-161.9847328
2386,1780506935,-1.499755859,-0.233642578,-0.348632813,15.54198473,5.259541985,-165.8625954,0.727783203,-0.950439453,-0.048339844,-13.21374046,-6.801526718,-163.7022901
2387,1780506935,-1.489257813,-0.266113281,-0.345947266,7.763358779,5.732824427,-167.8396947,0.694335938,-0.920654297,-0.044677734,-16.3740458,-13.00763359,-167.2519084
2388,1780506935,-1.483642578,-0.283203125,-0.316650391,6.381679389,6.519083969,-169.9312977,0.670166016,-0.889404297,-0.010253906,-16.64122137,-17.25954198,-170.7557252
2389,1780506935,-1.416503906,-0.253662109,-0.313720703,6.480916031,7.717557252,-172.870229,0.679199219,-0.834228516,-0.066162109,-15.96946565,-18.40458015,-168.5954198
2390,1780506935,-1.389892578,-0.134277344,-0.3203125,7.687022901,8.839694656,-174.4580153,0.737304688,-0.782958984,-0.060546875,-16.38167939,-18.70992366,-168.2061069
2391,1780506935,-1.328613281,-0.194580078,-0.321289063,4.244274809,7.885496183,-174.7251908,0.729003906,-0.745605469,-0.049316406,-16.40458015,-20.08396947,-166.6335878
2392,1780506935,-1.28515625,-0.21875,-0.350830078,9.717557252,10.45038168,-175.7862595,0.720214844,-0.714599609,-0.096435547,-18.10687023,-19.96946565,-162.4351145
2393,1780506935,-1.253662109,0.018554688,-0.337646484,4.625954198,12.04580153,-171.3129771,0.745361328,-0.677246094,-0.056152344,-19.13740458,-21.7480916,-161.6412214
2394,1780506935,-1.199951172,-0.038574219,-0.316894531,3.129770992,14.16793893,-166.5801527,0.756591797,-0.643066406,-0.052246094,-18.83206107,-24.22900763,-157.1679389
2395,1780506935,-1.113525391,0.065917969,-0.310058594,-0.351145038,15.77862595,-161.4732824,0.719482422,-0.603515625,-0.079833984,-19.59541985,-25.22137405,-151.6183206
2396,1780506935,-1.045410156,0.103515625,-0.284912109,-3.366412214,16.20610687,-155.2824427,0.699462891,-0.563964844,-0.063232422,-21.59541985,-28.34351145,-145.9312977
2397,1780506935,-0.961914063,0.120117188,-0.255859375,-2.748091603,15.67938931,-148.6564885,0.688964844,-0.545166016,-0.104003906,-21.45801527,-28.14503817,-139.0687023
2398,1780506935,-0.908935547,0.187988281,-0.227783203,-3.908396947,14.90076336,-141.0687023,0.700927734,-0.520996094,-0.133300781,-21.83969466,-26.14503817,-131.0229008
2399,1780506935,-0.83203125,0.222412109,-0.233642578,-0.809160305,13.35114504,-132.221374,0.69921875,-0.46875,-0.116699219,-21.72519084,-22.33587786,-122.2366412
2400,1780506935,-0.745361328,0.271484375,-0.209472656,3.175572519,12.57251908,-124.6564885,0.700439453,-0.439697266,-0.125,-20.96183206,-16.28244275,-112.6030534
2401,1780506935,-0.676269531,0.332763672,-0.214355469,6.801526718,13.53435115,-112,0.676269531,-0.423583984,-0.133300781,-20.15267176,-9.854961832,-103.5267176
2402,1780506935,-0.611328125,0.390625,-0.208007813,8.916030534,10.60305344,-100.8931298,0.668945313,-0.405029297,-0.118408203,-19.74045802,-3.549618321,-90.55725191
2403,1780506935,-0.537597656,0.422851563,-0.191162109,11.19847328,9.809160305,-88.71755725,0.614013672,-0.366210938,-0.093505859,-17.97709924,1.106870229,-78.41984733
2404,1780506935,-0.468017578,0.498291016,-0.156738281,13.46564885,8.603053435,-75.30534351,0.623291016,-0.338134766,-0.108398438,-17.22137405,2.022900763,-65.32824427
2405,1780506935,-0.407226563,0.520507813,-0.134277344,13.78625954,6.358778626,-61.2519084,0.626708984,-0.328125,-0.121337891,-17.19083969,5.954198473,-54.3740458
2406,1780506935,-0.385986328,0.492919922,-0.083251953,16.40458015,2.572519084,-47.41221374,0.6328125,-0.317871094,-0.117675781,-15.98473282,13.61068702,-39.86259542
2407,1780506935,-0.368164063,0.468994141,-0.065429688,22.00763359,-1.458015267,-33.9389313,0.632568359,-0.322998047,-0.146972656,-13.6870229,22.58015267,-26.82442748
2408,1780506935,-0.326416016,0.475830078,-0.065673828,28.11450382,-4.641221374,-20.50381679,0.612548828,-0.289794922,-0.116210938,-11.57251908,30.67175573,-13.8778626
2409,1780506935,-0.310302734,0.459472656,-0.069091797,31.86259542,-6.86259542,-9.27480916,0.569824219,-0.281738281,-0.069335938,-8.709923664,35.72519084,-3.839694656
2410,1780506935,-0.288330078,0.472167969,-0.083740234,33.08396947,-8.603053435,5.022900763,0.517089844,-0.291503906,-0.052978516,-7.320610687,36.82442748,7.854961832
2411,1780506935,-0.293212891,0.471435547,-0.106689453,30.67175573,-9.641221374,17.03053435,0.492675781,-0.309326172,-0.026855469,-7.770992366,33.65648855,19.89312977
2412,1780506935,-0.307128906,0.491699219,-0.116943359,26.03816794,-9.06870229,28.71755725,0.512207031,-0.327392578,-0.028564453,-3.488549618,28.63358779,33.74045802
2413,1780506935,-0.341796875,0.511474609,-0.111328125,18.80916031,-7.977099237,40.92366412,0.51953125,-0.350097656,-0.038574219,-1.419847328,24.34351145,45.54198473
2414,1780506935,-0.398925781,0.479980469,-0.128662109,13.87022901,-8.022900763,54.63358779,0.598632813,-0.388427734,-0.029785156,1.526717557,23.1221374,50.13740458
2415,1780506935,-0.509033203,0.459228516,-0.11328125,2.007633588,-7.564885496,72.1221374,0.565429688,-0.365478516,-0.041015625,1.290076336,18.09923664,55.03053435
2416,1780506935,-0.416259766,0.309082031,-0.084716797,8.648854962,-8.832061069,81.57251908,0.631347656,-0.397949219,-0.031005859,4.20610687,20.66412214,64.08396947
2417,1780506935,-0.503417969,0.483154297,-0.103271484,-2.839694656,-7.404580153,93.76335878,0.595703125,-0.369384766,-0.055175781,3.938931298,18.08396947,75.33587786
2418,1780506935,-0.539550781,0.174560547,-0.098876953,1.641221374,-8.847328244,100.519084,0.593994141,-0.379882813,-0.067871094,7.778625954,18.21374046,85.83206107
2419,1780506935,-0.582275391,0.258544922,-0.094482422,-1.244274809,-9.374045802,108.8015267,0.660888672,-0.394042969,-0.038085938,10.19083969,20.1221374,95.35114504
2420,1780506935,-0.632568359,0.189453125,-0.135009766,-1.58778626,-9.282442748,116.480916,0.694335938,-0.391113281,-0.018310547,12.15267176,23.33587786,104.5725191
2421,1780506935,-0.714111328,0.181152344,-0.13671875,-2.297709924,-9.083969466,124.8015267,0.741210938,-0.436523438,-0.047607422,13.38167939,25.60305344,111.9389313
2422,1780506935,-0.822021484,0.135742188,-0.119628906,-1.076335878,-10.32824427,134.3816794,0.781005859,-0.479248047,-0.079345703,13.19083969,28.20610687,116.0152672
2423,1780506935,-0.937744141,0.102050781,-0.104248047,0.549618321,-12.63358779,145.2977099,0.831787109,-0.500244141,-0.051757813,12.9389313,30.79389313,117.5648855
2424,1780506935,-0.987060547,0.078125,-0.100830078,2.770992366,-14.60305344,154.4732824,0.829101563,-0.490478516,-0.028564453,12.16793893,33.64122137,120.1603053
2425,1780506935,-1.015136719,0.050292969,-0.079345703,5.618320611,-16.2519084,165.8015267,0.812988281,-0.497558594,-0.012939453,11.91603053,36.15267176,125.870229
2426,1780506935,-0.993652344,0.047363281,-0.062988281,6.977099237,-16.82442748,170.9389313,0.781982422,-0.48828125,-0.023681641,13.64885496,40.3129771,135.2977099
2427,1780506935,-0.955322266,0.045410156,-0.090087891,5.984732824,-16.45038168,172.6183206,0.753662109,-0.51171875,-0.03125,14.38167939,44.46564885,147.8091603
2428,1780506935,-1.032226563,0.031738281,-0.103271484,7.65648855,-15.54961832,172.4351145,0.809570313,-0.583251953,-0.037597656,16.67175573,49.5648855,160.9389313
2429,1780506935,-1.165283203,-0.031494141,-0.102294922,7.320610687,-13.74045802,171.610687,0.792236328,-0.674072266,-0.047363281,19.17557252,60.81679389,166.1755725
2430,1780506935,-1.310791016,-0.107421875,-0.0859375,12.54198473,-17.67938931,173.4122137,0.732421875,-0.731689453,0.063476563,17.70992366,63.5648855,161.9389313
2431,1780506935,-1.388427734,-0.081542969,-0.088623047,12.46564885,-18.74045802,177.740458,0.683349609,-0.723388672,0.153808594,12.61832061,54.61068702,155.8625954
2432,1780506935,-1.425537109,-0.094970703,-0.096679688,14.4351145,-21.29007634,179.870229,0.6640625,-0.732177734,0.163330078,6.954198473,41.17557252,149.3206107
2433,1780506935,-1.389892578,-0.086669922,-0.133300781,13.77862595,-21.80152672,184.3282443,0.609863281,-0.747070313,0.165039063,2.328244275,31.69465649,146.1374046
2434,1780506935,-1.317871094,-0.090332031,-0.187255859,15.19083969,-20.96946565,182.4732824,0.585449219,-0.767822266,0.153076172,1.091603053,27.08396947,149.1679389
2435,1780506935,-1.268310547,-0.028076172,-0.246582031,15.29007634,-17.6870229,177.3435115,0.565917969,-0.828369141,0.098144531,-2.099236641,24.84732824,156.8015267
2436,1780506935,-1.348876953,0.040283203,-0.291503906,15.47328244,-12.69465649,171.2824427,0.69140625,-1.010498047,0.017578125,-3.34351145,31,162.7328244
2437,1780506935,-1.533691406,0.122558594,-0.331298828,5.267175573,-6.114503817,169.6259542,0.763671875,-1.093994141,0.084716797,-1.129770992,35.69465649,161.2061069
2438,1780506935,-1.675292969,-0.007324219,-0.315917969,2.106870229,-1.022900763,169.8778626,0.661621094,-1.015869141,0.165039063,-2.427480916,28.24427481,154.0687023
2439,1780506935,-1.566650391,-0.013671875,-0.320800781,-9.748091603,5.603053435,172.3206107,0.577880859,-1.012939453,0.36328125,-5.282442748,8.519083969,141.2061069
2440,1780506935,-1.549560547,-0.063476563,-0.384033203,-4.923664122,9.190839695,172.3282443,0.548095703,-0.991455078,0.30078125,-5.320610687,-9.312977099,130.4580153
2441,1780506935,-1.461425781,-0.041992188,-0.21875,-21.3740458,13.45801527,171.6412214,0.483398438,-0.940429688,0.171386719,-7.442748092,-17.84732824,123.6412214
2442,1780506935,-1.373046875,-0.102539063,-0.213378906,-24.82442748,15.90839695,166.3435115,0.507568359,-0.972900391,0.117675781,-7.015267176,-24.67938931,120.2671756
2443,1780506935,-1.368652344,-0.023193359,-0.174804688,-27.90839695,17.72519084,159.7709924,0.527587891,-1.029296875,0.004150391,-4.312977099,-22.90839695,121.8091603
2444,1780506935,-1.375,-0.024658203,-0.149902344,-31.80916031,18.3129771,150.7251908,0.586181641,-1.112792969,-0.095703125,-0.473282443,-17.03053435,125.7938931
2445,1780506935,-1.443847656,-0.079589844,-0.131835938,-31.64122137,14.97709924,140.3053435,0.648193359,-1.161132813,-0.059082031,0.152671756,-14.38931298,128.8778626
2446,1780506935,-1.5546875,-0.150146484,-0.115478516,-32.10687023,10.48091603,131.6030534,0.676269531,-1.139404297,0.079833984,0.511450382,-15.85496183,121.6259542
2447,1780506935,-1.593017578,-0.257568359,-0.100830078,-29.23664122,6.297709924,125.4427481,0.648925781,-1.076171875,0.159423828,1.045801527,-13.97709924,111.4885496
2448,1780506935,-1.460205078,-0.314453125,-0.112060547,-20.83969466,4.022900763,118.6030534,0.571289063,-0.978027344,0.128417969,-1.580152672,-9.893129771,102.5496183
2449,1780506935,-1.295654297,-0.396728516,-0.136230469,-11.6259542,3.114503817,108.6030534,0.487792969,-0.911376953,0.127929688,-3.885496183,-6.465648855,96.61068702
2450,1780506935,-1.158691406,-0.346191406,-0.162353516,-2.282442748,4.152671756,97.64885496,0.42578125,-0.925048828,0.110351563,-3.900763359,-4.267175573,94.32061069
2451,1780506935,-1.106201172,-0.1796875,-0.204101563,1.175572519,7.030534351,85.19847328,0.431396484,-0.963134766,0.084960938,-2.351145038,1.404580153,89.09923664
2452,1780506936,-1.136474609,-0.193115234,-0.162597656,-11.44274809,10.12977099,72.47328244,0.343017578,-1.005615234,0.069580078,-2.610687023,-3.320610687,91.61832061
2453,1780506936,-1.069091797,-0.273681641,-0.177001953,-6.961832061,10.48091603,53.70992366,0.297119141,-1.073242188,0.053710938,1.290076336,-7.519083969,93.23664122
2454,1780506936,-1.085449219,-0.197509766,-0.143554688,-9.86259542,11.59541985,37.84732824,0.29296875,-1.154296875,0.050048828,2.236641221,-13.49618321,90.29007634
2455,1780506936,-1.169921875,-0.178222656,-0.118896484,-18.16793893,10.08396947,24.90839695,0.331298828,-1.093505859,0.083251953,3.106870229,-17.69465649,85.03053435
2456,1780506936,-1.189208984,-0.208251953,-0.116943359,-19.19847328,8.053435115,14.03053435,0.364501953,-1.0703125,0.039794922,3.045801527,-23.71755725,78.7480916
2457,1780506936,-1.137451172,-0.196533203,-0.118408203,-19.38167939,6.34351145,5.847328244,0.356689453,-1.027099609,0.043945313,2.145038168,-26.16793893,74.26717557
2458,1780506936,-1.075927734,-0.160888672,-0.134277344,-18.32824427,5.541984733,-3.961832061,0.364501953,-1.010742188,0.042236328,2.694656489,-25.84732824,71.71755725
2459,1780506936,-1.030517578,-0.11328125,-0.161865234,-17.70992366,6.160305344,-15.09160305,0.353271484,-1.012695313,0.070068359,3.809160305,-26.03053435,69.95419847
2460,1780506936,-1.034912109,-0.036621094,-0.178955078,-17.51145038,6.770992366,-22.38167939,0.329589844,-1.029785156,0.078125,4.083969466,-26.81679389,70.29770992
2461,1780506936,-1.045410156,0.022460938,-0.206298828,-20.38167939,8.404580153,-28.96946565,0.302001953,-1.058105469,0.098632813,3.610687023,-28.14503817,66.63358779
2462,1780506936,-1.059814453,0.042236328,-0.2421875,-22.05343511,10.03053435,-34.59541985,0.270263672,-1.073486328,0.114013672,3.282442748,-31.11450382,64.01526718
2463,1780506936,-1.072021484,-0.044677734,-0.304199219,-26.48854962,15.08396947,-42.46564885,0.231689453,-1.086669922,0.117431641,3.374045802,-35.64122137,61.99236641
2464,1780506936,-1.112548828,-0.317871094,-0.227050781,-31.41221374,18.19847328,-58.04580153,0.166503906,-1.123535156,0.100830078,3.79389313,-44.35114504,60.13740458
2465,1780506936,-1.137939453,-0.325439453,-0.220458984,-36.41221374,18.9389313,-73.66412214,0.154541016,-1.114013672,0.045898438,4.175572519,-52.11450382,58.58015267
2466,1780506936,-1.1328125,0.017089844,-0.232910156,-42.03816794,20.42748092,-78.29770992,0.224365234,-1.077636719,0.043212891,4.374045802,-59.48854962,50.66412214
2467,1780506936,-1.096679688,0.309326172,-0.240234375,-52.38167939,23.04580153,-71.91603053,0.280029297,-1.062011719,0.027587891,4.160305344,-68.38167939,39.09160305
2468,1780506936,-1.077392578,0.418701172,-0.187255859,-62.0610687,24.1221374,-59.49618321,0.29296875,-1.038818359,0.007324219,3.526717557,-76.88549618,28.50381679
2469,1780506936,-1.046875,0.532714844,-0.158447266,-71.15267176,22.99236641,-44.40458015,0.302001953,-1.045166016,-0.02734375,1.954198473,-82.09923664,17.63358779
2470,1780506936,-1.051269531,0.537353516,-0.116943359,-75.96183206,20.81679389,-25.89312977,0.320556641,-1.07421875,-0.042480469,0.076335878,-84.11450382,8.702290076
2471,1780506936,-1.062744141,0.300292969,-0.130126953,-72.51145038,18.05343511,-16.09160305,0.341064453,-1.068603516,-0.037353516,0.198473282,-75.45801527,5.122137405
2472,1780506936,-1.023681641,0.026367188,-0.154296875,-66.27480916,16.54961832,-16.80916031,0.333740234,-1.018066406,-0.043701172,0.870229008,-61.84732824,9.755725191
2473,1780506936,-0.974365234,-0.099609375,-0.170166016,-49.58778626,14.29770992,-24.61068702,0.34765625,-0.996582031,-0.058105469,1.473282443,-47.73282443,15.02290076
2474,1780506936,-0.965576172,0.019042969,-0.149169922,-41.76335878,12.29770992,-27.49618321,0.339599609,-0.987548828,-0.060058594,0.755725191,-38.78625954,16.69465649
2475,1780506936,-0.9765625,0.091796875,-0.116210938,-29.85496183,9.93129771,-25.77099237,0.326904297,-0.997070313,-0.021972656,0.717557252,-26.33587786,13.77862595
2476,1780506936,-0.996826172,0.253417969,-0.114257813,-23.16793893,6.687022901,-17.92366412,0.307373047,-1.001953125,-0.001708984,0.083969466,-16.70229008,8.694656489
2477,1780506936,-0.966308594,0.260498047,-0.110351563,-12.48854962,4.259541985,-10.67938931,0.272949219,-0.992675781,0.006835938,-0.954198473,-6.885496183,4.603053435
2478,1780506936,-0.959472656,0.167480469,-0.155273438,-4.34351145,2.809160305,-7.106870229,0.248046875,-0.999511719,0.04296875,-1.816793893,0.442748092,1.801526718
2479,1780506936,-0.943847656,0.080810547,-0.169433594,1.938931298,1.809160305,-7.34351145,0.189697266,-0.981201172,0.017089844,-2.679389313,5.610687023,2.404580153
2480,1780506936,-0.936279297,0.104980469,-0.170410156,8.129770992,0.435114504,-10.39694656,0.168945313,-1.011230469,0.023925781,-2.41221374,8.603053435,4.572519084
2481,1780506936,-0.951416016,0.241699219,-0.169677734,8.20610687,-0.419847328,-10.26717557,0.159912109,-1.015869141,-0.008789063,-2.595419847,10.29770992,4.419847328
2482,1780506936,-0.964355469,0.267333984,-0.163330078,9.435114504,-0.900763359,-7.893129771,0.153320313,-1.034179688,0.031982422,-2.076335878,11.09923664,2.839694656
2483,1780506936,-0.959228516,0.294921875,-0.182617188,8.900763359,-0.893129771,-5.374045802,0.120117188,-1.025634766,0.039794922,-2.038167939,10.85496183,2.183206107
2484,1780506936,-0.92578125,0.248779297,-0.190917969,8,-0.847328244,-5.618320611,0.075195313,-0.992675781,0.069091797,-2.030534351,8.977099237,4.351145038
2485,1780506936,-0.905517578,0.221191406,-0.201171875,6.72519084,-0.030534351,-8.748091603,0.069580078,-0.970947266,0.086669922,-1.938931298,4.473282443,6.923664122
2486,1780506936,-0.892578125,0.304199219,-0.187744141,-0.580152672,1.41221374,-8.290076336,0.091552734,-0.989990234,0.074707031,-2.190839695,-1.152671756,6.229007634
2487,1780506936,-0.917236328,0.273193359,-0.197265625,-4.961832061,2.267175573,-5.870229008,0.081787109,-1.005126953,0.067626953,-2.335877863,-6.038167939,2.282442748
2488,1780506936,-0.936523438,0.2734375,-0.192382813,-10.40458015,3.519083969,-3.076335878,0.067382813,-0.9921875,0.041503906,-2.618320611,-8.267175573,0.801526718
2489,1780506936,-0.9375,0.203857422,-0.193115234,-10.86259542,3.305343511,-4.114503817,0.101318359,-1.001464844,0.055664063,-2.633587786,-9.305343511,0.13740458
2490,1780506936,-0.930175781,0.193359375,-0.176025391,-9.435114504,2.839694656,-4.488549618,0.133544922,-1.000976563,0.024658203,-2.625954198,-8.595419847,-0.129770992
2491,1780506936,-0.926025391,0.205566406,-0.156982422,-8.244274809,2.366412214,-3.908396947,0.158691406,-0.998535156,0.017089844,-2.404580153,-6.076335878,0.122137405
2492,1780506936,-0.928955078,0.203369141,-0.171142578,-6.297709924,1.488549618,-3.160305344,0.16796875,-0.995605469,0.019042969,-2.076335878,-2.908396947,0.129770992
2493,1780506936,-0.952880859,0.187011719,-0.165771484,-3.633587786,0.832061069,-2.603053435,0.162353516,-0.987548828,0.025146484,-2.122137405,0.549618321,0.13740458
2494,1780506936,-0.939697266,0.197265625,-0.179199219,-0.58778626,0.183206107,-2.122137405,0.147460938,-1.003662109,0.015380859,-2.114503817,3.427480916,0.114503817
2495,1780506936,-0.931884766,0.202880859,-0.181396484,0.061068702,-0.664122137,-1.893129771,0.134277344,-0.998779297,0.001464844,-2.816793893,6.114503817,0.221374046
2496,1780506936,-0.922363281,0.208251953,-0.177490234,4.534351145,-1.183206107,-1.847328244,0.124755859,-1.004150391,0.019775391,-2.580152672,8.13740458,0.282442748
2497,1780506936,-0.923583984,0.224609375,-0.1875,5.954198473,-1.496183206,-1.580152672,0.108398438,-1.010009766,0.019287109,-2.717557252,8.580152672,0.236641221
2498,1780506936,-0.9296875,0.242431641,-0.187744141,5.503816794,-1.503816794,-1.41221374,0.102539063,-1.005371094,0.037109375,-2.480916031,8.427480916,0.374045802
2499,1780506936,-0.927978516,0.240966797,-0.201171875,4.564885496,-1.328244275,-1.458015267,0.102294922,-1.014160156,0.057861328,-2.167938931,7.335877863,0.557251908
2500,1780506936,-0.924560547,0.245361328,-0.176757813,3.580152672,-1.106870229,-1.625954198,0.072509766,-1.010253906,0.059570313,-1.893129771,5.732824427,0.427480916
2501,1780506936,-0.909912109,0.251464844,-0.168212891,2.244274809,-0.893129771,-1.557251908,0.068359375,-1.012695313,0.051757813,-1.557251908,3.778625954,0.473282443
2502,1780506936,-0.922119141,0.253662109,-0.167480469,0.358778626,-0.519083969,-1.801526718,0.076904297,-0.999755859,0.053222656,-0.778625954,1.763358779,0.679389313
2503,1780506936,-0.922363281,0.264404297,-0.177978516,-1.870229008,-0.091603053,-1.854961832,0.085693359,-1.007568359,0.061035156,-0.297709924,0.053435115,0.496183206
2504,1780506936,-0.921875,0.241210938,-0.176757813,-4.20610687,0.183206107,-1.610687023,0.089355469,-0.985107422,0.056152344,-0.72519084,-2.229007634,0.290076336
2505,1780506936,-0.924316406,0.2265625,-0.183837891,-5.778625954,0.458015267,-2.099236641,0.089355469,-1.003173828,0.059326172,-1.007633588,-3.854961832,0.20610687
2506,1780506936,-0.926025391,0.223144531,-0.179199219,-6.27480916,0.603053435,-2.282442748,0.091796875,-1.013183594,0.060791016,-1.053435115,-4.419847328,-2.625954198
2507,1780506936,-1,0.396972656,-0.200439453,-11.63358779,1.27480916,4.778625954,0.145507813,-1.003417969,0.01953125,-1.694656489,-6.129770992,-8.106870229
2508,1780506936,-0.929199219,0.084716797,-0.181396484,-2.984732824,0.267175573,0.633587786,0.106201172,-1.002929688,0.010253906,-1.381679389,-1.679389313,-2.038167939
2509,1780506936,-0.895263672,0.347900391,-0.207519531,-7.473282443,0.519083969,-2.229007634,0.109375,-1.013183594,0.037597656,0.511450382,-1.389312977,1.27480916
2510,1780506936,-0.929443359,0.239013672,-0.180664063,-10.25954198,1.160305344,-1.870229008,0.138183594,-1.007080078,0.046142578,-0.297709924,-4.679389313,0.984732824
2511,1780506936,-0.943359375,0.196044922,-0.186279297,-5.076335878,-0.099236641,-1.839694656,0.121826172,-1.008789063,0.046142578,-0.312977099,-2.641221374,0.465648855
2512,1780506936,-0.916748047,0.314941406,-0.184326172,-4.824427481,-0.595419847,0.374045802,0.132080078,-1.023193359,0.020751953,-0.335877863,-2.244274809,-6.114503817
2513,1780506936,-0.947021484,0.154296875,-0.159667969,-7.557251908,-0.618320611,7.564885496,0.098388672,-0.969970703,0.009765625,-2.06870229,-1.496183206,-8.152671756
2514,1780506936,-0.894775391,0.112304688,-0.174804688,3.961832061,-1.641221374,2.496183206,0.148193359,-1,0.024169922,-1.870229008,5.007633588,-4.236641221
2515,1780506936,-0.921386719,0.434326172,-0.238525391,-5.961832061,0.290076336,5.564885496,0.187988281,-0.994384766,0.041992188,0.328244275,3.595419847,-4.717557252
2516,1780506936,-0.933837891,0.080810547,-0.142089844,-4.824427481,-0.480916031,6.038167939,0.149169922,-0.987060547,0.023193359,-0.038167939,-1.282442748,-6.847328244
2517,1780506936,-0.966552734,0.204101563,-0.200683594,1.847328244,-1.763358779,8.114503817,0.200195313,-1.014892578,-0.025878906,0.114503817,1.72519084,-9.435114504
2518,1780506936,-0.949707031,0.242919922,-0.188476563,-3.167938931,-2.709923664,10.69465649,0.215087891,-1.008300781,-0.0234375,0.190839695,4.122137405,-9.687022901
2519,1780506936,-0.954833984,0.182128906,-0.215576172,-0.053435115,-2.893129771,12.46564885,0.250976563,-1.017089844,-0.023925781,1.916030534,4.160305344,-12.28244275
2520,1780506936,-0.983886719,0.183837891,-0.2265625,-0.534351145,-3.893129771,16.29007634,0.251708984,-0.9921875,-0.041503906,-2.557251908,6.374045802,-15.50381679
2521,1780506936,-0.959472656,0.11328125,-0.230712891,4.938931298,-5.969465649,18.63358779,0.260009766,-0.975341797,-0.047607422,-3.450381679,11.19847328,-18.85496183
2522,1780506936,-0.934326172,0.185546875,-0.216064453,8.832061069,-6.702290076,22.16030534,0.259765625,-0.960205078,-0.032714844,-3.961832061,15.96946565,-21.6870229
2523,1780506936,-0.918945313,0.212890625,-0.211425781,12.5648855,-6.282442748,25.32061069,0.270019531,-0.96484375,-0.018066406,-4.778625954,20.22137405,-23.19847328
2524,1780506936,-0.945068359,0.21484375,-0.205078125,16.3740458,-5.93129771,28.61068702,0.310302734,-0.988525391,-0.0078125,-4.923664122,25.91603053,-24.29007634
2525,1780506936,-1.001708984,0.1484375,-0.203369141,19.58015267,-7.290076336,31.10687023,0.361816406,-1.037109375,-0.092773438,-5.732824427,33.67175573,-27.78625954
2526,1780506936,-1.066650391,0.197509766,-0.214599609,28.22137405,-7.847328244,35.28244275,0.426025391,-1.039794922,-0.125732422,-8.870229008,42.11450382,-31.48091603
2527,1780506936,-1.084472656,0.166259766,-0.204101563,35.06870229,-12.84732824,43.88549618,0.419677734,-1.035400391,-0.052734375,-9.86259542,50.94656489,-39.39694656
2528,1780506936,-1.105712891,0.088134766,-0.196289063,45.09923664,-15.90839695,48.00763359,0.393798828,-1.040771484,-0.007324219,-14.16030534,62.53435115,-43.23664122
2529,1780506936,-1.072998047,0.111816406,-0.186523438,57.16793893,-17.38931298,50.40458015,0.347412109,-1.025878906,0.019287109,-15.23664122,72.35114504,-48.3129771
2530,1780506936,-1.018066406,0.166748047,-0.139892578,65.5648855,-18.72519084,50.92366412,0.284423828,-0.995605469,0.052734375,-16.46564885,79.48091603,-49.33587786
2531,1780506936,-0.976806641,0.282226563,-0.128173828,68.2519084,-19.96183206,51.21374046,0.219238281,-1.016845703,0.056640625,-16.86259542,80.61832061,-49.80916031
2532,1780506936,-0.952392578,0.258300781,-0.140625,65.29007634,-19.08396947,48.35877863,0.154541016,-1.048828125,0.103027344,-17.42748092,74.41221374,-48.36641221
2533,1780506936,-0.94921875,0.049560547,-0.268066406,61.59541985,-14.45801527,37.39694656,0.052246094,-1.088134766,0.184082031,-16.01526718,65.92366412,-45.88549618
2534,1780506936,-0.923339844,-0.03125,-0.259277344,48.22900763,-8.229007634,21.3740458,-0.055664063,-1.166992188,0.212402344,-13.82442748,48.35114504,-44.83206107
2535,1780506937,-1.041259766,-0.385009766,-0.129394531,32.75572519,-7.198473282,-7.312977099,-0.14453125,-1.227294922,0.139404297,-11.97709924,28.2519084,-46.60305344
2536,1780506937,-1.096435547,-0.737548828,-0.205078125,30.15267176,-7.648854962,-40.59541985,-0.073730469,-1.164306641,0.033935547,-9.633587786,15.08396947,-52.51908397
2537,1780506937,-1.077636719,-0.453613281,-0.286621094,28.36641221,-5.083969466,-62.00763359,0.124267578,-1.031005859,0.030517578,-9.885496183,5.465648855,-64.29770992
2538,1780506937,-1.090332031,-0.463134766,-0.307861328,14.78625954,0.65648855,-76.90839695,0.141845703,-1.007568359,0.059082031,-10.70229008,-1.648854962,-65.14503817
2539,1780506937,-1.007080078,-0.75,-0.279785156,18.72519084,2.801526718,-110.3282443,0.201660156,-1.069335938,0.093505859,-7.381679389,-2.572519084,-57.08396947
2540,1780506937,-1.100830078,-0.276611328,-0.288085938,-1.450381679,8.442748092,-134.5877863,0.206298828,-1.041015625,0.108154297,-5.908396947,-16.90076336,-49.47328244
2541,1780506937,-1.209228516,-0.387207031,-0.241210938,-13.70229008,16.06870229,-153.5496183,0.319824219,-1.078857422,0.196777344,-1.282442748,-32.82442748,-51.46564885
2542,1780506937,-1.378662109,-0.209472656,-0.232177734,-23.51145038,22.84732824,-163.3206107,0.346923828,-1.079833984,0.166015625,0.282442748,-48.3740458,-60.23664122
2543,1780506937,-1.441650391,-0.184814453,-0.224365234,-38.58015267,26.86259542,-166.8854962,0.396484375,-1.094970703,0.109375,-2.374045802,-61.5648855,-72.36641221
2544,1780506937,-1.529541016,-0.188476563,-0.212158203,-46.05343511,28.20610687,-165.2366412,0.515380859,-1.067382813,0.043945313,-4.053435115,-71.28244275,-91.60305344
2545,1780506937,-1.516357422,-0.134521484,-0.193603516,-53.07633588,29.22137405,-160.1526718,0.627685547,-1.052246094,-0.038574219,-10.41984733,-78.9389313,-108.6564885
2546,1780506937,-1.516845703,-0.127929688,-0.172119141,-54.78625954,28.32824427,-149.5419847,0.728271484,-1.015380859,-0.099365234,-10.96946565,-78.3129771,-122.259542
2547,1780506937,-1.472412109,-0.149902344,-0.125244141,-57.58778626,27.99236641,-141.5343511,0.81640625,-1.012695313,-0.119140625,-10.73282443,-72.45038168,-129.3282443
2548,1780506937,-1.432617188,-0.292724609,-0.073974609,-55.47328244,26.83969466,-140.4961832,0.829101563,-1.032958984,-0.149414063,-8.801526718,-65.64885496,-129.6259542
2549,1780506937,-1.491943359,-0.338134766,-0.062988281,-48.41984733,22.44274809,-140.4045802,0.87890625,-1.019042969,-0.163574219,-11.27480916,-56.17557252,-131.6870229
2550,1780506937,-1.562988281,-0.432617188,-0.071777344,-35.40458015,18.03816794,-141.259542,0.948242188,-1.084960938,-0.088378906,-12.87022901,-38,-135.0687023
2551,1780506937,-1.605957031,-0.471191406,-0.096191406,-21.3129771,14.50381679,-142.5954198,0.953613281,-1.106201172,-0.091064453,-10.01526718,-15.89312977,-139.0992366
2552,1780506937,-1.587646484,-0.452148438,-0.119628906,-5.946564885,9.93129771,-144.2366412,0.902099609,-1.015136719,-0.089355469,-11.22900763,-1.114503817,-143.3282443
2553,1780506937,-1.516113281,-0.528808594,-0.139648438,14.80916031,5.061068702,-145.1908397,0.899414063,-0.997314453,-0.077880859,-11.77862595,13.46564885,-152.9694656
2554,1780506937,-1.544677734,-0.485107422,-0.119140625,21.55725191,0.328244275,-142.7328244,0.790283203,-0.961425781,-0.130615234,-13.74045802,23.38931298,-159.0076336
2555,1780506937,-1.445556641,-0.588867188,-0.219238281,41.78625954,-5.27480916,-152.9083969,0.744140625,-0.99609375,-0.110595703,-12.21374046,33.92366412,-156.5419847
2556,1780506937,-1.469238281,-0.263671875,-0.275634766,40.28244275,-7.351145038,-156.2748092,0.779785156,-1.009765625,-0.020019531,-11.16030534,31.21374046,-157.2671756
2557,1780506937,-1.533935547,-0.320800781,-0.320068359,38.38931298,-7.79389313,-158.5572519,0.728027344,-1.033935547,-0.034667969,-11.03816794,21.67175573,-160.1145038
2558,1780506937,-1.547851563,-0.266601563,-0.368652344,37.27480916,-8.129770992,-160.5801527,0.714111328,-1.010009766,-0.073730469,-10.0610687,17.87022901,-162.7862595
2559,1780506937,-1.465332031,-0.104492188,-0.38671875,24.99236641,-6.404580153,-159.9083969,0.683837891,-0.916503906,-0.034912109,-11.3740458,11.59541985,-166.740458
2560,1780506937,-1.426513672,-0.323730469,-0.406005859,24.01526718,-4.366412214,-162.1603053,0.647949219,-0.872802734,0.022705078,-12.86259542,3.358778626,-169.1068702
2561,1780506937,-1.318115234,-0.221435547,-0.377929688,20.81679389,-2.13740458,-165.7862595,0.595947266,-0.79296875,-0.000732422,-11.95419847,-0.41221374,-164.221374
2562,1780506937,-1.246582031,-0.117431641,-0.397216797,15.70229008,0.984732824,-168.5725191,0.648193359,-0.749267578,-0.020751953,-13.53435115,-5.641221374,-163.9770992
2563,1780506937,-1.251708984,-0.251953125,-0.331787109,12.84732824,3.267175573,-171.9541985,0.616699219,-0.713623047,-0.038085938,-13.21374046,-9.259541985,-157.3969466
2564,1780506937,-1.174316406,-0.162109375,-0.356445313,12.59541985,5.198473282,-176.4274809,0.642822266,-0.698242188,-0.089355469,-13.28244275,-11.93129771,-150.5419847
2565,1780506937,-1.199462891,-0.073974609,-0.331542969,5.053435115,7.358778626,-174.8396947,0.720947266,-0.693115234,-0.039306641,-15.13740458,-16.04580153,-150.7175573
2566,1780506937,-1.192138672,0.004150391,-0.293945313,0.435114504,8.564885496,-166.9847328,0.686767578,-0.652587891,-0.013183594,-13.9389313,-19.63358779,-152
2567,1780506937,-1.103271484,-0.071533203,-0.286376953,2.763358779,8.938931298,-163.2977099,0.647949219,-0.598144531,-0.100585938,-16.30534351,-23.15267176,-146.9770992
2568,1780506937,-1.004394531,0.085693359,-0.251708984,-0.564885496,9.015267176,-159.3282443,0.655761719,-0.5703125,-0.070800781,-16.45801527,-22.9389313,-141.3129771
2569,1780506937,-0.930664063,0.106689453,-0.218994141,-0.549618321,9.030534351,-152.7251908,0.641601563,-0.488769531,-0.052490234,-16.07633588,-24.22900763,-136.6335878
2570,1780506937,-0.83203125,0.104248047,-0.233398438,2.946564885,8.427480916,-146.2442748,0.631347656,-0.436767578,-0.078857422,-18.00763359,-22.55725191,-126.1068702
2571,1780506937,-0.735107422,0.094726563,-0.193359375,4.312977099,7.778625954,-141.3816794,0.622558594,-0.409179688,-0.079589844,-17.84732824,-17.34351145,-114.4580153
2572,1780506937,-0.664794922,0.223876953,-0.191894531,4.007633588,7.488549618,-135.9618321,0.608642578,-0.380859375,-0.12109375,-16.8778626,-11.59541985,-100.7862595
2573,1780506937,-0.587890625,0.214111328,-0.17578125,7.839694656,6.351145038,-131.259542,0.558837891,-0.358398438,-0.123779297,-16.34351145,-3.381679389,-86.44274809
2574,1780506937,-0.538330078,0.271484375,-0.175292969,14.97709924,4.809160305,-125.3969466,0.520507813,-0.362548828,-0.098144531,-14.47328244,1.083969466,-75.81679389
2575,1780506937,-0.489501953,0.43359375,-0.14453125,17.34351145,4.007633588,-114.778626,0.526611328,-0.358642578,-0.074707031,-12.8778626,1.832061069,-63.01526718
2576,1780506937,-0.463623047,0.553710938,-0.188720703,14.54961832,4.213740458,-102.740458,0.517578125,-0.356933594,-0.062255859,-11.39694656,0.312977099,-51.32824427
2577,1780506937,-0.408203125,0.580078125,-0.176269531,11.06870229,3.519083969,-86.76335878,0.525390625,-0.372314453,-0.050292969,-10.67175573,-0.374045802,-40.7480916
2578,1780506937,-0.408447266,0.648925781,-0.159912109,8.358778626,2.65648855,-70.44274809,0.559082031,-0.361572266,-0.04296875,-9.519083969,1.427480916,-26.69465649
2579,1780506937,-0.373535156,0.663330078,-0.139160156,8.625954198,2.27480916,-51.81679389,0.601074219,-0.331787109,-0.052001953,-8.519083969,2.091603053,-17.2519084
2580,1780506937,-0.340332031,0.667236328,-0.128662109,10.15267176,1.79389313,-31.8778626,0.643310547,-0.33984375,-0.089111328,-7.022900763,9.297709924,-4.351145038
2581,1780506937,-0.349609375,0.6484375,-0.128417969,12.54961832,0.351145038,-10.35877863,0.690185547,-0.332763672,-0.100341797,-6.251908397,16.20610687,4.946564885
2582,1780506937,-0.380859375,0.617675781,-0.131591797,14.29770992,-1.465648855,10.44274809,0.644287109,-0.346923828,-0.120117188,-3.93129771,22.03053435,15.87022901
2583,1780506937,-0.37890625,0.532958984,-0.136474609,19.44274809,-3.381679389,24.96946565,0.619384766,-0.380126953,-0.119384766,-4.175572519,26.96946565,31.03053435
2584,1780506937,-0.404541016,0.500488281,-0.145019531,21.27480916,-4.526717557,37.29007634,0.575439453,-0.402587891,-0.088867188,-2.259541985,30.88549618,42.45801527
2585,1780506937,-0.475097656,0.572021484,-0.155029297,16.65648855,-4.618320611,55.36641221,0.563720703,-0.382080078,-0.051269531,-1.259541985,27.20610687,45.4351145
2586,1780506937,-0.460693359,0.318847656,-0.138183594,17.54198473,-5,71.18320611,0.509033203,-0.40234375,-0.022216797,-0.854961832,23.09923664,53.1221374
2587,1780506937,-0.461914063,0.366699219,-0.135498047,11.32824427,-4.526717557,78.08396947,0.483886719,-0.409912109,-0.012207031,1.099236641,19.6870229,67.69465649
2588,1780506937,-0.499023438,0.207275391,-0.123779297,3.580152672,-4.015267176,81.03053435,0.464355469,-0.418212891,-0.038574219,2.763358779,17.45038168,82.79389313
2589,1780506937,-0.519042969,0.180908203,-0.139892578,9.633587786,-4.328244275,84.07633588,0.581787109,-0.459960938,-0.014160156,6.839694656,18.00763359,91.02290076
2590,1780506937,-0.61328125,0.167236328,-0.114013672,3.450381679,-3.496183206,93.3129771,0.625488281,-0.490478516,-0.046142578,8.778625954,19.52671756,98.19083969
2591,1780506937,-0.706542969,0.066162109,-0.122070313,1.854961832,-3.755725191,100.5038168,0.669433594,-0.541015625,-0.055419922,9.557251908,17.22900763,104.9160305
2592,1780506937,-0.788574219,0.075195313,-0.135009766,0.419847328,-4.778625954,108.3282443,0.745605469,-0.549072266,-0.028564453,10.40458015,19.29007634,110.7328244
2593,1780506937,-0.847900391,0.305175781,-0.162841797,-6,-3.595419847,121.8320611,0.813964844,-0.555175781,0.040283203,11.73282443,16.61068702,110.9770992
2594,1780506937,-0.886474609,-0.135742188,-0.086181641,-0.770992366,-6.152671756,131.4961832,0.735351563,-0.518310547,-0.054199219,10.46564885,18.41221374,117.4351145
2595,1780506937,-0.860351563,-0.011230469,-0.106689453,3.053435115,-8.259541985,135.7709924,0.774902344,-0.538818359,-0.03515625,10.6259542,24.92366412,127.7633588
2596,1780506937,-0.915527344,-0.000488281,-0.065673828,3.854961832,-10.4351145,141.8625954,0.811035156,-0.57421875,-0.046875,10.33587786,30.51908397,133.0534351
2597,1780506937,-1.042480469,-0.110107422,-0.070556641,10.49618321,-12.89312977,148.0839695,0.873291016,-0.650146484,-0.062988281,10.48854962,38.58015267,137.9236641
2598,1780506937,-1.143310547,-0.109619141,-0.093261719,17.04580153,-15.35877863,156.2137405,0.904541016,-0.681152344,-0.033203125,11.70992366,45.0610687,139.3206107
2599,1780506937,-1.210205078,-0.177001953,-0.100830078,25.04580153,-16.07633588,163.7938931,0.879394531,-0.707275391,0.002929688,8.877862595,54.4351145,137.2671756
2600,1780506937,-1.322509766,-0.123535156,-0.102294922,25.8778626,-16.41221374,172.9541985,0.788818359,-0.675537109,0.078369141,6.511450382,54.34351145,132.3969466
2601,1780506937,-1.221435547,-0.225341797,-0.138427734,28.42748092,-14.58015267,179.0381679,0.694091797,-0.681884766,0.097167969,4.450381679,50.64885496,129.3740458
2602,1780506937,-1.196044922,-0.166992188,-0.124023438,24.6259542,-12.76335878,181.4045802,0.640136719,-0.676513672,0.064453125,4.900763359,42.81679389,132.5267176
2603,1780506937,-1.163330078,-0.115966797,-0.1171875,16.61832061,-10.63358779,180.0687023,0.607177734,-0.718261719,0.069824219,4.381679389,36.19083969,138.7251908
2604,1780506937,-1.199707031,-0.090576172,-0.130126953,9.427480916,-8.122137405,177.3816794,0.619873047,-0.792480469,0.082519531,5.557251908,28.9389313,145.3358779
2605,1780506937,-1.311279297,-0.085449219,-0.141845703,2.267175573,-6.458015267,174.6335878,0.657226563,-0.893066406,0.064697266,4.603053435,23.63358779,149.351145
2606,1780506937,-1.461914063,-0.127929688,-0.155761719,-1.900763359,-6.396946565,173.9694656,0.693359375,-0.985107422,0.117675781,3.229007634,20.06870229,145.6793893
2607,1780506937,-1.559326172,-0.158935547,-0.159912109,-2.34351145,-6.450381679,176.870229,0.703125,-0.988769531,0.136962891,2.290076336,14.30534351,138.0229008
2608,1780506937,-1.564453125,-0.151611328,-0.172363281,-3.854961832,-5.442748092,180.4961832,0.691162109,-0.955078125,0.116699219,0.442748092,11.5648855,130.129771
2609,1780506937,-1.501953125,-0.159667969,-0.161621094,-5.648854962,-4.946564885,182.7557252,0.667480469,-0.916992188,0.098632813,-0.93129771,7.083969466,125.8320611
2610,1780506937,-1.416503906,-0.165039063,-0.177246094,-6.267175573,-3.297709924,182.0076336,0.653320313,-0.873779297,0.106689453,-0.977099237,7.27480916,125.5572519
2611,1780506937,-1.346679688,-0.154052734,-0.171630859,-7.511450382,-0.41221374,178.6641221,0.648925781,-0.913818359,0.042724609,0.41221374,9.671755725,129.8625954
2612,1780506937,-1.381591797,-0.126953125,-0.147949219,-9.648854962,1.290076336,173.5267176,0.659179688,-1.013671875,-0.015380859,2.511450382,16.08396947,135.5267176
2613,1780506937,-1.474609375,-0.198486328,-0.174316406,-5.748091603,1.893129771,163.6870229,0.659179688,-1.077880859,0.001953125,1.603053435,22.97709924,136.3587786
2614,1780506937,-1.559814453,-0.229248047,-0.188232422,0.320610687,-1.312977099,158.5954198,0.651367188,-1.064941406,0.137207031,-1.526717557,21.6870229,130.6183206
2615,1780506937,-1.617919922,-0.235839844,-0.141113281,3.251908397,-1.633587786,157.7709924,0.615234375,-1.091552734,0.1484375,-4.58778626,18.67175573,115.4122137
2616,1780506937,-1.590087891,-0.270996094,-0.130371094,3.977099237,-2.389312977,155.2900763,0.552246094,-1.062988281,0.110839844,-6.595419847,18.21374046,104.5648855
2617,1780506937,-1.468505859,-0.302246094,-0.129394531,5.885496183,-1.770992366,149.0152672,0.513916016,-1.011230469,0.123535156,-7.519083969,16.96183206,98.3740458
2618,1780506938,-1.354736328,-0.303710938,-0.159667969,8.312977099,-0.374045802,139.5496183,0.484619141,-0.980224609,0.121337891,-8.549618321,14.09923664,96.16793893
2619,1780506938,-1.268798828,-0.300292969,-0.156494141,8.20610687,1.946564885,127.7709924,0.459960938,-0.998779297,0.084960938,-8.992366412,13.95419847,96.55725191
2620,1780506938,-1.22265625,-0.285644531,-0.162597656,7.022900763,4.641221374,113.4122137,0.422363281,-1.049560547,0.090576172,-9.687022901,13.58015267,97.84732824
2621,1780506938,-1.210449219,-0.347900391,-0.143554688,8.396946565,6.977099237,96.52671756,0.411376953,-1.109375,0.091552734,-3.450381679,14.69465649,99.3740458
2622,1780506938,-1.315673828,-0.080566406,-0.152587891,-8.572519084,11.67938931,89.38167939,0.396972656,-1.090576172,0.111083984,-4.580152672,5.366412214,92.12977099
2623,1780506938,-1.24609375,-0.514648438,-0.15625,-3.091603053,8.992366412,72.83969466,0.307617188,-1.069091797,0.176025391,-4.900763359,-0.946564885,88.83969466
2624,1780506938,-1.217529297,-0.244628906,-0.110351563,-6.671755725,9.198473282,62.18320611,0.328857422,-1.015869141,0.161376953,-5.488549618,-9.053435115,84.87022901
2625,1780506938,-1.143310547,-0.370361328,-0.091552734,-9.694656489,10.61832061,44.97709924,0.296875,-1.018310547,0.185302734,-4.648854962,-14.87022901,80.92366412
2626,1780506938,-1.114746094,-0.251953125,-0.114990234,-12.90076336,12.49618321,33.22137405,0.367431641,-1.013427734,0.149902344,-1.251908397,-20.12977099,78.2519084
2627,1780506938,-1.071289063,-0.231689453,-0.121826172,-19.80916031,15.3740458,22.19847328,0.353027344,-0.993164063,0.142333984,0.816793893,-25.25954198,76.22137405
2628,1780506938,-1.059570313,-0.212158203,-0.117919922,-25.12977099,18.2519084,13.61068702,0.309082031,-0.991455078,0.160400391,2.870229008,-32.78625954,73.55725191
2629,1780506938,-1.038085938,-0.133544922,-0.111572266,-32.88549618,20.95419847,2.832061069,0.274658203,-1.005615234,0.186035156,4.877862595,-41.54961832,70.45038168
2630,1780506938,-1.0390625,-0.070068359,-0.111328125,-39.19083969,23.01526718,-4.671755725,0.264648438,-1.011962891,0.157714844,7.328244275,-50.1221374,65.96946565
2631,1780506938,-1.029785156,-0.041992188,-0.106201172,-50.49618321,24.17557252,-10.38167939,0.244140625,-1.004150391,0.117675781,8.572519084,-57.02290076,61.3129771
2632,1780506938,-1.029785156,-0.043701172,-0.100830078,-57.35114504,24.24427481,-15.55725191,0.249023438,-1.025878906,0.073486328,8.427480916,-66.3740458,56.96946565
2633,1780506938,-1.048828125,-0.026855469,-0.094970703,-62.00763359,22.76335878,-20.46564885,0.274169922,-1.038574219,0.055175781,8.519083969,-70.27480916,53.26717557
2634,1780506938,-1.051513672,-0.002441406,-0.097412109,-63.16793893,21.08396947,-24.3129771,0.290771484,-1.04296875,0.022460938,9.27480916,-69.66412214,49.96183206
2635,1780506938,-1.043212891,0.017333984,-0.121582031,-63.5648855,20.07633588,-26.81679389,0.299804688,-1.022705078,0.034179688,9.969465649,-69.15267176,46.38167939
2636,1780506938,-1.025878906,0.044189453,-0.155761719,-63.2519084,19.03816794,-28.80916031,0.295410156,-1.028320313,0.009521484,10.48854962,-69.00763359,43.58015267
2637,1780506938,-1.005126953,0.042480469,-0.171142578,-63.65648855,18.69465649,-31.06870229,0.250732422,-1.026855469,0.028320313,10.78625954,-69.0610687,42.0610687
2638,1780506938,-1.016357422,0.027099609,-0.200683594,-65.71755725,18.71755725,-34.76335878,0.244140625,-1.032958984,0.028808594,10.34351145,-70.60305344,40.73282443
2639,1780506938,-1.05859375,-0.1796875,-0.225585938,-68.54198473,18.97709924,-41.12977099,0.234863281,-1.078613281,0.023925781,8.809160305,-73.21374046,38.74045802
2640,1780506938,-1.138183594,-0.371337891,-0.238037109,-66.52671756,18.46564885,-53.59541985,0.280029297,-1.131591797,-0.001464844,6.671755725,-77.26717557,31.70992366
2641,1780506938,-1.225341797,-0.273681641,-0.291259766,-64.52671756,18.29007634,-56.51908397,0.396484375,-1.185058594,-0.043457031,3.34351145,-81.50381679,18.19083969
2642,1780506938,-1.295166016,0.063476563,-0.233398438,-68.03816794,16.39694656,-46.81679389,0.51953125,-1.216796875,-0.127197266,0.091603053,-79.84732824,1.251908397
2643,1780506938,-1.278808594,0.350830078,-0.162597656,-66.57251908,12.34351145,-22.04580153,0.594726563,-1.141113281,-0.121826172,-2.114503817,-72.98473282,-10.50381679
2644,1780506938,-1.043701172,0.015625,-0.069580078,-52.07633588,7.625954198,-17.6870229,0.492431641,-1.003662109,-0.032470703,-1.34351145,-60.38167939,-6.450381679
2645,1780506938,-0.940429688,0.190673828,-0.107666016,-44.67938931,5.809160305,-12.26717557,0.459960938,-0.896728516,-0.057373047,-0.610687023,-37.83206107,-3.083969466
2646,1780506938,-0.869140625,0.093994141,-0.123291016,-33.8778626,5.442748092,-8.20610687,0.440917969,-0.84765625,-0.03515625,-1.175572519,-18.24427481,-1.038167939
2647,1780506938,-0.850585938,0.106933594,-0.095947266,-14.42748092,2.465648855,-4.641221374,0.380371094,-0.869628906,-0.009277344,-2.076335878,-2.717557252,0.992366412
2648,1780506938,-0.877197266,0.197998047,-0.108886719,-0.816793893,0.305343511,-1.557251908,0.309570313,-0.933837891,0.002929688,-3.358778626,8.648854962,2.755725191
2649,1780506938,-0.917724609,0.227783203,-0.120849609,8.419847328,-2.030534351,0.679389313,0.219238281,-0.989013672,0.021240234,-3.549618321,14.64885496,3.625954198
2650,1780506938,-0.942626953,0.185791016,-0.101806641,11.72519084,-3.633587786,-0.007633588,0.161865234,-0.998291016,0.033447266,-3.282442748,16.96946565,5.664122137
2651,1780506938,-0.917236328,0.051513672,-0.160644531,20.61832061,-4.290076336,-7.488549618,0.138427734,-0.979980469,0.052978516,-0.954198473,20.90076336,13.40458015
2652,1780506938,-0.938476563,0.34375,-0.131591797,9.992366412,-4.198473282,-9.847328244,0.178955078,-1.05078125,0.063232422,-0.519083969,17.22137405,15.9389313
2653,1780506938,-0.963134766,0.277587891,-0.141113281,8.503816794,-3,-6.244274809,0.146728516,-1.021728516,0.064208984,-1.221374046,12,11.67938931
2654,1780506938,-0.983886719,0.224853516,-0.159179688,10.09923664,-3.053435115,-0.251908397,0.187744141,-1.029541016,0.076416016,-1.351145038,8.580152672,2.480916031
2655,1780506938,-0.955810547,0.120605469,-0.140625,8.961832061,-3.885496183,1.129770992,0.166503906,-1.019775391,0.050292969,-1.076335878,7.541984733,3.305343511
2656,1780506938,-0.934326172,0.279052734,-0.158447266,0.122137405,-2.129770992,1.671755725,0.147216797,-1.000244141,0.057861328,-0.053435115,5.732824427,4.122137405
2657,1780506938,-0.942382813,0.187744141,-0.165039063,-3.618320611,-0.778625954,0.93129771,0.148681641,-1.004638672,0.0546875,-0.389312977,-0.877862595,3.717557252
2658,1780506938,-0.933349609,0.173583984,-0.147949219,-5.221374046,-0.809160305,0.251908397,0.12890625,-0.996826172,0.069824219,-0.305343511,-2.557251908,3
2659,1780506938,-0.906494141,0.229736328,-0.171386719,-6.557251908,-0.358778626,-0.213740458,0.117919922,-0.9921875,0.072509766,-0.419847328,-4.786259542,3.244274809
2660,1780506938,-0.911376953,0.242919922,-0.150146484,-8.450381679,0.045801527,-0.13740458,0.116943359,-0.978271484,0.081054688,-1.076335878,-7.58778626,3.465648855
2661,1780506938,-0.913085938,0.244384766,-0.149414063,-9.374045802,0.480916031,-1.954198473,0.119873047,-0.988769531,0.065185547,-1.061068702,-8.320610687,3.801526718
2662,1780506938,-0.90234375,0.268310547,-0.142089844,-9.175572519,0.496183206,0.404580153,0.120361328,-0.988037109,0.048828125,-0.297709924,-7.06870229,4.381679389
2663,1780506938,-0.903808594,0.274658203,-0.141113281,-9.007633588,0.305343511,1.190839695,0.1328125,-0.995849609,0.035888672,0.106870229,-5.381679389,4.809160305
2664,1780506938,-0.908203125,0.254394531,-0.128417969,-8.778625954,0.290076336,1.610687023,0.145263672,-0.999023438,0.043457031,0.450381679,-5.824427481,5.114503817
2665,1780506938,-0.933105469,0.220947266,-0.144775391,-7.58778626,-0.190839695,1.709923664,0.14453125,-1.005126953,0.043945313,0.618320611,-2.572519084,4.969465649
2666,1780506938,-0.952392578,0.218261719,-0.150634766,-6.442748092,-0.641221374,1.358778626,0.143310547,-1.003417969,0.056396484,0.236641221,-0.030534351,4.473282443
2667,1780506938,-0.938964844,0.200683594,-0.147216797,-5.251908397,-1.015267176,1.244274809,0.154052734,-1.011230469,0.054443359,0.053435115,-1.824427481,4.34351145
2668,1780506938,-0.934326172,0.213867188,-0.153808594,-4.366412214,-1.236641221,1.213740458,0.133544922,-1.00390625,0.057861328,0.053435115,-1.015267176,4.27480916
2669,1780506938,-0.925048828,0.230957031,-0.154541016,-3.893129771,-1.297709924,1.435114504,0.135742188,-0.999755859,0.053466797,-0.152671756,0.335877863,4.34351145
2670,1780506938,-0.922363281,0.232177734,-0.142822266,-3.007633588,-1.404580153,1.732824427,0.146484375,-1.000732422,0.055908203,-0.13740458,2.27480916,4.442748092
2671,1780506938,-0.928466797,0.225830078,-0.130371094,-1.488549618,-1.465648855,0.030534351,0.151367188,-0.994384766,0.0625,-0.06870229,3.786259542,4.458015267
2672,1780506938,-0.931396484,0.224121094,-0.127197266,-1.824427481,-1.381679389,2.251908397,0.145996094,-1.009521484,0.076171875,-0.167938931,4.618320611,4.618320611
2673,1780506938,-0.929199219,0.233398438,-0.124511719,1.13740458,-1.236641221,2.687022901,0.144287109,-0.997070313,0.080322266,-0.114503817,5.564885496,4.839694656
2674,1780506938,-0.934326172,0.229736328,-0.119140625,1.633587786,-1.145038168,2.580152672,0.155273438,-0.999511719,0.084228516,0.091603053,5.954198473,5.030534351
2675,1780506938,-0.925048828,0.221679688,-0.12109375,2.27480916,-1.091603053,2.679389313,0.133056641,-0.999267578,0.0703125,0.229007634,6.335877863,4.809160305
2676,1780506938,-0.916503906,0.220947266,-0.137695313,2.129770992,-1.007633588,2.832061069,0.136230469,-1.001464844,0.066650391,0.580152672,6.183206107,4.832061069
2677,1780506938,-0.923339844,0.225097656,-0.134277344,1.938931298,-0.763358779,2.709923664,0.136474609,-0.997314453,0.053710938,1.129770992,6.511450382,4.557251908
2678,1780506938,-0.922119141,0.223632813,-0.127197266,1.801526718,-0.236641221,3.473282443,0.149658203,-0.994873047,0.060791016,1.213740458,6.58778626,2.458015267
2679,1780506938,-0.938476563,0.371826172,-0.145507813,-1.740458015,0.198473282,9.381679389,0.187988281,-1.006591797,0.043945313,0.473282443,4.374045802,-1.984732824
2680,1780506938,-0.981689453,-0.033203125,-0.177001953,4.083969466,-1.20610687,10.87022901,0.078857422,-0.963134766,0.050292969,0.534351145,4.755725191,-5.480916031
2681,1780506938,-0.97265625,0.286376953,-0.177490234,-0.900763359,0.404580153,13.35114504,0.223632813,-1.029296875,0.029052734,-0.076335878,3.496183206,-6.633587786
2682,1780506938,-0.954833984,0.073242188,-0.139160156,3.664122137,-0.366412214,12.59541985,0.248535156,-1.018066406,0.008300781,0.603053435,8.610687023,-7.290076336
2683,1780506938,-0.977783203,0.385742188,-0.162597656,-7.641221374,0.160305344,20.07633588,0.326416016,-1.014404297,0.003173828,-0.312977099,7.977099237,-11.66412214
2684,1780506938,-0.99609375,0.025634766,-0.090087891,0.816793893,-2.801526718,22.09923664,0.282470703,-0.982421875,0.046386719,-2.992366412,8.86259542,-16.27480916
2685,1780506938,-0.999267578,0.039306641,-0.104736328,10.64885496,-3.969465649,24.05343511,0.289550781,-1.006835938,0.014892578,-2.908396947,13.72519084,-22.88549618
2686,1780506938,-1.020507813,0.078857422,-0.096923828,15.89312977,-9.13740458,27.70992366,0.320556641,-1.019775391,-0.069580078,-3.038167939,25.64122137,-30.00763359
2687,1780506938,-1.03125,0.103271484,-0.139160156,26.01526718,-10.47328244,32.36641221,0.375,-1.020507813,0.001220703,-2.267175573,34.76335878,-37.09923664
2688,1780506938,-1.044677734,0.170166016,-0.134521484,27.35877863,-11.20610687,38.50381679,0.348632813,-1.009277344,0.037353516,-2.580152672,38.95419847,-42.77099237
2689,1780506938,-1.040283203,0.143554688,-0.142822266,32.67175573,-12.09923664,41.06870229,0.273193359,-1.030029297,0.031005859,-3.832061069,44.90839695,-46.39694656
2690,1780506938,-0.998535156,0.144287109,-0.161621094,35.16030534,-12.72519084,40,0.192382813,-1.024902344,0.027587891,-5.145038168,47.04580153,-47.64885496
2691,1780506938,-0.969726563,0.192871094,-0.176513672,35.91603053,-13.35877863,37.38931298,0.159179688,-1.03515625,0.050292969,-5.984732824,44.13740458,-48.83969466
2692,1780506938,-0.954833984,0.244384766,-0.19140625,33.67175573,-12.80916031,34.12977099,0.146972656,-1.047851563,0.051025391,-6.076335878,38.08396947,-44.66412214
2693,1780506938,-0.946044922,0.164794922,-0.276611328,25.64885496,-10.04580153,27.2519084,0.111572266,-1.060791016,0.034179688,-5.748091603,33.61832061,-38.21374046
2694,1780506938,-0.962646484,-0.606201172,-0.172851563,19.99236641,-8.854961832,-2.41221374,0.0234375,-1.113037109,0.047119141,-4.450381679,27.03816794,-29.32061069
2695,1780506938,-0.985351563,-0.503173828,-0.273925781,26.77099237,-9.885496183,-31.93129771,0.090820313,-1.108154297,0.034912109,-2.954198473,19.81679389,-31.47328244
2696,1780506938,-1.065429688,-0.245849609,-0.328613281,14.30534351,-5.526717557,-40.61832061,0.191650391,-1.052978516,-0.003662109,-6.748091603,14.21374046,-42.2519084
2697,1780506938,-1.110351563,-0.262451172,-0.297607422,11.49618321,-2.106870229,-49.06870229,0.225830078,-1.061279297,0.067382813,-6.984732824,9.923664122,-47.50381679
2698,1780506938,-1.06640625,-0.381835938,-0.353271484,13.19083969,0.702290076,-64.96183206,0.300048828,-1.034667969,0.088378906,-8.229007634,7.236641221,-49.75572519
2699,1780506938,-1.038330078,-0.178710938,-0.340820313,6.709923664,4.305343511,-72.53435115,0.282226563,-0.968505859,0.132324219,-11.40458015,0.13740458,-53.2519084
2700,1780506938,-1.131835938,-0.293945313,-0.301513672,6.267175573,8.473282443,-80.8778626,0.499755859,-0.963623047,0.099365234,-12.09160305,-1.755725191,-59.74045802
2701,1780506938,-1.145507813,-0.213623047,-0.287353516,7.564885496,11.58015267,-85.0610687,0.467529297,-0.962646484,0.107421875,-11.88549618,-2.801526718,-64.73282443
2702,1780506939,-1.129150391,-0.337890625,-0.250488281,8.709923664,14.81679389,-93.18320611,0.432861328,-0.963623047,0.125,-13.70992366,-4.938931298,-68.91603053
2703,1780506939,-1.189941406,-0.217285156,-0.238037109,0.335877863,17.09160305,-97.22137405,0.428955078,-1.030761719,0.098632813,-17.21374046,-12.42748092,-74.54961832
2704,1780506939,-1.256347656,-0.283447266,-0.198486328,-2.320610687,17.91603053,-104.8244275,0.43359375,-1.058349609,0.037353516,-17.85496183,-18.11450382,-81.90839695
2705,1780506939,-1.281982422,-0.268798828,-0.185302734,-8.335877863,19.6259542,-110.1068702,0.455078125,-1.056884766,0.00390625,-16.46564885,-24.00763359,-90.70229008
2706,1780506939,-1.330810547,-0.301025391,-0.212158203,-14.51145038,21.72519084,-114.6564885,0.497314453,-1.086914063,0.013671875,-15.41984733,-31.07633588,-101.4885496
2707,1780506939,-1.390869141,-0.250244141,-0.185302734,-25.22137405,24.15267176,-117.8244275,0.489013672,-1.105957031,0.032958984,-13.16793893,-38.47328244,-110.7633588
2708,1780506939,-1.412109375,-0.368164063,-0.156982422,-27.32061069,24.75572519,-123.2900763,0.456542969,-1.096435547,0.059814453,-12.58015267,-43.38167939,-115.3129771
2709,1780506939,-1.388183594,-0.434570313,-0.148193359,-27.51145038,26.00763359,-138.0992366,0.51171875,-1.064941406,0.077148438,-11.95419847,-47.05343511,-115.129771
2710,1780506939,-1.408203125,-0.280029297,-0.186279297,-37.61832061,27.33587786,-144.2137405,0.587402344,-1.019775391,0.041503906,-12.47328244,-49.13740458,-120.1679389
2711,1780506939,-1.425537109,-0.458007813,-0.118408203,-38.7480916,27.54961832,-150.9236641,0.595947266,-1.004150391,0.056640625,-15,-49.27480916,-125.4503817
2712,1780506939,-1.479980469,-0.464599609,-0.148925781,-29.40458015,27.49618321,-157.9541985,0.644042969,-1.069580078,-0.043945313,-14.34351145,-41.49618321,-130.8320611
2713,1780506939,-1.566162109,-0.462158203,-0.148925781,-30.41984733,25.98473282,-164.3816794,0.664306641,-1.092529297,-0.096191406,-18.3740458,-38.38167939,-133.1984733
2714,1780506939,-1.65234375,-0.604980469,-0.174560547,-11.08396947,21.02290076,-174.5572519,0.786621094,-1.125732422,-0.018066406,-20.04580153,-32.63358779,-138.9770992
2715,1780506939,-1.723388672,-0.413818359,-0.190917969,-9.79389313,18.11450382,-174.8778626,0.847412109,-1.085205078,-0.078369141,-20.80152672,-23.7480916,-149.9083969
2716,1780506939,-1.701171875,-0.576416016,-0.224365234,3.526717557,15.80152672,-177.5801527,0.866210938,-1.019775391,-0.098632813,-21.02290076,-12.81679389,-155.7862595
2717,1780506939,-1.612060547,-0.511230469,-0.260009766,12.19847328,13.80916031,-181.0992366,0.827392578,-0.942382813,-0.070068359,-23.20610687,-5.259541985,-157.1145038
2718,1780506939,-1.532714844,-0.541015625,-0.259765625,22.6259542,12.34351145,-187.5801527,0.800537109,-0.91015625,-0.055419922,-22.6259542,3.442748092,-155.8778626
2719,1780506939,-1.508056641,-0.4453125,-0.315429688,29.1221374,10.46564885,-193.3282443,0.782470703,-0.883789063,-0.100585938,-22.80152672,8.221374046,-154.0534351
2720,1780506939,-1.483886719,-0.373046875,-0.322509766,29.36641221,10.21374046,-197.5648855,0.721191406,-0.895507813,-0.053710938,-24.05343511,5.267175573,-153.3740458
2721,1780506939,-1.513183594,-0.301757813,-0.365234375,29.06870229,10.61068702,-200.0992366,0.679931641,-0.911865234,-0.04296875,-23.48091603,-1.122137405,-152.5496183
2722,1780506939,-1.494140625,-0.225341797,-0.366455078,20.93129771,13.00763359,-200.5114504,0.625244141,-0.872802734,0.003173828,-23.1221374,-12.58015267,-155.6335878
2723,1780506939,-1.44140625,-0.09765625,-0.412353516,10.10687023,16.25954198,-197.5419847,0.665283203,-0.861816406,-0.047119141,-24.90839695,-24.53435115,-157.2748092
2724,1780506939,-1.430175781,-0.058349609,-0.402587891,-0.419847328,19.53435115,-192.1068702,0.697753906,-0.833984375,-0.042480469,-25.69465649,-31.34351145,-159.7328244
2725,1780506939,-1.35546875,-0.034179688,-0.370849609,-8.045801527,22.6870229,-184.8015267,0.714599609,-0.754150391,-0.032226563,-25.51908397,-40.24427481,-159.480916
2726,1780506939,-1.242919922,-0.040771484,-0.328369141,-14.61068702,25.6870229,-178.778626,0.6953125,-0.687011719,-0.097167969,-28.41984733,-43.76335878,-158.1603053
2727,1780506939,-1.151855469,-0.008544922,-0.297363281,-16.8778626,26.57251908,-175.5648855,0.700683594,-0.648193359,-0.123046875,-29.15267176,-45.77862595,-149.7938931
2728,1780506939,-1.083496094,0.008789063,-0.260742188,-15.45801527,26.19083969,-168.6946565,0.725341797,-0.628417969,-0.174560547,-30.23664122,-44.00763359,-141.9770992
2729,1780506939,-1.050537109,0.110107422,-0.237548828,-13.32824427,25.69465649,-162.1603053,0.800537109,-0.630126953,-0.218994141,-29.85496183,-34.35114504,-136.6183206
2730,1780506939,-1.025390625,0.114746094,-0.23828125,-9.671755725,23.52671756,-149.0763359,0.842773438,-0.623046875,-0.174316406,-29.63358779,-22.75572519,-129.0839695
2731,1780506939,-1.008300781,0.118164063,-0.243408203,3.34351145,20.64885496,-136.0458015,0.896728516,-0.621582031,-0.155761719,-31.20610687,-10.50381679,-126.6946565
2732,1780506939,-0.898193359,0.041992188,-0.160400391,18.40458015,16.39694656,-124.1755725,0.78515625,-0.566650391,-0.163574219,-30.4351145,2.015267176,-119
2733,1780506939,-0.8046875,0.206787109,-0.186767578,30.7480916,13.6259542,-114.7557252,0.757080078,-0.509765625,-0.166503906,-28.98473282,16.0610687,-108.2061069
2734,1780506939,-0.684082031,0.294677734,-0.188964844,31.70992366,12,-100.6564885,0.649169922,-0.455322266,-0.120361328,-27.83206107,23.10687023,-96.98473282
2735,1780506939,-0.588867188,0.291992188,-0.185302734,37.09160305,9.79389313,-92.67175573,0.530029297,-0.435791016,-0.0703125,-25.79389313,25.57251908,-86.32824427
2736,1780506939,-0.506591797,0.408447266,-0.195556641,36.57251908,8.702290076,-82.72519084,0.447021484,-0.420898438,-0.053710938,-24.20610687,22.77099237,-75.48091603
2737,1780506939,-0.455322266,0.489257813,-0.181152344,32.38931298,8.923664122,-74.22900763,0.405029297,-0.409912109,-0.038330078,-22.12977099,14.77862595,-66.14503817
2738,1780506939,-0.400390625,0.587402344,-0.189941406,23.21374046,10.54961832,-61.29770992,0.396240234,-0.397949219,-0.014892578,-18.93129771,5.916030534,-51.51145038
2739,1780506939,-0.375244141,0.593994141,-0.175048828,8.541984733,11.77099237,-49.15267176,0.423583984,-0.410888672,-0.05078125,-16.57251908,-2.091603053,-39.47328244
2740,1780506939,-0.375244141,0.535644531,-0.136962891,-0.748091603,11.92366412,-38.54961832,0.469970703,-0.401367188,-0.053710938,-14.85496183,-7.305343511,-27.57251908
2741,1780506939,-0.365722656,0.500732422,-0.101074219,-4.366412214,11.29007634,-23.59541985,0.550537109,-0.345458984,-0.03515625,-12.87022901,-4.664122137,-17.54961832
2742,1780506939,-0.384033203,0.705566406,-0.096923828,-8.839694656,10.85496183,-3.053435115,0.660888672,-0.338623047,-0.052734375,-10.06870229,-3.007633588,-15.14503817
2743,1780506939,-0.294921875,0.051513672,0.012451172,0.06870229,7.717557252,9.748091603,0.474853516,-0.266357422,-0.121826172,-10.84732824,1.79389313,-0.419847328
2744,1780506939,-0.295410156,0.178710938,-0.049804688,15.16793893,1.916030534,9.229007634,0.509521484,-0.348388672,-0.072753906,-7.282442748,9.580152672,16.92366412
2745,1780506939,-0.375244141,0.498046875,-0.09765625,1.27480916,3.847328244,17.84732824,0.5703125,-0.40625,-0.03515625,-2.282442748,9.778625954,25.41984733
2746,1780506939,-0.454589844,0.205322266,-0.070800781,-1.503816794,2.091603053,28.81679389,0.543945313,-0.429443359,-0.085693359,0.129770992,6.358778626,34.75572519
2747,1780506939,-0.496826172,0.166992188,-0.079589844,1.20610687,-0.618320611,36.84732824,0.58203125,-0.446533203,-0.096435547,0.748091603,5.458015267,42.45038168
2748,1780506939,-0.510009766,0.294677734,-0.069580078,-3.534351145,-2.381679389,50.19083969,0.700927734,-0.476318359,-0.017333984,6.160305344,3.320610687,43.34351145
2749,1780506939,-0.531738281,0.179931641,-0.055175781,-0.740458015,-4.06870229,64.35114504,0.660400391,-0.403564453,-0.079101563,8.740458015,2.435114504,51.22900763
2750,1780506939,-0.512207031,0.078857422,-0.048828125,-12.18320611,-5.458015267,70.20610687,0.603027344,-0.387451172,-0.087646484,9.396946565,0.946564885,63.30534351
2751,1780506939,-0.519287109,-0.020507813,-0.073730469,-11.54961832,-6.908396947,73.15267176,0.657470703,-0.405029297,-0.022216797,12.44274809,0.534351145,73.4351145
2752,1780506939,-0.580078125,0.049072266,-0.065673828,-15.6259542,-8.251908397,78.07633588,0.681884766,-0.456787109,-0.083496094,15.22137405,4.473282443,83.80152672
2753,1780506939,-0.675537109,0.0859375,-0.154541016,-16.83969466,-9.244274809,84.78625954,0.762207031,-0.493408203,-0.089111328,16.51145038,9.160305344,90.67175573
2754,1780506939,-0.743652344,-0.071533203,-0.155029297,-11.67175573,-10.96183206,91.69465649,0.794433594,-0.527832031,-0.052001953,17.63358779,10.35877863,96.3740458
2755,1780506939,-0.801269531,-0.121826172,-0.140869141,-6.213740458,-12.57251908,98.27480916,0.822753906,-0.544677734,-0.090332031,18.22900763,14.99236641,101.9847328
2756,1780506939,-0.833740234,-0.104736328,-0.152099609,-3.618320611,-11.73282443,105.0610687,0.830078125,-0.552734375,-0.072509766,18.81679389,21.41221374,105.5877863
2757,1780506939,-0.873779297,-0.129394531,-0.127929688,-0.557251908,-15.99236641,109.8244275,0.829345703,-0.554931641,-0.076660156,17.61832061,26.47328244,109.7328244
2758,1780506939,-0.900878906,-0.039794922,-0.152832031,3.671755725,-16.59541985,121.2671756,0.857666016,-0.550048828,-0.084716797,20.59541985,30.04580153,107.5496183
2759,1780506939,-0.970214844,-0.083007813,-0.157470703,5.458015267,-17.87022901,131.259542,0.84765625,-0.602050781,-0.077148438,20.58778626,30.67175573,110.740458
2760,1780506939,-0.983642578,-0.144287109,-0.180908203,4.671755725,-18.69465649,138.9389313,0.792236328,-0.618652344,-0.068603516,19.45038168,30.60305344,114.9389313
2761,1780506939,-1.053710938,-0.151611328,-0.192871094,7.809160305,-19.69465649,144.2824427,0.818115234,-0.6640625,-0.010986328,17.59541985,29.36641221,115.9541985
2762,1780506939,-1.107666016,-0.133300781,-0.191162109,4.022900763,-19.61832061,151.3435115,0.825439453,-0.676025391,0.017578125,16.90076336,29.70229008,117.6030534
2763,1780506939,-1.122314453,-0.208251953,-0.180908203,5.778625954,-18.94656489,154.5267176,0.782714844,-0.656738281,-0.020751953,16.51908397,32.61832061,122.7480916
2764,1780506939,-1.107421875,-0.214355469,-0.185791016,8.351145038,-18.94656489,155.129771,0.794677734,-0.658935547,-0.088134766,15.28244275,35.19847328,128.0076336
2765,1780506939,-1.154052734,-0.221679688,-0.178710938,11.45038168,-19.66412214,157.8854962,0.821289063,-0.685058594,-0.063720703,14.76335878,41.53435115,127.5496183
2766,1780506939,-1.210205078,-0.238769531,-0.1953125,15.3129771,-19.54198473,163.5648855,0.827148438,-0.690429688,-0.028808594,14.09160305,41.38931298,123.7709924
2767,1780506939,-1.248779297,-0.200683594,-0.201904297,14.89312977,-19.22137405,169.5343511,0.796630859,-0.735107422,-0.040771484,11.59541985,38.71755725,121.4656489
2768,1780506939,-1.297363281,-0.156738281,-0.196044922,12.32824427,-19.27480916,173.6335878,0.783935547,-0.789306641,-0.049560547,11,39.96183206,121.1832061
2769,1780506939,-1.315673828,-0.203125,-0.219726563,10.09160305,-18.11450382,174.6870229,0.728271484,-0.798339844,0.011962891,12.03816794,39.51145038,122.0687023
2770,1780506939,-1.284423828,-0.220214844,-0.238037109,9.34351145,-15.1221374,173.5801527,0.660400391,-0.802246094,0.062744141,11.55725191,31.86259542,122.6335878
2771,1780506939,-1.321044922,-0.161132813,-0.285644531,2.786259542,-13.59541985,172.3282443,0.620117188,-0.887695313,0.078613281,9.709923664,21.98473282,121.6717557
2772,1780506939,-1.392578125,-0.159179688,-0.272460938,-5.519083969,-8.877862595,170.0687023,0.586181641,-0.942871094,0.102783203,9.34351145,11.97709924,118.778626
2773,1780506939,-1.420410156,-0.17578125,-0.278076172,-13.15267176,-6.694656489,167.7709924,0.594482422,-0.946533203,0.051757813,8.86259542,5.702290076,115
2774,1780506939,-1.419677734,-0.196533203,-0.237548828,-18.64885496,-5.572519084,165.1450382,0.606445313,-0.928710938,0.032714844,7.870229008,-0.145038168,111.7251908
2775,1780506939,-1.357421875,-0.242919922,-0.212402344,-20.47328244,-5.198473282,161.4503817,0.638183594,-0.880126953,0.030029297,8.129770992,-1.671755725,110.2061069
2776,1780506939,-1.308349609,-0.260986328,-0.178222656,-19.69465649,-4.908396947,156.5419847,0.641357422,-0.890380859,0.013916016,8.488549618,0.732824427,109.6641221
2777,1780506939,-1.317871094,-0.250732422,-0.173828125,-16.77862595,-5.152671756,151.7251908,0.695556641,-0.909667969,-0.034179688,9.27480916,3.969465649,108.9618321
2778,1780506939,-1.371337891,-0.225830078,-0.193603516,-14.65648855,-5.740458015,148.2366412,0.721679688,-0.966552734,-0.019042969,10.11450382,9.954198473,106.5648855
2779,1780506939,-1.423339844,-0.234130859,-0.212158203,-12.54198473,-5.946564885,145.3816794,0.722412109,-1.000976563,0.044921875,8.969465649,9.236641221,101.3053435
2780,1780506939,-1.484130859,-0.223876953,-0.218261719,-10.95419847,-6.786259542,143.351145,0.682617188,-1.020263672,0.074462891,6.114503817,7.27480916,95.59541985
2781,1780506939,-1.468505859,-0.230712891,-0.204345703,-9.435114504,-7.488549618,140.2290076,0.623779297,-1.003417969,0.105224609,4.076335878,8.099236641,86.22137405
2782,1780506939,-1.350585938,-0.293701172,-0.189941406,-5.282442748,-7.496183206,133.7099237,0.539306641,-0.966308594,0.071289063,3.045801527,10.42748092,82.76335878
2783,1780506939,-1.215820313,-0.251953125,-0.213623047,-1.320610687,-6.183206107,124.1984733,0.497558594,-0.937011719,0.014404297,2.847328244,13.00763359,83.58778626
2784,1780506939,-1.132080078,-0.180664063,-0.212158203,-1.175572519,-3.58778626,113.8473282,0.500488281,-0.944580078,0.000244141,5.099236641,15.16030534,87.01526718
2785,1780506940,-1.123291016,-0.136962891,-0.213378906,-3.671755725,-1.229007634,105.4656489,0.531005859,-0.978759766,-0.02734375,6.27480916,13.83969466,88.01526718
2786,1780506940,-1.209960938,-0.163330078,-0.195068359,-7.389312977,-1.458015267,94.70229008,0.553710938,-1.023681641,0.087158203,4.358778626,7.687022901,88.96946565
2787,1780506940,-1.293945313,-0.155273438,-0.200683594,-10.67938931,-3.045801527,88.90839695,0.525390625,-1.026123047,0.152587891,1.603053435,-1.679389313,81.34351145
2788,1780506940,-1.311523438,-0.248535156,-0.171142578,-9.519083969,-3.755725191,83.44274809,0.484375,-1.045898438,0.085449219,0.183206107,1.320610687,70.65648855
2789,1780506940,-1.25390625,-0.215087891,-0.162353516,-6.114503817,-2,77.03053435,0.437744141,-1.008789063,0.048339844,-0.465648855,3.977099237,64.44274809
2790,1780506940,-1.138916016,-0.288330078,-0.1796875,1.106870229,-3.396946565,66.5648855,0.394287109,-0.988525391,0.026123047,-0.633587786,4.93129771,59.77099237
2791,1780506940,-1.056640625,-0.223388672,-0.216552734,3.72519084,-2.229007634,55.05343511,0.433349609,-0.997314453,0.036376953,1.358778626,5.030534351,56.32824427
2792,1780506940,-1.07421875,-0.010742188,-0.236572266,-4.435114504,0.503816794,50.19083969,0.413574219,-0.95703125,0.061279297,1.190839695,0.229007634,54.18320611
2793,1780506940,-1.038818359,-0.082519531,-0.258789063,-4.41221374,3.610687023,42.97709924,0.356201172,-0.979492188,0.0234375,0.366412214,-1.969465649,56.65648855
2794,1780506940,-0.963378906,-0.052001953,-0.270996094,-5.541984733,3.908396947,30.73282443,0.385009766,-0.994873047,0.084716797,1.27480916,-4.954198473,59.20610687
2795,1780506940,-0.985595703,0.034423828,-0.234619141,-16.2519084,9.007633588,25.1221374,0.413574219,-0.962402344,0.108886719,0.229007634,-13.16030534,59.13740458
2796,1780506940,-1.037109375,-0.039550781,-0.237792969,-17.41984733,10.96946565,17.34351145,0.330810547,-1.045410156,0.096679688,1.351145038,-17.3129771,56.26717557
2797,1780506940,-1.015625,0.001953125,-0.179931641,-20.03816794,12.20610687,8.213740458,0.266845703,-1.001708984,0.067871094,1.022900763,-20.16030534,53.86259542
2798,1780506940,-0.997558594,-0.083496094,-0.159912109,-19.16030534,12.6870229,-1.290076336,0.257324219,-1.008789063,0.040039063,1.816793893,-22.63358779,51.16793893
2799,1780506940,-0.98046875,-0.018310547,-0.166503906,-19.64885496,12.16793893,-9.221374046,0.253173828,-0.996826172,0.026855469,2.160305344,-26.2519084,49.14503817
2800,1780506940,-0.965576172,0.018066406,-0.180175781,-21.64885496,12.54961832,-16.52671756,0.254150391,-0.995117188,0.053222656,3.083969466,-31.2519084,47.90076336
2801,1780506940,-0.958740234,0.031982422,-0.172119141,-28.59541985,12.72519084,-23.42748092,0.242431641,-1.003417969,0.061523438,4.564885496,-37.09160305,47.25954198
2802,1780506940,-0.933837891,0.085449219,-0.251953125,-32.0610687,15.07633588,-30.06870229,0.211914063,-0.983398438,0.070068359,5.580152672,-41.71755725,47.92366412
2803,1780506940,-0.922363281,-0.114501953,-0.279785156,-38.52671756,21.7480916,-42.09160305,0.173583984,-1.000976563,0.105712891,7.061068702,-45.20610687,49.94656489
2804,1780506940,-1.002197266,-0.384765625,-0.208740234,-41.34351145,23.65648855,-58.96946565,0.153564453,-1.062011719,0.079589844,7.893129771,-55.6259542,50.14503817
2805,1780506940,-1.053222656,-0.03125,-0.26953125,-42.58778626,23.86259542,-69.02290076,0.206542969,-1.006591797,0.020996094,6.419847328,-62.75572519,45.29770992
2806,1780506940,-1.010253906,0.278808594,-0.343505859,-56.3129771,27.39694656,-68.3129771,0.231445313,-1.018066406,0.026367188,5.648854962,-72.52671756,40.22137405
2807,1780506940,-1.018798828,0.452392578,-0.280761719,-63.91603053,30.80152672,-58.00763359,0.250244141,-1.0625,-0.021240234,4.938931298,-82.03053435,32.61068702
2808,1780506940,-1.05859375,0.668457031,-0.262939453,-72.7480916,29.75572519,-42.25954198,0.283203125,-1.053222656,-0.089111328,1.755725191,-85.16030534,25.17557252
2809,1780506940,-1.028076172,0.626464844,-0.238037109,-73.54961832,28.18320611,-26.71755725,0.337890625,-1.020751953,-0.090087891,-1.106870229,-80.76335878,15.73282443
2810,1780506940,-0.998046875,0.339111328,-0.223876953,-67.32061069,26.48854962,-17.03053435,0.351806641,-1.008544922,-0.091064453,-1.839694656,-69.30534351,17.90839695
2811,1780506940,-0.967773438,-0.046630859,-0.19921875,-56.35877863,23.61068702,-21.66412214,0.352050781,-0.980712891,-0.0859375,-1.641221374,-55.03053435,28.14503817
2812,1780506940,-0.922119141,-0.083007813,-0.176757813,-42.38167939,20.18320611,-34.00763359,0.368652344,-0.952636719,-0.108886719,-1.27480916,-42.88549618,35.42748092
2813,1780506940,-0.938720703,0.081787109,-0.062011719,-29.64885496,17.45038168,-36.8778626,0.371826172,-0.966308594,-0.083251953,-0.732824427,-28,39.8778626
2814,1780506940,-0.974121094,0.259765625,-0.01953125,-17.93129771,10.12977099,-31.90076336,0.360595703,-0.992431641,-0.045166016,-0.832061069,-17.45801527,37.85496183
2815,1780506940,-0.985351563,0.211669922,-0.061035156,-9.450381679,6.358778626,-29.21374046,0.295898438,-1.002929688,0.016113281,-0.709923664,-5.526717557,36.00763359
2816,1780506940,-0.994628906,0.071777344,-0.106201172,1.595419847,4.267175573,-27.58015267,0.229736328,-1.030761719,0.057373047,0.076335878,3.045801527,35.32061069
2817,1780506940,-1.000488281,0.065429688,-0.166015625,8.404580153,3.213740458,-27.3740458,0.208740234,-1.06640625,0.068847656,0.748091603,5.679389313,34.03816794
2818,1780506940,-1.039306641,0.188476563,-0.194335938,8.213740458,3.709923664,-27.64885496,0.19140625,-1.086914063,0.068359375,0.175572519,5.198473282,30.95419847
2819,1780506940,-1.049316406,0.242431641,-0.229492188,4.946564885,4.557251908,-23.89312977,0.190917969,-1.087402344,0.049072266,-0.381679389,3.671755725,26.48091603
2820,1780506940,-1.031494141,0.194335938,-0.240478516,2.267175573,4.946564885,-20.6870229,0.168457031,-1.069824219,0.018554688,-1.664122137,2.167938931,22.95419847
2821,1780506940,-0.995849609,0.147949219,-0.240722656,0.076335878,5.221374046,-19.19847328,0.151855469,-1.020751953,0.01171875,-2.229007634,0.618320611,21.49618321
2822,1780506940,-0.949951172,0.187011719,-0.233154297,1.427480916,4.93129771,-18.18320611,0.162597656,-0.993652344,-0.006347656,-2.167938931,-1.038167939,21.81679389
2823,1780506940,-0.916992188,0.210205078,-0.209716797,-0.442748092,4.877862595,-17.2519084,0.154296875,-0.980957031,-0.010009766,-1.977099237,-1.732824427,22.77862595
2824,1780506940,-0.909912109,0.203369141,-0.212890625,-2.816793893,5.198473282,-16.22900763,0.127197266,-0.956787109,-0.000244141,-1.854961832,-3.465648855,23.24427481
2825,1780506940,-0.907226563,0.175292969,-0.230224609,-4.503816794,5.129770992,-15.81679389,0.089355469,-0.976074219,0.024658203,-1.694656489,-6.778625954,22.78625954
2826,1780506940,-0.911132813,0.218261719,-0.239013672,-6.679389313,5.816793893,-15.18320611,0.062988281,-0.994140625,0.011474609,-1.381679389,-10.01526718,22.26717557
2827,1780506940,-0.914794922,0.208496094,-0.253662109,-9.404580153,6.450381679,-14.91603053,0.061279297,-1.008789063,-0.005615234,-1.213740458,-12.30534351,21.45038168
2828,1780506940,-0.919677734,0.209228516,-0.258789063,-13.07633588,7.091603053,-14.09160305,0.070556641,-1.001220703,-0.005615234,-1.595419847,-13.25954198,19.87022901
2829,1780506940,-0.936767578,0.154785156,-0.236328125,-13.77862595,6.709923664,-12.90076336,0.086669922,-1.010498047,-0.017089844,-1.625954198,-11.88549618,17.28244275
2830,1780506940,-0.934082031,0.139160156,-0.228027344,-11.97709924,6.160305344,-11.6870229,0.109863281,-0.998535156,0.001220703,-1.755725191,-10.11450382,15.38167939
2831,1780506940,-0.941894531,0.125244141,-0.213378906,-9.015267176,5.34351145,-10.6259542,0.140380859,-1.015136719,-0.017089844,-1.755725191,-6.488549618,14.22137405
2832,1780506940,-0.949462891,0.125732422,-0.201660156,-5.992366412,4.442748092,-9.465648855,0.149902344,-1.018066406,-0.016601563,-1.557251908,-2.328244275,12.46564885
2833,1780506940,-0.953369141,0.1171875,-0.203613281,-2.755725191,3.229007634,-7.427480916,0.145263672,-1.021728516,-0.023681641,-1.603053435,1.259541985,10.22137405
2834,1780506940,-0.968261719,0.12109375,-0.208251953,0.145038168,2.160305344,-5.534351145,0.127929688,-1.022949219,-0.005859375,-2.167938931,3.755725191,7.267175573
2835,1780506940,-0.955322266,0.125244141,-0.22265625,3.381679389,1.221374046,-3.41221374,0.109130859,-1.016601563,-0.020507813,-1.854961832,6.297709924,5.129770992
2836,1780506940,-0.949462891,0.122802734,-0.223144531,7.396946565,0.167938931,-3.625954198,0.077636719,-1.012451172,-0.019287109,-1.381679389,7.534351145,4.572519084
2837,1780506940,-0.928466797,0.19921875,-0.249267578,3.496183206,0.702290076,-2.045801527,0.069824219,-1.005859375,0.005615234,-1.427480916,5.526717557,2.79389313
2838,1780506940,-0.929443359,0.165527344,-0.258056641,1.076335878,0.801526718,-0.923664122,0.040283203,-1.013183594,-0.017333984,-1.740458015,3.404580153,1.679389313
2839,1780506940,-0.923339844,0.150878906,-0.253417969,0.992366412,0.404580153,-1.290076336,0.043945313,-1.012451172,-0.003173828,-2.328244275,2.564885496,1.114503817
2840,1780506940,-0.927246094,0.157958984,-0.256347656,-0.129770992,0.335877863,-1.816793893,0.039794922,-0.993652344,0.005615234,-2.72519084,0.618320611,0.633587786
2841,1780506940,-0.930664063,0.171630859,-0.242431641,-1.267175573,0.175572519,-1.778625954,0.040283203,-1.009521484,-0.012451172,-2.755725191,-0.687022901,0.755725191
2842,1780506940,-0.930908203,0.194335938,-0.237548828,-2.061068702,0.091603053,-1.923664122,0.044433594,-1.014648438,-0.013916016,-1.984732824,-1.267175573,0.923664122
2843,1780506940,-0.934082031,0.202880859,-0.232421875,-3.236641221,0.099236641,-1.740458015,0.026855469,-1.008544922,-0.003662109,-1.427480916,-2.190839695,0.977099237
2844,1780506940,-0.932373047,0.197509766,-0.221191406,-5.351145038,0.236641221,-2.076335878,0.017089844,-1.0078125,0.029541016,-1.038167939,-3.473282443,0.977099237
2845,1780506940,-0.931640625,0.188232422,-0.212402344,-6.755725191,0.419847328,-2.541984733,0.037109375,-1.009277344,0.017822266,-0.86259542,-4.34351145,0.664122137
2846,1780506940,-0.939697266,0.172119141,-0.224365234,-6.694656489,0.129770992,-2.816793893,0.039306641,-1.014404297,0.017822266,-0.816793893,-5.305343511,0.290076336
2847,1780506940,-0.939208984,0.189208984,-0.220214844,-6.641221374,0.244274809,-3.145038168,0.043212891,-1.015625,0.010009766,-0.389312977,-5.671755725,0.450381679
2848,1780506940,-0.937011719,0.208496094,-0.224365234,-7.015267176,0.251908397,-3.122137405,0.048583984,-1.013427734,0.004882813,0.198473282,-5.099236641,0.671755725
2849,1780506940,-0.933105469,0.184570313,-0.221435547,-7.610687023,0.396946565,-2.854961832,0.050537109,-1.011230469,0.008300781,0.770992366,-4.152671756,0.763358779
2850,1780506940,-0.922119141,0.164306641,-0.218505859,-7.145038168,0.007633588,-3.175572519,0.05078125,-1.010742188,0.002441406,0.740458015,-3.625954198,0.267175573
2851,1780506940,-0.938964844,0.161865234,-0.233886719,-7.778625954,-0.083969466,-3.251908397,0.0546875,-1.011962891,-0.002685547,1.145038168,-2.763358779,-1.908396947
2852,1780506940,-0.922851563,0.177001953,-0.233886719,-5.221374046,-0.496183206,-3.297709924,0.056152344,-1.022949219,-0.011230469,0.870229008,-2.358778626,-0.099236641
2853,1780506940,-0.930175781,0.166748047,-0.248535156,-5.297709924,-0.763358779,-3.145038168,0.053466797,-1.010253906,-0.000488281,1.015267176,-2.641221374,-0.13740458
2854,1780506940,-0.929199219,0.174804688,-0.246582031,-5.687022901,-1.038167939,-3.27480916,0.052246094,-1.006591797,-0.012451172,1.41221374,-3.221374046,-0.366412214
2855,1780506940,-0.927246094,0.1796875,-0.233642578,-6.27480916,-1.290076336,-3.374045802,0.053222656,-1.008056641,-0.017333984,1.244274809,-5.854961832,-0.320610687
2856,1780506940,-0.936035156,0.170166016,-0.229248047,-6.93129771,-1.541984733,-3.442748092,0.059326172,-1.013671875,-0.003662109,1.381679389,-4.900763359,-0.427480916
2857,1780506940,-0.947265625,0.171386719,-0.228515625,-7.244274809,-1.877862595,-3.671755725,0.054443359,-1.016113281,0.003662109,1.625954198,-4.992366412,-0.816793893
2858,1780506940,-0.943115234,0.186767578,-0.233886719,-7.213740458,-2.129770992,-3.679389313,0.057128906,-1.007568359,-0.008789063,1.854961832,-4.885496183,-0.557251908
2859,1780506940,-0.934082031,0.173339844,-0.228515625,-7.664122137,-2.320610687,-3.671755725,0.06640625,-1.003662109,-0.007080078,2.236641221,-4.20610687,-0.79389313
2860,1780506940,-0.926025391,0.166503906,-0.219970703,-7.122137405,-2.633587786,-3.748091603,0.064208984,-1.0078125,-0.005371094,2.267175573,-3.709923664,-1.13740458
2861,1780506940,-0.934326172,0.171630859,-0.221923828,-6.717557252,-3.13740458,-3.442748092,0.070556641,-1.013427734,-0.026367188,2.221374046,-2.900763359,-1.534351145
2862,1780506940,-0.949462891,0.155273438,-0.204833984,-5.702290076,-3.442748092,-3.404580153,0.069824219,-1.023193359,-0.015136719,2.65648855,-2.534351145,-2.099236641
2863,1780506940,-0.949951172,0.141357422,-0.205810547,-4.786259542,-4.244274809,-3.030534351,0.074951172,-1.019287109,-0.026855469,3.229007634,-1.633587786,-3.442748092
2864,1780506940,-0.946289063,0.288818359,-0.245849609,-4.145038168,-3.847328244,0.022900763,0.128417969,-1.043701172,0.004150391,3.854961832,-2.183206107,-10.17557252
2865,1780506940,-0.931884766,0.058105469,-0.212158203,-4.488549618,-4.282442748,2.977099237,0.047119141,-0.9921875,-0.005615234,3.839694656,-1.580152672,-8.305343511
2866,1780506940,-0.928710938,0.154785156,-0.237792969,-3.580152672,-5.320610687,-0.389312977,0.074951172,-0.988769531,0.012939453,4.106870229,-1.114503817,-3.992366412
2867,1780506940,-0.937011719,0.190917969,-0.229248047,-6.908396947,-4.816793893,1.122137405,0.139160156,-1.020996094,0.020019531,4.404580153,-3.114503817,-9.045801527
2868,1780506941,-0.927001953,0.169921875,-0.225097656,-11.33587786,-4.190839695,4.664122137,0.136962891,-1.020507813,-0.027099609,5.549618321,-4.396946565,-12.04580153
2869,1780506941,-0.996337891,0.112792969,-0.229492188,-7.160305344,-5.175572519,6.13740458,0.147949219,-1.001708984,-0.067626953,5.282442748,-1.900763359,-13.19847328
2870,1780506941,-0.942382813,0.167480469,-0.219482422,-13.06870229,-4.946564885,8.58778626,0.173828125,-0.845458984,-0.025634766,7.419847328,-2.404580153,-17.95419847
2871,1780506941,-0.845703125,0.045410156,-0.2265625,-15.17557252,-6.251908397,14.46564885,0.222900391,-1.028808594,-0.051513672,2,-5.79389313,-24.15267176
2872,1780506941,-1.135742188,0.127929688,-0.220458984,-9.824427481,-9.396946565,19.94656489,0.273681641,-1.010009766,-0.087646484,2.610687023,-0.687022901,-30.46564885
2873,1780506941,-0.958740234,0.020507813,-0.270507813,-8.572519084,-10.50381679,24.51145038,0.299804688,-0.977539063,-0.068847656,0.328244275,2.099236641,-37.04580153
2874,1780506941,-0.96484375,0.006591797,-0.25,-2.709923664,-12.32824427,30.52671756,0.353027344,-0.977783203,-0.071777344,-0.20610687,5.740458015,-43.21374046
2875,1780506941,-0.983642578,0.004394531,-0.234130859,0.030534351,-13.5648855,35.21374046,0.373779297,-0.954345703,-0.094238281,-1.786259542,12.35877863,-51.98473282
2876,1780506941,-1.015869141,0.0546875,-0.176269531,8.251908397,-15.61068702,41.15267176,0.395263672,-0.987548828,-0.067138672,-1.358778626,20.64122137,-56.24427481
2877,1780506941,-1.014648438,0.125732422,-0.153808594,14.94656489,-17.08396947,48.64885496,0.404541016,-0.987060547,-0.057128906,-1.396946565,29.36641221,-59.0610687
2878,1780506941,-1.045410156,0.121337891,-0.136230469,21.58778626,-19.80916031,53.29770992,0.397460938,-1.016113281,-0.039550781,-1.549618321,43.53435115,-61.55725191
2879,1780506941,-1.04296875,0.125244141,-0.183837891,33.78625954,-21.51145038,57.35877863,0.365966797,-0.977783203,0.005615234,-2.290076336,53.07633588,-63.23664122
2880,1780506941,-0.994384766,0.090576172,-0.19921875,41.10687023,-21.67938931,57.9389313,0.291992188,-0.972412109,0.053710938,-3.717557252,60.96183206,-64.45801527
2881,1780506941,-0.979003906,0.192626953,-0.239501953,47.29770992,-21.03053435,56.32824427,0.211669922,-1.017333984,0.083007813,-5.366412214,61.55725191,-59.52671756
2882,1780506941,-0.981933594,0.285400391,-0.295654297,46.22900763,-18.92366412,53.51908397,0.12890625,-1.08984375,0.09375,-7.13740458,57.48854962,-55.69465649
2883,1780506941,-1.009277344,0.404052734,-0.305419922,41.96183206,-16.40458015,50.15267176,0.0703125,-1.161376953,0.084960938,-8.618320611,52.52671756,-52.38931298
2884,1780506941,-1.071044922,0.275634766,-0.26171875,30.02290076,-15.09160305,42.5648855,0.002929688,-1.220703125,0.057617188,-10.48854962,44.72519084,-47.92366412
2885,1780506941,-1.107177734,-0.376708984,-0.290527344,36.27480916,-15.41221374,15.18320611,-0.034179688,-1.230957031,0.047851563,-8.511450382,43.65648855,-40.08396947
2886,1780506941,-1.012939453,-0.968017578,-0.404785156,33.36641221,-10.41221374,-29.77099237,-0.076171875,-1.106689453,0.042724609,-7.541984733,41.21374046,-35.87022901
2887,1780506941,-1.076171875,-0.690185547,-0.426513672,33.27480916,-9.114503817,-58.47328244,0.109619141,-1.012695313,-0.013671875,-11.47328244,35.28244275,-35.72519084
2888,1780506941,-0.974365234,-0.693603516,-0.47265625,38.45801527,-5.351145038,-85.39694656,0.184082031,-0.973144531,0.006591797,-15.46564885,29.77862595,-36.80152672
2889,1780506941,-1.008789063,-0.435302734,-0.499267578,38.09923664,-0.977099237,-102.0229008,0.303955078,-0.911865234,0.035644531,-17.91603053,24.90839695,-38.77099237
2890,1780506941,-1.096923828,-0.359863281,-0.516113281,31.10687023,6.610687023,-112.259542,0.409179688,-0.975097656,0.091064453,-18.20610687,14.67938931,-45.48854962
2891,1780506941,-1.229980469,-0.231445313,-0.459960938,21.48854962,13.33587786,-114.9618321,0.453857422,-1.019287109,0.108642578,-18.00763359,1.251908397,-55.77099237
2892,1780506941,-1.274414063,-0.155029297,-0.440917969,7.885496183,20.51908397,-115.2900763,0.496337891,-1.03515625,0.086669922,-19.51145038,-13.14503817,-66.76335878
2893,1780506941,-1.313476563,-0.113525391,-0.430908203,-2.34351145,25.67938931,-108.5267176,0.502197266,-1.060302734,0.084472656,-21.89312977,-28.10687023,-84.77862595
2894,1780506941,-1.362060547,-0.105712891,-0.384277344,-16.48854962,28.8778626,-103.1755725,0.527832031,-1.079345703,0.048339844,-26,-43.2519084,-95.40458015
2895,1780506941,-1.304931641,-0.407714844,-0.248779297,-12.03053435,28.67175573,-106.480916,0.513916016,-1.066162109,-0.024414063,-28.21374046,-52.26717557,-101.9236641
2896,1780506941,-1.348388672,-0.039794922,-0.322998047,-28.6259542,31.52671756,-101.0687023,0.645019531,-1.020019531,-0.089111328,-28.81679389,-55.63358779,-115.129771
2897,1780506941,-1.269775391,-0.269042969,-0.260498047,-32.87022901,33.97709924,-97.14503817,0.687988281,-0.985595703,-0.112792969,-28.12977099,-52.41221374,-121.9770992
2898,1780506941,-1.318115234,-0.335449219,-0.262451172,-29.65648855,33.23664122,-101.2442748,0.661132813,-0.993652344,-0.161132813,-27.71755725,-44.11450382,-123.8473282
2899,1780506941,-1.312255859,-0.398925781,-0.260498047,-24.94656489,36.1221374,-107.3587786,0.696777344,-1.036621094,-0.126708984,-27.9389313,-36.79389313,-124.480916
2900,1780506941,-1.416015625,-0.353759766,-0.250244141,-16.80916031,34.44274809,-112.0687023,0.767578125,-1.096191406,-0.110839844,-28.82442748,-27.6870229,-127.6412214
2901,1780506941,-1.514648438,-0.414550781,-0.230712891,-8.610687023,31.09923664,-115.4198473,0.795410156,-1.087890625,-0.070800781,-30.96183206,-21.26717557,-133.2900763
2902,1780506941,-1.505371094,-0.398925781,-0.207275391,0.427480916,28.18320611,-117.4122137,0.803710938,-1.046875,-0.044433594,-32.24427481,-9.992366412,-140.0381679
2903,1780506941,-1.472167969,-0.348632813,-0.19140625,12.97709924,26.29007634,-117.7938931,0.819091797,-1.022460938,-0.111816406,-33,1.938931298,-145.7938931
2904,1780506941,-1.473388672,-0.30078125,-0.211181641,20.88549618,24.45038168,-118.3587786,0.863037109,-1.017822266,-0.129150391,-29.88549618,13.16030534,-148.0229008
2905,1780506941,-1.459472656,-0.255615234,-0.229980469,24.95419847,22.67175573,-117.2977099,0.879882813,-1.030761719,-0.108398438,-27.97709924,17.01526718,-147.7938931
2906,1780506941,-1.507568359,-0.198974609,-0.218261719,25.0610687,20.70229008,-119.1450382,0.864501953,-1.076660156,-0.02734375,-27.11450382,14.36641221,-148.740458
2907,1780506941,-1.57421875,-0.193359375,-0.197998047,21.99236641,18.53435115,-117.610687,0.831054688,-1.106689453,-0.029541016,-25.94656489,10.35877863,-157.3587786
2908,1780506941,-1.61328125,-0.199707031,-0.216552734,23.26717557,14.4351145,-115.1832061,0.813720703,-1.106445313,-0.069335938,-25.45801527,5.72519084,-166.6183206
2909,1780506941,-1.638427734,-0.214599609,-0.159667969,21.26717557,11.67938931,-112.6641221,0.798583984,-1.063232422,-0.063232422,-27,3.618320611,-176.2519084
2910,1780506941,-1.558105469,-0.222900391,-0.176025391,23.27480916,6.076335878,-112.8091603,0.786621094,-0.984375,-0.063720703,-22.81679389,1.167938931,-179.9847328
2911,1780506941,-1.377685547,-0.206298828,-0.195556641,22.27480916,3.694656489,-116.0229008,0.764404297,-0.843261719,-0.103027344,-21.28244275,1.801526718,-176.0610687
2912,1780506941,-1.233886719,-0.220703125,-0.218994141,20.60305344,2.984732824,-122.7557252,0.726074219,-0.796630859,-0.052246094,-19.83969466,5.809160305,-168.9465649
2913,1780506941,-1.185058594,-0.282958984,-0.205322266,23.40458015,1.450381679,-132.6259542,0.660888672,-0.773681641,-0.055664063,-17.4351145,7.908396947,-159.4274809
2914,1780506941,-1.137695313,-0.283447266,-0.245117188,28.84732824,1.908396947,-145.4961832,0.598144531,-0.767333984,-0.133544922,-16.29007634,12.79389313,-149.351145
2915,1780506941,-1.165527344,-0.224365234,-0.255126953,33.77099237,-1.916030534,-154.5801527,0.620605469,-0.785644531,-0.041259766,-16.32061069,9.435114504,-147.7251908
2916,1780506941,-1.251464844,-0.076904297,-0.332763672,24.58778626,-0.221374046,-157,0.639648438,-0.822998047,-0.013671875,-14.97709924,0.030534351,-146.6870229
2917,1780506941,-1.295410156,-0.091796875,-0.365722656,19.46564885,0.198473282,-158.9007634,0.645019531,-0.811279297,-0.042236328,-17.58015267,-4.641221374,-149.3816794
2918,1780506941,-1.28125,-0.007568359,-0.367919922,14.41221374,2.809160305,-156.7251908,0.682861328,-0.714111328,0.019042969,-13.97709924,-9.244274809,-151.5725191
2919,1780506941,-1.153320313,-0.023681641,-0.339111328,9.458015267,5.572519084,-155.0229008,0.646484375,-0.616699219,-0.033203125,-14.32824427,-10.69465649,-148.9160305
2920,1780506941,-1.026855469,-0.045410156,-0.315673828,9.86259542,7.229007634,-155.3053435,0.625732422,-0.541992188,-0.03515625,-14.73282443,-13.35877863,-141.2977099
2921,1780506941,-0.890869141,0.017578125,-0.293457031,6.267175573,8.251908397,-156.6335878,0.592529297,-0.456542969,-0.062011719,-14.16793893,-19.52671756,-129.9847328
2922,1780506941,-0.780761719,0.016357422,-0.254150391,6.603053435,9.450381679,-158.9847328,0.548095703,-0.477294922,-0.143798828,-17.57251908,-25.1221374,-116.9312977
2923,1780506941,-0.778808594,0.079589844,-0.266357422,2.603053435,8.900763359,-158.480916,0.660400391,-0.451904297,-0.116455078,-16.18320611,-26.3129771,-107.778626
2924,1780506941,-0.847167969,0.197998047,-0.277099609,-0.603053435,9.893129771,-151.6793893,0.719482422,-0.473388672,-0.073974609,-14.16030534,-23.70992366,-103.0381679
2925,1780506941,-0.873291016,0.236572266,-0.310302734,-1.053435115,11.38167939,-138.8473282,0.777832031,-0.454589844,-0.083251953,-15.77862595,-23.58778626,-102.0305344
2926,1780506941,-0.850830078,0.302978516,-0.27734375,-2.908396947,12.73282443,-122.3740458,0.809814453,-0.430175781,-0.104736328,-15.22137405,-22.0610687,-103.4274809
2927,1780506941,-0.762451172,0.322021484,-0.236816406,-3.58778626,12.91603053,-104.7709924,0.791992188,-0.366943359,-0.093261719,-14.98473282,-18.94656489,-94.94656489
2928,1780506941,-0.560791016,0.235351563,-0.158691406,0.603053435,11.24427481,-96.03053435,0.700439453,-0.290771484,-0.106445313,-15.35114504,-14.05343511,-85.13740458
2929,1780506941,-0.448974609,0.225830078,-0.104248047,4.877862595,8.79389313,-85.07633588,0.648925781,-0.224121094,-0.125,-15.29770992,-6.93129771,-75.00763359
2930,1780506941,-0.379394531,0.270019531,-0.083496094,10.64885496,5.93129771,-74.98473282,0.619873047,-0.232177734,-0.137207031,-14.60305344,-1.625954198,-61.81679389
2931,1780506941,-0.308837891,0.167480469,-0.105712891,13.9389313,2.305343511,-73.35114504,0.587158203,-0.280273438,-0.173095703,-14.38931298,1.748091603,-42.49618321
2932,1780506941,-0.427001953,0.343261719,-0.181396484,16.70992366,-0.755725191,-63.95419847,0.751708984,-0.347412109,-0.109863281,-12.70992366,5.106870229,-37.07633588
2933,1780506941,-0.576416016,0.481933594,-0.165039063,12.64122137,-0.41221374,-39.91603053,0.808837891,-0.390625,-0.040771484,-9.473282443,5.167938931,-35.0610687
2934,1780506941,-0.450439453,0.30859375,-0.157470703,15.3740458,-0.923664122,-27.51908397,0.683349609,-0.342041016,-0.0859375,-7.229007634,7.404580153,-22.02290076
2935,1780506941,-0.386962891,0.520507813,-0.157714844,9.13740458,0.251908397,-8.65648855,0.683349609,-0.228027344,-0.028076172,-4.099236641,8.93129771,-20.11450382
2936,1780506941,-0.306152344,0.343994141,-0.051757813,-1.893129771,1.328244275,6.236641221,0.535400391,-0.184570313,-0.037353516,-1.389312977,7.129770992,-10.00763359
2937,1780506941,-0.146972656,0.163330078,-0.024902344,3.580152672,-2.305343511,10.99236641,0.392822266,-0.149902344,-0.133300781,-0.86259542,7.870229008,8.450381679
2938,1780506941,-0.088623047,0.184814453,-0.006103516,4.053435115,-6.351145038,12.6870229,0.525634766,-0.193847656,-0.10546875,2.511450382,7.977099237,22.6259542
2939,1780506941,-0.237304688,0.217773438,-0.00390625,0.022900763,-8.885496183,18.13740458,0.476074219,-0.239746094,-0.119384766,3.854961832,7.900763359,40.02290076
2940,1780506941,-0.306396484,0.155029297,-0.078125,10,-13.61832061,21.1221374,0.610595703,-0.337158203,-0.129150391,6.687022901,14.17557252,51.22900763
2941,1780506941,-0.447509766,0.30078125,-0.119873047,5.870229008,-14.96183206,32.48854962,0.718505859,-0.359619141,-0.124511719,5.938931298,16.73282443,55.81679389
2942,1780506941,-0.564208984,0.290527344,-0.155273438,4.877862595,-15.06870229,46.93129771,0.770507813,-0.37890625,-0.057373047,12.04580153,18.52671756,58.45801527
2943,1780506941,-0.586425781,0.34765625,-0.186767578,-0.610687023,-13.67938931,63.08396947,0.680419922,-0.374755859,-0.092529297,13.40458015,16.97709924,68.33587786
2944,1780506941,-0.5078125,0.354980469,-0.198974609,-5.335877863,-12.32061069,73.83969466,0.671875,-0.315429688,-0.071533203,15.13740458,14.20610687,79.26717557
2945,1780506941,-0.479736328,0.302734375,-0.208007813,-8.572519084,-10.29770992,84.48091603,0.724853516,-0.293212891,-0.026611328,18.27480916,12.26717557,83.82442748
2946,1780506941,-0.59375,0.405273438,-0.187011719,-23.77862595,-9.160305344,104.1832061,0.706542969,-0.282470703,-0.075439453,19.42748092,5.877862595,90.38167939
2947,1780506941,-0.594970703,0.048828125,-0.147949219,-15.22137405,-12.40458015,111.1374046,0.720947266,-0.351806641,-0.113037109,16.88549618,9.099236641,97.59541985
2948,1780506941,-0.694091797,0.107177734,-0.156494141,-11.82442748,-14.44274809,118.8244275,0.735107422,-0.376708984,-0.128417969,17.38931298,12.29770992,105.1832061
2949,1780506941,-0.79296875,0.087402344,-0.172119141,-11.64122137,-15.95419847,127.4885496,0.824951172,-0.455322266,-0.128173828,20.38931298,16.92366412,109.9694656
2950,1780506941,-0.897460938,0.063232422,-0.183105469,-11.01526718,-17.24427481,137.2137405,0.864501953,-0.477294922,-0.138671875,22.14503817,22.03053435,113.129771
2951,1780506941,-0.959960938,0.05859375,-0.19921875,-10.08396947,-17.93129771,147,0.868164063,-0.5,-0.091796875,23.61068702,23.49618321,115.8244275
2952,1780506942,-0.989257813,0.058837891,-0.231689453,-10.61068702,-18.07633588,156.6335878,0.843994141,-0.450439453,-0.029541016,22.97709924,26.64122137,118.7480916
2953,1780506942,-0.981201172,0.018554688,-0.177734375,-10.50381679,-18.77862595,164.8473282,0.8125,-0.41015625,-0.0078125,20.57251908,26.85496183,121.351145
2954,1780506942,-1.002197266,-0.027587891,-0.165039063,-8.229007634,-20.57251908,170.9389313,0.826416016,-0.461425781,-0.07421875,17.64885496,29.29007634,128.870229
2955,1780506942,-1.076904297,-0.107421875,-0.147216797,-0.969465649,-24.44274809,173.7633588,0.838867188,-0.537353516,-0.125244141,15.03053435,36.48854962,133.3816794
2956,1780506942,-1.198974609,-0.124267578,-0.166748047,8.366412214,-28.41984733,176.6259542,0.860839844,-0.614990234,-0.124511719,12.50381679,43.7480916,135.2442748
2957,1780506942,-1.293945313,-0.082763672,-0.197509766,13.83969466,-30.74045802,181.1374046,0.888183594,-0.659667969,-0.072021484,10.83206107,49.42748092,134.8931298
2958,1780506942,-1.359375,-0.063232422,-0.222167969,17.66412214,-31.45038168,186.1526718,0.854980469,-0.669189453,-0.041992188,9.618320611,51.90076336,133.778626
2959,1780506942,-1.330566406,-0.059570313,-0.234863281,21.13740458,-30.6870229,190.2366412,0.804931641,-0.626220703,-0.004150391,7.641221374,51.35114504,133.221374
2960,1780506942,-1.278808594,-0.018554688,-0.268798828,20.19083969,-28.14503817,194.1221374,0.764648438,-0.584716797,0.028320313,5.007633588,49.19847328,133.2137405
2961,1780506942,-1.277832031,-0.017333984,-0.282714844,18.6259542,-24.67938931,197.1908397,0.755126953,-0.614257813,0.027587891,2,45.17557252,134.4274809
2962,1780506942,-1.314697266,0.000488281,-0.341552734,18.03053435,-21.02290076,198.3740458,0.735107422,-0.749267578,-0.001953125,-2.664122137,41.20610687,135.0763359
2963,1780506942,-1.454833984,-0.0390625,-0.3671875,15.67938931,-17.67938931,197.6412214,0.739990234,-0.903320313,0.009033203,-5.519083969,36.33587786,132.1908397
2964,1780506942,-1.620605469,-0.043945313,-0.356201172,11.48854962,-14.60305344,195.778626,0.723388672,-1.025390625,-0.022216797,-4.496183206,32.14503817,126.2366412
2965,1780506942,-1.640625,-0.046630859,-0.310791016,5.198473282,-12.08396947,191.6335878,0.682128906,-0.992675781,-0.008544922,-3.969465649,22.26717557,122.2900763
2966,1780506942,-1.531982422,-0.080566406,-0.296630859,-3.564885496,-11.72519084,186.4198473,0.683105469,-0.888183594,0.043457031,-3.297709924,11.52671756,120.2748092
2967,1780506942,-1.389648438,-0.156738281,-0.273193359,-10.26717557,-6.839694656,180.6793893,0.676757813,-0.743652344,0.085449219,-1.534351145,1.625954198,118.870229
2968,1780506942,-1.281494141,-0.189208984,-0.255859375,-12.39694656,-3.091603053,174.610687,0.696044922,-0.707275391,0.043212891,-1.267175573,0.458015267,119.6030534
2969,1780506942,-1.243164063,-0.178466797,-0.213623047,-15.23664122,1.190839695,166.9389313,0.702880859,-0.760742188,0.081298828,-1.351145038,-1.320610687,121.1679389
2970,1780506942,-1.250488281,-0.214111328,-0.163818359,-16.54961832,4.015267176,155.519084,0.673339844,-0.871337891,0.086425781,3.267175573,-0.038167939,127.1603053
2971,1780506942,-1.237060547,-0.216796875,-0.155517578,-17.22137405,6.282442748,140.8320611,0.638183594,-0.943359375,0.088134766,7.152671756,-0.198473282,135.1145038
2972,1780506942,-1.298583984,-0.188232422,-0.133056641,-19.28244275,6.694656489,128.0763359,0.645996094,-0.997802734,0.123779297,8.824427481,-5.900763359,129.7862595
2973,1780506942,-1.453369141,-0.139160156,-0.093017578,-23.49618321,6.045801527,121.3358779,0.602539063,-1.032714844,0.015625,5.900763359,-13.67938931,121.8778626
2974,1780506942,-1.442138672,-0.156738281,-0.076171875,-22.66412214,3.198473282,112.6717557,0.603027344,-1.0390625,-0.013916016,9.419847328,-12,113.9312977
2975,1780506942,-1.386474609,-0.067138672,-0.102539063,-21.19083969,0.641221374,105.7328244,0.647216797,-1.015380859,-0.00390625,10.90839695,-11.27480916,110.480916
2976,1780506942,-1.26953125,-0.042236328,-0.108886719,-18.18320611,-0.885496183,97.97709924,0.697265625,-0.996826172,0.025634766,14.08396947,-8.954198473,110.3282443
2977,1780506942,-1.259277344,0.122314453,-0.129638672,-21.77862595,-1.106870229,94.53435115,0.730712891,-0.981445313,-0.009521484,12.90839695,-6.557251908,110.2061069
2978,1780506942,-1.305664063,-0.009765625,-0.188720703,-22.04580153,-2.717557252,90.29007634,0.708251953,-0.94140625,0.052001953,8.633587786,-3.541984733,109.1068702
2979,1780506942,-1.242919922,-0.015869141,-0.197265625,-13.70229008,-3.641221374,84.33587786,0.630859375,-0.996826172,0.152832031,8.374045802,-0.480916031,106.610687
2980,1780506942,-1.165527344,-0.044189453,-0.209472656,-10.0610687,-1.129770992,75.24427481,0.479003906,-1.04296875,0.075683594,8.183206107,5.061068702,105.0076336
2981,1780506942,-1.138916016,-0.041015625,-0.230712891,-6.770992366,1.435114504,63.73282443,0.395751953,-1.1015625,0.057861328,8.045801527,6.312977099,103.0763359
2982,1780506942,-1.142578125,-0.047363281,-0.248291016,-7.488549618,3.076335878,50.87022901,0.336425781,-1.125976563,0.08203125,8.038167939,2.664122137,100.3740458
2983,1780506942,-1.122070313,-0.041748047,-0.264892578,-9.183206107,5.183206107,37.38931298,0.290283203,-1.110351563,0.081787109,7.984732824,-4.190839695,97.10687023
2984,1780506942,-1.089111328,-0.023925781,-0.269042969,-12.05343511,6.946564885,26.85496183,0.273925781,-1.075439453,0.056884766,6.801526718,-10.05343511,93.16793893
2985,1780506942,-1.05859375,-0.020996094,-0.257324219,-13.61832061,8.129770992,14,0.293212891,-1.022460938,0.058105469,5.473282443,-14.83206107,89.58015267
2986,1780506942,-1.01171875,-0.013671875,-0.257080078,-14.48091603,9.328244275,4.496183206,0.290527344,-1.013183594,0.064453125,3.93129771,-19.25954198,86.40458015
2987,1780506942,-0.994140625,0.022216797,-0.244628906,-14.73282443,10.6870229,-4.534351145,0.293701172,-1.026123047,0.067138672,3.687022901,-22.3129771,84.97709924
2988,1780506942,-0.994628906,0.042236328,-0.264404297,-15.80152672,12.44274809,-11.75572519,0.28125,-1.038085938,0.044189453,2.58778626,-24.03816794,84.33587786
2989,1780506942,-0.995605469,0.006347656,-0.286621094,-17.27480916,15.22900763,-24.19083969,0.258789063,-1.064208984,0.048828125,3.007633588,-26.54198473,84.46564885
2990,1780506942,-1.016601563,-0.060546875,-0.305908203,-18.05343511,17.95419847,-37.10687023,0.232421875,-1.088867188,0.031005859,3.435114504,-28.21374046,84.76335878
2991,1780506942,-1.071289063,-0.231201172,-0.293212891,-21.55725191,19.44274809,-54.36641221,0.218505859,-1.094970703,-0.006835938,1.786259542,-32.12977099,83.58778626
2992,1780506942,-1.123291016,-0.329101563,-0.310302734,-22.09160305,20.16030534,-71.77862595,0.210449219,-1.088134766,0.000244141,1.832061069,-36.1221374,80.6870229
2993,1780506942,-1.133300781,-0.362060547,-0.294189453,-24.16793893,21.67175573,-88.49618321,0.197265625,-1.047119141,0.041992188,-0.198473282,-42.4351145,77.9389313
2994,1780506942,-1.111572266,-0.035888672,-0.3125,-26.29007634,22.27480916,-95.2519084,0.224365234,-1.016357422,0.026611328,-1.954198473,-47.60305344,66.45801527
2995,1780506942,-1.10546875,0.266113281,-0.342285156,-32.95419847,25.98473282,-89.76335878,0.258056641,-1.024169922,0.001708984,-3.633587786,-52.19847328,55.78625954
2996,1780506942,-1.091308594,0.362060547,-0.294677734,-38.46564885,28.22900763,-80.03816794,0.294677734,-1.064453125,0.026123047,-5.236641221,-57.50381679,46.32824427
2997,1780506942,-1.097412109,0.484130859,-0.28125,-46.87022901,28.91603053,-65.30534351,0.30859375,-1.049316406,-0.018310547,-6.534351145,-60.66412214,38.92366412
2998,1780506942,-1.078857422,0.541259766,-0.200439453,-53.11450382,28.67175573,-49.97709924,0.324951172,-1.047119141,-0.031982422,-8.702290076,-66.93129771,28.26717557
2999,1780506942,-1.090576172,0.459228516,-0.086425781,-61.58778626,25.58778626,-36.64885496,0.327392578,-1.070068359,-0.037109375,-8.877862595,-69.48854962,21.92366412
3000,1780506942,-1.073730469,0.180908203,0.013183594,-60.20610687,21.29770992,-31.5648855,0.316894531,-1.062988281,-0.045410156,-6.030534351,-66.82442748,20.29770992
3001,1780506942,-1.053710938,-0.043212891,0.044677734,-58.48854962,17.09160305,-35.08396947,0.321777344,-1.0703125,-0.037353516,-2.648854962,-61.35877863,21.70229008
3002,1780506942,-1.066650391,-0.135009766,0.080810547,-47.69465649,13.60305344,-40.25954198,0.373046875,-1.057128906,-0.016845703,0.396946565,-51.84732824,21.3740458
3003,1780506942,-1.087646484,-0.025878906,0.013671875,-38.29770992,8.27480916,-40.12977099,0.416992188,-1.057128906,0.01953125,2.961832061,-41.20610687,16.70229008
3004,1780506942,-1.077148438,0.141845703,-0.105712891,-29.39694656,7.312977099,-32.09923664,0.445800781,-1.045898438,0.009033203,3.93129771,-33.13740458,8.786259542
3005,1780506942,-1.047607422,0.210449219,-0.202880859,-21.51145038,6.72519084,-20.73282443,0.435791016,-1.016601563,-0.015625,2.442748092,-21.54961832,1
3006,1780506942,-1.005859375,0.192138672,-0.271972656,-14.92366412,5.717557252,-10.13740458,0.3984375,-0.993164063,-0.0625,-0.641221374,-11,-4.183206107
3007,1780506942,-0.932128906,-0.009033203,-0.297363281,-4.251908397,3.923664122,-8.145038168,0.313720703,-0.952636719,-0.080566406,-3.145038168,-0.351145038,-4.27480916
3008,1780506942,-0.917236328,0.056640625,-0.337890625,2.480916031,3.190839695,-7.465648855,0.278564453,-0.961425781,-0.121582031,-5.702290076,8.229007634,-3.847328244
3009,1780506942,-0.915771484,0.12890625,-0.321289063,9.366412214,2.877862595,-6.099236641,0.259521484,-0.982910156,-0.108642578,-7.893129771,12.49618321,-2.534351145
3010,1780506942,-0.923828125,0.208007813,-0.276367188,12.80152672,1.480916031,-4.564885496,0.208251953,-0.984863281,-0.108154297,-8.419847328,13.70229008,-0.877862595
3011,1780506942,-0.923828125,0.233154297,-0.233642578,14.73282443,0.160305344,-4.557251908,0.129150391,-0.998291016,-0.081787109,-8.335877863,15.39694656,3.839694656
3012,1780506942,-0.891357422,0.114746094,-0.196777344,20.23664122,-0.061068702,-9.267175573,0.173095703,-1.064941406,-0.058349609,-6.961832061,16.95419847,11.16793893
3013,1780506942,-0.915527344,0.382324219,-0.220947266,16.6870229,-0.969465649,-12.54198473,0.040283203,-1.023681641,0.002441406,-5.511450382,17.5648855,13.96946565
3014,1780506942,-0.914306641,0.326904297,-0.218994141,11.16030534,0.114503817,-10.65648855,0.088867188,-1.008789063,0.020751953,-5.145038168,11.25954198,12.53435115
3015,1780506942,-0.924560547,0.246582031,-0.212158203,12.22900763,0.305343511,-9.442748092,0.066162109,-1.030029297,0.039794922,-5.320610687,8.534351145,10.12977099
3016,1780506942,-0.93359375,0.272949219,-0.195556641,7.20610687,1.152671756,-8.213740458,0.080322266,-1.015380859,0.045410156,-5.396946565,6.381679389,10.40458015
3017,1780506942,-0.93359375,0.157470703,-0.18359375,7.984732824,1.648854962,-10.38931298,0.099365234,-1.010498047,0.065917969,-4.740458015,5.27480916,11.46564885
3018,1780506942,-0.932373047,0.238525391,-0.182128906,4.267175573,2.419847328,-10.60305344,0.123291016,-1.018310547,0.052246094,-4.129770992,3.549618321,11.77099237
3019,1780506942,-0.946533203,0.219726563,-0.156005859,4.297709924,2.496183206,-9.427480916,0.135742188,-1.020507813,0.044677734,-3.465648855,4.312977099,10.58015267
3020,1780506942,-0.968017578,0.245361328,-0.165527344,4.419847328,2.458015267,-6.847328244,0.145751953,-1.016113281,-0.010498047,-2.770992366,6.79389313,9.305343511
3021,1780506942,-0.946777344,0.198730469,-0.177978516,6.145038168,2.213740458,-6.083969466,0.121826172,-1.010742188,-0.001953125,-2.389312977,8.351145038,9.916030534
3022,1780506942,-0.936279297,0.168212891,-0.205566406,7.633587786,1.610687023,-7.320610687,0.107666016,-1.004882813,-0.017822266,-2.06870229,9.465648855,11.49618321
3023,1780506942,-0.941162109,0.194091797,-0.220214844,7.396946565,1.282442748,-8.20610687,0.104980469,-1.017333984,-0.035888672,-1.801526718,9.893129771,12.03816794
3024,1780506942,-0.935546875,0.197509766,-0.242919922,8.167938931,0.86259542,-8.213740458,0.089599609,-1.008056641,-0.045654297,-1.702290076,10.40458015,11.6259542
3025,1780506942,-0.929199219,0.202636719,-0.25390625,8.687022901,0.900763359,-7.778625954,0.080322266,-1.010986328,-0.032470703,-1.908396947,10.20610687,11.48091603
3026,1780506942,-0.919189453,0.215576172,-0.263671875,8.748091603,0.832061069,-7.549618321,0.062744141,-0.994140625,-0.018310547,-2.251908397,9.167938931,12.16030534
3027,1780506942,-0.911376953,0.211669922,-0.264404297,6.832061069,1.091603053,-7.854961832,0.074462891,-1.000488281,-0.018310547,-2.702290076,8.007633588,12.63358779
3028,1780506942,-0.915527344,0.208007813,-0.237060547,5.419847328,1.190839695,-8.015267176,0.078369141,-0.998046875,-0.012207031,-2.213740458,6.778625954,12.39694656
3029,1780506942,-0.930175781,0.212646484,-0.225830078,4.152671756,1.312977099,-6.984732824,0.079345703,-0.997558594,-0.006103516,-2.122137405,5.687022901,10.83206107
3030,1780506942,-0.929443359,0.182373047,-0.207519531,3.816793893,1.351145038,-5.549618321,0.104003906,-0.989013672,0.009765625,-1.740458015,5.648854962,8.984732824
3031,1780506942,-0.922851563,0.169433594,-0.211181641,4.198473282,1.13740458,-4.251908397,0.123291016,-0.988525391,0.000976563,-0.93129771,5.038167939,7.442748092
3032,1780506942,-0.924072266,0.167724609,-0.217285156,3.297709924,1.297709924,-2.969465649,0.1171875,-0.994140625,-0.021240234,-1.473282443,5.381679389,5.916030534
3033,1780506942,-0.944091797,0.165283203,-0.224853516,3.732824427,1,-1.259541985,0.131347656,-1.025634766,-0.010986328,-1.564885496,6.015267176,3.389312977
3034,1780506942,-0.947753906,0.198974609,-0.242431641,2.114503817,1.175572519,0.496183206,0.102783203,-1.009521484,-0.029541016,-1.564885496,6.41221374,3.229007634
3035,1780506943,-0.93359375,0.167480469,-0.241210938,2.740458015,0.595419847,0.564885496,0.103271484,-1.001464844,-0.029296875,-1.709923664,6.961832061,3.083969466
3036,1780506943,-0.934326172,0.169189453,-0.236328125,3.954198473,0.13740458,0.748091603,0.101806641,-0.995849609,-0.046630859,-2,5.870229008,2.854961832
3037,1780506943,-0.915283203,0.170166016,-0.250244141,4.755725191,-0.167938931,1.06870229,0.092041016,-0.985595703,-0.016357422,-2.351145038,8.503816794,2.86259542
3038,1780506943,-0.924316406,0.180175781,-0.247314453,5.648854962,-0.351145038,1.099236641,0.085205078,-0.988769531,-0.02734375,-2.610687023,9.580152672,2.916030534
3039,1780506943,-0.919921875,0.17578125,-0.239746094,6.633587786,-0.381679389,0.969465649,0.072021484,-1.005371094,-0.024902344,-2.580152672,10.28244275,2.786259542
3040,1780506943,-0.926025391,0.213378906,-0.243896484,7.282442748,-0.625954198,1.129770992,0.061279297,-1.009521484,-0.018798828,-2.465648855,10.48091603,3.167938931
3041,1780506943,-0.930175781,0.227050781,-0.22265625,6.732824427,-0.58778626,1.41221374,0.06640625,-1.020019531,0.009765625,-2.167938931,10.03053435,3.557251908
3042,1780506943,-0.933105469,0.211669922,-0.228271484,5.687022901,-0.641221374,1.679389313,0.051757813,-1.01171875,0.012207031,-2.13740458,9.496183206,3.190839695
3043,1780506943,-0.928222656,0.187988281,-0.215820313,5.396946565,-0.641221374,1.221374046,0.053222656,-1.012207031,0.013427734,-1.702290076,8.473282443,3.053435115
3044,1780506943,-0.931640625,0.206542969,-0.228515625,5.106870229,-0.351145038,1.022900763,0.044433594,-1.006591797,0.006835938,-1.900763359,7.175572519,3.099236641
3045,1780506943,-0.907470703,0.212890625,-0.228027344,3.847328244,-0.267175573,1.114503817,0.040527344,-1.006591797,0.008544922,-2.053435115,7.099236641,2.946564885
3046,1780506943,-0.922119141,0.214599609,-0.229492188,3.389312977,0.091603053,0.748091603,0.038330078,-1.006103516,0.005615234,-1.389312977,6.13740458,2.923664122
3047,1780506943,-0.928222656,0.242919922,-0.229003906,2.847328244,0.427480916,0.687022901,0.043212891,-1.009277344,0.006347656,-1.427480916,5.450381679,3.312977099
3048,1780506943,-0.934082031,0.234619141,-0.234375,1.282442748,0.816793893,1.053435115,0.042236328,-1.005126953,0.005371094,-1.366412214,3.687022901,3.625954198
3049,1780506943,-0.925048828,0.206298828,-0.225341797,-0.557251908,0.717557252,0.801526718,0.044189453,-1.008300781,0.000732422,-1.305343511,2.083969466,3.381679389
3050,1780506943,-0.918701172,0.204589844,-0.236328125,-1.496183206,1.251908397,0.519083969,0.048828125,-1,-0.006591797,-1.351145038,0.534351145,3.267175573
3051,1780506943,-0.921875,0.205566406,-0.229003906,-3.076335878,1.488549618,0.236641221,0.054931641,-1.004150391,-0.000732422,-1.679389313,-0.488549618,3.129770992
3052,1780506943,-0.922119141,0.188720703,-0.240966797,-3.519083969,1.114503817,1.938931298,0.055908203,-1.008300781,-0.013183594,-1.648854962,-0.877862595,2.977099237
3053,1780506943,-0.922363281,0.202880859,-0.245849609,-3.954198473,1.221374046,-0.175572519,0.057128906,-1.006103516,-0.019287109,-1.648854962,-1.381679389,2.900763359
3054,1780506943,-0.922119141,0.209960938,-0.240966797,-4.160305344,1.320610687,0.114503817,0.062988281,-1.000244141,-0.005859375,-1.992366412,-1.618320611,3.045801527
3055,1780506943,-0.922851563,0.204589844,-0.241699219,-5.290076336,1.488549618,0.13740458,0.061523438,-0.998779297,-0.000976563,-2.580152672,-2.152671756,2.702290076
3056,1780506943,-0.915283203,0.196044922,-0.236572266,-6.129770992,1.748091603,0.236641221,0.044433594,-1.005371094,0.003417969,-2.541984733,-3.190839695,2.358778626
3057,1780506943,-0.921630859,0.216064453,-0.235839844,-5.167938931,1.541984733,0.824427481,0.054199219,-1.012207031,-0.011474609,-2.458015267,-5.816793893,0.160305344
3058,1780506943,-0.930908203,0.255126953,-0.222167969,-6.450381679,2.175572519,3.152671756,0.049804688,-1.001708984,-0.022216797,-2.374045802,-3.297709924,-0.427480916
3059,1780506943,-0.923339844,0.193847656,-0.226806641,-4.297709924,1.809160305,0.480916031,0.025390625,-0.98828125,-0.019287109,-1.893129771,-1.061068702,3.083969466
3060,1780506943,-0.932373047,0.298583984,-0.280517578,-9.259541985,2.564885496,0.419847328,0.059082031,-1.002685547,-0.006835938,-1.687022901,-1.801526718,3.34351145
3061,1780506943,-0.928955078,0.175537109,-0.236328125,-4.13740458,1.893129771,-0.145038168,0.052246094,-1.007080078,-0.017578125,-2.106870229,-2.763358779,2.435114504
3062,1780506943,-0.929199219,0.189453125,-0.247070313,-2.687022901,1.34351145,-0.114503817,0.051025391,-1.019287109,-0.019775391,-2.022900763,-1.022900763,0.847328244
3063,1780506943,-0.928466797,0.322265625,-0.235351563,-4.93129771,1.877862595,4.534351145,0.087646484,-1.010253906,0.000488281,-2.221374046,-2.496183206,-0.671755725
3064,1780506943,-0.918701172,0.091552734,-0.215820313,1.320610687,1.244274809,0.534351145,0.021484375,-0.994384766,-0.010986328,-2.167938931,0.106870229,2.824427481
3065,1780506943,-0.9296875,0.326416016,-0.270751953,-5.366412214,0.06870229,-1.946564885,0.052001953,-1.013183594,-0.006835938,-1.961832061,-1.007633588,3.427480916
3066,1780506943,-0.918457031,0.196777344,-0.241455078,-5.305343511,2.34351145,-0.259541985,0.043212891,-1.006347656,-0.015136719,-2.152671756,-2.664122137,3
3067,1780506943,-0.930664063,0.215820313,-0.236083984,-2.801526718,1.816793893,-0.335877863,0.043457031,-1.015136719,-0.023193359,-1.809160305,-2.335877863,3.015267176
3068,1780506943,-0.923095703,0.239013672,-0.238037109,-4.465648855,1.671755725,-0.221374046,0.047363281,-1.009033203,-0.010742188,-1.694656489,-2.419847328,3.145038168
3069,1780506943,-0.908691406,0.201904297,-0.239746094,-5.083969466,2.167938931,-0.305343511,0.052001953,-1.0078125,-0.006835938,-1.79389313,-3.076335878,3.015267176
3070,1780506943,-0.922607422,0.205566406,-0.228759766,-5.114503817,1.79389313,-0.732824427,0.061523438,-1.010498047,-0.001220703,-1.694656489,-3.282442748,2.816793893
3071,1780506943,-0.936523438,0.234130859,-0.219482422,-5.389312977,1.938931298,-0.832061069,0.043457031,-1.012207031,-0.010742188,-1.916030534,-3.396946565,2.908396947
3072,1780506943,-0.920898438,0.233154297,-0.236572266,-5.709923664,2.053435115,-0.648854962,0.041015625,-1.004882813,-0.012451172,-3.877862595,-3.496183206,2.93129771
3073,1780506943,-0.921386719,0.224853516,-0.242431641,-5.114503817,2.160305344,-0.534351145,0.045166016,-1.010742188,-0.021484375,-1.679389313,-2.870229008,2.824427481
3074,1780506943,-0.916015625,0.227050781,-0.246582031,-4.900763359,2.106870229,-0.442748092,0.048095703,-1.007324219,-0.020996094,-1.938931298,-2.396946565,2.877862595
3075,1780506943,-0.929199219,0.228027344,-0.242431641,-4.427480916,2.076335878,-0.534351145,0.051513672,-1.006591797,-0.016845703,-1.748091603,-1.27480916,2.816793893
3076,1780506943,-0.918945313,0.210693359,-0.235107422,-5.816793893,1.786259542,-0.65648855,0.055908203,-1.006591797,-0.016357422,-1.610687023,-0.603053435,2.465648855
3077,1780506943,-0.935058594,0.211914063,-0.237060547,-2.839694656,1.595419847,-0.786259542,0.052978516,-1.009521484,-0.013916016,-1.969465649,-0.557251908,2.480916031
3078,1780506943,-0.923339844,0.217773438,-0.247558594,-2.648854962,1.625954198,-0.954198473,0.046630859,-1.002685547,-0.005126953,-1.778625954,-0.839694656,2.473282443
3079,1780506943,-0.919677734,0.233154297,-0.238769531,-2.709923664,1.847328244,-1.152671756,0.041748047,-1.006835938,-0.017578125,-1.534351145,-0.847328244,2.526717557
3080,1780506943,-0.918457031,0.248779297,-0.234863281,-3.007633588,1.641221374,-0.854961832,0.043212891,-1.017333984,-0.020019531,-1.65648855,-1.015267176,2.671755725
3081,1780506943,-0.918701172,0.229492188,-0.239990234,-3.236641221,1.786259542,-0.839694656,0.028808594,-1.010498047,-0.012939453,-1.511450382,-1.389312977,2.557251908
3082,1780506943,-0.937011719,0.227050781,-0.238769531,-3.938931298,1.877862595,-1.13740458,0.035644531,-1.014892578,-0.025878906,-1.648854962,-2.259541985,2.41221374
3083,1780506943,-0.914794922,0.213867188,-0.238525391,-4.34351145,2.122137405,-1.335877863,0.040771484,-1.010498047,-0.01171875,-1.709923664,-2.854961832,2.091603053
3084,1780506943,-0.910400391,0.226318359,-0.234863281,-5.061068702,2.038167939,-1.465648855,0.032958984,-1.000732422,-0.003662109,-1.633587786,-4.290076336,2.152671756
3085,1780506943,-0.912353516,0.240234375,-0.239990234,-5.671755725,2.259541985,-1.687022901,0.026367188,-1.014648438,-0.023925781,-1.129770992,-4.923664122,2.13740458
3086,1780506943,-0.922363281,0.256591797,-0.234619141,-6.854961832,2.480916031,-1.442748092,0.028320313,-1.015869141,-0.028076172,-1.083969466,-6.106870229,2.58778626
3087,1780506943,-0.926025391,0.246582031,-0.241210938,-8.610687023,2.450381679,-1.549618321,0.021484375,-1.013183594,-0.018554688,-0.72519084,-7.419847328,2.442748092
3088,1780506943,-0.924804688,0.230712891,-0.250732422,-9.900763359,2.519083969,-1.709923664,0.022949219,-1.010986328,-0.012695313,-0.572519084,-8.86259542,2.389312977
3089,1780506943,-0.917480469,0.218017578,-0.243408203,-10.70992366,2.702290076,-2.221374046,0.026367188,-1.003662109,-0.017578125,-1.06870229,-10.10687023,2.152671756
3090,1780506943,-0.9140625,0.231933594,-0.249511719,-11.36641221,2.458015267,-2.198473282,0.040283203,-1.001220703,-0.005371094,-0.763358779,-11.03816794,2.488549618
3091,1780506943,-0.916503906,0.247314453,-0.244873047,-12.11450382,2.877862595,-1.832061069,0.043212891,-1.007080078,-0.030029297,-0.770992366,-11.54961832,2.778625954
3092,1780506943,-0.920166016,0.240722656,-0.251220703,-13.35114504,2.809160305,-1.717557252,0.032470703,-1.001464844,-0.016113281,-0.687022901,-11.5648855,2.801526718
3093,1780506943,-0.924804688,0.213867188,-0.240722656,-13.23664122,2.633587786,-1.832061069,0.057617188,-1.013671875,-0.032226563,-0.625954198,-10.97709924,2.763358779
3094,1780506943,-0.907714844,0.197265625,-0.244628906,-12.52671756,2.595419847,-0.076335878,0.054931641,-1.006103516,-0.038085938,-0.503816794,-9.877862595,2.625954198
3095,1780506943,-0.917724609,0.204833984,-0.239013672,-11.32824427,2.335877863,-1.633587786,0.068847656,-0.988037109,-0.042480469,-0.27480916,-8.969465649,2.679389313
3096,1780506943,-0.921386719,0.223632813,-0.241210938,-9.984732824,2.213740458,-1.435114504,0.067382813,-1.004150391,-0.037597656,-0.129770992,-7.335877863,2.946564885
3097,1780506943,-0.923583984,0.220947266,-0.246582031,-8.687022901,1.801526718,-1.198473282,0.065917969,-1.013183594,-0.045654297,-0.435114504,-6,3.480916031
3098,1780506943,-0.924072266,0.218505859,-0.246826172,-7.748091603,1.595419847,-1.145038168,0.065185547,-0.994873047,-0.018066406,-0.236641221,-5.007633588,3.396946565
3099,1780506943,-0.921142578,0.2109375,-0.251464844,-7.259541985,1.389312977,-1.458015267,0.053466797,-1.011230469,-0.032714844,-0.267175573,-3.610687023,4.580152672
3100,1780506943,-0.907470703,0.197509766,-0.254150391,-7.610687023,1.076335878,-2.610687023,0.05078125,-1.002685547,-0.033935547,-0.061068702,-2.305343511,5.27480916
3101,1780506943,-0.919433594,0.240478516,-0.253173828,-5.572519084,1.259541985,-1.770992366,0.061279297,-0.990966797,-0.044677734,-0.27480916,-2.534351145,3.801526718
3102,1780506943,-0.918701172,0.215332031,-0.259277344,-5.320610687,1.045801527,-0.511450382,0.034912109,-1.006835938,-0.032470703,-0.603053435,-2.740458015,2.854961832
3103,1780506943,-0.917236328,0.232177734,-0.236083984,-4.519083969,0.786259542,-0.648854962,0.049316406,-1.002929688,-0.016357422,-0.27480916,-2.488549618,3.022900763
3104,1780506943,-0.921386719,0.235839844,-0.245849609,-5.694656489,0.755725191,-0.297709924,0.061523438,-1.005859375,-0.020996094,-0.458015267,-2.770992366,2.961832061
3105,1780506943,-0.920654297,0.211181641,-0.239257813,-5.595419847,1.038167939,-0.152671756,0.036865234,-1.008300781,-0.027099609,-0.083969466,-2.870229008,2.824427481
3106,1780506943,-0.920898438,0.219482422,-0.245605469,-4.450381679,0.610687023,-0.320610687,0.046386719,-1.004882813,-0.035644531,-0.328244275,-2.282442748,2.877862595
3107,1780506943,-0.914306641,0.229248047,-0.2578125,-3.625954198,0.664122137,-0.251908397,0.048339844,-0.999755859,-0.0390625,-0.335877863,-0.893129771,3.328244275
3108,1780506943,-0.909912109,0.232910156,-0.252441406,-2.969465649,0.511450382,0.099236641,0.043212891,-0.999267578,-0.029541016,-0.061068702,0.389312977,3.595419847
3109,1780506943,-0.919677734,0.229248047,-0.239746094,-2.328244275,0.572519084,0.465648855,0.059814453,-1.004882813,-0.031982422,-0.152671756,1.374045802,3.572519084
3110,1780506943,-0.932373047,0.208984375,-0.246337891,-1.381679389,0.13740458,0.41221374,0.039550781,-1.011230469,-0.031005859,-0.038167939,2.076335878,3.198473282
3111,1780506943,-0.909179688,0.212646484,-0.23828125,-0.152671756,-0.045801527,0.396946565,0.050292969,-1.007080078,-0.027587891,0.015267176,2.969465649,3.183206107
3112,1780506943,-0.915527344,0.220947266,-0.244628906,0.748091603,-0.045801527,0.473282443,0.045410156,-0.997802734,-0.024169922,-0.404580153,4.106870229,2.961832061
3113,1780506943,-0.918701172,0.218994141,-0.2421875,1.832061069,-0.41221374,0.648854962,0.043457031,-1.012207031,-0.0234375,-0.351145038,5.511450382,2.86259542
3114,1780506943,-0.915527344,0.240478516,-0.250488281,3.061068702,-0.419847328,0.519083969,0.037841797,-1.006835938,-0.038085938,-0.465648855,6.06870229,3.20610687
3115,1780506943,-0.913330078,0.258056641,-0.250976563,3.267175573,-0.511450382,0.740458015,0.018554688,-1.012451172,-0.030761719,-0.229007634,6,3.374045802
3116,1780506943,-0.931640625,0.236572266,-0.237304688,2.580152672,-0.435114504,0.473282443,0.000976563,-1.030517578,-0.027587891,-0.122137405,5.183206107,3.679389313
3117,1780506943,-0.908691406,0.220703125,-0.239257813,1.946564885,-0.511450382,-0.610687023,-0.000732422,-1.013671875,-0.018554688,-0.053435115,4.091603053,4.488549618
3118,1780506943,-0.919433594,0.235839844,-0.248046875,1.572519084,-0.282442748,-3.34351145,-0.005615234,-1.020751953,-0.027587891,0.175572519,1.961832061,8.366412214
3119,1780506944,-0.878173828,0.298828125,-0.252685547,1.671755725,-1.954198473,-3.022900763,0.017822266,-1.033691406,0.008300781,0.664122137,1.633587786,4.908396947
3120,1780506944,-0.930664063,0.250976563,-0.246337891,-2.045801527,0.351145038,0.183206107,0.003173828,-0.999511719,-0.026123047,-0.259541985,0.534351145,3.175572519
3121,1780506944,-0.920898438,0.229248047,-0.250976563,0.396946565,0.160305344,-0.221374046,0.007568359,-1.013183594,0.000488281,0.687022901,1.106870229,3.076335878
3122,1780506944,-0.919433594,0.26171875,-0.240966797,-3.549618321,0.961832061,-0.625954198,0.017333984,-1.0078125,-0.012451172,0.824427481,-1.312977099,4.480916031
3123,1780506944,-0.910644531,0.147705078,-0.23046875,-2.748091603,0.702290076,-4.267175573,-0.004882813,-1.014892578,-0.019042969,1.175572519,-1.954198473,7.244274809
3124,1780506944,-0.908447266,0.340576172,-0.275634766,-7.213740458,1.229007634,-2.938931298,0.033691406,-1.017333984,-0.018310547,1.625954198,-4,4.992366412
3125,1780506944,-0.926757813,0.242431641,-0.258056641,-7.419847328,1.633587786,-0.687022901,0.0390625,-1.007324219,-0.033935547,1.13740458,-5.358778626,3.511450382
3126,1780506944,-0.908935547,0.227539063,-0.263427734,-5.267175573,0.916030534,-0.458015267,0.024414063,-1.003173828,-0.044677734,1.534351145,-4.053435115,3.900763359
3127,1780506944,-0.913330078,0.244873047,-0.258056641,-7.633587786,1.297709924,-0.641221374,0.024902344,-0.994873047,-0.034179688,1.320610687,-4.114503817,4.679389313
3128,1780506944,-0.911865234,0.158935547,-0.254638672,-6.083969466,1,-3.625954198,-0.009277344,-0.977050781,-0.042724609,1.770992366,-3.709923664,9.648854962
3129,1780506944,-0.911621094,0.222412109,-0.280517578,-4.916030534,0.442748092,-6.335877863,0.060058594,-1.024414063,-0.023681641,2.290076336,-3.20610687,7.816793893
3130,1780506944,-0.926757813,0.334716797,-0.259765625,-11.32061069,1.335877863,0.366412214,0.068359375,-1.008789063,-0.030029297,1.091603053,-5.480916031,3.770992366
3131,1780506944,-0.922363281,0.113769531,-0.237304688,0.381679389,-0.41221374,-0.167938931,0.018066406,-1.012451172,-0.015625,1.320610687,-2.13740458,2.72519084
3132,1780506944,-0.925292969,0.220703125,-0.255859375,-1.549618321,-0.549618321,-0.106870229,0.049316406,-1.001708984,-0.025634766,1.20610687,0.358778626,3
3133,1780506944,-0.917480469,0.212402344,-0.239501953,-2.900763359,-0.404580153,0.099236641,0.035888672,-1.006103516,-0.020019531,0.977099237,0.694656489,2.893129771
3134,1780506944,-0.936523438,0.208984375,-0.240966797,-1.106870229,-0.961832061,-1.938931298,0.021728516,-1.003173828,-0.027832031,1.20610687,1.633587786,2.740458015
3135,1780506944,-0.919433594,0.244384766,-0.253173828,-1.534351145,-0.763358779,0.442748092,0.022216797,-1.009277344,-0.023193359,1.198473282,1.740458015,2.832061069
3136,1780506944,-0.911865234,0.246826172,-0.265380859,-2.297709924,-0.541984733,0.076335878,0.026855469,-1.004638672,-0.026855469,1.167938931,1.458015267,2.847328244
3137,1780506944,-0.915283203,0.230712891,-0.238037109,-2.259541985,-0.709923664,0.167938931,0.007324219,-1.004394531,-0.031494141,1.007633588,0.641221374,2.671755725
3138,1780506944,-0.909423828,0.238525391,-0.258056641,-2.198473282,-0.709923664,0.244274809,0.002929688,-1.006347656,-0.011230469,1,0.190839695,2.79389313
3139,1780506944,-0.911621094,0.260009766,-0.256103516,-2.86259542,-0.671755725,-0.091603053,-0.002441406,-1.005126953,-0.017578125,1.167938931,-0.450381679,3.015267176
3140,1780506944,-0.916748047,0.258056641,-0.253662109,-3.870229008,-0.641221374,0.358778626,0.001708984,-1.007324219,-0.025634766,1.229007634,-0.839694656,3.244274809
3141,1780506944,-0.916748047,0.250732422,-0.251953125,-4.076335878,-0.633587786,1.900763359,-0.000976563,-1.011962891,-0.014160156,1.458015267,-1.061068702,2.984732824
3142,1780506944,-0.919189453,0.239013672,-0.249267578,-4.213740458,-0.633587786,0.076335878,0.003173828,-1.007324219,-0.023193359,1.541984733,-1.671755725,2.938931298
3143,1780506944,-0.911865234,0.244384766,-0.234619141,-4.534351145,-0.79389313,-0.198473282,0.008544922,-1.005859375,-0.023193359,1.786259542,-1.641221374,2.65648855
3144,1780506944,-0.916992188,0.248291016,-0.261474609,-4.465648855,-0.358778626,-0.236641221,0.012939453,-1.013183594,-0.024414063,1.900763359,-1.511450382,2.938931298
3145,1780506944,-0.913085938,0.239501953,-0.242919922,-4.916030534,-0.312977099,-0.335877863,0.011962891,-1.012939453,-0.003173828,1.877862595,-2.366412214,2.847328244
3146,1780506944,-0.923828125,0.2421875,-0.242675781,-4.93129771,-0.366412214,-0.244274809,0.008544922,-1.016845703,-0.016113281,2.160305344,-2.007633588,2.816793893
3147,1780506944,-0.924560547,0.258544922,-0.250976563,-4.847328244,-0.603053435,-0.190839695,0.004394531,-1.015625,-0.002441406,2.213740458,-1.885496183,2.847328244
3148,1780506944,-0.922363281,0.253417969,-0.259033203,-5.06870229,-0.488549618,-0.13740458,-0.005371094,-1.010742188,-0.006591797,2.511450382,-1.687022901,2.877862595
3149,1780506944,-0.910644531,0.260742188,-0.258789063,-5.213740458,-0.427480916,-0.221374046,-0.002441406,-1.010742188,-0.013916016,2.450381679,-0.053435115,2.832061069
3150,1780506944,-0.911621094,0.257324219,-0.258789063,-5.572519084,-0.496183206,-0.519083969,-0.004882813,-1.014160156,-0.022460938,2.435114504,-2.06870229,2.671755725
3151,1780506944,-0.910644531,0.244384766,-0.250732422,-3.916030534,-0.595419847,-0.618320611,-0.000732422,-1.006591797,-0.022705078,2.488549618,-2.801526718,2.404580153
3152,1780506944,-0.910888672,0.249023438,-0.255126953,-6.290076336,-0.488549618,-0.496183206,0.009033203,-1.004150391,-0.004150391,2.114503817,-2.893129771,2.442748092
3153,1780506944,-0.905761719,0.237304688,-0.237792969,-6.083969466,-0.641221374,-0.908396947,0.0078125,-1.004882813,-0.013671875,1.763358779,-2.79389313,2.251908397
3154,1780506944,-0.903076172,0.230712891,-0.250976563,-5.244274809,-0.847328244,-0.992366412,0.009521484,-1.014892578,-0.009521484,1.503816794,-2.312977099,2.122137405
3155,1780506944,-0.915039063,0.243896484,-0.252685547,-4.374045802,-1.061068702,-0.86259542,0.005859375,-1.000244141,-0.026123047,1.519083969,-1.618320611,2.259541985
3156,1780506944,-0.91796875,0.256103516,-0.252929688,-3.954198473,-1.198473282,-0.786259542,0.005615234,-1.016113281,-0.012451172,1.58778626,-0.709923664,2.282442748
3157,1780506944,-0.932373047,0.259765625,-0.241210938,-4.015267176,-1.34351145,-0.702290076,0.00390625,-1.005371094,-0.01171875,1.832061069,-0.778625954,2.366412214
3158,1780506944,-0.908935547,0.265380859,-0.240478516,-4.41221374,-1.34351145,-0.496183206,0.003662109,-1.009765625,0.000976563,1.618320611,-0.79389313,2.183206107
3159,1780506944,-0.913330078,0.238037109,-0.232910156,-4.160305344,-1.465648855,-0.832061069,-0.004882813,-1.001220703,-0.000976563,1.801526718,-1.175572519,2.053435115
3160,1780506944,-0.913574219,0.246337891,-0.239746094,-3.717557252,-1.580152672,-0.946564885,-0.003173828,-1.013427734,-0.015380859,1.908396947,-0.786259542,1.969465649
3161,1780506944,-0.903808594,0.256103516,-0.257324219,-4.106870229,-1.458015267,-0.824427481,0.005126953,-1.002685547,-0.025634766,1.755725191,-0.809160305,2.06870229
3162,1780506944,-0.913574219,0.250488281,-0.252441406,-4.664122137,-1.381679389,-0.977099237,-0.013183594,-1.006591797,-0.011474609,1.664122137,-1.076335878,0.038167939
3163,1780506944,-0.914550781,0.241699219,-0.251708984,-4.549618321,-1.282442748,-1,0.003662109,-1.010742188,-0.000244141,1.809160305,-1.442748092,1.778625954
3164,1780506944,-0.915527344,0.247070313,-0.250244141,-4.595419847,-1.564885496,-1.290076336,-0.005859375,-1.016845703,-0.011230469,1.511450382,-2.442748092,1.954198473
3165,1780506944,-0.918945313,0.264404297,-0.247314453,-5.06870229,-1.419847328,-0.916030534,-0.008544922,-1.00390625,-0.005859375,1.488549618,-3.236641221,2.061068702
3166,1780506944,-0.903808594,0.267089844,-0.256835938,-6.251908397,-1.282442748,-0.992366412,-0.005371094,-1.000244141,-0.004882813,1.442748092,-2.969465649,2.099236641
3167,1780506944,-0.91015625,0.264648438,-0.239013672,-6.381679389,-1.213740458,-1.328244275,-0.004394531,-0.990966797,0.0078125,1.267175573,-2.847328244,1.946564885
3168,1780506944,-0.891601563,0.248291016,-0.238769531,-3.969465649,-1.030534351,-1.27480916,0.007080078,-1.003417969,0.003417969,1.473282443,-2.389312977,1.877862595
3169,1780506944,-0.909423828,0.247070313,-0.226074219,-5.282442748,-1.06870229,-1.229007634,0.010498047,-1.002929688,0.006103516,1.41221374,-2.015267176,1.870229008
3170,1780506944,-0.923339844,0.241699219,-0.232666016,-4.480916031,-1.06870229,-1.236641221,0.007080078,-1.030029297,-0.015625,1.572519084,-1.572519084,1.923664122
3171,1780506944,-0.914794922,0.256835938,-0.221191406,-4.290076336,-0.977099237,-1.160305344,0.006347656,-1.007080078,0.013671875,2.030534351,-1.145038168,1.832061069
3172,1780506944,-0.914306641,0.263671875,-0.233154297,-4.145038168,-0.908396947,-1.114503817,-0.006347656,-1.005371094,-0.001220703,2.022900763,-0.480916031,1.717557252
3173,1780506944,-0.913330078,0.253662109,-0.240234375,-3.93129771,-0.893129771,-1.381679389,-0.008544922,-1.005615234,0.008789063,2.167938931,-0.740458015,1.717557252
3174,1780506944,-0.913330078,0.260253906,-0.234863281,-4.129770992,-0.992366412,-1.34351145,-0.010498047,-1.009033203,0.009521484,1.694656489,-1.34351145,1.732824427
3175,1780506944,-0.912353516,0.260498047,-0.250488281,-4.824427481,-0.847328244,-1.496183206,-0.010253906,-1.005126953,0,1.709923664,-2.580152672,1.687022901
3176,1780506944,-0.892578125,0.271728516,-0.246337891,-5.618320611,-0.671755725,-1.419847328,-0.013671875,-1.005371094,-0.001953125,1.641221374,-3.366412214,1.816793893
3177,1780506944,-0.907470703,0.280029297,-0.237548828,-7.152671756,-0.320610687,-1.679389313,-0.012695313,-1.013183594,0.007568359,1.687022901,-4.167938931,1.877862595
3178,1780506944,-0.922607422,0.252441406,-0.225341797,-8.160305344,-0.175572519,-1.900763359,-0.009521484,-1.020019531,0.017089844,2.190839695,-4.992366412,1.541984733
3179,1780506944,-0.915283203,0.250488281,-0.230712891,-8.083969466,-0.145038168,-3.885496183,-0.011474609,-1.006347656,0.005615234,2.175572519,-5.534351145,1.374045802
3180,1780506944,-0.912109375,0.257568359,-0.243164063,-8.480916031,-0.061068702,-2.183206107,-0.004882813,-1.014404297,0.008789063,2.297709924,-5.938931298,1.496183206
3181,1780506944,-0.908691406,0.263671875,-0.246582031,-8.801526718,-0.038167939,-2.160305344,-0.009033203,-1.009277344,0.000244141,2.27480916,-6.190839695,1.511450382
3182,1780506944,-0.916015625,0.266601563,-0.254150391,-9.175572519,0.106870229,-2.27480916,-0.006347656,-1.001464844,0.015380859,2.091603053,-6.396946565,1.618320611
3183,1780506944,-0.906494141,0.252685547,-0.243896484,-9.557251908,-1.870229008,-2.198473282,-0.013916016,-1.000244141,-0.005371094,1.854961832,-6.603053435,1.145038168
3184,1780506944,-0.91015625,0.247802734,-0.248535156,-11.64122137,0.061068702,-2.496183206,-0.008789063,-1.009277344,-0.011230469,2.160305344,-6.473282443,1.236641221
3185,1780506944,-0.916748047,0.26171875,-0.236328125,-9.282442748,-0.13740458,-2.732824427,-0.003662109,-1.014404297,0.006103516,2.34351145,-6.671755725,1.129770992
3186,1780506944,-0.916503906,0.251953125,-0.237304688,-10,0.13740458,-2.648854962,-0.006835938,-1.01171875,0.004150391,2.709923664,-6.877862595,0.984732824
3187,1780506944,-0.917724609,0.254882813,-0.224853516,-10.63358779,1.923664122,-2.717557252,-0.016113281,-1.005859375,0.011962891,2.977099237,-7.213740458,1.259541985
3188,1780506944,-0.908203125,0.250488281,-0.247070313,-10.51145038,0.145038168,-2.786259542,-0.009765625,-1.000244141,0.002929688,3.045801527,-7.65648855,0.984732824
3189,1780506944,-0.910400391,0.260009766,-0.237548828,-11.07633588,-0.175572519,-3.030534351,-0.004638672,-1.005371094,0.015380859,2.801526718,-9.732824427,0.946564885
3190,1780506944,-0.90625,0.243652344,-0.24609375,-11.18320611,-0.091603053,-3.06870229,-0.005126953,-1.005615234,-0.009521484,2.79389313,-7.93129771,0.664122137
3191,1780506944,-0.907226563,0.246337891,-0.248779297,-10.77099237,-0.610687023,-3.061068702,-0.002197266,-1.011962891,-0.010742188,2.625954198,-7.877862595,0.526717557
3192,1780506944,-0.916259766,0.257324219,-0.24609375,-11.07633588,-0.496183206,-3.053435115,0,-1.014892578,-0.004638672,2.847328244,-7.480916031,0.480916031
3193,1780506944,-0.917724609,0.241210938,-0.244628906,-11.10687023,-0.648854962,-3.091603053,0.006103516,-1.000488281,-0.007080078,2.20610687,-7.312977099,0.374045802
3194,1780506944,-0.912109375,0.229003906,-0.240722656,-10.34351145,-1.099236641,-3.335877863,0.008789063,-1.004638672,-0.003662109,1.969465649,-6.633587786,-0.076335878
3195,1780506944,-0.917236328,0.240966797,-0.227539063,-8.824427481,-1.541984733,-3.381679389,0.014404297,-1.002197266,0.006347656,2.160305344,-7.816793893,-0.099236641
3196,1780506944,-0.912597656,0.257324219,-0.224365234,-5.93129771,-1.633587786,-2.938931298,0.011230469,-1.005371094,-0.007324219,2.129770992,-4.312977099,0.198473282
3197,1780506944,-0.907470703,0.256591797,-0.243896484,-7.633587786,-1.633587786,-2.488549618,0.029541016,-1.006103516,-0.010742188,2.061068702,-3.190839695,0.129770992
3198,1780506944,-0.912109375,0.227539063,-0.233398438,-6.458015267,-1.86259542,-2.740458015,0.007324219,-1.004638672,-0.005126953,1.816793893,-2.297709924,-0.358778626
3199,1780506944,-0.917724609,0.23046875,-0.23046875,-4.877862595,-2.503816794,-2.740458015,0.003662109,-1.010009766,-0.011474609,1.893129771,-1.259541985,-0.496183206
3200,1780506944,-0.920410156,0.250244141,-0.239746094,-4.290076336,-2.465648855,-2.839694656,0.006347656,-1.01171875,-0.000976563,2.053435115,-0.549618321,-0.946564885
3201,1780506944,-0.917480469,0.25390625,-0.239013672,-3.93129771,-2.671755725,-2.519083969,-0.001220703,-1.011230469,-0.01171875,2.251908397,-0.114503817,-1.389312977
3202,1780506945,-0.922363281,0.267578125,-0.241943359,-3.900763359,-2.755725191,-1.229007634,0.006591797,-1.019287109,0.008300781,2.13740458,-0.41221374,-3.312977099
3203,1780506945,-0.915283203,0.244628906,-0.223632813,-3.557251908,-3.442748092,-0.305343511,-0.002685547,-1.002929688,0.011230469,2.229007634,-0.664122137,-3.160305344
3204,1780506945,-0.904296875,0.177978516,-0.207275391,-0.580152672,-4.06870229,-3.320610687,-0.026855469,-1.0078125,0.012451172,2.290076336,0.198473282,-1.27480916
3205,1780506945,-0.895996094,0.312255859,-0.237060547,-6.65648855,-3.381679389,-2.847328244,-0.007568359,-1,0.023193359,0,-1.946564885,-1.458015267
3206,1780506945,-0.910644531,0.257080078,-0.229492188,-4.564885496,-3.503816794,-2.305343511,0.008056641,-1.026855469,-0.010253906,2.122137405,-2.267175573,-5.717557252
3207,1780506945,-0.919433594,0.340332031,-0.238525391,-9.190839695,-2.709923664,2.93129771,-0.003173828,-0.989746094,-0.013916016,1.916030534,-2.41221374,-7.038167939
3208,1780506945,-0.908447266,0.141113281,-0.220703125,-0.328244275,-4.145038168,-0.061068702,-0.022949219,-0.991210938,0.009521484,2.183206107,0.671755725,-2.229007634
3209,1780506945,-0.912353516,0.354980469,-0.262939453,-5.977099237,-3.312977099,-3.465648855,-0.010498047,-1.029541016,0.040039063,2.664122137,-1.732824427,-1.251908397
3210,1780506945,-0.921142578,0.207275391,-0.209472656,-5.06870229,-3.992366412,-3.961832061,-0.015136719,-1.010253906,-0.001953125,2.511450382,-2.702290076,-2.534351145
3211,1780506945,-0.911376953,0.290283203,-0.23046875,-1.79389313,-4.65648855,-1.641221374,0.021728516,-1.026611328,0.002441406,2.648854962,-0.977099237,-7.160305344
3212,1780506945,-0.916259766,0.219726563,-0.209716797,-4.58778626,-4.244274809,1.893129771,-0.024414063,-0.992675781,0.013916016,2.564885496,-0.358778626,-5.198473282
3213,1780506945,-0.906982422,0.217773438,-0.223388672,0.671755725,-4.740458015,-4.381679389,-0.029541016,-1.013671875,0.030761719,2.977099237,0.832061069,-2.282442748
3214,1780506945,-0.911865234,0.340087891,-0.224853516,-7.58778626,-3.969465649,-4.083969466,0.009521484,-1.001708984,0.030761719,2.679389313,-0.702290076,-0.030534351
3215,1780506945,-0.918457031,0.224609375,-0.217529297,-4.503816794,-4.366412214,-4.404580153,-0.00390625,-1.01171875,0.013183594,3.259541985,-0.984732824,-2.824427481
3216,1780506945,-0.913818359,0.271728516,-0.231445313,-3.06870229,-4.770992366,-3.190839695,0.016845703,-1.021484375,0.026123047,3.580152672,-0.564885496,-7.496183206
3217,1780506945,-0.904052734,0.281005859,-0.204101563,-9.603053435,-4.160305344,0.13740458,-0.004394531,-0.995849609,0.010742188,2.72519084,-1.702290076,-9.694656489
3218,1780506945,-0.91796875,0.128417969,-0.2109375,2.748091603,-5.992366412,-2.847328244,0.030517578,-1.013427734,0.003417969,2.969465649,2.427480916,-6.732824427
3219,1780506945,-0.894042969,0.42578125,-0.241699219,-13.35877863,-3.221374046,0.41221374,0.026123047,-1.0078125,0.025146484,2.854961832,-1.267175573,-8.06870229
3220,1780506945,-0.931152344,0.069580078,-0.188720703,-1.977099237,-5.358778626,-1.465648855,0.018554688,-0.997314453,-0.014404297,1.977099237,-1.442748092,-9.572519084
3221,1780506945,-0.905273438,0.303955078,-0.224121094,0.648854962,-6.381679389,0.954198473,0.070068359,-0.925292969,-0.062011719,1.480916031,2.938931298,-13.80152672
3222,1780506945,-0.889160156,0.201171875,-0.199707031,-4.267175573,-4.152671756,4.305343511,0.059570313,-1.005371094,-0.001464844,0.755725191,2.083969466,-13.3740458
3223,1780506945,-0.894287109,0.186767578,-0.242675781,4.954198473,-7.160305344,2,0.068115234,-1.014648438,-0.006835938,1.938931298,7.13740458,-13.49618321
3224,1780506945,-0.916015625,0.277587891,-0.206054688,-2.809160305,-7.007633588,3.450381679,0.066650391,-0.983886719,-0.011474609,-0.358778626,6.671755725,-14.76335878
3225,1780506945,-0.928955078,0.201904297,-0.197265625,2.175572519,-7.984732824,5.198473282,0.091552734,-1.002929688,0.008789063,-0.045801527,6.549618321,-18.44274809
3226,1780506945,-0.933105469,0.260253906,-0.208251953,1.877862595,-7.618320611,8.045801527,0.078613281,-0.995117188,-0.016845703,-0.152671756,7.022900763,-20.11450382
3227,1780506945,-0.897705078,0.233398438,-0.212646484,2.664122137,-8.442748092,9.030534351,0.076660156,-0.993652344,0.017822266,0.259541985,6.328244275,-20.79389313
3228,1780506945,-0.932128906,0.274902344,-0.21875,0.167938931,-8.282442748,9.954198473,0.085205078,-1.015625,0.013427734,0.854961832,4.809160305,-21.64122137
3229,1780506945,-0.935791016,0.2734375,-0.218261719,-1.41221374,-8.419847328,11.50381679,0.079589844,-1.022705078,0.003417969,1.72519084,4.099236641,-22.96183206
3230,1780506945,-0.937255859,0.270996094,-0.218505859,-2.648854962,-8.022900763,13.75572519,0.111328125,-1.014892578,-0.008544922,2.954198473,4.396946565,-25.40458015
3231,1780506945,-0.945556641,0.255126953,-0.216796875,-3.41221374,-7.450381679,16.72519084,0.152587891,-1.017089844,-0.023193359,4.320610687,3.961832061,-28.74045802
3232,1780506945,-0.941894531,0.247802734,-0.221679688,-3.824427481,-6.519083969,20.28244275,0.174560547,-1.002197266,-0.027587891,5.473282443,7.679389313,-33.16030534
3233,1780506945,-0.958251953,0.155273438,-0.213134766,-2.541984733,-7.358778626,23.25954198,0.205566406,-0.989746094,-0.035888672,4.824427481,9.946564885,-38.07633588
3234,1780506945,-0.952880859,0.140380859,-0.184082031,-0.610687023,-8.694656489,26.30534351,0.223144531,-0.975097656,-0.025146484,4.267175573,12.70229008,-43.77099237
3235,1780506945,-0.956054688,0.161865234,-0.192871094,3.496183206,-10.45038168,30,0.248291016,-0.970703125,-0.018066406,3.335877863,16.18320611,-48.21374046
3236,1780506945,-0.958251953,0.23046875,-0.197021484,7.954198473,-11.11450382,33.52671756,0.246337891,-0.990234375,-0.034667969,3.358778626,20.78625954,-50.42748092
3237,1780506945,-0.959716797,0.273681641,-0.174804688,10.41221374,-11.81679389,35.57251908,0.239501953,-1.015625,-0.028076172,3.969465649,24.22900763,-49.64122137
3238,1780506945,-0.971679688,0.295166016,-0.191162109,11.8778626,-12.76335878,36.84732824,0.233154297,-1.030273438,-0.009765625,4.030534351,26.41221374,-47.6259542
3239,1780506945,-0.973144531,0.322998047,-0.208251953,12.33587786,-13.54961832,37.41984733,0.207763672,-1.033203125,0.012207031,4.061068702,27.49618321,-45.15267176
3240,1780506945,-0.965087891,0.323242188,-0.194335938,13.5648855,-14.39694656,36.61068702,0.186279297,-1.037109375,0.023681641,2.916030534,27.55725191,-42.5648855
3241,1780506945,-0.942138672,0.337890625,-0.206298828,14.77099237,-14.74045802,35.35877863,0.159179688,-1.041503906,0.023925781,2.328244275,28.03053435,-40.57251908
3242,1780506945,-0.930664063,0.366455078,-0.21875,16.18320611,-14.5648855,34.5648855,0.145019531,-1.021484375,0.043701172,0.320610687,26.69465649,-38.84732824
3243,1780506945,-0.923828125,0.403564453,-0.220703125,15.70992366,-14.09160305,34.03816794,0.134521484,-1.049804688,0.055908203,-0.618320611,24.40458015,-37.61832061
3244,1780506945,-0.926757813,0.404785156,-0.211914063,14.51908397,-14.27480916,33.25954198,0.139160156,-1.056152344,0.0234375,-1.20610687,23.35114504,-36.76335878
3245,1780506945,-0.935302734,0.403320313,-0.220703125,13.86259542,-14.34351145,32.78625954,0.154541016,-1.056884766,0.019042969,-1.870229008,23.11450382,-36.35114504
3246,1780506945,-0.938232422,0.393066406,-0.226074219,13.44274809,-13.90076336,32.14503817,0.181884766,-1.052001953,0.028808594,-2.511450382,23.07633588,-36.48854962
3247,1780506945,-0.94921875,0.377685547,-0.226806641,12.90839695,-13.19083969,31.50381679,0.198974609,-1.046875,0.059814453,-2.923664122,23.67938931,-37.29770992
3248,1780506945,-0.944335938,0.3359375,-0.202880859,12.99236641,-12.99236641,30.11450382,0.207519531,-1.035888672,0.070800781,-3.374045802,23.32061069,-37.10687023
3249,1780506945,-0.909667969,0.354248047,-0.212402344,13.90076336,-11.63358779,27.70229008,0.204589844,-1.010009766,0.09765625,-3.641221374,22.83969466,-36.06870229
3250,1780506945,-0.876953125,0.248291016,-0.272705078,12.07633588,-9.702290076,22.45038168,0.186523438,-1.010498047,0.107910156,-4.076335878,21.34351145,-33.41221374
3251,1780506945,-0.887451172,0.165527344,-0.278076172,11.69465649,-3.938931298,15.48091603,0.169921875,-1.024658203,0.140136719,-3.65648855,19.34351145,-30.00763359
3252,1780506945,-0.896728516,-0.025878906,-0.17578125,6.198473282,-3.595419847,1.770992366,0.170654297,-1.040527344,0.116699219,-5.618320611,12.09160305,-27.72519084
3253,1780506945,-0.934814453,-0.239257813,-0.198974609,6.511450382,-2.847328244,-16.03816794,0.16015625,-1.022216797,0.116943359,-6.351145038,8.65648855,-28.0610687
3254,1780506945,-0.964355469,-0.290527344,-0.197021484,14.70992366,-3.259541985,-34.13740458,0.234863281,-0.998291016,0.077148438,-6.290076336,9.34351145,-34.64885496
3255,1780506945,-0.965332031,-0.071044922,-0.225830078,12.45801527,-1.374045802,-40.76335878,0.270507813,-0.935302734,0.040771484,-8,10.92366412,-40.39694656
3256,1780506945,-0.979736328,-0.111572266,-0.188232422,8.244274809,0.13740458,-50.66412214,0.280273438,-0.969970703,0.064697266,-8.320610687,8.740458015,-41.67938931
3257,1780506945,-0.979736328,-0.174072266,-0.207763672,13.96183206,-1.038167939,-63.06870229,0.317626953,-0.970458984,0.041992188,-8.419847328,6.229007634,-42.04580153
3258,1780506945,-1.026855469,-0.007568359,-0.164306641,7.419847328,1.916030534,-72.13740458,0.367675781,-0.974609375,0.056396484,-8.427480916,1.778625954,-43.80916031
3259,1780506945,-1.048339844,-0.03515625,-0.187988281,9.763358779,1.244274809,-79.32061069,0.386962891,-0.981445313,0.064697266,-6.366412214,-0.816793893,-45.17557252
3260,1780506945,-1.075683594,-0.047363281,-0.16796875,5.908396947,1.717557252,-86.59541985,0.408935547,-1.000732422,0.039794922,-5.969465649,-1.320610687,-45.72519084
3261,1780506945,-1.107421875,-0.102294922,-0.140625,7.549618321,0.839694656,-93.8778626,0.412109375,-1.005126953,0.065429688,-5.732824427,-2.091603053,-47.53435115
3262,1780506945,-1.137207031,-0.068359375,-0.149902344,7.557251908,0.320610687,-98.00763359,0.434570313,-0.988037109,0.068115234,-5.396946565,-2.503816794,-51.50381679
3263,1780506945,-1.155761719,-0.08203125,-0.176025391,8.366412214,0.519083969,-105.1603053,0.441894531,-0.977539063,0.050048828,-5.198473282,-2.007633588,-56.19847328
3264,1780506945,-1.167236328,-0.073486328,-0.175048828,8.58778626,0.86259542,-109.389313,0.448242188,-0.981201172,0.055175781,-5.404580153,-2.541984733,-60.34351145
3265,1780506945,-1.184326172,-0.071044922,-0.199951172,8.022900763,0.786259542,-112.5648855,0.482666016,-0.975830078,0.057861328,-5.694656489,-3.351145038,-65.16030534
3266,1780506945,-1.200439453,-0.072265625,-0.196777344,7.244274809,0.900763359,-115.0229008,0.4921875,-0.966308594,0.032470703,-5.916030534,-2,-69.80916031
3267,1780506945,-1.200439453,-0.063476563,-0.216064453,5.885496183,1.86259542,-117.0839695,0.499511719,-0.967529297,0.074951172,-6.282442748,-6.190839695,-73.78625954
3268,1780506945,-1.200683594,-0.055175781,-0.217773438,3.969465649,3.152671756,-119.0305344,0.48828125,-0.983154297,0.045166016,-5.740458015,-8.145038168,-77.3129771
3269,1780506945,-1.223144531,-0.032470703,-0.215087891,1.106870229,4.954198473,-121.2977099,0.487304688,-1.007080078,0.033935547,-5.740458015,-10.84732824,-80.49618321
3270,1780506945,-1.264892578,-0.044189453,-0.214599609,-2.404580153,5.694656489,-123.2824427,0.493164063,-1.043212891,0.027099609,-6.091603053,-14.06870229,-84.35114504
3271,1780506945,-1.278564453,-0.066162109,-0.205810547,-3.549618321,4.885496183,-125.3816794,0.499267578,-1.001953125,0.012939453,-6.854961832,-15.65648855,-88.22137405
3272,1780506945,-1.251953125,-0.093994141,-0.21484375,-4.160305344,4.603053435,-127.8854962,0.507568359,-0.981201172,-0.019042969,-6.900763359,-18.16793893,-90.24427481
3273,1780506945,-1.223144531,-0.110595703,-0.228027344,-4.145038168,4.854961832,-131.610687,0.535400391,-0.963378906,-0.030273438,-6.58778626,-17.6259542,-90.58778626
3274,1780506945,-1.223388672,-0.11328125,-0.233154297,-4.091603053,4.969465649,-134.7328244,0.556884766,-0.937255859,-0.000732422,-6.694656489,-16.96183206,-91.02290076
3275,1780506945,-1.229003906,-0.135986328,-0.2421875,-3.541984733,5.404580153,-134.8854962,0.570800781,-0.927734375,-0.018310547,-7.954198473,-15.76335878,-92.66412214
3276,1780506945,-1.2421875,-0.160644531,-0.258300781,-0.770992366,5.458015267,-138.5114504,0.583984375,-0.953125,-0.0390625,-9.06870229,-12.4351145,-95.41221374
3277,1780506945,-1.26171875,-0.173828125,-0.28515625,2.610687023,5.496183206,-139.740458,0.614990234,-0.933837891,-0.037597656,-11.1221374,-9.549618321,-97.18320611
3278,1780506945,-1.260009766,-0.173583984,-0.277099609,3.908396947,5.580152672,-140.4961832,0.641357422,-0.921142578,-0.044921875,-13.64122137,-4.129770992,-97.89312977
3279,1780506945,-1.236328125,-0.189208984,-0.291015625,8.190839695,6.755725191,-141.0916031,0.646240234,-0.879150391,-0.032226563,-11.22137405,1.488549618,-98.76335878
3280,1780506945,-1.199951172,-0.239013672,-0.257080078,12.17557252,6.679389313,-142.0534351,0.653564453,-0.839599609,0.013183594,-12.3129771,1.549618321,-99.64885496
3281,1780506945,-1.165283203,-0.222412109,-0.258789063,13.50381679,6.389312977,-142.5496183,0.638427734,-0.826416016,0.006591797,-11.78625954,0.022900763,-99.82442748
3282,1780506945,-1.165771484,-0.251464844,-0.251953125,15.69465649,6.366412214,-144.221374,0.625488281,-0.836181641,-0.045166016,-15.69465649,-0.809160305,-99.90076336
3283,1780506945,-1.221923828,-0.229736328,-0.244140625,15.01526718,5.236641221,-144.7862595,0.716308594,-0.932128906,-0.086425781,-16.63358779,-1.106870229,-100.3664122
3284,1780506945,-1.322265625,-0.243652344,-0.249511719,12.94656489,4.541984733,-144.2519084,0.795654297,-0.952636719,-0.110107422,-15.49618321,4.229007634,-100.9694656
3285,1780506946,-1.330810547,-0.360595703,-0.234130859,15.36641221,3.083969466,-143.6030534,0.81640625,-0.895263672,-0.041259766,-15.03053435,8.351145038,-105.351145
3286,1780506946,-1.292480469,-0.448242188,-0.225830078,21.84732824,1.114503817,-141.4885496,0.830566406,-0.8046875,0.010498047,-17.22137405,8.488549618,-109.5572519
3287,1780506946,-1.252197266,-0.509277344,-0.225341797,26.24427481,1.091603053,-139,0.832519531,-0.811279297,-0.000244141,-18.74045802,10.3129771,-116.9541985
3288,1780506946,-1.220458984,-0.510742188,-0.226074219,30.09923664,0.366412214,-139.7480916,0.858642578,-0.788085938,-0.019775391,-16.89312977,12.07633588,-115.8778626
3289,1780506946,-1.174316406,-0.495849609,-0.245605469,29.65648855,1.244274809,-143.4122137,0.828125,-0.772705078,-0.058349609,-15.2519084,17.29770992,-111.6946565
3290,1780506946,-1.172851563,-0.501464844,-0.240478516,29.64122137,1.458015267,-147.129771,0.834716797,-0.776367188,0.022216797,-13.97709924,16.74045802,-110.3587786
3291,1780506946,-1.224609375,-0.485107422,-0.273925781,26.93129771,2.328244275,-147.221374,0.847167969,-0.793212891,-0.000976563,-14.70992366,10.06870229,-113.3053435
3292,1780506946,-1.241455078,-0.481933594,-0.243408203,22.09160305,2.526717557,-144.0687023,0.849609375,-0.804443359,0.010742188,-14.67175573,3.709923664,-117.4427481
3293,1780506946,-1.223144531,-0.426513672,-0.217529297,15.90839695,2.213740458,-139.8549618,0.848144531,-0.785400391,-0.034667969,-15.32824427,-4.938931298,-123.0229008
3294,1780506946,-1.183105469,-0.452880859,-0.183837891,12.07633588,0.992366412,-138.0916031,0.832763672,-0.729003906,-0.064453125,-14.40458015,-3.488549618,-123.8244275
3295,1780506946,-1.095458984,-0.520996094,-0.182617188,12.49618321,0.847328244,-138.6335878,0.811279297,-0.656982422,-0.038574219,-13.7480916,-2.625954198,-122.8549618
3296,1780506946,-1.050292969,-0.510009766,-0.203857422,14.71755725,0.297709924,-139.7175573,0.807373047,-0.629394531,-0.0546875,-14.41221374,-1.427480916,-121.7022901
3297,1780506946,-1.021484375,-0.466308594,-0.252441406,16.67175573,1.618320611,-139.351145,0.840332031,-0.623535156,-0.005126953,-13.38167939,-0.740458015,-120.4274809
3298,1780506946,-1.012939453,-0.377929688,-0.289306641,14.38931298,3.351145038,-138.1755725,0.807617188,-0.624755859,-0.050048828,-12.5648855,-0.664122137,-116.3587786
3299,1780506946,-0.97265625,-0.346191406,-0.268066406,10.64122137,4.549618321,-137.3053435,0.797607422,-0.626220703,-0.055175781,-12.48091603,-2.282442748,-112.6717557
3300,1780506946,-0.975585938,-0.292236328,-0.243652344,4,5.114503817,-134.3282443,0.776855469,-0.602294922,-0.052734375,-11.89312977,-5.473282443,-109.648855
3301,1780506946,-0.917236328,-0.28125,-0.192382813,5.41221374,5.038167939,-132.7938931,0.756835938,-0.571289063,-0.056152344,-10.98473282,-9.519083969,-107.1374046
3302,1780506946,-0.853515625,-0.185791016,-0.174804688,0.839694656,4.664122137,-125.6259542,0.715087891,-0.515869141,-0.058105469,-10.38931298,-13.8778626,-105.4351145
3303,1780506946,-0.774169922,-0.196289063,-0.174072266,-0.198473282,4.06870229,-123.0458015,0.708496094,-0.475585938,-0.067626953,-10.60305344,-16.58015267,-97.99236641
3304,1780506946,-0.719726563,-0.118896484,-0.179931641,-4.839694656,4.198473282,-116.221374,0.702148438,-0.435546875,-0.020507813,-9.694656489,-19.22137405,-91.4351145
3305,1780506946,-0.642578125,-0.076660156,-0.205810547,-4.099236641,3.961832061,-110.1221374,0.702148438,-0.405029297,0.006103516,-8.549618321,-22.83969466,-84.10687023
3306,1780506946,-0.605957031,0.035644531,-0.221923828,-14.50381679,8.34351145,-101.8854962,0.700195313,-0.373779297,-0.008789063,-9.465648855,-26.77862595,-78.06870229
3307,1780506946,-0.547363281,0.044921875,-0.193603516,-16.35114504,9.893129771,-95.51145038,0.728271484,-0.376708984,-0.045898438,-8.86259542,-28.50381679,-70.04580153
3308,1780506946,-0.53125,0.095703125,-0.175537109,-20.27480916,10.34351145,-81.1221374,0.759277344,-0.378417969,-0.073730469,-10.04580153,-26.71755725,-61.83206107
3309,1780506946,-0.51171875,0.079101563,-0.120849609,-18.91603053,9.038167939,-67.11450382,0.810302734,-0.371337891,-0.044433594,-9.72519084,-24.64885496,-55.81679389
3310,1780506946,-0.450439453,-0.011962891,-0.072998047,-13.67175573,7.312977099,-56.29770992,0.750244141,-0.338134766,-0.095458984,-8.832061069,-18.29770992,-45.94656489
3311,1780506946,-0.439453125,0.090820313,-0.047119141,-7.175572519,4.717557252,-45.25954198,0.795898438,-0.325927734,-0.129882813,-6.992366412,-9.152671756,-35.80916031
3312,1780506946,-0.397705078,0.089111328,-0.04296875,-2.740458015,1.694656489,-34.11450382,0.781005859,-0.303466797,-0.117919922,-4.938931298,2.251908397,-26.09160305
3313,1780506946,-0.374267578,0.052734375,-0.07421875,4.183206107,-1.183206107,-22.71755725,0.802734375,-0.28125,-0.092041016,-3.816793893,9.65648855,-17.54961832
3314,1780506946,-0.369873047,0.082763672,-0.080810547,12.08396947,-3.221374046,-11.15267176,0.781738281,-0.301513672,-0.116455078,-2.022900763,20.45801527,-5.549618321
3315,1780506946,-0.385009766,0.091552734,-0.086914063,15.77099237,-5.27480916,-1.946564885,0.760742188,-0.327392578,-0.059326172,-1.488549618,26.07633588,3.893129771
3316,1780506946,-0.381103516,0.072265625,-0.096191406,22.44274809,-6.79389313,10.48854962,0.712646484,-0.313964844,-0.038818359,-1.145038168,29.89312977,9.93129771
3317,1780506946,-0.379882813,0.135009766,-0.121337891,21.96183206,-7.114503817,21.63358779,0.671875,-0.322265625,-0.014892578,-0.305343511,30.64885496,17.39694656
3318,1780506946,-0.370361328,0.017333984,-0.097167969,23.53435115,-7.27480916,32.18320611,0.585205078,-0.291992188,-0.023681641,0.854961832,31.34351145,23.88549618
3319,1780506946,-0.352539063,0.016357422,-0.146728516,22.55725191,-6.595419847,36.83969466,0.548583984,-0.302490234,-0.002929688,1.198473282,26.65648855,36.51908397
3320,1780506946,-0.378417969,0.128173828,-0.170654297,13.35877863,-4.419847328,43.91603053,0.558105469,-0.372558594,0.016357422,2.27480916,19.32061069,44.06870229
3321,1780506946,-0.458740234,0.010253906,-0.163818359,3.526717557,-2.885496183,49.67175573,0.5703125,-0.393554688,-0.004882813,3.183206107,9.122137405,51.51908397
3322,1780506946,-0.501953125,0.003417969,-0.183105469,-2.86259542,-1.755725191,55.21374046,0.636230469,-0.434570313,-0.010498047,3.099236641,5.755725191,57.77099237
3323,1780506946,-0.557373047,-0.014160156,-0.178955078,-10.49618321,-0.335877863,64.3129771,0.723388672,-0.448730469,0.015869141,4.076335878,0.091603053,58.6259542
3324,1780506946,-0.599609375,-0.083496094,-0.145751953,-14.77862595,0.854961832,75.19847328,0.754638672,-0.425048828,-0.020019531,5.305343511,-3.564885496,63.24427481
3325,1780506946,-0.606689453,-0.170898438,-0.110595703,-17.41221374,0.259541985,80.45801527,0.773193359,-0.417236328,-0.06640625,5.061068702,-1.702290076,70.83206107
3326,1780506946,-0.622070313,-0.075927734,-0.150878906,-14.66412214,-1.854961832,87.6870229,0.852783203,-0.417724609,0.014160156,7.358778626,3.633587786,75.93129771
3327,1780506946,-0.627197266,-0.324951172,-0.052490234,-13.03053435,-1.778625954,92.72519084,0.783935547,-0.381835938,-0.054199219,8.045801527,8.519083969,82.02290076
3328,1780506946,-0.615478516,-0.399902344,-0.016601563,-1.061068702,-5.053435115,94.02290076,0.813964844,-0.396484375,-0.050048828,8.65648855,13.02290076,89.44274809
3329,1780506946,-0.645507813,-0.293945313,-0.061279297,-0.290076336,-6.885496183,96.54961832,0.8125,-0.430664063,-0.061035156,8.893129771,16.58015267,96.0610687
3330,1780506946,-0.726074219,-0.340576172,-0.090087891,2.832061069,-8.381679389,97.73282443,0.865478516,-0.497070313,-0.005615234,11.23664122,19.88549618,99.81679389
3331,1780506946,-0.810546875,-0.34765625,-0.079589844,3.954198473,-9.335877863,103.648855,0.850585938,-0.525878906,-0.028808594,11.41984733,21.38931298,104.5496183
3332,1780506946,-0.856445313,-0.301269531,-0.10546875,5.038167939,-9.633587786,109.6946565,0.895019531,-0.560302734,0.062255859,11.92366412,20.51908397,101.4045802
3333,1780506946,-0.927734375,-0.303222656,-0.138183594,6,-8.770992366,122.1450382,0.919433594,-0.541748047,0.061035156,14.00763359,20.26717557,101.0076336
3334,1780506946,-0.916748047,-0.306884766,-0.108642578,-2.152671756,-8.183206107,127.1832061,0.84765625,-0.541259766,-0.002685547,11.46564885,19.25954198,101.8015267
3335,1780506946,-0.954101563,-0.424316406,-0.085693359,1.465648855,-10.55725191,132.480916,0.846923828,-0.521484375,0.014648438,10.78625954,17.74045802,102.6259542
3336,1780506946,-0.909423828,-0.374755859,-0.115722656,1.328244275,-10.29770992,135.5801527,0.836914063,-0.571044922,-0.013183594,10.60305344,17.53435115,106.389313
3337,1780506946,-0.94921875,-0.348388672,-0.15625,-1,-9.549618321,136.610687,0.841064453,-0.642822266,-0.010253906,11.04580153,18.19847328,112.7022901
3338,1780506946,-1.045654297,-0.375488281,-0.161621094,-3.641221374,-8.564885496,136.6412214,0.857666016,-0.702636719,-0.008789063,12.00763359,20.55725191,115.7938931
3339,1780506946,-1.163818359,-0.406738281,-0.174316406,-3.473282443,-8.86259542,138.2519084,0.843994141,-0.729736328,0.027587891,11.52671756,21.15267176,113.480916
3340,1780506946,-1.172607422,-0.438964844,-0.181640625,-1.580152672,-8.320610687,141.0381679,0.78125,-0.704101563,0.081298828,10.5648855,17.67175573,109.1832061
3341,1780506946,-1.105224609,-0.417480469,-0.206054688,-2.893129771,-6.122137405,142.8549618,0.701904297,-0.671875,0.12109375,9.610687023,11.28244275,106.7251908
3342,1780506946,-1.021972656,-0.375732422,-0.190673828,-6.129770992,-5.755725191,141.7022901,0.628662109,-0.619873047,0.096679688,8.580152672,3.20610687,108.648855
3343,1780506946,-0.96875,-0.315429688,-0.225341797,-15.52671756,-0.335877863,137.7862595,0.623046875,-0.667480469,0.067626953,8.312977099,-5.618320611,115.1145038
3344,1780506946,-1.046142578,-0.294433594,-0.260498047,-25.03053435,2.65648855,132.1450382,0.682128906,-0.782714844,0.032226563,9.13740458,-9.167938931,121.5877863
3345,1780506946,-1.178222656,-0.320800781,-0.247558594,-30.81679389,4.687022901,128.4045802,0.729980469,-0.874267578,0.046875,10.2519084,-11.54198473,123.4274809
3346,1780506946,-1.291015625,-0.328613281,-0.255126953,-30.8778626,5.610687023,128.1679389,0.768554688,-0.912109375,0.036621094,9.297709924,-14.78625954,120.4580153
3347,1780506946,-1.366699219,-0.310546875,-0.207763672,-29.83969466,3.687022901,129.0916031,0.806640625,-0.930419922,-0.018554688,6.564885496,-14.71755725,114.5725191
3348,1780506946,-1.252441406,-0.356933594,-0.192138672,-28.25954198,2.427480916,134.259542,0.753662109,-0.865234375,0.025634766,7.038167939,-12.89312977,108.351145
3349,1780506946,-1.244628906,-0.311523438,-0.142089844,-28.94656489,0.977099237,137.6717557,0.761474609,-0.798583984,0.013916016,5.748091603,-12.82442748,104.2900763
3350,1780506946,-1.187744141,-0.318115234,-0.156005859,-27.21374046,0.41221374,139.0152672,0.745361328,-0.776611328,-0.010498047,6.435114504,-7.969465649,103.8320611
3351,1780506946,-1.15234375,-0.322021484,-0.158447266,-20.96183206,0.061068702,136.8091603,0.749267578,-0.819824219,-0.0625,8.809160305,-1.641221374,106.610687
3352,1780506946,-1.21484375,-0.333984375,-0.183105469,-18.21374046,0.015267176,133.6641221,0.731201172,-0.894287109,0.000732422,8.442748092,4.72519084,107.3129771
3353,1780506946,-1.315673828,-0.351318359,-0.178955078,-15.38931298,-1.13740458,131.221374,0.692626953,-0.961181641,0.072021484,8,5.824427481,103.259542
3354,1780506946,-1.363769531,-0.349121094,-0.154785156,-10.70229008,-2.65648855,129.4198473,0.663818359,-0.979248047,0.027832031,6.732824427,7.022900763,97.82442748
3355,1780506946,-1.343017578,-0.341064453,-0.132324219,-8.053435115,-4.541984733,126.3969466,0.632080078,-0.938476563,0,6.13740458,13.08396947,93.57251908
3356,1780506946,-1.248291016,-0.381347656,-0.117431641,-4.427480916,-6.290076336,121.8625954,0.580566406,-0.844482422,0.027587891,6.885496183,17.46564885,90.48091603
3357,1780506946,-1.129150391,-0.401611328,-0.083007813,0.480916031,-7.435114504,115.7633588,0.546386719,-0.803466797,0.028564453,7.748091603,18.30534351,88.60305344
3358,1780506946,-1.067626953,-0.345703125,-0.083984375,2.41221374,-8.335877863,109.0534351,0.485107422,-0.812011719,0.047363281,8.618320611,16.49618321,89.07633588
3359,1780506946,-1.044189453,-0.255126953,-0.105224609,2.183206107,-8.282442748,103.5343511,0.480957031,-0.861816406,0.041015625,9.312977099,14.41221374,91.92366412
3360,1780506946,-1.084228516,-0.182861328,-0.154052734,0.618320611,-7.671755725,94.28244275,0.49609375,-0.976074219,0.011230469,8.847328244,15.09923664,93.98473282
3361,1780506946,-1.247314453,-0.050048828,-0.229980469,-5.526717557,-6.41221374,91.06870229,0.538818359,-1.080078125,0.093505859,8.167938931,11.83206107,90.61068702
3362,1780506946,-1.318115234,-0.166259766,-0.209472656,-3.992366412,-5.419847328,87.6870229,0.514892578,-1.112792969,0.126464844,8.770992366,6.167938931,83.3740458
3363,1780506946,-1.335449219,-0.054199219,-0.246826172,-11.13740458,-3.122137405,88.80916031,0.467285156,-1.028076172,0.111572266,7.358778626,0.465648855,73.60305344
3364,1780506946,-1.211425781,-0.140625,-0.231689453,-11.11450382,-1.763358779,88.2519084,0.461914063,-1.017333984,0.141845703,6.839694656,-2.671755725,67.28244275
3365,1780506946,-1.141845703,-0.049804688,-0.193359375,-18.17557252,0.687022901,87.10687023,0.434814453,-0.925048828,0.130371094,7.160305344,-5.954198473,62.54961832
3366,1780506946,-1.028320313,-0.123535156,-0.182617188,-18.85496183,2.946564885,82.7480916,0.397949219,-0.891357422,0.081542969,5.816793893,-9.992366412,62.83206107
3367,1780506946,-1.061035156,-0.008544922,-0.1796875,-29.35114504,4.854961832,79.79389313,0.401123047,-0.923095703,0.123291016,7.213740458,-18.03816794,62.07633588
3368,1780506946,-1.020751953,-0.092285156,-0.177001953,-24.41984733,5.458015267,76.03816794,0.403076172,-0.934326172,0.046630859,7.687022901,-17.19847328,63.90839695
3369,1780506947,-1.037597656,0.024169922,-0.192138672,-29.16030534,7.465648855,69.2519084,0.415283203,-1.008789063,0.057373047,8.267175573,-17.73282443,66.16793893
3370,1780506947,-1.096191406,-0.025634766,-0.189697266,-28.03053435,7.458015267,64.14503817,0.409667969,-1.05859375,0.053222656,9.282442748,-17.76335878,67.0610687
3371,1780506947,-1.148681641,0.049072266,-0.202392578,-30.80152672,7.610687023,61.09923664,0.436035156,-1.064453125,0.057373047,9.404580153,-18.84732824,64.2519084
3372,1780506947,-1.161376953,0.018066406,-0.176269531,-31.34351145,6.458015267,60.39694656,0.395019531,-1.027832031,0.060058594,8.442748092,-21.21374046,57.69465649
3373,1780506947,-1.120361328,-0.029541016,-0.167724609,-29.46564885,5.007633588,59.19847328,0.352539063,-1.022460938,0.050048828,6.229007634,-22.41221374,51.71755725
3374,1780506947,-1.052001953,-0.025634766,-0.192382813,-24.2519084,4.435114504,58.3129771,0.370361328,-0.963623047,0.121826172,5.732824427,-20.85496183,46.22137405
3375,1780506947,-1.017333984,0.124511719,-0.195068359,-30.48091603,5.801526718,58.11450382,0.327392578,-0.946533203,0.091308594,4.702290076,-22.94656489,43.84732824
3376,1780506947,-0.957275391,-0.021240234,-0.200439453,-24.12977099,6.145038168,53.3740458,0.289306641,-0.947265625,0.064941406,3.27480916,-21.97709924,43.48854962
3377,1780506947,-0.950927734,0.09765625,-0.214599609,-23.16793893,7.511450382,48.6870229,0.281494141,-0.979003906,0.043212891,3.122137405,-19.76335878,43.00763359
3378,1780506947,-0.952880859,0.112304688,-0.245849609,-21.05343511,9.465648855,43.42748092,0.291992188,-1.027099609,0.033203125,3.129770992,-16.03053435,47.58015267
3379,1780506947,-1.017333984,0.229980469,-0.219726563,-24.67175573,9.93129771,40.70992366,0.322509766,-1.060546875,0.014648438,3.038167939,-13.76335878,45.34351145
3380,1780506947,-1.088623047,0.036376953,-0.193115234,-17.67175573,7.480916031,37.52671756,0.315429688,-1.055175781,0.020996094,0.717557252,-12.16030534,41.14503817
3381,1780506947,-1.052734375,-0.039794922,-0.170410156,-12.92366412,4.145038168,32.05343511,0.25,-1.015869141,0.029541016,-1.946564885,-9.72519084,38.52671756
3382,1780506947,-0.984863281,-0.008056641,-0.147705078,-6.717557252,1.755725191,25.65648855,0.260253906,-0.978027344,0.009277344,-2.694656489,-3.816793893,39.03816794
3383,1780506947,-0.944091797,0.0390625,-0.156494141,-0.93129771,0.755725191,20.83206107,0.280029297,-0.968994141,0.026123047,-2.503816794,2.770992366,35.35877863
3384,1780506947,-0.944335938,0.073730469,-0.142333984,0.335877863,0.480916031,17.07633588,0.256591797,-0.965576172,0.035400391,-2.06870229,4.809160305,34.28244275
3385,1780506947,-0.925292969,0.081054688,-0.174072266,4.687022901,0.534351145,12.3129771,0.236572266,-0.971923828,0.04296875,-2.305343511,6.496183206,35.13740458
3386,1780506947,-0.935546875,0.187988281,-0.197265625,4.351145038,0.664122137,9.809160305,0.206542969,-0.971435547,0.063232422,-2.809160305,5.969465649,33.00763359
3387,1780506947,-0.931396484,0.123046875,-0.178710938,6.458015267,0.572519084,5.519083969,0.192626953,-0.997802734,0.084960938,-4.396946565,4.259541985,32.52671756
3388,1780506947,-0.917236328,0.148193359,-0.186279297,7.824427481,0.488549618,1.389312977,0.172851563,-0.98828125,0.079345703,-6.076335878,2.58778626,32.22900763
3389,1780506947,-0.906982422,0.150390625,-0.189208984,7.290076336,1.129770992,-3.213740458,0.16015625,-0.989013672,0.084716797,-6.534351145,1.389312977,32.24427481
3390,1780506947,-0.892089844,0.194335938,-0.215332031,6.580152672,2.79389313,-7.488549618,0.147949219,-0.9921875,0.082763672,-3.93129771,-0.885496183,33.36641221
3391,1780506947,-0.893554688,0.22265625,-0.215332031,2.183206107,4.717557252,-9.847328244,0.133300781,-0.991455078,0.077392578,-5.625954198,-5.305343511,34.15267176
3392,1780506947,-0.894042969,0.233398438,-0.224121094,-2.900763359,6.648854962,-14.64885496,0.138427734,-0.994873047,0.066162109,-5.06870229,-10.61068702,33.9389313
3393,1780506947,-0.899658203,0.25,-0.230224609,-7.740458015,9.091603053,-16.96946565,0.100097656,-0.997802734,0.065429688,-4.190839695,-17.07633588,35.13740458
3394,1780506947,-0.894775391,0.292236328,-0.23828125,-11.77862595,11.55725191,-18.6870229,0.094726563,-1.008789063,0.070556641,-3.86259542,-23.78625954,32.29007634
3395,1780506947,-0.911132813,0.275146484,-0.243652344,-19.97709924,13.75572519,-20.51908397,0.085205078,-1.019042969,0.06640625,-3.893129771,-28.41221374,33.14503817
3396,1780506947,-0.906982422,0.289794922,-0.242919922,-26.1221374,15.19847328,-22.16793893,0.091308594,-1.016601563,0.074707031,-3.992366412,-33.83206107,30.45801527
3397,1780506947,-0.932617188,0.258056641,-0.236572266,-32.15267176,16.58778626,-23.84732824,0.080566406,-1.008544922,0.090576172,-4.496183206,-39.09923664,29.9389313
3398,1780506947,-0.926757813,0.233886719,-0.254150391,-38.07633588,17.73282443,-26.73282443,0.086914063,-1.038085938,0.052490234,-4.106870229,-48.17557252,30.70992366
3399,1780506947,-0.957763672,0.129882813,-0.220458984,-46.35114504,22.71755725,-31.58778626,0.052246094,-1.077880859,0.069580078,-2.557251908,-54.28244275,31.34351145
3400,1780506947,-0.998779297,0.09375,-0.170410156,-50.99236641,22.33587786,-41.64122137,0.055419922,-1.084228516,0.057861328,-3.893129771,-58.76335878,34.03816794
3401,1780506947,-0.992431641,0.215820313,-0.167480469,-56.16793893,22.77099237,-44.03053435,0.097412109,-1.041748047,0.064697266,-1.65648855,-61.26717557,30.54198473
3402,1780506947,-0.983886719,0.268310547,-0.150390625,-56.99236641,23.49618321,-40.48091603,0.145263672,-1.024169922,0.064697266,-1.473282443,-61.55725191,24.17557252
3403,1780506947,-0.998779297,0.354003906,-0.100341797,-56.55725191,22.07633588,-32.88549618,0.193847656,-1.03125,0.030761719,-2.610687023,-60.87022901,19.34351145
3404,1780506947,-0.987792969,0.428710938,-0.067871094,-55.63358779,21.47328244,-22.09923664,0.2421875,-1.043457031,0.019042969,-3.427480916,-57.57251908,13.36641221
3405,1780506947,-1.004394531,0.391113281,-0.054199219,-52.58015267,16.45801527,-12.38931298,0.27734375,-1.058837891,0.02734375,-3.114503817,-52.59541985,9.664122137
3406,1780506947,-1.004150391,0.205810547,-0.039306641,-45.5648855,13.49618321,-8.167938931,0.271728516,-1.033203125,0.000488281,-3.908396947,-42.8778626,6.083969466
3407,1780506947,-0.984619141,0.025634766,-0.054931641,-35.45038168,10.70992366,-11.06870229,0.25390625,-1.002441406,0.005859375,-0.175572519,-30.44274809,11.64885496
3408,1780506947,-0.980712891,0.014404297,-0.064453125,-26.97709924,7.870229008,-15.49618321,0.248046875,-1.014648438,0.009521484,0.847328244,-22.01526718,13.07633588
3409,1780506947,-0.983642578,0.074951172,-0.056640625,-18.80916031,4.847328244,-16.42748092,0.253662109,-1.015625,-0.001220703,1.290076336,-14.61832061,10.63358779
3410,1780506947,-0.993652344,0.157958984,-0.074707031,-11.35877863,1.79389313,-12.40458015,0.242431641,-1.018798828,0.004638672,1.572519084,-9.755725191,7.664122137
3411,1780506947,-0.975830078,0.242431641,-0.094726563,-5.114503817,-0.824427481,-6.954198473,0.230957031,-1.029541016,0.002685547,2.152671756,-3.72519084,0.854961832
3412,1780506947,-0.960205078,0.246826172,-0.16015625,-2.114503817,-1.702290076,-2.465648855,0.175048828,-0.982177734,-0.011230469,2.099236641,1.954198473,0.076335878
3413,1780506947,-0.918212891,0.202880859,-0.209716797,1.442748092,-1.893129771,-2.091603053,0.175537109,-0.990478516,0.010742188,2.114503817,6.511450382,-0.015267176
3414,1780506947,-0.926025391,0.17578125,-0.238769531,2.717557252,-2.076335878,-1.984732824,0.154541016,-0.994384766,0.016113281,1.122137405,6.641221374,-0.061068702
3415,1780506947,-0.936523438,0.170654297,-0.254150391,4.114503817,-1.984732824,-3.854961832,0.138916016,-1.012695313,-0.001464844,-0.251908397,7.358778626,-0.312977099
3416,1780506947,-0.940429688,0.220947266,-0.250488281,4.847328244,-3.908396947,-0.022900763,0.139648438,-1.023193359,0.017089844,-1.167938931,7.702290076,-0.06870229
3417,1780506947,-0.951171875,0.248535156,-0.257568359,5.435114504,-0.053435115,-1.099236641,0.111572266,-1.024658203,0.007568359,-2.358778626,7.251908397,0.259541985
3418,1780506947,-0.926513672,0.272705078,-0.250732422,4.572519084,-1.320610687,-0.335877863,0.123779297,-1.014404297,0.008544922,-2.832061069,7.061068702,1.328244275
3419,1780506947,-0.937011719,0.273681641,-0.245605469,4.404580153,-0.801526718,0.801526718,0.1171875,-1.011962891,0.011474609,-3.106870229,8.213740458,0.770992366
3420,1780506947,-0.924804688,0.444091797,-0.247558594,2.93129771,0.763358779,6.305343511,0.178466797,-1.013427734,0.038330078,-2.435114504,8.13740458,-6.480916031
3421,1780506947,-0.9453125,0.153808594,-0.184570313,4.778625954,0.732824427,8.175572519,0.099853516,-1.025390625,0.015380859,-3.045801527,10.03816794,-7.503816794
3422,1780506947,-0.925537109,0.245361328,-0.206054688,8.679389313,0.198473282,7.65648855,0.114257813,-1.013183594,0.039306641,-2.740458015,10.06870229,-8.618320611
3423,1780506947,-0.966552734,0.233154297,-0.161865234,7.610687023,-0.167938931,9.946564885,0.172851563,-1.017089844,0.006103516,-3.015267176,12.55725191,-10.35877863
3424,1780506947,-0.955810547,0.264404297,-0.145263672,6.366412214,-0.641221374,14.0610687,0.246337891,-1.020507813,0.025146484,-3.007633588,13.8778626,-14.42748092
3425,1780506947,-0.988525391,0.147949219,-0.090576172,9.450381679,-3.381679389,17.38167939,0.219970703,-1.006591797,-0.008300781,-3.839694656,19.20610687,-19.03816794
3426,1780506947,-0.978515625,0.106201172,-0.08203125,18.55725191,-6.832061069,20.01526718,0.252929688,-0.987792969,-0.032958984,-1.41221374,27.22137405,-24.40458015
3427,1780506947,-0.957763672,0.162841797,-0.099853516,24.03816794,-8.885496183,23.30534351,0.219482422,-0.972900391,-0.011474609,-0.564885496,33.58778626,-26.90839695
3428,1780506947,-0.943847656,0.149414063,-0.126464844,26.16793893,-9.076335878,22.71755725,0.191162109,-1.001464844,0.073730469,1.496183206,35.71755725,-26.03053435
3429,1780506947,-0.944824219,0.216796875,-0.138916016,24.58778626,-8.442748092,20.85496183,0.135986328,-1.031738281,0.086425781,3.259541985,35.11450382,-24.26717557
3430,1780506947,-0.944580078,0.277099609,-0.1484375,20.29770992,-8.335877863,19.47328244,0.094970703,-1.040039063,0.066894531,2.366412214,28.54198473,-24.19083969
3431,1780506947,-0.964111328,0.295410156,-0.166748047,17.77099237,-8.847328244,18.67938931,0.091796875,-1.058349609,0.069335938,1.671755725,24.02290076,-26.13740458
3432,1780506947,-0.994628906,0.173095703,-0.192382813,15.55725191,-9.106870229,15.90076336,0.096191406,-1.083984375,0.045410156,1.015267176,21.41221374,-28.10687023
3433,1780506947,-1.030273438,0.051757813,-0.192382813,14.84732824,-9.786259542,10.33587786,0.098876953,-1.091796875,0.055664063,0.20610687,18.5648855,-30.55725191
3434,1780506947,-1.026123047,0.003662109,-0.21875,13.15267176,-9.633587786,2.900763359,0.108642578,-1.082275391,0.036376953,-0.175572519,16.98473282,-32.29007634
3435,1780506947,-1.015380859,-0.103515625,-0.193603516,13.90839695,-10.06870229,-7.610687023,0.138916016,-1.065185547,0.042236328,-0.259541985,16.65648855,-31.61832061
3436,1780506947,-0.986328125,-0.226806641,-0.261474609,17.20610687,-10.38167939,-19.55725191,0.145751953,-1.026367188,0.021240234,-0.198473282,17.47328244,-29.90839695
3437,1780506947,-0.965820313,-0.142333984,-0.301757813,21.12977099,-9.374045802,-31.6259542,0.248046875,-1.006835938,0.026855469,-1.610687023,18.53435115,-32.60305344
3438,1780506947,-0.990478516,-0.078857422,-0.283203125,18.0610687,-7.526717557,-35.48854962,0.260986328,-0.991943359,0.029785156,-4.603053435,20.6259542,-36.50381679
3439,1780506947,-1.014892578,-0.093017578,-0.322998047,20.02290076,-6.160305344,-40.19083969,0.258789063,-1.004150391,0.037109375,-5.786259542,22.8778626,-40.29007634
3440,1780506947,-1.005371094,-0.077880859,-0.322753906,20.61068702,-3.473282443,-47.38931298,0.198730469,-0.99609375,0.02734375,-7.511450382,23.77862595,-37.38167939
3441,1780506947,-0.973632813,-0.068359375,-0.298828125,23.51908397,-2.244274809,-55.39694656,0.280761719,-1.021728516,0.080322266,-6.954198473,23.17557252,-38.34351145
3442,1780506947,-1.056884766,0.039794922,-0.270263672,16.2519084,-0.442748092,-54.75572519,0.323974609,-1.015869141,0.080078125,-9.091603053,14.05343511,-43.42748092
3443,1780506947,-1.092285156,-0.087890625,-0.249023438,17.90839695,-0.435114504,-58.4351145,0.322509766,-1.030517578,0.071533203,-10.48091603,10.07633588,-51.32824427
3444,1780506947,-1.102783203,-0.059082031,-0.264892578,16.69465649,-1.86259542,-58.85496183,0.328125,-1.029052734,0.022460938,-12.86259542,9.022900763,-57.91603053
3445,1780506947,-1.090332031,-0.127929688,-0.266845703,16.22900763,0.541984733,-62.08396947,0.337646484,-1.014404297,0.028808594,-14.46564885,7.580152672,-61.75572519
3446,1780506947,-1.093505859,-0.105224609,-0.274658203,15.90839695,1.015267176,-65.64885496,0.340087891,-1.0078125,-0.010498047,-13.96946565,7.778625954,-65.19847328
3447,1780506947,-1.06640625,-0.060302734,-0.301513672,12.61068702,3.236641221,-68.93129771,0.33984375,-0.993896484,-0.004150391,-14.04580153,2.618320611,-67.47328244
3448,1780506947,-1.060546875,-0.040039063,-0.302490234,6.786259542,6.41221374,-72.48854962,0.312744141,-1.002441406,0.05078125,-13.20610687,-3.221374046,-69.98473282
3449,1780506947,-1.078125,-0.075927734,-0.291503906,2.160305344,8.541984733,-76.8778626,0.279052734,-1.010009766,0.031005859,-12.38167939,-9.152671756,-73.88549618
3450,1780506947,-1.109375,-0.110839844,-0.279785156,-1.312977099,9.236641221,-81.90839695,0.259033203,-1.014648438,-0.008544922,-14.83206107,-16.18320611,-77.53435115
3451,1780506947,-1.08203125,-0.163574219,-0.273925781,-4.557251908,10.7480916,-88.27480916,0.231445313,-1.001220703,-0.025634766,-14,-19.09160305,-73.96946565
3452,1780506948,-1.093017578,-0.119873047,-0.297119141,-7.320610687,12.73282443,-97.95419847,0.357910156,-1.021728516,0.009521484,-11.67938931,-22.48854962,-73.52671756
3453,1780506948,-1.145263672,-0.13671875,-0.271728516,-19.32824427,15.4351145,-103.9465649,0.364990234,-0.998046875,-0.029541016,-12.59541985,-26.69465649,-75.46564885
3454,1780506948,-1.149414063,-0.255859375,-0.273925781,-14.0610687,15.77099237,-110.1145038,0.389404297,-0.989746094,-0.021240234,-14.08396947,-25.45801527,-77.95419847
3455,1780506948,-1.165283203,-0.156005859,-0.274169922,-12.41221374,15.77862595,-114.4656489,0.430664063,-0.954101563,-0.001220703,-16.09923664,-22.54961832,-78.96183206
3456,1780506948,-1.138183594,-0.228759766,-0.255371094,-9.641221374,16.72519084,-120.1450382,0.443847656,-0.952392578,-0.037597656,-16.1221374,-21.34351145,-78.45038168
3457,1780506948,-1.145019531,-0.229003906,-0.247314453,-6.06870229,16.97709924,-123.2290076,0.470214844,-0.949951172,-0.046386719,-16.77862595,-16.0610687,-78.33587786
3458,1780506948,-1.186279297,-0.261230469,-0.224365234,-2.511450382,16.16793893,-128.6717557,0.525878906,-0.960449219,-0.036376953,-18.44274809,-13.26717557,-80.74045802
3459,1780506948,-1.240966797,-0.246826172,-0.227294922,1.038167939,15.6870229,-130.0839695,0.5703125,-0.996582031,-0.055664063,-18.34351145,-11.06870229,-84.51908397
3460,1780506948,-1.274902344,-0.240966797,-0.229492188,2.870229008,15.2519084,-130.0229008,0.608642578,-1.003662109,-0.059326172,-17.72519084,-7.854961832,-88.19083969
3461,1780506948,-1.275390625,-0.234619141,-0.218017578,4.015267176,14.67175573,-129.2671756,0.633544922,-0.997070313,-0.034912109,-17.38167939,-6.763358779,-91.0610687
3462,1780506948,-1.312255859,-0.233154297,-0.185791016,3.259541985,13.40458015,-127.4961832,0.665771484,-1.003173828,-0.068359375,-16.98473282,-3.961832061,-94.47328244
3463,1780506948,-1.284912109,-0.285400391,-0.156982422,6.366412214,10.67175573,-125.6641221,0.676513672,-0.967285156,-0.073486328,-15.83206107,0.099236641,-99.3129771
3464,1780506948,-1.262207031,-0.367431641,-0.126708984,13.35877863,7.34351145,-123.5572519,0.731445313,-0.930664063,-0.018310547,-16.19847328,4.564885496,-104.2824427
3465,1780506948,-1.249511719,-0.339599609,-0.118896484,18.57251908,4.473282443,-121.6870229,0.736572266,-0.915771484,-0.022705078,-14.95419847,7.030534351,-106.9083969
3466,1780506948,-1.231445313,-0.340576172,-0.148681641,21.91603053,2.297709924,-119.8091603,0.717773438,-0.942382813,-0.049316406,-14.05343511,12.20610687,-110.2671756
3467,1780506948,-1.262451172,-0.316162109,-0.180908203,23.71755725,0.106870229,-117.9465649,0.713623047,-0.955322266,-0.018798828,-12.64885496,12.39694656,-113.1068702
3468,1780506948,-1.260498047,-0.3359375,-0.224121094,22.39694656,-0.641221374,-117.8244275,0.673095703,-0.979248047,-0.036376953,-12.1221374,11.51908397,-114.870229
3469,1780506948,-1.271240234,-0.331542969,-0.262207031,23.32824427,-0.786259542,-118.7022901,0.640625,-0.972167969,0.010742188,-10.77862595,9.442748092,-116.0610687
3470,1780506948,-1.251953125,-0.324707031,-0.264648438,17.97709924,-0.297709924,-119.2824427,0.655273438,-0.947998047,0.031005859,-10.58778626,5.610687023,-116.8854962
3471,1780506948,-1.202392578,-0.343261719,-0.245849609,14.93129771,-0.06870229,-120.3358779,0.648681641,-0.879638672,0.0078125,-10.79389313,4.038167939,-117.0534351
3472,1780506948,-1.163574219,-0.384765625,-0.224121094,15.74045802,-0.564885496,-122.9847328,0.653564453,-0.86328125,-0.043457031,-9.816793893,4.335877863,-113.8625954
3473,1780506948,-1.145751953,-0.424804688,-0.233154297,19.71755725,-2.076335878,-128.1450382,0.693359375,-0.851806641,-0.080810547,-9.977099237,7.954198473,-113.1450382
3474,1780506948,-1.167480469,-0.335205078,-0.241943359,16.82442748,-2.221374046,-125.7709924,0.708496094,-0.837646484,-0.043701172,-10.32061069,6.961832061,-117.8396947
3475,1780506948,-1.157714844,-0.433105469,-0.271240234,16.61068702,-2.381679389,-125.8549618,0.635009766,-0.817871094,-0.037353516,-11.86259542,4.648854962,-119.4503817
3476,1780506948,-1.134765625,-0.432617188,-0.326904297,29.16793893,-3.167938931,-127.8396947,0.703857422,-0.80078125,-0.011962891,-11.32061069,6.969465649,-119.8473282
3477,1780506948,-1.079101563,-0.1328125,-0.354736328,13.80152672,0.832061069,-122.5419847,0.711181641,-0.768066406,-0.015625,-10.22137405,5.770992366,-119.389313
3478,1780506948,-1.053710938,-0.352294922,-0.283447266,13.9389313,2.061068702,-122.648855,0.636962891,-0.732177734,-0.006835938,-12.45801527,-2.549618321,-119.3969466
3479,1780506948,-1.025634766,-0.33984375,-0.293701172,13.65648855,3.335877863,-122.2824427,0.658935547,-0.729980469,-0.004638672,-12.66412214,-7.374045802,-117.6946565
3480,1780506948,-0.985351563,-0.206054688,-0.273193359,4.267175573,5.045801527,-120.8931298,0.659667969,-0.705078125,-0.041259766,-11.95419847,-11.67175573,-114.7099237
3481,1780506948,-0.961425781,-0.251953125,-0.254638672,-0.603053435,6.389312977,-119.2900763,0.66015625,-0.662109375,-0.048095703,-12.57251908,-17.86259542,-111.648855
3482,1780506948,-0.917236328,-0.2734375,-0.236083984,-5.175572519,7.41221374,-119.4274809,0.649169922,-0.640625,-0.035888672,-11.6870229,-21.17557252,-106.7175573
3483,1780506948,-0.899414063,-0.131347656,-0.254394531,-10.19083969,8.786259542,-114.2977099,0.73046875,-0.654296875,-0.063476563,-12.19847328,-26.3129771,-106.4274809
3484,1780506948,-0.884521484,-0.305664063,-0.194091797,-13.60305344,8.618320611,-110.610687,0.698974609,-0.620361328,-0.023193359,-11.51908397,-28.47328244,-103.2061069
3485,1780506948,-0.849853516,-0.185058594,-0.204345703,-12.99236641,8.923664122,-106.5419847,0.720458984,-0.576416016,-0.070068359,-12.16030534,-29.65648855,-98.12977099
3486,1780506948,-0.782714844,-0.112548828,-0.188720703,-17.60305344,10.48091603,-101.2061069,0.740966797,-0.580566406,-0.073486328,-12.22137405,-27.95419847,-92.61068702
3487,1780506948,-0.781738281,-0.139648438,-0.162841797,-16.61832061,9.916030534,-95.44274809,0.739746094,-0.559326172,-0.103759766,-10.55725191,-25.40458015,-87.6259542
3488,1780506948,-0.737548828,-0.151855469,-0.163330078,-12.8778626,9.030534351,-90.32061069,0.743408203,-0.520263672,-0.068603516,-10.48091603,-21.32824427,-81.83969466
3489,1780506948,-0.705078125,-0.096923828,-0.156738281,-10.19083969,7.839694656,-83.51145038,0.760253906,-0.505859375,-0.087890625,-10.20610687,-19.41221374,-75.2519084
3490,1780506948,-0.676025391,-0.083251953,-0.137451172,-4.648854962,7.79389313,-76.38931298,0.782470703,-0.511230469,-0.108154297,-9.564885496,-12.51908397,-68.01526718
3491,1780506948,-0.665771484,-0.010986328,-0.147216797,-3.358778626,4.396946565,-67.83969466,0.802001953,-0.546142578,-0.110595703,-8.618320611,-6.427480916,-62.4351145
3492,1780506948,-0.673583984,-0.03515625,-0.131103516,0.748091603,2.488549618,-59.13740458,0.795654297,-0.524658203,-0.048828125,-6.916030534,-1.786259542,-54.05343511
3493,1780506948,-0.656494141,0.009033203,-0.131835938,6.221374046,0.099236641,-49.04580153,0.786132813,-0.506103516,-0.085449219,-7.145038168,2.335877863,-49.17557252
3494,1780506948,-0.612792969,-0.008544922,-0.125244141,7.984732824,-0.114503817,-40.93129771,0.758056641,-0.479003906,-0.096435547,-6.458015267,7.480916031,-41.64122137
3495,1780506948,-0.564941406,0.033691406,-0.139160156,13.91603053,-3.595419847,-30.77099237,0.714355469,-0.449951172,-0.080322266,-4.511450382,11.83206107,-32.23664122
3496,1780506948,-0.489257813,0.0546875,-0.148925781,13.07633588,-4.015267176,-23.92366412,0.652099609,-0.413330078,-0.041259766,-3.488549618,13.10687023,-20.95419847
3497,1780506948,-0.437744141,0.061279297,-0.157470703,14.34351145,-3.488549618,-17.83969466,0.640380859,-0.407958984,-0.032958984,-1.34351145,13.08396947,-11.79389313
3498,1780506948,-0.443603516,0.122558594,-0.173583984,7.854961832,-2.259541985,-9.152671756,0.613037109,-0.393310547,-0.011474609,-1.030534351,11.6870229,-2.755725191
3499,1780506948,-0.456787109,0.110595703,-0.179931641,4.816793893,-1.534351145,-1.061068702,0.604248047,-0.428222656,-0.020996094,-0.717557252,4.778625954,5.175572519
3500,1780506948,-0.481201172,0.133544922,-0.171630859,0.511450382,-0.977099237,7.282442748,0.622802734,-0.4609375,-0.041015625,-0.312977099,0.847328244,12
3501,1780506948,-0.506835938,0.152832031,-0.162353516,-5.450381679,-0.366412214,16.1221374,0.655517578,-0.470458984,-0.037109375,0.41221374,-0.519083969,22.23664122
3502,1780506948,-0.524414063,0.137695313,-0.148925781,-5.641221374,-0.488549618,28.17557252,0.742919922,-0.489013672,-0.007568359,2.34351145,0.297709924,23.01526718
3503,1780506948,-0.554199219,0.026611328,-0.102294922,-8.770992366,-0.183206107,37.3129771,0.618896484,-0.415039063,-0.091308594,1.427480916,1.572519084,29.72519084
3504,1780506948,-0.494873047,-0.106933594,-0.1171875,-1.427480916,-2.72519084,40.98473282,0.625976563,-0.407470703,-0.075683594,2.458015267,6.290076336,43.78625954
3505,1780506948,-0.492431641,0.017333984,-0.135986328,-0.549618321,-3.06870229,46.26717557,0.702636719,-0.438964844,-0.037109375,4.893129771,9.404580153,51.84732824
3506,1780506948,-0.555419922,0.005859375,-0.139160156,-1.816793893,-3.282442748,53.08396947,0.701904297,-0.467773438,-0.063232422,6.083969466,10.63358779,58.3740458
3507,1780506948,-0.60546875,-0.068847656,-0.153808594,0.396946565,-4.419847328,59.51145038,0.697998047,-0.506591797,-0.082519531,6.129770992,13.24427481,63.69465649
3508,1780506948,-0.663330078,-0.084716797,-0.162353516,1.786259542,-5.183206107,65.78625954,0.730957031,-0.531005859,-0.054443359,6.748091603,14.23664122,69.73282443
3509,1780506948,-0.692382813,-0.060058594,-0.155029297,1.625954198,-5.847328244,70.39694656,0.743164063,-0.537353516,-0.071289063,7.648854962,16.39694656,74.24427481
3510,1780506948,-0.728027344,-0.003173828,-0.159423828,-0.213740458,-5.755725191,83.38931298,0.787109375,-0.529296875,-0.037841797,8.091603053,16.13740458,75.61068702
3511,1780506948,-0.731445313,-0.160888672,-0.157714844,8.72519084,-6.755725191,93,0.790283203,-0.482910156,-0.05078125,8.748091603,20.96946565,76.22900763
3512,1780506948,-0.710449219,-0.047119141,-0.115478516,-3.625954198,-7.419847328,101.4580153,0.744140625,-0.490234375,-0.078857422,9.702290076,22.54961832,82.38167939
3513,1780506948,-0.735107422,-0.231201172,-0.153564453,7.480916031,-8.366412214,104.2748092,0.745849609,-0.508789063,-0.044677734,7.267175573,23.9389313,88.08396947
3514,1780506948,-0.787841797,-0.112792969,-0.170654297,8.923664122,-8.511450382,110.1755725,0.785644531,-0.585205078,-0.045410156,7.519083969,26.41221374,95.18320611
3515,1780506948,-0.880126953,-0.153076172,-0.166503906,7.671755725,-8.022900763,115.1145038,0.763427734,-0.622070313,-0.016845703,9.167938931,27.80916031,100.7709924
3516,1780506948,-0.914306641,-0.184082031,-0.157714844,8.603053435,-9.732824427,118.3206107,0.750976563,-0.625732422,-0.041015625,8.908396947,28.3740458,104.2366412
3517,1780506948,-0.974853516,-0.154052734,-0.184082031,4.916030534,-7.366412214,124.4580153,0.748535156,-0.641357422,-0.020507813,8.061068702,26.15267176,103.610687
3518,1780506948,-0.947021484,-0.274902344,-0.163818359,6.511450382,-7.251908397,128.8320611,0.711181641,-0.623779297,0.010253906,8.13740458,24.34351145,104.3587786
3519,1780506948,-0.963134766,-0.190673828,-0.170898438,5.022900763,-7.114503817,131.7557252,0.677490234,-0.594726563,0.011230469,8.435114504,20.64122137,107
3520,1780506948,-0.902832031,-0.216552734,-0.163085938,1.824427481,-5.511450382,132.3969466,0.623046875,-0.587402344,-0.041503906,7.65648855,17.04580153,112.5725191
3521,1780506948,-0.968017578,-0.200195313,-0.187744141,-1.984732824,-5.396946565,132.0916031,0.643066406,-0.700927734,0.00390625,7.969465649,12.09160305,117
3522,1780506948,-1.072998047,-0.233398438,-0.204589844,-6.79389313,-4.824427481,131.9236641,0.695800781,-0.790527344,-0.022216797,7.534351145,9.603053435,118.9160305
3523,1780506948,-1.195556641,-0.177734375,-0.227294922,-11.1221374,-3.671755725,135.1145038,0.757568359,-0.870605469,0.001464844,9.641221374,9.038167939,117.0305344
3524,1780506948,-1.242675781,-0.232666016,-0.211425781,-11.24427481,-2.381679389,139.7480916,0.759033203,-0.830322266,0.038330078,8.748091603,7.618320611,115.2671756
3525,1780506948,-1.23046875,-0.235595703,-0.208496094,-16.29770992,-1.305343511,144.4656489,0.703369141,-0.788330078,0.070800781,9,3.305343511,108.0687023
3526,1780506948,-1.161376953,-0.280273438,-0.181396484,-17.0610687,-0.870229008,147.0152672,0.657470703,-0.734375,0.026123047,8.610687023,-0.030534351,105.8778626
3527,1780506948,-1.11328125,-0.236083984,-0.191894531,-20.51908397,0.145038168,146.9770992,0.621337891,-0.730712891,0.016113281,8.061068702,-5.694656489,107.1832061
3528,1780506948,-1.109130859,-0.240966797,-0.171875,-23.44274809,0.290076336,143.6183206,0.608642578,-0.768554688,-0.015136719,10.48091603,-7.244274809,112.3282443
3529,1780506948,-1.112792969,-0.208251953,-0.200195313,-26.20610687,0.664122137,140.6793893,0.635498047,-0.837158203,-0.041503906,12.04580153,-6.969465649,117.4656489
3530,1780506948,-1.226806641,-0.223144531,-0.228271484,-28.64122137,0.442748092,135.1526718,0.647460938,-0.952392578,0.011962891,11.24427481,-8.893129771,117.2977099
3531,1780506948,-1.361572266,-0.226318359,-0.229980469,-29.74045802,1.916030534,132.8854962,0.680664063,-1.04296875,0.037109375,11.64122137,-9.832061069,111.8244275
3532,1780506948,-1.443603516,-0.187011719,-0.206542969,-31.71755725,-0.519083969,136.9083969,0.703369141,-1.06640625,-0.027832031,12.29770992,-11.64885496,104.6335878
3533,1780506948,-1.428710938,-0.241210938,-0.197753906,-33.03053435,-1.641221374,138.129771,0.685058594,-0.968994141,0.016845703,12.61068702,-10.67175573,98.22137405
3534,1780506948,-1.322509766,-0.340820313,-0.177001953,-30.16030534,-2.740458015,136.6030534,0.644287109,-0.875488281,0.054443359,13.02290076,-10.20610687,93.6259542
3535,1780506948,-1.221435547,-0.332275391,-0.162109375,-27.0610687,-3.358778626,133.259542,0.618652344,-0.849365234,0.000732422,13.82442748,-7.664122137,92.04580153
3536,1780506949,-1.156738281,-0.305175781,-0.166259766,-24.01526718,-3.183206107,127.1755725,0.583007813,-0.86328125,0.029296875,15.02290076,-4.969465649,94.41984733
3537,1780506949,-1.155761719,-0.264404297,-0.174804688,-22.07633588,-2.580152672,120.0687023,0.573486328,-0.932373047,-0.001708984,16.38931298,-1.595419847,97.08396947
3538,1780506949,-1.222167969,-0.243408203,-0.192871094,-21.94656489,-3.06870229,113.0229008,0.575439453,-1.022705078,-0.001220703,16.03816794,-0.610687023,96
3539,1780506949,-1.340332031,-0.212402344,-0.195800781,-21.35877863,-4.488549618,109.7022901,0.579345703,-1.079833984,0.024169922,15.95419847,-2.366412214,88.73282443
3540,1780506949,-1.385009766,-0.147216797,-0.209960938,-22.3740458,-5.13740458,109.8396947,0.572998047,-1.05859375,0.052978516,15.53435115,-3.961832061,79.38167939
3541,1780506949,-1.34375,-0.150878906,-0.215576172,-24.97709924,-5.122137405,110.1221374,0.547119141,-1.015136719,0.085693359,14.9389313,-7.908396947,71.3129771
3542,1780506949,-1.256347656,-0.159423828,-0.215087891,-27.32824427,-4.694656489,108.6564885,0.509033203,-0.967529297,0.102539063,14.34351145,-15.06870229,66.73282443
3543,1780506949,-1.168457031,-0.153076172,-0.212890625,-29.32061069,-5.801526718,104.1526718,0.473388672,-0.931152344,0.067626953,13.77862595,-18.67175573,66.09160305
3544,1780506949,-1.100341797,-0.111572266,-0.205322266,-30.98473282,-2.20610687,98.18320611,0.458007813,-0.954589844,0.029052734,15.0610687,-18.69465649,68.63358779
3545,1780506949,-1.069580078,-0.105224609,-0.249511719,-33.03816794,-0.404580153,89.35877863,0.444091797,-0.994873047,-0.004150391,17.25954198,-18.51908397,73.53435115
3546,1780506949,-1.102050781,-0.097412109,-0.25,-33.29770992,0.72519084,80.16793893,0.453125,-1.038574219,-0.004638672,18.15267176,-20.14503817,75.24427481
3547,1780506949,-1.190185547,-0.090332031,-0.245361328,-36.00763359,0.572519084,74.32824427,0.472167969,-1.063232422,0.042236328,17.79389313,-22,70.39694656
3548,1780506949,-1.267333984,-0.071777344,-0.236572266,-39.11450382,-0.641221374,74.07633588,0.453125,-1.078613281,0.017333984,16.23664122,-23.87022901,61.09923664
3549,1780506949,-1.271972656,-0.09375,-0.249267578,-34.25954198,-0.854961832,71.15267176,0.491699219,-1.080322266,0.040039063,16.49618321,-21.3129771,51.41221374
3550,1780506949,-1.228759766,-0.086181641,-0.212890625,-35.77099237,-0.786259542,69.39694656,0.445800781,-1.029052734,0.039306641,15.77099237,-20.61068702,45.29007634
3551,1780506949,-1.130371094,-0.114501953,-0.257568359,-30.85496183,-1.938931298,66.32824427,0.441650391,-0.992919922,0.032714844,15.29007634,-20.10687023,41.61832061
3552,1780506949,-1.082275391,-0.018310547,-0.241455078,-33.09160305,0.519083969,60.17557252,0.432861328,-0.979248047,0.035400391,14.70992366,-20.91603053,40.39694656
3553,1780506949,-1.040771484,-0.028076172,-0.247314453,-30.6259542,0.969465649,55.26717557,0.424072266,-0.994628906,0.041992188,14.51908397,-19.54961832,40.44274809
3554,1780506949,-1.027832031,0.006103516,-0.254150391,-30.13740458,1.473282443,50.17557252,0.402099609,-0.991455078,0.005126953,13.25954198,-21.11450382,40.90076336
3555,1780506949,-1.032714844,0.009033203,-0.268554688,-28.19083969,0.79389313,45.09160305,0.388916016,-1.012451172,-0.002929688,10.77862595,-20.19847328,40.32824427
3556,1780506949,-1.045166016,0.038330078,-0.274658203,-25.74045802,0.801526718,40.54198473,0.379638672,-1.028076172,-0.002685547,8.824427481,-18.8778626,38.7480916
3557,1780506949,-1.047607422,0.069335938,-0.295654297,-23.42748092,1.328244275,36.48854962,0.368164063,-1.029052734,0.021728516,7.580152672,-18.2519084,36.85496183
3558,1780506949,-1.028320313,0.073242188,-0.286132813,-23.16793893,2.541984733,32.45038168,0.3203125,-0.990234375,0.022705078,6.34351145,-17.77099237,35.44274809
3559,1780506949,-0.982177734,0.098388672,-0.306152344,-22.5648855,3.900763359,28.64885496,0.306640625,-0.953857422,0.028564453,5.549618321,-16.99236641,32.26717557
3560,1780506949,-0.939208984,0.052246094,-0.286132813,-19.64885496,4.786259542,25.14503817,0.288330078,-0.923828125,0.010253906,4.160305344,-16.13740458,28.92366412
3561,1780506949,-0.904785156,0.065673828,-0.280517578,-16.44274809,5.458015267,21.89312977,0.274902344,-0.900390625,0.002197266,2.618320611,-14.54961832,26.03053435
3562,1780506949,-0.875488281,0.105224609,-0.266357422,-14.72519084,5.839694656,19.03816794,0.263183594,-0.895996094,0.0078125,0.229007634,-13.95419847,25.18320611
3563,1780506949,-0.848388672,0.044189453,-0.272949219,-13.6259542,6.404580153,11.84732824,0.258544922,-0.924316406,-0.012939453,-3.885496183,-12.36641221,27.39694656
3564,1780506949,-0.831298828,0.177490234,-0.278320313,-11.19847328,6.015267176,7.610687023,0.2578125,-0.894775391,-0.005615234,-3.007633588,-11.29770992,32.00763359
3565,1780506949,-0.833496094,0.101074219,-0.245849609,-8.969465649,5.977099237,0.13740458,0.261474609,-0.921142578,-0.038574219,-5.099236641,-10.07633588,34.32824427
3566,1780506949,-0.858886719,0.114257813,-0.246826172,-4.671755725,5.358778626,-3.923664122,0.258544922,-0.936035156,-0.032470703,-5.488549618,-8.152671756,35.99236641
3567,1780506949,-0.829833984,0.124755859,-0.2109375,-0.427480916,4.809160305,-12.03816794,0.212890625,-0.936279297,-0.041748047,-6.435114504,-5.122137405,38.92366412
3568,1780506949,-0.828857422,0.157470703,-0.204589844,1.938931298,4.290076336,-15.72519084,0.212158203,-0.947998047,-0.018554688,-6.648854962,-3.396946565,39.1221374
3569,1780506949,-0.859863281,0.136230469,-0.234375,4.267175573,3.618320611,-23.79389313,0.195556641,-0.971679688,-0.036621094,-6.282442748,-2.099236641,43.04580153
3570,1780506949,-0.884277344,0.166015625,-0.221191406,5.824427481,3.122137405,-28.85496183,0.190185547,-0.969482422,-0.017822266,-5.969465649,-1.145038168,44.29007634
3571,1780506949,-0.887207031,0.221191406,-0.237060547,5.748091603,3.374045802,-31.57251908,0.190673828,-0.969238281,-0.015625,-5.20610687,-0.816793893,44.45038168
3572,1780506949,-0.889648438,0.25,-0.269775391,4.389312977,5.503816794,-31.3740458,0.189941406,-0.981689453,0.016113281,-5.381679389,-2.885496183,43.72519084
3573,1780506949,-0.924072266,0.280517578,-0.283935547,1.198473282,7.129770992,-33.27480916,0.196044922,-1.002197266,0.03515625,-6.236641221,-6.114503817,41.77099237
3574,1780506949,-0.963623047,0.295410156,-0.311035156,-3,9.404580153,-32.19847328,0.191894531,-1.029785156,0.045410156,-7.595419847,-11.66412214,38.77862595
3575,1780506949,-0.994140625,0.279296875,-0.290283203,-8.519083969,11.33587786,-30.6870229,0.183105469,-1.060791016,0.061279297,-8.984732824,-17.58015267,35.36641221
3576,1780506949,-1.012939453,0.225097656,-0.267822266,-14.06870229,13,-31.09923664,0.177490234,-1.075683594,0.055419922,-9.290076336,-22.93129771,32.93129771
3577,1780506949,-1.007568359,0.201904297,-0.235107422,-20.00763359,15.19083969,-32.94656489,0.163574219,-1.074707031,0.048828125,-8.763358779,-25.65648855,32.03053435
3578,1780506949,-1.007080078,0.202392578,-0.177490234,-26.14503817,17.35114504,-35.05343511,0.158691406,-1.069091797,0.078857422,-7.27480916,-32.97709924,31.03053435
3579,1780506949,-1.025390625,0.194091797,-0.102539063,-32.77099237,18.20610687,-35.75572519,0.193847656,-1.082275391,0.081054688,-7.763358779,-39.7480916,28.17557252
3580,1780506949,-1.052490234,0.262695313,-0.023925781,-38.93129771,16.4351145,-32.6259542,0.228027344,-1.08984375,0.057861328,-4.847328244,-45.1221374,21.96183206
3581,1780506949,-1.091064453,0.340087891,0.061523438,-43.3129771,13.19847328,-24.03053435,0.286376953,-1.096191406,0.054199219,-3.290076336,-47.34351145,12.81679389
3582,1780506949,-1.094238281,0.343505859,0.09375,-43.19083969,9.175572519,-13.05343511,0.348144531,-1.1015625,0.047607422,-0.832061069,-44.05343511,3.763358779
3583,1780506949,-1.121582031,0.264160156,0.086425781,-42.77099237,6.20610687,-6.083969466,0.28125,-1.036621094,0.012207031,1.732824427,-36.91603053,-0.129770992
3584,1780506949,-1.030273438,0.12109375,-0.022460938,-35.53435115,3.755725191,-5.893129771,0.338134766,-1.042724609,0.034912109,3.93129771,-24.46564885,-0.870229008
3585,1780506949,-0.987060547,0.084472656,-0.072265625,-21.94656489,1.488549618,-5.961832061,0.338134766,-0.986572266,0.025634766,7.694656489,-14.21374046,-1.503816794
3586,1780506949,-0.966796875,0.102783203,-0.104492188,-15.26717557,0.091603053,-5.519083969,0.298095703,-0.9765625,0.027832031,7.427480916,-6.419847328,-1.511450382
3587,1780506949,-0.933105469,0.177001953,-0.144775391,-8.267175573,-2.305343511,-4.106870229,0.248779297,-0.966308594,0.008056641,5.770992366,-0.335877863,-1.213740458
3588,1780506949,-0.920898438,0.228027344,-0.169433594,-3.488549618,-2.015267176,-2.847328244,0.203125,-0.990234375,-0.005126953,3.977099237,3.664122137,-0.86259542
3589,1780506949,-0.917236328,0.248291016,-0.218994141,1.496183206,-5.259541985,-3.900763359,0.170898438,-0.998779297,-0.021240234,2.694656489,7.267175573,-0.618320611
3590,1780506949,-0.921630859,0.256347656,-0.262695313,5.770992366,-5.480916031,-0.679389313,0.171630859,-0.984863281,-0.048095703,2.381679389,11.58778626,-0.183206107
3591,1780506949,-0.911621094,0.309326172,-0.294677734,7.259541985,-5.145038168,0.427480916,0.126953125,-0.997802734,-0.06640625,1.396946565,14.51145038,-0.458015267
3592,1780506949,-0.931152344,0.413818359,-0.329589844,2.801526718,-4.259541985,6.648854962,0.1015625,-0.98828125,-0.074951172,-0.381679389,13.52671756,-6.34351145
3593,1780506949,-0.890625,0.159667969,-0.302734375,15.54961832,-5.282442748,4.221374046,0.0234375,-0.97265625,-0.032226563,-2.114503817,15.95419847,-0.015267176
3594,1780506949,-0.848388672,0.373046875,-0.314697266,18.95419847,-5.496183206,0.427480916,0.087646484,-1.003173828,0.003417969,-1.251908397,17.54198473,0.152671756
3595,1780506949,-0.876220703,0.318359375,-0.261962891,11.48854962,-5.832061069,0.58778626,0.065429688,-0.986816406,0.015380859,-2.465648855,12.21374046,1.992366412
3596,1780506949,-0.880126953,0.238525391,-0.241699219,10.17557252,-2.381679389,0.114503817,0.058837891,-0.989013672,0.017333984,-2.328244275,9.65648855,2.053435115
3597,1780506949,-0.875976563,0.350341797,-0.220947266,7.34351145,-1.435114504,0.351145038,0.067138672,-0.990966797,0.032470703,-3.129770992,9.221374046,2.694656489
3598,1780506949,-0.897705078,0.343017578,-0.196289063,4.045801527,-0.190839695,0.79389313,0.079101563,-1.016845703,0.069091797,-3.267175573,7.58778626,2.786259542
3599,1780506949,-0.920410156,0.299560547,-0.165039063,3.290076336,0.374045802,0.160305344,0.0859375,-1.027099609,0.078613281,-2.832061069,5.27480916,2.763358779
3600,1780506949,-0.918945313,0.301269531,-0.1484375,1.366412214,1.114503817,-0.122137405,0.091308594,-1.026367188,0.077148438,-2.045801527,3.786259542,2.580152672
3601,1780506949,-0.928222656,0.289550781,-0.127929688,-0.870229008,1,-0.13740458,0.100585938,-1.023925781,0.062255859,-1.259541985,2,2.297709924
3602,1780506949,-0.933349609,0.266845703,-0.112792969,-0.030534351,0.435114504,-1.053435115,0.112792969,-1.020263672,0.042236328,-0.038167939,0.732824427,1.748091603
3603,1780506949,-0.949707031,0.252441406,-0.094238281,-2.740458015,-0.458015267,-1.099236641,0.125732422,-1.026611328,0.035644531,1.229007634,0.893129771,0.984732824
3604,1780506949,-0.941162109,0.241943359,-0.112304688,-3.022900763,-1.396946565,-1.305343511,0.144042969,-1.020507813,0.036621094,2.427480916,1.305343511,0.748091603
3605,1780506949,-0.944335938,0.264404297,-0.134765625,-2.557251908,-3.86259542,-1.916030534,0.196777344,-1.013427734,0.005615234,3.809160305,3.610687023,-8.885496183
3606,1780506949,-1.008056641,0.293457031,-0.103027344,-12.42748092,-0.038167939,11.74045802,0.232177734,-1.007568359,-0.032470703,2.099236641,1.992366412,-14.22900763
3607,1780506949,-0.947265625,0.21875,-0.238769531,0.13740458,-1.297709924,11.19847328,0.197509766,-1.019775391,0.007080078,3.557251908,7.335877863,-14.72519084
3608,1780506949,-0.929199219,0.274658203,-0.206298828,-2.061068702,-2.648854962,11.86259542,0.1875,-0.987060547,-0.026855469,-0.198473282,7.030534351,-13.58015267
3609,1780506949,-0.940185547,0.090087891,-0.213867188,3.870229008,-2.671755725,10.32824427,0.236816406,-1.0078125,0.044677734,-0.282442748,6.946564885,-16.41984733
3610,1780506949,-0.983154297,0.254638672,-0.2109375,3.65648855,-3.259541985,14.05343511,0.240722656,-1,-0.011474609,-1.236641221,9.625954198,-19.83969466
3611,1780506949,-0.924316406,0.212402344,-0.181640625,6.748091603,-5.061068702,16.38167939,0.225585938,-0.982177734,-0.007568359,-1.854961832,13.64122137,-22.54198473
3612,1780506949,-0.92578125,0.253662109,-0.187744141,10.67938931,-5.961832061,18.6259542,0.217773438,-0.980957031,-0.016601563,-1.86259542,15.77099237,-23.90839695
3613,1780506949,-0.92578125,0.243896484,-0.184326172,11.58778626,-5.93129771,18.80152672,0.192138672,-0.999511719,0.033447266,-1.083969466,16.90839695,-23.01526718
3614,1780506949,-0.919677734,0.151611328,-0.203125,11.87022901,-4.977099237,14.11450382,0.134033203,-1.009033203,0.065429688,-0.175572519,17.13740458,-20.42748092
3615,1780506949,-0.898193359,0.141357422,-0.223388672,10.51908397,-3.381679389,7.20610687,0.092041016,-1.009277344,0.05078125,0.061068702,15.82442748,-17.87022901
3616,1780506949,-0.900878906,0.194580078,-0.193115234,6.687022901,-2.41221374,1.366412214,0.059082031,-1.019287109,0.069091797,0.34351145,10.7480916,-16.90839695
3617,1780506949,-0.918945313,0.216308594,-0.200927734,3.267175573,-1.381679389,-4.091603053,0.055664063,-1.048339844,0.059814453,1.335877863,4.458015267,-17.04580153
3618,1780506949,-0.9296875,0.189208984,-0.214599609,-3.496183206,0.374045802,-7.839694656,0.065429688,-1.052490234,0.053466797,2.34351145,-1.687022901,-16.73282443
3619,1780506950,-0.959960938,-0.021972656,-0.209472656,-8.946564885,1.404580153,-21.32824427,0.067382813,-1.069335938,0.039306641,3.114503817,-6.244274809,-19.46564885
3620,1780506950,-1.021728516,-0.099609375,-0.239257813,-8.351145038,-0.58778626,-27.28244275,0.168457031,-1.021240234,-0.036132813,1.213740458,-7.870229008,-25.77862595
3621,1780506950,-1.007080078,-0.086181641,-0.290283203,-2.366412214,-0.732824427,-32.85496183,0.24609375,-0.973144531,-0.045410156,-0.038167939,-4.106870229,-30.67938931
3622,1780506950,-0.993164063,-0.0625,-0.316894531,3.34351145,-0.740458015,-37.35877863,0.313720703,-0.988525391,-0.052001953,-5.160305344,3.358778626,-33.19847328
3623,1780506950,-1.01953125,-0.158935547,-0.320068359,10.82442748,-0.709923664,-43.87022901,0.390380859,-1.011230469,-0.027587891,-7.152671756,10.55725191,-31.32061069
3624,1780506950,-1.020996094,0.107177734,-0.320556641,10.10687023,0.839694656,-47.3129771,0.420410156,-1.038085938,-0.029785156,-7.778625954,13.55725191,-30.35877863
3625,1780506950,-1.027099609,-0.099121094,-0.333740234,10.51145038,2.65648855,-49.77862595,0.390869141,-0.982666016,0.019775391,-8.328244275,14.29007634,-33.46564885
3626,1780506950,-1.047851563,-0.102539063,-0.250976563,16.51908397,2.549618321,-52.2519084,0.389892578,-0.995849609,0.013183594,-9.641221374,15.44274809,-36.34351145
3627,1780506950,-1.059570313,-0.051757813,-0.244873047,17.94656489,2.358778626,-54.69465649,0.365722656,-1.005126953,0.050048828,-10.54961832,16.3740458,-39.80152672
3628,1780506950,-1.063476563,-0.059570313,-0.222167969,18.92366412,2.717557252,-57.36641221,0.345703125,-1.019775391,0.03125,-12.05343511,15.19847328,-44.09923664
3629,1780506950,-1.083984375,-0.201904297,-0.233642578,23.96946565,1.374045802,-61.28244275,0.379394531,-1.038330078,0.004394531,-13.16793893,15.38931298,-50
3630,1780506950,-1.131347656,-0.024902344,-0.255371094,17.69465649,2.038167939,-61.72519084,0.403320313,-1.027099609,-0.013183594,-14.08396947,13.38931298,-56.48854962
3631,1780506950,-1.125244141,-0.141845703,-0.263916016,21.33587786,2.305343511,-62.96946565,0.421630859,-1.018066406,-0.010009766,-13.29007634,12.27480916,-61.81679389
3632,1780506950,-1.099609375,-0.107421875,-0.257324219,18.64122137,3.213740458,-65.33587786,0.403564453,-1.013427734,-0.013671875,-13.67175573,9.839694656,-64.34351145
3633,1780506950,-1.114746094,-0.079833984,-0.275634766,14.35877863,4.404580153,-68.36641221,0.402587891,-1.023193359,0.021972656,-13.38931298,4.65648855,-66.54198473
3634,1780506950,-1.125,-0.072753906,-0.261474609,11.66412214,5.755725191,-71.15267176,0.397949219,-1.022460938,0.022460938,-13.88549618,1.900763359,-68.78625954
3635,1780506950,-1.131591797,-0.08203125,-0.274414063,5.610687023,7.038167939,-74.16030534,0.391357422,-1.030029297,0.030761719,-14.08396947,-2.175572519,-71.40458015
3636,1780506950,-1.126220703,-0.101806641,-0.265625,2.832061069,8.198473282,-77.16030534,0.396972656,-1.013183594,0.005371094,-13.63358779,-6.13740458,-74.39694656
3637,1780506950,-1.137695313,-0.108886719,-0.254150391,0.763358779,9.435114504,-80.54198473,0.417724609,-1.012207031,0.005615234,-14.16793893,-7.541984733,-77.45038168
3638,1780506950,-1.153320313,-0.153564453,-0.24609375,0.267175573,9.396946565,-83.9389313,0.432373047,-1.018310547,-0.008789063,-14.7480916,-8.450381679,-80.71755725
3639,1780506950,-1.166748047,-0.180419922,-0.250488281,1.603053435,9.419847328,-87.38167939,0.465576172,-1.014648438,-0.018310547,-15.9389313,-8.488549618,-84.02290076
3640,1780506950,-1.18359375,-0.157714844,-0.261962891,2.290076336,9.977099237,-90.22137405,0.498046875,-1.017333984,-0.030273438,-15.61068702,-6.396946565,-86.48091603
3641,1780506950,-1.189697266,-0.175537109,-0.276367188,3.114503817,10.93129771,-95.72519084,0.525390625,-0.989501953,-0.043457031,-16.01526718,-3.664122137,-83.65648855
3642,1780506950,-1.160644531,-0.26171875,-0.272460938,11.55725191,10.77099237,-102.0381679,0.545410156,-1.009521484,0.01171875,-16.09923664,1.030534351,-85.59541985
3643,1780506950,-1.249267578,-0.13671875,-0.268310547,2.129770992,11.61068702,-100.5954198,0.574951172,-1.004150391,-0.021728516,-18.26717557,2.969465649,-93.33587786
3644,1780506950,-1.267822266,-0.324707031,-0.234619141,14.57251908,11.93129771,-101,0.572998047,-1.017333984,-0.015625,-17.03053435,5.992366412,-98.09923664
3645,1780506950,-1.233398438,-0.215332031,-0.255371094,16.26717557,12.67938931,-104.6259542,0.551513672,-0.982177734,0.003173828,-16.00763359,10.99236641,-96.12977099
3646,1780506950,-1.159912109,-0.294921875,-0.224853516,16.83969466,12.65648855,-113.2519084,0.544921875,-0.959960938,0.074462891,-16.29770992,8.488549618,-94.67938931
3647,1780506950,-1.248046875,-0.183105469,-0.196533203,10.21374046,11.4351145,-115.0458015,0.604492188,-0.969238281,-0.039306641,-18.61068702,5.816793893,-99.04580153
3648,1780506950,-1.285644531,-0.348876953,-0.128417969,14.30534351,8.198473282,-116.778626,0.611328125,-0.977050781,-0.064453125,-16.29007634,9.351145038,-104.8931298
3649,1780506950,-1.257080078,-0.385498047,-0.153320313,20.89312977,6.27480916,-119.1755725,0.638671875,-0.918701172,0.005859375,-13.55725191,7.977099237,-109.0687023
3650,1780506950,-1.235351563,-0.254394531,-0.185546875,16.41221374,6.740458015,-118.8854962,0.638427734,-0.907470703,0.038574219,-13.54961832,1.030534351,-114.9694656
3651,1780506950,-1.229003906,-0.294433594,-0.212890625,10.06870229,6.93129771,-119.6793893,0.587646484,-0.879638672,0.031982422,-14.10687023,-5.801526718,-118.0610687
3652,1780506950,-1.180664063,-0.2578125,-0.267822266,7.908396947,7.511450382,-121.3969466,0.596191406,-0.845458984,0.091064453,-11.75572519,-11.84732824,-120.1603053
3653,1780506950,-1.191162109,-0.105712891,-0.334716797,-5.748091603,12.01526718,-118.7938931,0.659179688,-0.899902344,0.0703125,-13.82442748,-23.84732824,-125.1374046
3654,1780506950,-1.237304688,-0.303955078,-0.299072266,-11.22137405,14.44274809,-116.8244275,0.646484375,-0.884765625,0.057617188,-15.59541985,-34.95419847,-131.2442748
3655,1780506950,-1.228027344,-0.279052734,-0.369384766,-17.96183206,19.92366412,-118.2519084,0.6484375,-0.923339844,0.031494141,-18.75572519,-43.22900763,-134.0381679
3656,1780506950,-1.326904297,-0.327392578,-0.328857422,-29.19083969,22.70992366,-119.6412214,0.650146484,-0.882080078,0.049560547,-19.07633588,-57.20610687,-137.4656489
3657,1780506950,-1.269287109,-0.418945313,-0.309570313,-34.74045802,25.85496183,-121.2748092,0.669921875,-0.867919922,-0.069091797,-20.13740458,-65.28244275,-138.1603053
3658,1780506950,-1.226074219,-0.405029297,-0.28515625,-39.9389313,27.00763359,-127.1374046,0.67578125,-0.802978516,-0.156005859,-21.61068702,-66.46564885,-133.648855
3659,1780506950,-1.13671875,-0.520751953,-0.266845703,-39.81679389,27.86259542,-137.0916031,0.699951172,-0.713378906,-0.185791016,-21.81679389,-61.03053435,-128.7709924
3660,1780506950,-1.196533203,-0.340820313,-0.322998047,-35.77099237,28.30534351,-140.5877863,0.858398438,-0.710449219,-0.233886719,-22.48854962,-53.51908397,-127.8320611
3661,1780506950,-1.16015625,-0.576416016,-0.287109375,-26.03816794,26.22137405,-145.3358779,0.862060547,-0.681884766,-0.245849609,-24.26717557,-38.22900763,-121.6335878
3662,1780506950,-1.143798828,-0.490966797,-0.312988281,-11.53435115,22.74045802,-149.0916031,0.928710938,-0.633056641,-0.207763672,-26.05343511,-26.94656489,-119.6641221
3663,1780506950,-1.151123047,-0.382080078,-0.361328125,0.709923664,24.05343511,-142.0458015,1.000244141,-0.697509766,-0.080322266,-27.61832061,-18.22900763,-127
3664,1780506950,-1.208496094,-0.294189453,-0.296386719,5.41221374,22.48091603,-133.2900763,0.942626953,-0.631347656,-0.141601563,-26.35877863,-12.12977099,-125.9618321
3665,1780506950,-1.060302734,-0.277099609,-0.332763672,12.84732824,21.32061069,-129.7633588,0.918457031,-0.614013672,-0.254394531,-30.49618321,-5.053435115,-122.610687
3666,1780506950,-1.052734375,-0.232910156,-0.277099609,15.10687023,18.3129771,-124.3282443,0.959228516,-0.654296875,-0.199462891,-29.64885496,-1.679389313,-118.2366412
3667,1780506950,-1.057128906,-0.243652344,-0.264404297,17.03816794,15.98473282,-119.2442748,0.925048828,-0.66015625,-0.226074219,-27.3129771,2.847328244,-114.8473282
3668,1780506950,-1.031982422,-0.267578125,-0.247070313,20.80152672,12.67938931,-114.7938931,0.868896484,-0.597900391,-0.198242188,-26.49618321,4.366412214,-112.6030534
3669,1780506950,-0.945068359,-0.172607422,-0.204101563,22.39694656,10.12977099,-108.351145,0.781982422,-0.55078125,-0.197753906,-25.54198473,5.335877863,-113.7328244
3670,1780506950,-0.867431641,-0.25,-0.228759766,22.44274809,7.519083969,-103.8091603,0.739257813,-0.521484375,-0.188232422,-24.58015267,2.687022901,-109.5954198
3671,1780506950,-0.810058594,-0.237548828,-0.26953125,22.70992366,6.259541985,-103.221374,0.73828125,-0.504150391,-0.180419922,-21.80152672,4.977099237,-105.3053435
3672,1780506950,-0.766845703,-0.037597656,-0.303955078,14.92366412,7.358778626,-97.22137405,0.749511719,-0.466064453,-0.116210938,-20.53435115,4.129770992,-97.77099237
3673,1780506950,-0.720214844,-0.269775391,-0.257080078,16.46564885,7.580152672,-96.07633588,0.680908203,-0.430664063,-0.1328125,-18.29007634,5.832061069,-92.84732824
3674,1780506950,-0.680664063,-0.067871094,-0.256103516,18.96946565,6.809160305,-94.38931298,0.694824219,-0.400390625,-0.154296875,-17.1221374,6.030534351,-87.54198473
3675,1780506950,-0.631591797,-0.099365234,-0.203857422,15.78625954,5.320610687,-88.45801527,0.710205078,-0.395996094,-0.141113281,-16.35114504,4.381679389,-82.4351145
3676,1780506950,-0.630615234,-0.114746094,-0.160888672,18.32061069,2.030534351,-82.85496183,0.712890625,-0.3984375,-0.162597656,-14.84732824,5.450381679,-76.32824427
3677,1780506950,-0.569091797,0.019042969,-0.142578125,18.98473282,0.152671756,-75.2519084,0.71875,-0.360107422,-0.140380859,-13.66412214,8.801526718,-68.02290076
3678,1780506950,-0.503417969,0.118164063,-0.171142578,17.22900763,-1.038167939,-68.38931298,0.714355469,-0.319335938,-0.135742188,-10.13740458,12.38931298,-58.81679389
3679,1780506950,-0.452880859,0.111328125,-0.182373047,18.98473282,-2.396946565,-57.22137405,0.6953125,-0.309326172,-0.139404297,-9.175572519,15.29007634,-49.70229008
3680,1780506950,-0.422607422,0.143798828,-0.189208984,20.05343511,-3.442748092,-47.63358779,0.689453125,-0.300292969,-0.108398438,-7.404580153,16.86259542,-40.73282443
3681,1780506950,-0.417724609,0.237548828,-0.201904297,18.96183206,-3.694656489,-36.26717557,0.715820313,-0.329589844,-0.128173828,-6.282442748,18.20610687,-29.73282443
3682,1780506950,-0.424072266,0.198486328,-0.172119141,16.54961832,-4.198473282,-24.83206107,0.681396484,-0.346923828,-0.103027344,-5.916030534,20.07633588,-20.28244275
3683,1780506950,-0.421875,0.181884766,-0.150146484,16.57251908,-5.740458015,-14.70992366,0.670654297,-0.320800781,-0.061035156,-4.190839695,20.89312977,-10.58015267
3684,1780506950,-0.372558594,0.190185547,-0.123535156,16.83206107,-6.93129771,-5.34351145,0.617919922,-0.287597656,-0.090087891,-2.702290076,22.94656489,-3.061068702
3685,1780506950,-0.362792969,0.235107422,-0.120117188,13.80916031,-9.603053435,6.778625954,0.583007813,-0.246582031,-0.098388672,-1.122137405,23.67938931,2.816793893
3686,1780506950,-0.314453125,0.081787109,-0.135009766,23.15267176,-8.969465649,13.54198473,0.524414063,-0.242919922,-0.091552734,1.519083969,22.60305344,12.70992366
3687,1780506950,-0.288085938,0.092773438,-0.135742188,14.48854962,-8.854961832,16.70992366,0.515869141,-0.316894531,-0.115722656,3.106870229,20.54961832,22.0610687
3688,1780506950,-0.375488281,0.142089844,-0.194335938,8.770992366,-8.755725191,25.06870229,0.570800781,-0.366455078,-0.067626953,4.610687023,16.88549618,30.15267176
3689,1780506950,-0.455810547,0.201171875,-0.225341797,2.992366412,-7.229007634,32.81679389,0.602050781,-0.416503906,-0.041503906,5.824427481,11.29770992,38.45801527
3690,1780506950,-0.514648438,0.171386719,-0.241943359,-3.458015267,-5.610687023,40.6259542,0.637451172,-0.442382813,-0.060302734,7,4.702290076,45.04580153
3691,1780506950,-0.546386719,0.168701172,-0.208007813,-8.435114504,-4.610687023,48.77099237,0.661621094,-0.439697266,-0.092041016,8.091603053,1.961832061,55.21374046
3692,1780506950,-0.560791016,0.10546875,-0.197021484,-13.35114504,-4.282442748,54.96183206,0.697509766,-0.421630859,-0.052246094,10.38931298,0.282442748,63.39694656
3693,1780506950,-0.553466797,0.066162109,-0.166748047,-15.01526718,-4.129770992,62.58015267,0.716308594,-0.381347656,-0.071533203,11.83969466,-1.13740458,71.17557252
3694,1780506950,-0.569091797,0.042480469,-0.168212891,-15.79389313,-4.709923664,70.64122137,0.739990234,-0.390625,-0.090576172,11.83206107,-0.404580153,78.79389313
3695,1780506950,-0.617919922,-0.022949219,-0.145263672,-15.72519084,-5.648854962,79.61832061,0.770751953,-0.408203125,-0.089111328,13.15267176,2.79389313,85.50381679
3696,1780506950,-0.675292969,-0.052978516,-0.165039063,-12.57251908,-7.366412214,86.48091603,0.811523438,-0.477050781,-0.115722656,13.70229008,6.916030534,91.61832061
3697,1780506950,-0.794921875,-0.108886719,-0.16796875,-9.259541985,-9.427480916,92.99236641,0.853027344,-0.538085938,-0.1484375,13.18320611,13.36641221,96.54198473
3698,1780506950,-0.870117188,-0.163574219,-0.166748047,-4.198473282,-11.98473282,98.75572519,0.882324219,-0.560546875,-0.101074219,14.24427481,19.94656489,101.4274809
3699,1780506950,-0.89453125,-0.156982422,-0.161376953,3.145038168,-13.70992366,103.6412214,0.889892578,-0.522949219,-0.091552734,16.02290076,25.47328244,103.259542
3700,1780506950,-0.893554688,-0.081542969,-0.17578125,3.198473282,-13.21374046,115.0992366,0.858642578,-0.490234375,-0.098632813,15.46564885,33.16030534,108.4198473
3701,1780506950,-0.812255859,-0.236083984,-0.182617188,15.90839695,-14.3129771,118.4274809,0.850585938,-0.452880859,-0.077148438,16.61068702,40.70229008,116.4656489
3702,1780506950,-0.817871094,0.000976563,-0.206298828,4.435114504,-12.93129771,125.4885496,0.836425781,-0.47265625,-0.092285156,14.2519084,38.5648855,120.4045802
3703,1780506951,-0.966064453,-0.246826172,-0.225585938,12.27480916,-12.83969466,132.4961832,0.842285156,-0.599121094,-0.039550781,12.72519084,36.48854962,118.740458
3704,1780506951,-1.121826172,-0.057128906,-0.216064453,10.30534351,-12.51145038,143.4656489,0.857666016,-0.692626953,0,11.29007634,37.03053435,114.6870229
3705,1780506951,-1.177734375,-0.086425781,-0.202392578,7.389312977,-13.21374046,152.2900763,0.822998047,-0.708251953,0.024902344,9.488549618,32.8778626,112.5572519
3706,1780506951,-1.202392578,-0.148193359,-0.185058594,5.977099237,-13.95419847,158.2824427,0.785888672,-0.652832031,-0.000732422,7.702290076,30.36641221,110.4351145
3707,1780506951,-1.119873047,-0.2421875,-0.138916016,6.465648855,-14.8778626,161.7709924,0.733154297,-0.599609375,-0.006347656,7.679389313,28.11450382,112.2366412
3708,1780506951,-1.019775391,-0.247070313,-0.126464844,8.79389313,-15.14503817,160.0458015,0.680419922,-0.570068359,-0.034423828,9.381679389,29.53435115,121.0076336
3709,1780506951,-0.9609375,-0.225097656,-0.15234375,8.572519084,-14.86259542,153.2824427,0.656738281,-0.631103516,-0.078125,10.3740458,33.58015267,131.129771
3710,1780506951,-1.017578125,-0.240722656,-0.175048828,10.3129771,-15.05343511,145.7099237,0.673095703,-0.697753906,-0.049560547,10.10687023,33.67175573,142.0229008
3711,1780506951,-1.154052734,-0.212158203,-0.246582031,12.39694656,-15.60305344,143.4580153,0.732421875,-0.815673828,0.047363281,9.824427481,32.71755725,141.6259542
3712,1780506951,-1.340576172,-0.088378906,-0.249511719,6.877862595,-10.19847328,146.1908397,0.708251953,-0.946289063,0.094238281,8.65648855,25.65648855,134.5725191
3713,1780506951,-1.506835938,-0.122558594,-0.238037109,4.198473282,-8.832061069,151.129771,0.747070313,-0.918457031,0.14453125,7.381679389,21.5648855,125.7099237
3714,1780506951,-1.357666016,-0.047119141,-0.232666016,-2.709923664,-4.816793893,154.9541985,0.629394531,-0.841796875,0.105957031,5.93129771,17.35877863,121.4274809
3715,1780506951,-1.235839844,-0.102294922,-0.248046875,-8.549618321,-2.20610687,155.129771,0.587402344,-0.745849609,0.084716797,4.977099237,7.992366412,121.8091603
3716,1780506951,-1.137451172,-0.143066406,-0.193359375,-13.4351145,0.320610687,151.778626,0.549804688,-0.738037109,0.073730469,6.442748092,1.34351145,127.2290076
3717,1780506951,-1.082519531,-0.086425781,-0.185058594,-17.54961832,2.145038168,145.4045802,0.565673828,-0.808837891,-0.01953125,7.86259542,-0.79389313,137.7862595
3718,1780506951,-1.144775391,-0.111816406,-0.173583984,-20.36641221,1.992366412,136.9083969,0.628417969,-0.934570313,-0.076416016,7.900763359,3.572519084,143.1526718
3719,1780506951,-1.390136719,0.011230469,-0.205322266,-25.78625954,1.854961832,137.2900763,0.708740234,-1.026123047,-0.051269531,9.221374046,2.65648855,140.9770992
3720,1780506951,-1.530273438,-0.196044922,-0.205322266,-16.45801527,-3.259541985,136.4351145,0.697753906,-1.111328125,-0.040039063,6.496183206,3.740458015,133.2824427
3721,1780506951,-1.592529297,-0.153564453,-0.212890625,-8.557251908,-7.526717557,138.0610687,0.716064453,-1.004150391,0.014648438,7.503816794,7.549618321,119.0229008
3722,1780506951,-1.575439453,-0.078369141,-0.16796875,-13.45038168,-8.580152672,145.6564885,0.641601563,-1.015136719,0.069335938,3.022900763,2.038167939,105.8396947
3723,1780506951,-1.442626953,-0.208496094,-0.239013672,-0.183206107,-7.442748092,147.0381679,0.670654297,-0.982666016,0.133789063,5.320610687,9.229007634,97.93129771
3724,1780506951,-1.333984375,0.074707031,-0.221191406,-13.06870229,-3.748091603,149.5038168,0.6171875,-0.890625,0.098632813,3.702290076,7.977099237,98.41984733
3725,1780506951,-1.195556641,-0.178955078,-0.258300781,-9.717557252,-0.511450382,143.7099237,0.566894531,-0.873779297,0.041015625,2.847328244,8.167938931,102.8778626
3726,1780506951,-1.173095703,-0.058349609,-0.259521484,-6.908396947,2.091603053,136.9236641,0.550537109,-0.962890625,-0.017333984,2.244274809,11.00763359,108.1603053
3727,1780506951,-1.271240234,-0.074951172,-0.264648438,-6.213740458,2.709923664,128.9923664,0.557373047,-1.103271484,-0.018554688,0.664122137,13.94656489,110.2366412
3728,1780506951,-1.401855469,-0.087890625,-0.234130859,-4.312977099,1.480916031,122.5725191,0.541748047,-1.138427734,0.026611328,0.824427481,13.74045802,106.1832061
3729,1780506951,-1.4296875,-0.076171875,-0.215332031,-5.221374046,0.755725191,118.5801527,0.498046875,-1.084228516,0.016113281,0.267175573,11.4351145,97.78625954
3730,1780506951,-1.360839844,-0.122070313,-0.178466797,-3.946564885,-0.297709924,117.1526718,0.458740234,-1.023925781,0.037353516,-0.450381679,10.22137405,88.96183206
3731,1780506951,-1.266845703,-0.137695313,-0.164794922,-1.984732824,-0.732824427,111.0381679,0.427490234,-0.983154297,0.049560547,-1.290076336,8.267175573,82.29007634
3732,1780506951,-1.201660156,-0.096191406,-0.164550781,-0.465648855,-0.694656489,107.4045802,0.408691406,-0.973632813,0.061279297,-1.549618321,5.740458015,78.50381679
3733,1780506951,-1.134033203,-0.033203125,-0.200195313,-0.671755725,-0.061068702,99.22900763,0.394775391,-0.975830078,0.030517578,-2.030534351,4.442748092,77.16030534
3734,1780506951,-1.101318359,-0.013427734,-0.222167969,-2.389312977,1.458015267,92.11450382,0.391845703,-1.010009766,0.012207031,-2.152671756,5.290076336,77.19083969
3735,1780506951,-1.115722656,-0.004150391,-0.233398438,-4.526717557,2.34351145,84.38167939,0.406005859,-1.053466797,0.004638672,-1.396946565,4.847328244,76.60305344
3736,1780506951,-1.164794922,-0.037109375,-0.228271484,-6.106870229,2.93129771,76.71755725,0.381591797,-1.084228516,0.047119141,-0.282442748,1.954198473,73.05343511
3737,1780506951,-1.180908203,-0.037353516,-0.224609375,-10.35877863,4.061068702,69.49618321,0.333496094,-1.068847656,0.114013672,0.381679389,-3.870229008,67.5648855
3738,1780506951,-1.154541016,-0.084228516,-0.204589844,-11.53435115,5.694656489,61.71755725,0.287841797,-1.036132813,0.129882813,-0.923664122,-8.580152672,61.25954198
3739,1780506951,-1.100097656,-0.103027344,-0.213134766,-11.8778626,6.79389313,53.40458015,0.270507813,-1.022460938,0.101318359,-1.41221374,-10.49618321,54.01526718
3740,1780506951,-1.074707031,-0.089355469,-0.21484375,-12.28244275,7.72519084,45.70992366,0.274902344,-1.013427734,0.071289063,-0.938931298,-13.64122137,47.51145038
3741,1780506951,-1.031738281,-0.046875,-0.200683594,-14.73282443,9.053435115,38.27480916,0.257568359,-1.001708984,0.062988281,-0.297709924,-18.36641221,44.84732824
3742,1780506951,-0.997314453,-0.010498047,-0.203857422,-16.99236641,11.01526718,30.7480916,0.248291016,-1.001708984,0.071289063,0.923664122,-23.8778626,41.60305344
3743,1780506951,-0.942138672,0.010742188,-0.227294922,-17.30534351,13.26717557,19.83206107,0.223632813,-1.056152344,0.088378906,3.20610687,-27.25954198,42.69465649
3744,1780506951,-0.973632813,0.215820313,-0.196289063,-29.80916031,15.18320611,13.02290076,0.216552734,-1.057128906,0.031738281,3.091603053,-33.39694656,43.04580153
3745,1780506951,-1.001953125,0.084472656,-0.262939453,-27.3129771,15.16030534,6.435114504,0.333740234,-1.087890625,0.024169922,2.526717557,-36.65648855,38.32061069
3746,1780506951,-1.044921875,0.191894531,-0.259033203,-32.9389313,15.51145038,4.564885496,0.2734375,-1.054931641,-0.01171875,0.748091603,-38.48854962,33.90076336
3747,1780506951,-1.024169922,0.107666016,-0.260498047,-30.78625954,15.03053435,1.320610687,0.294189453,-1.046142578,-0.008544922,-0.106870229,-37.79389313,29.54198473
3748,1780506951,-1.010498047,0.157470703,-0.25390625,-31.46564885,15.00763359,-1.816793893,0.262207031,-1.028564453,-0.015380859,-0.816793893,-37.7480916,26.46564885
3749,1780506951,-0.965332031,0.12890625,-0.238037109,-30.83206107,16.01526718,-4.06870229,0.224609375,-1.023681641,-0.008056641,-0.679389313,-37.61068702,24.55725191
3750,1780506951,-0.9453125,0.157226563,-0.242675781,-30.14503817,16.88549618,-10.11450382,0.230712891,-1.00390625,0.008789063,0.389312977,-37.03816794,22.83206107
3751,1780506951,-0.920166016,0.182617188,-0.241943359,-30.6259542,18.05343511,-13.55725191,0.222412109,-0.979492188,0.002197266,0.58778626,-36.84732824,23.42748092
3752,1780506951,-0.889404297,0.169921875,-0.239501953,-30.67175573,18.88549618,-17.22900763,0.207763672,-0.965576172,-0.001464844,0.65648855,-38.26717557,20.28244275
3753,1780506951,-0.875488281,0.171142578,-0.233642578,-31.71755725,19.3129771,-21.03816794,0.190917969,-0.940673828,-0.005615234,0.366412214,-39.55725191,19.16793893
3754,1780506951,-0.860351563,0.156005859,-0.209960938,-32.28244275,19.19083969,-25.83969466,0.182861328,-0.958984375,-0.016113281,0.221374046,-39.26717557,18.49618321
3755,1780506951,-0.877929688,0.133789063,-0.17578125,-32.71755725,18.24427481,-30.91603053,0.190673828,-0.957763672,-0.007568359,-0.114503817,-41.19847328,18.57251908
3756,1780506951,-0.888183594,0.125976563,-0.182617188,-33.52671756,18.08396947,-35.87022901,0.176025391,-0.982177734,0.003417969,0.503816794,-43.20610687,18.22900763
3757,1780506951,-0.901367188,0.207275391,-0.192382813,-34.05343511,17.64885496,-39.80916031,0.170166016,-1.011962891,0.008789063,1.038167939,-44.26717557,17.70992366
3758,1780506951,-0.938964844,0.331054688,-0.192138672,-35.4351145,17.1221374,-39.80916031,0.184326172,-1.031494141,-0.013427734,0.709923664,-44.26717557,15.03816794
3759,1780506951,-0.957763672,0.467773438,-0.175048828,-37.63358779,16.90839695,-35.40458015,0.19140625,-1.044921875,-0.001953125,0.496183206,-44.09923664,10.98473282
3760,1780506951,-0.968505859,0.593261719,-0.155273438,-38.75572519,15.67175573,-26.3740458,0.19140625,-1.045410156,0.008056641,0.877862595,-43.99236641,6.465648855
3761,1780506951,-0.945800781,0.65625,-0.151611328,-39.83969466,14.83206107,-16.19847328,0.209716797,-1.0390625,0.010253906,1.183206107,-43.77099237,3.129770992
3762,1780506951,-0.940917969,0.580810547,-0.156982422,-41.27480916,14.14503817,-9.702290076,0.227539063,-1.038574219,0.01953125,1.893129771,-41.5648855,1.572519084
3763,1780506951,-0.920654297,0.317871094,-0.132080078,-39.04580153,12.38167939,-6.305343511,0.220458984,-1.021484375,0.001708984,2.480916031,-38.88549618,1.641221374
3764,1780506951,-0.928466797,0.245361328,-0.152587891,-33.77862595,11.74045802,-7.503816794,0.21875,-1.007080078,-0.013916016,1.977099237,-32.03816794,4.099236641
3765,1780506951,-0.854980469,0.021240234,-0.134033203,-23.86259542,9.526717557,-17.84732824,0.189941406,-1.001953125,-0.004394531,2.167938931,-25.95419847,11.49618321
3766,1780506951,-0.935058594,0.301269531,-0.166015625,-23.1221374,8.106870229,-19.79389313,0.236083984,-1.020507813,-0.027832031,2.13740458,-22.2519084,10.5648855
3767,1780506951,-0.956542969,0.306152344,-0.151367188,-20.08396947,7.221374046,-17.88549618,0.228027344,-1.042480469,-0.020996094,1.435114504,-21.45801527,7.34351145
3768,1780506951,-0.998535156,0.424316406,-0.172851563,-16.49618321,5.13740458,-12.54961832,0.220947266,-1.0546875,-0.030273438,1.610687023,-15.99236641,3.992366412
3769,1780506951,-0.959472656,0.407470703,-0.177734375,-14.44274809,3.755725191,-8.885496183,0.200439453,-1.042236328,-0.014160156,0.763358779,-12.12977099,2.992366412
3770,1780506951,-0.951660156,0.357421875,-0.190673828,-10.76335878,2.534351145,-8.007633588,0.192138672,-1.018798828,0.000976563,0.580152672,-8.20610687,4.404580153
3771,1780506951,-0.898681641,0.271240234,-0.204101563,-8.198473282,2.007633588,-9.679389313,0.175292969,-0.99609375,-0.029052734,0.839694656,-3.58778626,6.648854962
3772,1780506951,-0.881591797,0.253662109,-0.220214844,-4.503816794,1.183206107,-11.3740458,0.197509766,-0.978027344,-0.028076172,0.465648855,0.580152672,7.236641221
3773,1780506951,-0.892089844,0.293457031,-0.218017578,-1.099236641,0.396946565,-10.54198473,0.208740234,-0.987304688,-0.03125,-0.190839695,3.916030534,5.580152672
3774,1780506951,-0.913574219,0.318847656,-0.199462891,1.870229008,-0.648854962,-9.717557252,0.201904297,-0.999267578,-0.026611328,-0.86259542,6.65648855,2.946564885
3775,1780506951,-0.928466797,0.327148438,-0.214111328,4.465648855,-0.045801527,-5.106870229,0.176025391,-1.013916016,-0.009765625,-1.625954198,8.335877863,0.534351145
3776,1780506951,-0.927734375,0.342285156,-0.211669922,5.572519084,-2.618320611,-3.114503817,0.153564453,-1.0078125,-0.01171875,-2.099236641,8.145038168,-0.900763359
3777,1780506951,-0.894042969,0.309082031,-0.195068359,6.396946565,-2.717557252,-3.152671756,0.131347656,-0.997558594,0.001708984,-2.022900763,7.213740458,-0.946564885
3778,1780506951,-0.870605469,0.348632813,-0.21875,3.984732824,-2.015267176,-3.404580153,0.114013672,-0.985351563,0.020263672,-1.549618321,5.183206107,-0.801526718
3779,1780506951,-0.864746094,0.356933594,-0.219482422,1.320610687,-1.145038168,-3.404580153,0.114501953,-0.993896484,0.028564453,-1.022900763,3.030534351,-0.580152672
3780,1780506951,-0.872558594,0.348388672,-0.212890625,-0.786259542,-0.687022901,-3.534351145,0.110351563,-0.992431641,0.013427734,-1.053435115,1.732824427,-0.832061069
3781,1780506951,-0.876220703,0.334716797,-0.214355469,-1.122137405,-0.732824427,-3.519083969,0.124511719,-0.988525391,0.002197266,-0.954198473,1.618320611,-0.908396947
3782,1780506951,-0.866943359,0.331054688,-0.204833984,-0.732824427,-0.984732824,-3.564885496,0.136230469,-0.986328125,-0.001708984,-0.732824427,1.854961832,-0.854961832
3783,1780506951,-0.868164063,0.350341797,-0.212158203,-0.236641221,-0.885496183,-3.20610687,0.129638672,-0.990234375,-0.008056641,-0.732824427,2.396946565,-0.709923664
3784,1780506951,-0.881591797,0.361816406,-0.234130859,-0.083969466,-0.893129771,-2.923664122,0.129882813,-1.002929688,-0.015380859,-0.580152672,2.167938931,-0.213740458
3785,1780506951,-0.889160156,0.369628906,-0.240966797,-0.946564885,-0.824427481,-2.824427481,0.121582031,-1.015625,-0.011474609,-0.961832061,1.732824427,-0.038167939
3786,1780506952,-0.897216797,0.338867188,-0.247314453,-1.366412214,-0.961832061,-2.870229008,0.119628906,-1.018066406,-0.013427734,-1.358778626,1.450381679,-0.41221374
3787,1780506952,-0.878173828,0.318603516,-0.2421875,-0.984732824,-1.022900763,-3.389312977,0.115966797,-1.003173828,-0.013671875,-1.732824427,1.839694656,-1.030534351
3788,1780506952,-0.890136719,0.332519531,-0.235839844,-0.450381679,-1.122137405,-3.633587786,0.12109375,-1.002441406,0.002441406,-1.557251908,1.893129771,-0.923664122
3789,1780506952,-0.874755859,0.355957031,-0.229492188,-0.595419847,-0.870229008,-3.534351145,0.122314453,-1.007080078,0.015136719,-1.358778626,1.580152672,-0.763358779
3790,1780506952,-0.886230469,0.380859375,-0.205322266,-1.580152672,-0.519083969,-3.007633588,0.130859375,-1.025146484,0.011474609,-0.86259542,1.015267176,-0.297709924
3791,1780506952,-0.894775391,0.347900391,-0.193603516,-2.458015267,-0.801526718,-2.763358779,0.129150391,-1.020263672,-0.004394531,-0.816793893,1.13740458,-0.297709924
3792,1780506952,-0.902099609,0.324951172,-0.196533203,-1.870229008,-1.244274809,-2.885496183,0.146728516,-1.013916016,0.005126953,-0.473282443,2.503816794,-0.786259542
3793,1780506952,-0.907226563,0.296630859,-0.177001953,-0.290076336,-1.908396947,-3.13740458,0.155029297,-1.011230469,0.000976563,-0.335877863,3.870229008,-1.038167939
3794,1780506952,-0.890136719,0.326171875,-0.183349609,1.709923664,-2.305343511,-3.114503817,0.163085938,-0.99609375,-0.003662109,-0.030534351,5.633587786,-0.839694656
3795,1780506952,-0.889404297,0.351318359,-0.186035156,2.541984733,-2.244274809,-2.465648855,0.174804688,-1.011962891,-0.007324219,0.671755725,7.435114504,-0.305343511
3796,1780506952,-0.908447266,0.339111328,-0.190185547,3.732824427,-3.160305344,-1.786259542,0.189453125,-1.016601563,-0.014404297,0.946564885,7.885496183,-0.267175573
3797,1780506952,-0.921630859,0.315673828,-0.196289063,6.114503817,-4.396946565,-0.717557252,0.213134766,-1.018066406,-0.037841797,0.671755725,13.17557252,-0.419847328
3798,1780506952,-0.928710938,0.322509766,-0.228759766,10.72519084,-5.564885496,2.755725191,0.254394531,-1.002929688,-0.018066406,1.053435115,16.48854962,-7.625954198
3799,1780506952,-0.970458984,0.305664063,-0.195800781,6.183206107,-5.618320611,9.290076336,0.285888672,-1.043701172,-0.024169922,-1.488549618,18.39694656,-9.305343511
3800,1780506952,-0.953369141,0.361328125,-0.193847656,18.85496183,-7.992366412,10.64122137,0.260986328,-1.01171875,-0.023681641,-2.213740458,21.84732824,-13.22900763
3801,1780506952,-0.930419922,0.231445313,-0.202880859,24.78625954,-9.175572519,12.13740458,0.235351563,-0.986572266,-0.017578125,-3.175572519,27.03816794,-13.7480916
3802,1780506952,-0.952392578,0.351806641,-0.216308594,15.90839695,-8.381679389,13.86259542,0.246337891,-0.996337891,-0.020507813,-3.465648855,28.44274809,-19.3129771
3803,1780506952,-0.935791016,0.235595703,-0.231689453,24.4351145,-9.557251908,17.3129771,0.23046875,-0.987548828,-0.047607422,-4.893129771,32.00763359,-21.66412214
3804,1780506952,-0.922851563,0.288085938,-0.208007813,26.61832061,-10.94656489,18.67938931,0.225830078,-0.98828125,-0.011474609,-6.160305344,35.09923664,-22.07633588
3805,1780506952,-0.881835938,0.211181641,-0.276367188,31.21374046,-9.900763359,15.85496183,0.180419922,-0.970947266,0.019042969,-6.282442748,36.80152672,-19.9389313
3806,1780506952,-0.858154297,0.283203125,-0.245849609,29.61832061,-8.72519084,12.18320611,0.137939453,-1.002929688,0.027587891,-6.221374046,34.6259542,-17.80152672
3807,1780506952,-0.859619141,0.41796875,-0.207275391,26.07633588,-8.427480916,11.84732824,0.112304688,-1.008789063,-0.003417969,-7.122137405,33.07633588,-17.03816794
3808,1780506952,-0.872070313,0.392333984,-0.185058594,24.24427481,-9.045801527,11.3740458,0.117431641,-1.026855469,-0.006835938,-6.954198473,28.75572519,-17.08396947
3809,1780506952,-0.896972656,0.407714844,-0.186767578,23.93129771,-10.21374046,10.93129771,0.133789063,-1.041259766,0.001464844,-6.748091603,27.2519084,-17.38167939
3810,1780506952,-0.912597656,0.407470703,-0.202392578,21.74045802,-10.59541985,10.63358779,0.159179688,-1.053955078,-0.0078125,-6.427480916,26.70229008,-17.29007634
3811,1780506952,-0.924804688,0.182373047,-0.222167969,20.71755725,-10.06870229,4.251908397,0.152587891,-1.059814453,0.008056641,-7.816793893,27.19083969,-14.86259542
3812,1780506952,-0.925537109,-0.107910156,-0.23046875,22.23664122,-10.33587786,-8.198473282,0.134033203,-1.054931641,0.003662109,-5.06870229,28.67938931,-13.41984733
3813,1780506952,-1.036132813,-0.001464844,-0.250732422,26.60305344,-11.45801527,-18.54961832,0.196777344,-1.014892578,-0.020751953,-3.992366412,28.80152672,-21.11450382
3814,1780506952,-0.975585938,-0.078857422,-0.278320313,31.72519084,-11.06870229,-23.6259542,0.228759766,-0.995361328,-0.026123047,-8.396946565,30.75572519,-24.73282443
3815,1780506952,-0.906494141,-0.069091797,-0.275634766,39.0610687,-11.03053435,-34.63358779,0.231445313,-0.995361328,0.007324219,-8.709923664,35.52671756,-22.71755725
3816,1780506952,-0.953125,0.062744141,-0.290039063,33.6870229,-10.10687023,-41.63358779,0.278320313,-1.033935547,0.005371094,-9.671755725,34.70992366,-22.77099237
3817,1780506952,-0.981445313,0.038330078,-0.268310547,37.0610687,-9.496183206,-45.34351145,0.308837891,-1.041503906,0.041748047,-9.79389313,31.77099237,-25.41221374
3818,1780506952,-1.026855469,0.087158203,-0.28125,31.83969466,-8.007633588,-48.32824427,0.27734375,-1.029785156,0.031982422,-10.42748092,29.11450382,-29.65648855
3819,1780506952,-1.025146484,0.069824219,-0.255126953,32.36641221,-6.801526718,-52.40458015,0.294677734,-1.042236328,0.046386719,-9.809160305,27.60305344,-32.64122137
3820,1780506952,-1.051269531,0.114746094,-0.239746094,29.08396947,-6.053435115,-54.46564885,0.299560547,-1.044189453,0.043945313,-10.09923664,24.19847328,-36.70229008
3821,1780506952,-1.066650391,0.092285156,-0.260498047,26.89312977,-5.160305344,-56.19083969,0.303466797,-1.029541016,0.044921875,-10.61068702,20.03816794,-42.54961832
3822,1780506952,-1.067626953,0.101074219,-0.264892578,24.26717557,-3.938931298,-56.92366412,0.301513672,-1.0234375,0.012695313,-10.90076336,16.69465649,-47.57251908
3823,1780506952,-1.049072266,0.078613281,-0.261962891,21.60305344,-2.511450382,-58.83969466,0.294433594,-1.024169922,0.005126953,-10.73282443,13.90076336,-50.7480916
3824,1780506952,-1.018798828,0.090087891,-0.270507813,18.05343511,-0.664122137,-62.04580153,0.289794922,-1.018798828,0.000488281,-10,11.44274809,-51.96183206
3825,1780506952,-1.018554688,0.071533203,-0.272460938,13.7480916,0.984732824,-66.70229008,0.265869141,-1.020263672,0.004882813,-8.603053435,7.427480916,-51.45038168
3826,1780506952,-1.029785156,0.079589844,-0.243164063,10.13740458,2.618320611,-71.45038168,0.298339844,-1.028076172,0.007568359,-7.34351145,3.221374046,-51.4351145
3827,1780506952,-1.049804688,0.077148438,-0.239501953,5.358778626,3.709923664,-75.45038168,0.312255859,-1.017333984,0.038574219,-7.122137405,-1.496183206,-52.36641221
3828,1780506952,-1.083251953,0.052734375,-0.228515625,2.938931298,4.190839695,-78.83206107,0.328857422,-1.031738281,0.019775391,-7.236641221,-4.633587786,-54.96183206
3829,1780506952,-1.094482422,0.031982422,-0.216064453,2.015267176,3.832061069,-81.35877863,0.356201172,-1.019287109,-0.00390625,-8.129770992,-6.198473282,-58.40458015
3830,1780506952,-1.116943359,0.004638672,-0.215087891,2.778625954,3.351145038,-83.50381679,0.375976563,-1.02734375,-0.014404297,-8.389312977,-6.549618321,-62.15267176
3831,1780506952,-1.12109375,0.021972656,-0.227294922,3.312977099,3.625954198,-84.45801527,0.400146484,-1.01171875,-0.007568359,-8.290076336,-6.320610687,-65.80916031
3832,1780506952,-1.119873047,0.041259766,-0.233398438,2.450381679,3.786259542,-84.71755725,0.428710938,-0.999023438,-0.009277344,-9.740458015,-6.854961832,-68.51145038
3833,1780506952,-1.105712891,0.040527344,-0.241699219,0.961832061,4.564885496,-85.09160305,0.447753906,-0.976318359,-0.007568359,-5.938931298,-7.496183206,-69.7480916
3834,1780506952,-1.092529297,0.034667969,-0.243652344,-0.152671756,4.885496183,-85.5648855,0.448242188,-0.975097656,0.011474609,-7.992366412,-7.923664122,-70.3129771
3835,1780506952,-1.090332031,0.032226563,-0.226074219,-0.954198473,5.572519084,-86.22137405,0.452880859,-0.972167969,-0.020263672,-9.740458015,-8.244274809,-70.77099237
3836,1780506952,-1.102783203,0.025634766,-0.205322266,-1.175572519,5.419847328,-86.48854962,0.454345703,-0.978027344,0.002685547,-8.183206107,-9.213740458,-71.57251908
3837,1780506952,-1.1171875,0.034912109,-0.188720703,-1.86259542,4.839694656,-84.0610687,0.480957031,-0.982177734,-0.001708984,-8.091603053,-9.320610687,-73.83206107
3838,1780506952,-1.135498047,0.009277344,-0.197265625,-1.198473282,4.229007634,-84.88549618,0.486572266,-0.981201172,-0.035400391,-8.290076336,-7.839694656,-77.29770992
3839,1780506952,-1.131835938,-0.005615234,-0.209960938,-0.282442748,3.076335878,-83.35114504,0.509033203,-0.967285156,-0.027587891,-8.992366412,-7.236641221,-80.01526718
3840,1780506952,-1.131835938,-0.078369141,-0.192626953,3.526717557,1.679389313,-84.48854962,0.515380859,-0.967773438,-0.031494141,-9.022900763,-5.259541985,-81.2519084
3841,1780506952,-1.1015625,-0.049316406,-0.201660156,4.251908397,1.290076336,-85.11450382,0.537353516,-0.932861328,-0.019042969,-8.045801527,-3.870229008,-81.28244275
3842,1780506952,-1.071289063,-0.060058594,-0.201904297,4.679389313,1.145038168,-85.20610687,0.556396484,-0.890380859,-0.030517578,-7.152671756,0.603053435,-81.29007634
3843,1780506952,-1.041992188,-0.169921875,-0.202148438,5.572519084,1.198473282,-89.75572519,0.531005859,-0.866699219,-0.054443359,-7.885496183,5.65648855,-75.08396947
3844,1780506952,-1.048583984,-0.126464844,-0.19921875,13.32824427,-0.519083969,-94.90076336,0.629150391,-0.928466797,-0.045654297,-6.900763359,12.44274809,-74.46564885
3845,1780506952,-1.168457031,-0.107910156,-0.194335938,8.748091603,-0.297709924,-93.61068702,0.709228516,-0.996337891,-0.117919922,-5,15.65648855,-76.40458015
3846,1780506952,-1.2734375,-0.33203125,-0.169189453,15.3740458,-3.229007634,-95.53435115,0.739990234,-1.053222656,-0.092041016,-4.167938931,24.14503817,-80.27480916
3847,1780506952,-1.362548828,-0.336914063,-0.120849609,22.77862595,-9.335877863,-93.08396947,0.746582031,-0.991455078,0.039306641,-6.801526718,25.00763359,-91.99236641
3848,1780506952,-1.288085938,-0.538085938,-0.0859375,29.60305344,-14.29007634,-94.9389313,0.644287109,-0.899414063,0.032226563,-9.717557252,30.22137405,-100.6946565
3849,1780506952,-1.184082031,-0.234375,-0.145751953,36.60305344,-15.70229008,-91.77862595,0.705322266,-0.8046875,-0.002441406,-5.34351145,34.41984733,-108.9694656
3850,1780506952,-1.048339844,-0.391357422,-0.139892578,40.02290076,-18.61832061,-93,0.611328125,-0.753662109,-0.037597656,-3.664122137,34.49618321,-105.5572519
3851,1780506952,-1.028076172,-0.322509766,-0.223876953,44.41984733,-18.48854962,-101.5114504,0.610839844,-0.838867188,0.003173828,-1.885496183,32.65648855,-101.2519084
3852,1780506952,-1.140380859,-0.127929688,-0.250976563,28.42748092,-17.16793893,-101.9618321,0.625488281,-0.899902344,0.032226563,0.519083969,24.8778626,-100.4961832
3853,1780506952,-1.195556641,-0.349121094,-0.251220703,24.2519084,-16.47328244,-108.0229008,0.604003906,-0.953613281,0.053466797,0.847328244,15.76335878,-101.3435115
3854,1780506952,-1.226318359,-0.205566406,-0.279785156,16.34351145,-15.03816794,-110.4045802,0.617675781,-0.918701172,0.030761719,0.954198473,7.511450382,-103.8854962
3855,1780506952,-1.184570313,-0.246337891,-0.265136719,8.198473282,-12.10687023,-111.8015267,0.611328125,-0.84765625,0.067626953,1.450381679,-4.58778626,-106.5725191
3856,1780506952,-1.124267578,-0.244628906,-0.258544922,1.091603053,-10.08396947,-113.0381679,0.607666016,-0.781982422,0.051513672,1.458015267,-9.977099237,-106.8167939
3857,1780506952,-1.077636719,-0.291748047,-0.261962891,-3.183206107,-9.755725191,-116.0916031,0.645263672,-0.773681641,0.016845703,-0.106870229,-15.27480916,-106.0076336
3858,1780506952,-1.091308594,-0.3203125,-0.26171875,-7,-5.648854962,-119.1068702,0.687744141,-0.760986328,0.042236328,0.572519084,-17.29770992,-102.8778626
3859,1780506952,-1.052246094,-0.334716797,-0.267089844,-5.854961832,-2.610687023,-123.8473282,0.714355469,-0.724365234,0.006103516,0.488549618,-19.13740458,-99.13740458
3860,1780506952,-1.068847656,-0.290283203,-0.250976563,-11.2519084,-0.847328244,-124.5038168,0.76953125,-0.719482422,-0.032470703,-2.351145038,-22.45038168,-98.46564885
3861,1780506952,-1.109863281,-0.365966797,-0.250732422,-9.267175573,-0.099236641,-123.7557252,0.808349609,-0.755371094,-0.055908203,-3.297709924,-21.64122137,-99.99236641
3862,1780506952,-1.169189453,-0.321289063,-0.264160156,-11.64122137,-0.549618321,-120.1068702,0.85546875,-0.775878906,-0.082519531,-6.503816794,-23.87022901,-103.740458
3863,1780506952,-1.182128906,-0.383789063,-0.260742188,-8.832061069,-0.549618321,-114.5572519,0.888671875,-0.727783203,-0.022460938,-6.832061069,-22.19083969,-110.3740458
3864,1780506952,-1.072998047,-0.469726563,-0.243408203,-3.419847328,-0.022900763,-114.2519084,0.83203125,-0.663818359,-0.026611328,-6.93129771,-19.16030534,-110.1679389
3865,1780506952,-1.009033203,-0.449951172,-0.238525391,-4.572519084,0.091603053,-114.3740458,0.813964844,-0.56640625,-0.061035156,-8.129770992,-16.77862595,-110.0152672
3866,1780506952,-0.940429688,-0.477050781,-0.243896484,-4.312977099,3.488549618,-115.0992366,0.802734375,-0.575927734,-0.075195313,-9.076335878,-16.65648855,-110.1908397
3867,1780506952,-0.997802734,-0.541259766,-0.237792969,-4.374045802,2.969465649,-115.3358779,0.771240234,-0.614013672,-0.078613281,-9.946564885,-13.75572519,-112.1526718
3868,1780506952,-0.977539063,-0.679931641,-0.204345703,-8.679389313,3.41221374,-128.2366412,0.538818359,-0.593505859,-0.130615234,-12.47328244,-18.91603053,-101.2977099
3869,1780506953,-0.924072266,-0.544433594,-0.337646484,5.213740458,2.702290076,-140.9694656,0.708251953,-0.601806641,-0.045166016,-10.24427481,-19.75572519,-97.41984733
3870,1780506953,-0.948974609,-0.318115234,-0.310791016,-11.60305344,6.839694656,-141.3282443,0.690185547,-0.520751953,0.003417969,-10.98473282,-29.66412214,-96.15267176
3871,1780506953,-0.849853516,-0.391601563,-0.377685547,-12.22137405,11.14503817,-142.389313,0.703857422,-0.452636719,-0.020751953,-11.9389313,-38.6870229,-95.49618321
3872,1780506953,-0.827392578,-0.260742188,-0.41015625,-22.35877863,15.92366412,-138.221374,0.771484375,-0.4140625,-0.065673828,-16.70992366,-42.84732824,-91.94656489
3873,1780506953,-0.791259766,-0.286621094,-0.344482422,-24.51145038,20.88549618,-132.0839695,0.857421875,-0.385009766,-0.058837891,-16.1221374,-41.77099237,-91.63358779
3874,1780506953,-0.729736328,-0.192871094,-0.264404297,-26.70992366,23.55725191,-124.778626,0.875488281,-0.336669922,-0.12890625,-16.20610687,-38.72519084,-84.47328244
3875,1780506953,-0.635009766,-0.205810547,-0.160888672,-27.28244275,25.39694656,-118.870229,0.847412109,-0.325927734,-0.192138672,-15.78625954,-34.64885496,-76.29007634
3876,1780506953,-0.629150391,-0.202636719,-0.106201172,-21.82442748,19.99236641,-111.4122137,0.851074219,-0.330810547,-0.176513672,-16.0610687,-33.73282443,-72.14503817
3877,1780506953,-0.650390625,-0.152832031,-0.034423828,-16.50381679,15.32061069,-100.3587786,0.888427734,-0.373046875,-0.146484375,-17.45801527,-30.48091603,-70.15267176
3878,1780506953,-0.625732422,-0.035888672,-0.063720703,-13.52671756,13.66412214,-87.17557252,0.876220703,-0.3671875,-0.162109375,-14.1221374,-24.15267176,-66.15267176
3879,1780506953,-0.590332031,0.028320313,-0.120117188,-6.801526718,9.06870229,-74.47328244,0.934814453,-0.376220703,-0.162597656,-12.92366412,-12.38167939,-56.83206107
3880,1780506953,-0.584472656,0.067871094,-0.144287109,-0.93129771,7.480916031,-60.16793893,1.004638672,-0.365234375,-0.113769531,-11.54198473,-0.908396947,-49.88549618
3881,1780506953,-0.516113281,-0.013427734,-0.111572266,10.22137405,4.79389313,-48.80916031,0.904052734,-0.330078125,-0.142822266,-10.52671756,10.89312977,-39.96946565
3882,1780506953,-0.457275391,0.037353516,-0.124511719,19.6259542,1.610687023,-35.18320611,0.857910156,-0.349365234,-0.168945313,-11.49618321,21.16793893,-30.28244275
3883,1780506953,-0.487548828,0.066894531,-0.106201172,22.84732824,-1.038167939,-24.02290076,0.762939453,-0.373046875,-0.096923828,-8.770992366,27.87022901,-24.96183206
3884,1780506953,-0.465087891,0.163574219,-0.125244141,22.80916031,-3.007633588,-8.381679389,0.711914063,-0.316162109,-0.116210938,-8.824427481,29.22137405,-17.67175573
3885,1780506953,-0.380126953,0.004638672,-0.133300781,32.60305344,-4.496183206,-2.511450382,0.612060547,-0.337402344,-0.067382813,-6.610687023,31.05343511,-4.595419847
3886,1780506953,-0.385986328,0.201416016,-0.182617188,24.93129771,-4.145038168,2.320610687,0.56640625,-0.369628906,-0.047363281,-4.190839695,26.51908397,6.175572519
3887,1780506953,-0.437011719,0.105224609,-0.180419922,16.51908397,-2.870229008,9.572519084,0.580810547,-0.40234375,-0.047607422,-2.969465649,19.17557252,12.82442748
3888,1780506953,-0.456054688,0.117431641,-0.201904297,13.96183206,-3.564885496,20.75572519,0.682373047,-0.408691406,-0.037841797,-1.335877863,15.18320611,12
3889,1780506953,-0.482177734,0.075683594,-0.140625,2.167938931,-2.175572519,34.19083969,0.632568359,-0.358398438,-0.064453125,-1.595419847,7.557251908,18.35114504
3890,1780506953,-0.457275391,0.102294922,-0.212158203,3.030534351,-0.854961832,42,0.683349609,-0.375732422,-0.044677734,0.65648855,3.458015267,26.02290076
3891,1780506953,-0.471923828,0.057128906,-0.186523438,-8.396946565,1.038167939,50.25954198,0.678955078,-0.381591797,-0.082519531,1.381679389,-0.366412214,34.6259542
3892,1780506953,-0.520019531,-0.058105469,-0.177246094,-10.83206107,1.022900763,55.45801527,0.692138672,-0.412597656,-0.071533203,3.519083969,-2.809160305,42.51908397
3893,1780506953,-0.559326172,-0.083251953,-0.147949219,-14.16793893,0.20610687,59.1221374,0.696289063,-0.418457031,-0.114013672,4.106870229,-3.41221374,52.14503817
3894,1780506953,-0.569091797,-0.200683594,-0.151611328,-13.90076336,-0.687022901,60.49618321,0.721435547,-0.426025391,-0.106689453,6.190839695,-3.58778626,60.34351145
3895,1780506953,-0.618652344,-0.218017578,-0.150390625,-14.14503817,-1.625954198,63.3740458,0.784179688,-0.427246094,-0.100830078,7.740458015,-2.427480916,65.42748092
3896,1780506953,-0.657714844,-0.187744141,-0.170410156,-15.85496183,-2.351145038,70.06870229,0.829589844,-0.426269531,-0.061523438,8.58778626,-3.312977099,67.0610687
3897,1780506953,-0.6875,-0.2734375,-0.173828125,-15.16793893,-2.778625954,76.4351145,0.860107422,-0.419921875,-0.090820313,9.610687023,-0.877862595,70.5648855
3898,1780506953,-0.685546875,-0.131591797,-0.220703125,-17.47328244,-1.770992366,83.90076336,0.905517578,-0.416992188,-0.083984375,11.4351145,-0.083969466,74.99236641
3899,1780506953,-0.693847656,-0.344970703,-0.189208984,-16.8778626,-2.961832061,88.05343511,0.844726563,-0.433837891,-0.098632813,10.83206107,1.893129771,80.7480916
3900,1780506953,-0.763427734,-0.33203125,-0.194335938,-10.51145038,-3.671755725,90.05343511,0.913085938,-0.496337891,-0.119384766,11.7480916,4.916030534,82.97709924
3901,1780506953,-0.849609375,-0.257324219,-0.205810547,-13.58778626,-4.480916031,97.90839695,0.939941406,-0.540527344,-0.119873047,10.74045802,7.572519084,84.61832061
3902,1780506953,-0.893066406,-0.313964844,-0.200927734,-8.977099237,-6.038167939,106.0839695,0.949462891,-0.563964844,-0.085205078,11.82442748,10.04580153,85.42748092
3903,1780506953,-0.930175781,-0.297851563,-0.198974609,-8.038167939,-7.175572519,112.6335878,0.933837891,-0.540039063,-0.092041016,11.29770992,13.52671756,86.9389313
3904,1780506953,-0.906005859,-0.372070313,-0.157226563,-5.022900763,-8.664122137,116.9160305,0.909423828,-0.473632813,-0.047851563,11.40458015,15.77099237,89.54198473
3905,1780506953,-0.83984375,-0.359863281,-0.154785156,-2.183206107,-9.27480916,119.8244275,0.853027344,-0.454101563,-0.064941406,11,17.57251908,93.61832061
3906,1780506953,-0.855957031,-0.371582031,-0.180908203,-0.450381679,-9.633587786,119.2519084,0.8359375,-0.499511719,-0.074462891,9.870229008,17.61832061,97.48091603
3907,1780506953,-0.908691406,-0.377929688,-0.202636719,1.305343511,-9.374045802,121.7251908,0.824951172,-0.568359375,-0.035400391,10.22900763,20.73282443,100.0152672
3908,1780506953,-0.973876953,-0.353759766,-0.217041016,2.648854962,-8.885496183,121.9160305,0.814208984,-0.647705078,-0.072509766,9.709923664,20.35877863,102.9770992
3909,1780506953,-1.060058594,-0.337402344,-0.208007813,0.106870229,-8.908396947,122.1984733,0.829833984,-0.68359375,-0.085205078,9.488549618,20.69465649,103.5877863
3910,1780506953,-1.090576172,-0.320800781,-0.21875,1.610687023,-8.954198473,124.9694656,0.833007813,-0.666992188,-0.032226563,10.14503817,20.28244275,100.5572519
3911,1780506953,-1.090820313,-0.307128906,-0.197265625,-1.778625954,-8.27480916,128.8473282,0.800537109,-0.657226563,0,10.32824427,16.06870229,97.29770992
3912,1780506953,-1.075195313,-0.32421875,-0.178466797,-2.877862595,-8.145038168,131.8778626,0.761474609,-0.617431641,-0.034667969,9.595419847,12.83969466,96.8778626
3913,1780506953,-0.9921875,-0.2734375,-0.186523438,-4.992366412,-7.328244275,132.5267176,0.723144531,-0.579345703,-0.042480469,9.916030534,13.3740458,97.79389313
3914,1780506953,-0.939697266,-0.255615234,-0.181396484,-7.229007634,-5.129770992,130.5648855,0.699462891,-0.636474609,0.002685547,12.35114504,12.21374046,106.7099237
3915,1780506953,-1.004638672,-0.227050781,-0.211425781,-9.763358779,-3.893129771,127.0610687,0.69921875,-0.717041016,-0.041503906,12.00763359,9.839694656,110.5496183
3916,1780506953,-1.133544922,-0.216796875,-0.220458984,-13.03816794,-4.145038168,126.2824427,0.714355469,-0.8125,0.008789063,10.64122137,5.320610687,109.0916031
3917,1780506953,-1.254882813,-0.217041016,-0.234619141,-15.99236641,-4.015267176,127.8931298,0.720458984,-0.8515625,0.0078125,10.25954198,1.824427481,102.6412214
3918,1780506953,-1.270751953,-0.22265625,-0.213623047,-18.3129771,-4.396946565,130.5648855,0.694580078,-0.81640625,-0.030273438,10.48854962,-1.404580153,97.22137405
3919,1780506953,-1.193603516,-0.243896484,-0.210693359,-17.67938931,-4.572519084,130.5038168,0.645263672,-0.759521484,0.013671875,11.03816794,-4.564885496,94.58015267
3920,1780506953,-1.084716797,-0.252929688,-0.189941406,-21.19083969,-4.198473282,128.1984733,0.599853516,-0.715332031,-0.012939453,12.69465649,-5.694656489,95.73282443
3921,1780506953,-1.007568359,-0.233154297,-0.213378906,-21.48091603,-2.557251908,123.259542,0.571533203,-0.712646484,-0.038330078,14.82442748,-5.091603053,100.8396947
3922,1780506953,-0.956542969,-0.164794922,-0.270507813,-23.79389313,0.679389313,119.1908397,0.568359375,-0.750976563,-0.043212891,16.52671756,-6.053435115,107.8396947
3923,1780506953,-1.031494141,-0.094482422,-0.340820313,-27.20610687,4.641221374,111.5419847,0.584472656,-0.882568359,-0.010498047,17.26717557,-10.00763359,113
3924,1780506953,-1.206542969,-0.044677734,-0.38671875,-34.22900763,8.557251908,108.8778626,0.652832031,-1.020507813,0.016113281,17.51145038,-16.69465649,112.0076336
3925,1780506953,-1.415527344,-0.020507813,-0.386474609,-37.9389313,7.954198473,112.3129771,0.706542969,-1.114746094,0.039794922,13.73282443,-22.97709924,101.0839695
3926,1780506953,-1.546630859,-0.043945313,-0.328613281,-48.80916031,10.54961832,119.8854962,0.687011719,-1.065185547,0.02734375,10.21374046,-29.22900763,87.40458015
3927,1780506953,-1.451171875,-0.192382813,-0.302246094,-42.70992366,9.106870229,123.5954198,0.680664063,-0.961425781,0.004882813,8.213740458,-28.88549618,76.17557252
3928,1780506953,-1.297851563,-0.1484375,-0.261230469,-42.96183206,8.045801527,126.519084,0.701904297,-0.848144531,-0.016845703,6.709923664,-25.76335878,67.58015267
3929,1780506953,-1.212646484,-0.168212891,-0.230712891,-37.18320611,7.328244275,128.2824427,0.719970703,-0.793701172,-0.019775391,7.381679389,-20.85496183,65.28244275
3930,1780506953,-1.15234375,-0.141357422,-0.197753906,-33.07633588,6.526717557,128.3358779,0.726318359,-0.8046875,-0.051513672,7.854961832,-14.40458015,65.94656489
3931,1780506953,-1.154785156,-0.155029297,-0.190429688,-28.70229008,5.595419847,125.2748092,0.708740234,-0.879638672,-0.090820313,8.633587786,-7.236641221,69.35877863
3932,1780506953,-1.209716797,-0.192382813,-0.196533203,-22.3129771,2.778625954,120.8778626,0.679199219,-0.974365234,-0.089111328,8.198473282,-1.541984733,72.08396947
3933,1780506953,-1.279052734,-0.175048828,-0.200927734,-18.35877863,-0.190839695,112.2290076,0.643066406,-1.018554688,-0.051269531,6.961832061,-0.20610687,70.92366412
3934,1780506953,-1.315673828,-0.162109375,-0.206542969,-16.20610687,-2.671755725,107.2824427,0.603027344,-1.021972656,-0.004394531,6.183206107,-0.229007634,66.61068702
3935,1780506953,-1.284912109,-0.180908203,-0.194335938,-13.78625954,-4.870229008,103.5572519,0.568847656,-0.987548828,-0.029785156,5.969465649,0.847328244,61.3129771
3936,1780506953,-1.221191406,-0.161132813,-0.185058594,-11.99236641,-6.358778626,96.44274809,0.554931641,-0.944824219,-0.024902344,5.954198473,0.045801527,56.72519084
3937,1780506953,-1.152099609,-0.136230469,-0.199707031,-10.5648855,-7.351145038,91.63358779,0.557617188,-0.904052734,-0.020263672,7.038167939,2.41221374,53.80916031
3938,1780506953,-1.106933594,-0.095214844,-0.189453125,-8.091603053,-8.106870229,87.4351145,0.580322266,-0.883789063,-0.046630859,7.564885496,5.175572519,52.03816794
3939,1780506953,-1.072021484,-0.013183594,-0.204101563,-5.664122137,-7.72519084,84.61068702,0.612060547,-0.888183594,-0.050048828,8.221374046,10.25954198,51.84732824
3940,1780506953,-1.080322266,0.013183594,-0.222412109,-4.045801527,-7.083969466,81.88549618,0.629638672,-0.918945313,-0.037841797,7.213740458,13.48091603,52.66412214
3941,1780506953,-1.137695313,0.007080078,-0.245605469,-3.27480916,-7.740458015,78.54198473,0.597167969,-0.951904297,0.049072266,5.030534351,13.64885496,52.14503817
3942,1780506953,-1.141357422,-0.029541016,-0.229492188,-3.854961832,-7.496183206,74.25954198,0.520996094,-0.973144531,0.092773438,1.961832061,8.045801527,49.16793893
3943,1780506953,-1.109619141,-0.028076172,-0.218994141,-4.641221374,-6.763358779,68.84732824,0.448974609,-0.971435547,0.065429688,3.458015267,4.961832061,45.36641221
3944,1780506953,-1.061279297,0.003173828,-0.220214844,-5.86259542,-5.175572519,63.51908397,0.392822266,-0.967285156,0.060302734,3.267175573,1.290076336,41.67175573
3945,1780506953,-1.005371094,0.019775391,-0.229492188,-7.992366412,-2.664122137,56.95419847,0.379394531,-0.956054688,0.061035156,4.740458015,-3.282442748,39.4351145
3946,1780506953,-0.969970703,0.042480469,-0.223388672,-10.9389313,-0.770992366,50.22900763,0.359130859,-0.967773438,0.034667969,6.603053435,-7.435114504,37.91603053
3947,1780506953,-0.945068359,0.094238281,-0.208984375,-14.22137405,1.366412214,43.77099237,0.353515625,-0.95703125,0.015869141,8.221374046,-10.46564885,37.67175573
3948,1780506953,-0.913574219,0.115966797,-0.243652344,-17.48091603,3.396946565,37.32824427,0.366210938,-0.977783203,-0.020507813,10.03816794,-11.80152672,38.92366412
3949,1780506953,-0.939453125,0.198242188,-0.242675781,-18.58015267,4.244274809,33.05343511,0.421386719,-0.981689453,-0.037597656,11.38167939,-13.05343511,36.86259542
3950,1780506953,-0.989746094,0.180175781,-0.229736328,-22.93129771,4.183206107,29.85496183,0.396240234,-0.984863281,-0.025634766,10.28244275,-15.63358779,33.92366412
3951,1780506953,-1.011230469,0.131103516,-0.233398438,-20.93129771,3.221374046,26.09923664,0.380859375,-0.999511719,-0.001708984,9.404580153,-17.76335878,31.10687023
3952,1780506953,-0.997558594,0.227050781,-0.253662109,-20.74045802,3.335877863,23.45801527,0.386230469,-0.993164063,0.035644531,8.053435115,-18.58015267,31.09160305
3953,1780506954,-0.927978516,0.143066406,-0.231689453,-18.9389313,3.404580153,17,0.380126953,-0.998291016,0.033447266,7.557251908,-19.48091603,31.54961832
3954,1780506954,-0.956298828,0.223144531,-0.221191406,-20.58778626,3.572519084,13.20610687,0.383056641,-0.957275391,0.029785156,5.954198473,-17.28244275,29.6870229
3955,1780506954,-0.904785156,0.099365234,-0.224365234,-19.08396947,4.190839695,11.58778626,0.337646484,-0.918945313,0.039306641,5.259541985,-16.53435115,30.22900763
3956,1780506954,-0.876220703,0.217041016,-0.241943359,-16.76335878,4.396946565,6.358778626,0.338867188,-0.936767578,0.023925781,5.534351145,-15.5648855,30.40458015
3957,1780506954,-0.833984375,0.181152344,-0.235107422,-17.48091603,5.122137405,1.320610687,0.32421875,-0.913574219,0.030273438,4.427480916,-15.77862595,32.67938931
3958,1780506954,-0.819091797,0.224121094,-0.244873047,-14.88549618,5.801526718,-3.290076336,0.293945313,-0.90234375,0.022460938,4.13740458,-16.6259542,34.48091603
3959,1780506954,-0.799316406,0.237792969,-0.244384766,-15.09923664,7.404580153,-7.603053435,0.268066406,-0.914306641,0.016113281,3.549618321,-18.2519084,36.3129771
3960,1780506954,-0.800292969,0.243652344,-0.252197266,-15.47328244,8.396946565,-9.786259542,0.263916016,-0.92578125,0.010742188,2.938931298,-20.09160305,37.04580153
3961,1780506954,-0.823486328,0.243652344,-0.253662109,-16.50381679,8.702290076,-15.95419847,0.231689453,-0.932128906,-0.025878906,1.717557252,-22.64885496,38.00763359
3962,1780506954,-0.830810547,0.260498047,-0.270507813,-18.36641221,9.465648855,-20.01526718,0.213378906,-0.952392578,-0.036621094,0.938931298,-24.61832061,38.33587786
3963,1780506954,-0.832763672,0.231445313,-0.274658203,-20.4351145,10.41221374,-25.26717557,0.191894531,-0.972900391,-0.023193359,1.053435115,-27.15267176,38.96183206
3964,1780506954,-0.845947266,0.254394531,-0.264404297,-22.30534351,10.89312977,-30.33587786,0.173095703,-0.977539063,-0.021484375,1.427480916,-29.34351145,39.70229008
3965,1780506954,-0.823974609,0.418945313,-0.384521484,-25.19083969,18.48091603,-32.72519084,0.159667969,-0.979492188,0.034179688,3.816793893,-33.29770992,39.16030534
3966,1780506954,-0.879882813,-0.018066406,-0.268310547,-33.6870229,22.77862595,-44.24427481,0.134277344,-1.076660156,0.066162109,6.740458015,-44.71755725,42.77099237
3967,1780506954,-0.999511719,0.199462891,-0.271728516,-36.18320611,20.96183206,-51.23664122,0.176513672,-1.032958984,-0.020751953,4.374045802,-53.4351145,39.91603053
3968,1780506954,-0.961181641,0.393310547,-0.259765625,-46.99236641,24.91603053,-49.42748092,0.198974609,-1.024169922,0.026123047,4.610687023,-60.48091603,36.97709924
3969,1780506954,-0.987792969,0.406005859,-0.273681641,-51.57251908,26.75572519,-45.3740458,0.241210938,-1.056152344,0.013427734,6.13740458,-66.29007634,29.54198473
3970,1780506954,-1.002929688,0.562744141,-0.225830078,-57.49618321,27.40458015,-36.6870229,0.283203125,-1.061523438,-0.008056641,5.190839695,-70.16030534,23.65648855
3971,1780506954,-1.033447266,0.600341797,-0.181152344,-64.04580153,27.29007634,-25.97709924,0.337158203,-1.064453125,-0.012695313,4.671755725,-72.13740458,17.64885496
3972,1780506954,-1.088134766,0.4140625,-0.083007813,-66.15267176,23.96946565,-19.46564885,0.385742188,-1.075683594,-0.034667969,4.267175573,-70.58015267,12.87022901
3973,1780506954,-1.100830078,0.177246094,-0.072509766,-63.35114504,20.69465649,-14.90839695,0.427001953,-1.071777344,-0.053222656,4.633587786,-64.91603053,9.778625954
3974,1780506954,-1.125976563,-0.029541016,-0.036621094,-57.1221374,15.95419847,-17.0610687,0.481201172,-1.071289063,-0.057128906,4.389312977,-57.74045802,6.229007634
3975,1780506954,-1.145996094,-0.047363281,-0.011474609,-45.94656489,11.25954198,-17.95419847,0.514404297,-1.053710938,-0.064208984,5.618320611,-46.48091603,1
3976,1780506954,-1.122558594,0.084228516,-0.067626953,-35.54198473,7.580152672,-14.88549618,0.533203125,-1.035400391,-0.064208984,7.27480916,-33.69465649,-4.984732824
3977,1780506954,-1.083740234,0.237304688,-0.138916016,-28.89312977,5.435114504,-9.541984733,0.466308594,-1.008544922,-0.087646484,5.86259542,-21.90076336,-3.679389313
3978,1780506954,-0.961669922,0.343994141,-0.189208984,-23.61068702,3.946564885,-6.435114504,0.415527344,-0.984863281,-0.070556641,8.954198473,-12.29770992,-0.938931298
3979,1780506954,-0.914550781,0.31640625,-0.241943359,-16.72519084,2.503816794,-5.847328244,0.368652344,-0.950927734,-0.062988281,9.671755725,-5.259541985,0.41221374
3980,1780506954,-0.903076172,0.24609375,-0.254882813,-10.39694656,0.938931298,-2.374045802,0.321289063,-0.939941406,-0.078613281,5.625954198,0.954198473,0.679389313
3981,1780506954,-0.882568359,0.244873047,-0.275878906,-3.458015267,-1.022900763,-1.480916031,0.266357422,-0.950683594,-0.098144531,3.190839695,6.480916031,0.641221374
3982,1780506954,-0.873291016,0.290771484,-0.2890625,2.671755725,-2.541984733,-0.503816794,0.247070313,-0.966308594,-0.099609375,0.694656489,9.977099237,1.221374046
3983,1780506954,-0.878662109,0.309326172,-0.289550781,6.030534351,-3.572519084,-1.916030534,0.225585938,-0.974365234,-0.083740234,-1.396946565,11.91603053,1.511450382
3984,1780506954,-0.888427734,0.318115234,-0.302246094,9,-4.633587786,0.526717557,0.203125,-0.985595703,-0.065673828,-2.290076336,13.17557252,1.923664122
3985,1780506954,-0.868652344,0.354492188,-0.282470703,9.41221374,-4.992366412,0.709923664,0.186523438,-0.978515625,-0.069580078,-2.809160305,13.5648855,2.282442748
3986,1780506954,-0.849609375,0.367675781,-0.27734375,8.320610687,-4.351145038,0.946564885,0.148193359,-0.971679688,-0.020507813,-2.740458015,11.18320611,2.503816794
3987,1780506954,-0.853027344,0.361083984,-0.244140625,6.687022901,-5.839694656,0.885496183,0.155273438,-0.982421875,-0.005371094,-2.41221374,8.641221374,2.778625954
3988,1780506954,-0.845458984,0.363037109,-0.225830078,4.824427481,-3.251908397,0.58778626,0.145996094,-0.991455078,0.013183594,-1.633587786,7.022900763,2.893129771
3989,1780506954,-0.869140625,0.359619141,-0.202392578,3,-2.854961832,0.679389313,0.175048828,-0.984863281,0.010253906,-1.374045802,6.015267176,2.938931298
3990,1780506954,-0.892822266,0.33984375,-0.188964844,2.030534351,-2.419847328,0.977099237,0.215087891,-1.001708984,0.004638672,-1.160305344,5.93129771,3.27480916
3991,1780506954,-0.920166016,0.312744141,-0.169677734,2.259541985,-2.893129771,1.229007634,0.254638672,-1.009033203,-0.006591797,-0.671755725,7.381679389,3.13740458
3992,1780506954,-0.938964844,0.259033203,-0.166015625,4.122137405,-4.328244275,1.06870229,0.280029297,-1.004150391,-0.025390625,-1.091603053,10.13740458,2.572519084
3993,1780506954,-0.939453125,0.241455078,-0.162841797,7.801526718,-6.091603053,1.106870229,0.300048828,-0.995361328,-0.020019531,-0.694656489,13.84732824,2.175572519
3994,1780506954,-0.934570313,0.258544922,-0.163085938,11.1221374,-6.160305344,1.389312977,0.296142578,-0.997070313,-0.017333984,-0.190839695,17.52671756,2.152671756
3995,1780506954,-0.942382813,0.257568359,-0.166259766,12.18320611,-6.610687023,1.93129771,0.299804688,-0.994628906,-0.013427734,-0.465648855,19.10687023,1.992366412
3996,1780506954,-0.966308594,0.269775391,-0.183837891,13.29007634,-8.358778626,2.877862595,0.287109375,-1.000732422,-0.034423828,-1.480916031,20.78625954,-3.79389313
3997,1780506954,-1.033203125,0.364257813,-0.20703125,6.847328244,-9.503816794,11.57251908,0.282958984,-0.985839844,-0.082763672,-4.877862595,21.5648855,-8.557251908
3998,1780506954,-0.917724609,0.137451172,-0.148681641,32.79389313,-12.60305344,10.73282443,0.207275391,-1.019042969,0.017578125,-2.93129771,28.78625954,-12.6870229
3999,1780506954,-0.952392578,0.380126953,-0.186035156,23.51145038,-11.80916031,14.92366412,0.250976563,-0.984130859,-0.069824219,-3.160305344,31.83969466,-13
4000,1780506954,-0.938964844,0.185791016,-0.214111328,27.81679389,-12.73282443,13.32061069,0.290039063,-1.000976563,-0.062988281,-3.877862595,33.53435115,-13.50381679
4001,1780506954,-0.950195313,0.267333984,-0.226074219,29,-14.32061069,11.72519084,0.309082031,-0.975585938,-0.059570313,-4.557251908,36.51145038,-12.74045802
4002,1780506954,-0.891113281,0.193847656,-0.223632813,29.01526718,-14.19847328,10.95419847,0.272949219,-0.9609375,0.031005859,-5.763358779,38.57251908,-10.41221374
4003,1780506954,-0.861328125,0.322509766,-0.238037109,28.90076336,-13.40458015,9.595419847,0.231445313,-0.956054688,0.027587891,-3.198473282,39.06870229,-8.801526718
4004,1780506954,-0.842041016,0.252197266,-0.251708984,24.6870229,-11.46564885,6.458015267,0.168945313,-0.97265625,0.017089844,-3.801526718,33.38167939,-7.267175573
4005,1780506954,-0.876953125,0.12890625,-0.259277344,25.22137405,-10.83206107,0.099236641,0.169189453,-1.007568359,0.016357422,-3.061068702,28.61832061,-7.335877863
4006,1780506954,-0.908203125,0.280273438,-0.269042969,20.01526718,-9.061068702,-2.496183206,0.200195313,-1.031738281,-0.019042969,-4.297709924,24.08396947,-9.763358779
4007,1780506954,-0.996582031,0.016357422,-0.249511719,15.38167939,-8.473282443,-9.580152672,0.212890625,-1.088623047,0.042724609,-4.992366412,21.40458015,-12.49618321
4008,1780506954,-1.099853516,-0.099609375,-0.246337891,20.13740458,-10.09923664,-15.90839695,0.278808594,-1.072265625,0.020263672,-4.717557252,18.09160305,-20.65648855
4009,1780506954,-1.07421875,-0.170898438,-0.351318359,24.00763359,-8.900763359,-25.07633588,0.329345703,-0.999023438,-0.045898438,-6.786259542,20.96946565,-27.17557252
4010,1780506954,-1.016845703,-0.096191406,-0.375488281,29.52671756,-6.900763359,-29.74045802,0.388183594,-0.969970703,-0.052490234,-10.45801527,25.72519084,-29.41221374
4011,1780506954,-1.017333984,-0.042480469,-0.357666016,30.35114504,-5.396946565,-33.21374046,0.423339844,-0.961425781,-0.010253906,-13.29770992,28.11450382,-34.05343511
4012,1780506954,-1.017333984,0.020996094,-0.366210938,27.01526718,-2.854961832,-36.11450382,0.414306641,-0.977050781,0.004150391,-14.71755725,25.70992366,-35.91603053
4013,1780506954,-1.020996094,0.010498047,-0.333251953,23.73282443,0.045801527,-37.28244275,0.370605469,-0.994873047,0.024658203,-14.99236641,21.95419847,-38.80152672
4014,1780506954,-1.04296875,-0.017333984,-0.287597656,21.20610687,2.717557252,-43.46564885,0.346923828,-1.021484375,0.046875,-14.54961832,19.48854962,-42.55725191
4015,1780506954,-1.070068359,-0.056640625,-0.228759766,17.71755725,4.503816794,-49.80916031,0.324462891,-1.037841797,0.067382813,-14,11.42748092,-43.93129771
4016,1780506954,-1.049560547,-0.185302734,-0.182373047,18.96946565,5.221374046,-61.03053435,0.328369141,-1.055175781,0.061523438,-12.14503817,7.358778626,-46.05343511
4017,1780506954,-1.052246094,-0.064697266,-0.174804688,9.351145038,6.34351145,-64.77862595,0.375732422,-1.048828125,0.000244141,-12.41221374,0.702290076,-50.10687023
4018,1780506954,-1.174804688,-0.191162109,-0.188476563,4.145038168,6.679389313,-73.82442748,0.390625,-1.039550781,0.004150391,-11.79389313,-4.557251908,-57.41984733
4019,1780506954,-1.178466797,-0.211425781,-0.197265625,6.832061069,6.167938931,-79.80916031,0.408935547,-1.008544922,-0.014892578,-11.45038168,-4.755725191,-63.86259542
4020,1780506954,-1.152099609,-0.167480469,-0.209960938,6.58778626,6.251908397,-85.90839695,0.433349609,-0.9765625,-0.017822266,-11.17557252,-3.801526718,-67.22900763
4021,1780506954,-1.121337891,-0.174316406,-0.217529297,5.404580153,6.664122137,-93.02290076,0.443603516,-0.960449219,-0.014892578,-11.32824427,-4.282442748,-68.3129771
4022,1780506954,-1.129150391,-0.185302734,-0.224365234,6.221374046,6.396946565,-95.85496183,0.459472656,-0.974121094,-0.011962891,-11.78625954,-7.045801527,-69.18320611
4023,1780506954,-1.161621094,-0.176269531,-0.22265625,4.893129771,6.839694656,-105.0229008,0.496337891,-1.017578125,-0.027099609,-11.98473282,-7.404580153,-70.48854962
4024,1780506954,-1.240966797,-0.118652344,-0.238525391,4.213740458,7.099236641,-109.5572519,0.516601563,-1.041503906,0.02734375,-11.50381679,-7.366412214,-73.80152672
4025,1780506954,-1.275878906,-0.101806641,-0.244140625,2.167938931,8.488549618,-111.6870229,0.543212891,-1.030029297,0.016845703,-11.4351145,-8.015267176,-78.16793893
4026,1780506954,-1.270751953,-0.137939453,-0.255859375,2.381679389,9.458015267,-113.4274809,0.544433594,-1.011230469,0.002685547,-12.06870229,-11.44274809,-84.03053435
4027,1780506954,-1.285644531,-0.127685547,-0.224121094,0.435114504,9.396946565,-114.7328244,0.532470703,-1.027832031,-0.021240234,-13.55725191,-11.16793893,-90.20610687
4028,1780506954,-1.298339844,-0.167724609,-0.229736328,1.511450382,8.702290076,-116.7328244,0.541748047,-1.024414063,-0.023925781,-13.11450382,-9.938931298,-95.30534351
4029,1780506954,-1.27734375,-0.217285156,-0.219970703,1.870229008,8.671755725,-120.2061069,0.562255859,-0.982910156,-0.053222656,-12.51145038,-9.381679389,-97.32824427
4030,1780506954,-1.236816406,-0.200683594,-0.225097656,2.480916031,9.076335878,-124.8549618,0.581054688,-0.962158203,-0.066162109,-12.09923664,-8.41221374,-96
4031,1780506954,-1.260742188,-0.221923828,-0.205566406,2.251908397,8.381679389,-130.2748092,0.622314453,-0.987548828,-0.069091797,-10.84732824,-3.41221374,-94.54961832
4032,1780506954,-1.2890625,-0.249511719,-0.209960938,1.992366412,7.541984733,-135.3435115,0.637695313,-0.986083984,-0.075439453,-8.694656489,1.816793893,-95.32824427
4033,1780506954,-1.325683594,-0.298339844,-0.202636719,8.526717557,5.709923664,-139.129771,0.654541016,-0.960205078,-0.020751953,-10.26717557,2.946564885,-96.06870229
4034,1780506954,-1.336425781,-0.251708984,-0.238525391,11.25954198,4.854961832,-138.389313,0.668945313,-0.949462891,0.0078125,-10.50381679,5.091603053,-107.1374046
4035,1780506954,-1.340576172,-0.284667969,-0.234619141,14.14503817,4.427480916,-136.6335878,0.663330078,-0.9375,0.028076172,-11.3129771,5.419847328,-115.2290076
4036,1780506955,-1.321044922,-0.254150391,-0.224365234,16.01526718,3.885496183,-135.0305344,0.659667969,-0.877197266,-0.007324219,-11.69465649,5.114503817,-120.3358779
4037,1780506955,-1.251708984,-0.279052734,-0.226806641,16.94656489,2.687022901,-135.8396947,0.645751953,-0.864257813,-0.048095703,-12.57251908,6.664122137,-121.7251908
4038,1780506955,-1.233886719,-0.296142578,-0.242919922,16.44274809,1.442748092,-140.2748092,0.651123047,-0.859130859,-0.053955078,-11.80152672,7.419847328,-119.3053435
4039,1780506955,-1.243164063,-0.387451172,-0.296875,24.48854962,0.496183206,-145.3435115,0.709960938,-0.893066406,-0.009033203,-14.54198473,8.435114504,-120.2748092
4040,1780506955,-1.306396484,-0.257324219,-0.300292969,19.67175573,1.473282443,-144.8854962,0.715087891,-0.879394531,0.006347656,-13.57251908,6.396946565,-123.6641221
4041,1780506955,-1.259765625,-0.297851563,-0.33203125,17.74045802,3.816793893,-146.3969466,0.648925781,-0.830322266,-0.074462891,-10.66412214,2.06870229,-124.3664122
4042,1780506955,-1.191650391,-0.263671875,-0.372558594,12.4351145,6.557251908,-147.8931298,0.623291016,-0.816162109,-0.028320313,-12.45038168,-8.557251908,-125.3740458
4043,1780506955,-1.198486328,-0.229736328,-0.385742188,2.572519084,9.679389313,-147.5496183,0.647460938,-0.806152344,-0.006103516,-12.13740458,-17.75572519,-126.3206107
4044,1780506955,-1.195556641,-0.194091797,-0.384277344,-5.893129771,12.97709924,-146.3816794,0.657470703,-0.771972656,-0.034667969,-13.70992366,-28.47328244,-127.8931298
4045,1780506955,-1.144287109,-0.204833984,-0.353027344,-13.97709924,15.22137405,-143.5877863,0.695068359,-0.711425781,-0.031982422,-16.64122137,-36.35114504,-129.3969466
4046,1780506955,-1.110351563,-0.297363281,-0.302001953,-15.64122137,16.19083969,-142.4351145,0.738037109,-0.684082031,-0.089355469,-16.71755725,-40.85496183,-128.1832061
4047,1780506955,-1.090332031,-0.240966797,-0.271484375,-16.87022901,16.99236641,-141.4580153,0.77734375,-0.654052734,-0.151367188,-16.96946565,-36.09160305,-123.8473282
4048,1780506955,-1.047851563,-0.407958984,-0.252685547,-11.49618321,16.34351145,-140.7633588,0.813476563,-0.631835938,-0.137695313,-16.99236641,-31.32061069,-120.0534351
4049,1780506955,-1.061767578,-0.192382813,-0.2578125,-12.73282443,16.1221374,-137.3740458,0.880859375,-0.620117188,-0.135498047,-18.09923664,-28.38931298,-119.0610687
4050,1780506955,-1.037109375,-0.389160156,-0.216796875,-8.27480916,14.78625954,-134.6412214,0.850830078,-0.611816406,-0.125976563,-18.75572519,-20.97709924,-117.0839695
4051,1780506955,-1.001220703,-0.322021484,-0.226318359,-0.770992366,13.20610687,-131.4580153,0.874511719,-0.608398438,-0.139404297,-18.51145038,-17.03053435,-114.8473282
4052,1780506955,-1.004394531,-0.321044922,-0.188476563,3.221374046,10.97709924,-128.0229008,0.898681641,-0.617675781,-0.190673828,-19,-10.93129771,-112.4732824
4053,1780506955,-1.021972656,-0.303955078,-0.176757813,9.022900763,9.58778626,-124.9923664,0.948730469,-0.621337891,-0.166015625,-17.7480916,-2.328244275,-110.4351145
4054,1780506955,-1.004638672,-0.373046875,-0.168701172,16.28244275,3.053435115,-118.8625954,0.963134766,-0.616210938,-0.205322266,-16.96183206,8.267175573,-107.0381679
4055,1780506955,-0.991455078,-0.442138672,-0.130615234,28.8778626,-3.358778626,-116.9618321,0.939208984,-0.588378906,-0.252929688,-16.17557252,25.40458015,-103.9694656
4056,1780506955,-0.933837891,-0.522216797,-0.128417969,43.18320611,-8.015267176,-117.2137405,0.855957031,-0.549560547,-0.213623047,-14.28244275,39.35877863,-97.77862595
4057,1780506955,-0.872314453,-0.489257813,-0.166748047,59.59541985,-14.78625954,-120.0534351,0.761230469,-0.531005859,-0.177978516,-10.80916031,50.30534351,-92.22137405
4058,1780506955,-0.804931641,-0.376953125,-0.224365234,61.95419847,-17.0610687,-124.2748092,0.638427734,-0.490722656,-0.100830078,-7.93129771,51.6259542,-83.29007634
4059,1780506955,-0.725830078,-0.310546875,-0.284667969,60.16793893,-17.34351145,-127.1832061,0.542724609,-0.470703125,-0.058105469,-7.816793893,41.9389313,-75.93129771
4060,1780506955,-0.705078125,-0.131103516,-0.334716797,50.7480916,-15.07633588,-128.8015267,0.511474609,-0.480224609,0.031005859,-4.061068702,27.51145038,-72.65648855
4061,1780506955,-0.681396484,0.039550781,-0.35546875,31.8778626,-9.961832061,-123.2977099,0.517578125,-0.459228516,0.100585938,-3.496183206,7.213740458,-70.08396947
4062,1780506955,-0.625732422,0.19140625,-0.351806641,9.786259542,-5.86259542,-115.0687023,0.548095703,-0.413818359,0.013427734,-3.419847328,-7.93129771,-66.61832061
4063,1780506955,-0.529296875,0.134033203,-0.306396484,-6.763358779,0.526717557,-103.648855,0.556640625,-0.317138672,0.016845703,-3.526717557,-20.90839695,-60.78625954
4064,1780506955,-0.418701172,0.106445313,-0.25,-16.58778626,3.809160305,-97.53435115,0.5703125,-0.239013672,-0.008544922,-3.122137405,-32.96946565,-52.10687023
4065,1780506955,-0.347412109,0.167480469,-0.241943359,-24.82442748,6.778625954,-86.14503817,0.619384766,-0.263427734,-0.073242188,-4.061068702,-41.32824427,-42.66412214
4066,1780506955,-0.368896484,0.209960938,-0.229736328,-34.73282443,8.549618321,-77.93129771,0.683105469,-0.309082031,-0.09375,-3.358778626,-45.14503817,-29.4351145
4067,1780506955,-0.401855469,0.213378906,-0.165527344,-38.16030534,8.603053435,-63.70229008,0.781738281,-0.334960938,-0.102294922,-2.312977099,-43.17557252,-18.61068702
4068,1780506955,-0.440185547,0.170166016,-0.1484375,-35.8778626,6.977099237,-50.32824427,0.920166016,-0.364990234,-0.194824219,-1.770992366,-35.11450382,-11.35877863
4069,1780506955,-0.479003906,0.145019531,-0.119384766,-26.54961832,5.809160305,-28.88549618,1.049560547,-0.387207031,-0.168212891,-0.045801527,-16.59541985,-10.96183206
4070,1780506955,-0.488769531,0.047851563,-0.106201172,-19.16030534,0.335877863,-9.503816794,0.973876953,-0.301757813,-0.222900391,-0.366412214,-1.030534351,0.526717557
4071,1780506955,-0.410400391,0.126953125,-0.109375,-0.977099237,-4.885496183,9.541984733,1.009277344,-0.315429688,-0.196533203,-0.625954198,16.32824427,3.908396947
4072,1780506955,-0.407470703,0.0703125,-0.069091797,10.15267176,-8.541984733,30.41984733,0.951904297,-0.286132813,-0.095214844,0.633587786,32.59541985,8.595419847
4073,1780506955,-0.408691406,0.014160156,-0.088623047,30.23664122,-11.12977099,46.76335878,0.803222656,-0.305664063,-0.143310547,3.007633588,45.35114504,18.90839695
4074,1780506955,-0.358642578,-0.010498047,-0.125244141,34.57251908,-12.60305344,53.29770992,0.672851563,-0.311523438,-0.134277344,2.900763359,49.74045802,34.33587786
4075,1780506955,-0.386962891,0.096923828,-0.185302734,29.89312977,-11.58778626,56.80916031,0.642822266,-0.375244141,-0.036132813,4.267175573,44.19083969,44.42748092
4076,1780506955,-0.480712891,0.069824219,-0.182373047,25.76335878,-11.35114504,64.87022901,0.596435547,-0.393066406,-0.027832031,4.961832061,36.25954198,51.59541985
4077,1780506955,-0.514648438,0.136474609,-0.213134766,16.78625954,-8.900763359,75.76335878,0.62109375,-0.41796875,-0.020751953,6.427480916,26.54198473,58.03053435
4078,1780506955,-0.552001953,0.100097656,-0.235351563,9.312977099,-6.534351145,82.28244275,0.609375,-0.4296875,-0.059814453,7.030534351,17.17557252,64.42748092
4079,1780506955,-0.608154297,0.116699219,-0.228515625,-0.702290076,-4.27480916,95.39694656,0.706054688,-0.465576172,-0.001708984,8.030534351,9.603053435,67.21374046
4080,1780506955,-0.690673828,0.101806641,-0.205322266,-12.17557252,-2.358778626,107.5954198,0.769775391,-0.465820313,-0.018310547,7.847328244,1.557251908,68.9389313
4081,1780506955,-0.733886719,-0.017822266,-0.196777344,-19.18320611,-1.267175573,120.5343511,0.779052734,-0.460205078,-0.043701172,7.396946565,0.175572519,73.36641221
4082,1780506955,-0.731933594,-0.128417969,-0.177734375,-18.92366412,-3.458015267,125.221374,0.791015625,-0.443359375,-0.054443359,6.572519084,0.992366412,80.52671756
4083,1780506955,-0.7421875,-0.194580078,-0.166748047,-14.83206107,-3.809160305,131.1374046,0.804931641,-0.451171875,-0.053710938,7.267175573,6.27480916,86.13740458
4084,1780506955,-0.795410156,-0.253173828,-0.151855469,-9.259541985,-4.877862595,133.1908397,0.820068359,-0.481201172,-0.083740234,8.221374046,14.4351145,97.3129771
4085,1780506955,-0.834228516,-0.305664063,-0.155517578,-5.625954198,-6.06870229,133.3282443,0.804931641,-0.485107422,-0.078857422,9.259541985,21.83969466,105.0763359
4086,1780506955,-0.880371094,-0.330078125,-0.156005859,2.435114504,-7.458015267,133.7633588,0.819824219,-0.500732422,-0.078613281,9.27480916,26.15267176,110.3816794
4087,1780506955,-0.916015625,-0.289550781,-0.168701172,5.648854962,-7.847328244,134.9770992,0.830078125,-0.519042969,-0.043701172,10.09923664,27.52671756,112.0458015
4088,1780506955,-0.939453125,-0.218505859,-0.173095703,5.618320611,-7.404580153,143.7557252,0.82421875,-0.522216797,-0.034667969,10.75572519,25.54961832,112.6793893
4089,1780506955,-0.963867188,-0.176269531,-0.202880859,2.93129771,-6.916030534,150.9312977,0.822265625,-0.540283203,-0.024658203,9.251908397,25.29770992,113.5648855
4090,1780506955,-1.022460938,-0.172119141,-0.192382813,-1.954198473,-6.496183206,157.9465649,0.827392578,-0.604736328,-0.030273438,8.954198473,22.23664122,113.8473282
4091,1780506955,-1.075195313,-0.200683594,-0.178710938,-2.190839695,-6.236641221,163.7328244,0.818603516,-0.601318359,-0.038085938,8.977099237,22.07633588,114.5114504
4092,1780506955,-1.114257813,-0.154052734,-0.193847656,-1.404580153,-5.641221374,169.5038168,0.822021484,-0.638916016,-0.041992188,8.603053435,21.88549618,116.9236641
4093,1780506955,-1.177246094,-0.099121094,-0.215576172,-3.595419847,-4.541984733,174.4198473,0.823730469,-0.694824219,0.004882813,8.625954198,20.93129771,119.3282443
4094,1780506955,-1.241943359,-0.139892578,-0.241210938,-5.099236641,-4.717557252,179.6564885,0.801757813,-0.665771484,0.019775391,6.664122137,18.9389313,118.8015267
4095,1780506955,-1.220703125,-0.185302734,-0.210205078,-5.885496183,-5.175572519,183.8778626,0.723388672,-0.638671875,0.069580078,4.687022901,14.11450382,117.6641221
4096,1780506955,-1.189941406,-0.151855469,-0.222412109,-7.305343511,-4.038167939,186.0152672,0.668945313,-0.650390625,0.004394531,3.312977099,9.442748092,119.5725191
4097,1780506955,-1.157958984,-0.1015625,-0.241699219,-9.916030534,-0.900763359,185.4732824,0.680419922,-0.698730469,-0.037841797,4.549618321,7.79389313,126.3206107
4098,1780506955,-1.199951172,-0.055419922,-0.296386719,-16.93129771,2.778625954,183.3587786,0.692138672,-0.797851563,-0.060546875,7.72519084,8.404580153,131.9160305
4099,1780506955,-1.352539063,-0.08203125,-0.285400391,-19.67175573,4.687022901,181.6564885,0.7265625,-0.891113281,-0.033203125,9.053435115,4.923664122,132.389313
4100,1780506955,-1.496337891,-0.103759766,-0.28515625,-26.94656489,4.534351145,183.129771,0.745849609,-0.949462891,-0.005371094,8.488549618,0.13740458,126
4101,1780506955,-1.595458984,-0.155761719,-0.253173828,-25.48091603,3.022900763,186.5725191,0.745361328,-0.948974609,0.035400391,7.694656489,-4.503816794,117.1679389
4102,1780506955,-1.580810547,-0.188232422,-0.264648438,-27.16793893,0.717557252,189.7938931,0.715087891,-0.880859375,0.077636719,2.870229008,-5.633587786,107.2900763
4103,1780506955,-1.483398438,-0.264892578,-0.221191406,-24.4351145,-0.229007634,191.3816794,0.678710938,-0.816162109,0.093994141,2.13740458,-4.885496183,101.5725191
4104,1780506955,-1.359130859,-0.292236328,-0.202636719,-19.70992366,0.229007634,184.9618321,0.650390625,-0.784423828,0.0390625,1.091603053,-1.419847328,97.80916031
4105,1780506955,-1.273925781,-0.251220703,-0.189697266,-16.0610687,1.381679389,177.1832061,0.628173828,-0.820068359,-0.004150391,1.58778626,3.65648855,103.3435115
4106,1780506955,-1.276611328,-0.237792969,-0.198486328,-12.49618321,1.954198473,167.5496183,0.632568359,-0.920898438,-0.025634766,3.259541985,7.41221374,107.2442748
4107,1780506955,-1.358154297,-0.215576172,-0.200683594,-11.16793893,1.541984733,157.3664122,0.641357422,-0.996337891,0.006591797,2.816793893,6.854961832,108.2824427
4108,1780506955,-1.437011719,-0.190917969,-0.222900391,-12.54961832,0.885496183,149.2366412,0.639160156,-1.051757813,0.047363281,2.351145038,3.625954198,104.3129771
4109,1780506955,-1.48828125,-0.233154297,-0.209960938,-14.81679389,0.129770992,141.7099237,0.612060547,-1.049560547,0.075683594,0.86259542,0.419847328,98.04580153
4110,1780506955,-1.433105469,-0.241943359,-0.174316406,-16.11450382,0.93129771,133.259542,0.544677734,-1.011230469,0.111328125,1.648854962,-2.366412214,91.41221374
4111,1780506955,-1.335205078,-0.289306641,-0.192382813,-15.92366412,2.366412214,124.5038168,0.486328125,-0.956787109,0.107421875,3.038167939,-4.900763359,87.80916031
4112,1780506955,-1.244140625,-0.286376953,-0.186035156,-17.03053435,4.328244275,110.9236641,0.481933594,-0.934326172,0.079345703,3.06870229,-7.664122137,82.09923664
4113,1780506955,-1.162841797,-0.268554688,-0.155517578,-19.90076336,6.114503817,98.73282443,0.463378906,-0.938476563,0.086669922,5.122137405,-11.3129771,80.81679389
4114,1780506955,-1.110351563,-0.248535156,-0.132080078,-21.47328244,7.335877863,85.33587786,0.480712891,-0.955810547,0.061767578,7.473282443,-13.45038168,80.12977099
4115,1780506955,-1.125244141,-0.206787109,-0.118652344,-17.87022901,6.580152672,73.60305344,0.556884766,-0.988769531,0.059570313,10.35877863,-12.22900763,78.19083969
4116,1780506955,-1.211669922,-0.09765625,-0.086425781,-27.75572519,5.198473282,67.69465649,0.551269531,-0.991699219,-0.002685547,9.030534351,-14.92366412,76.24427481
4117,1780506955,-1.183105469,-0.29296875,-0.084472656,-15.64885496,1.580152672,55.59541985,0.573974609,-1.030761719,0.038574219,10.48091603,-12.27480916,72.34351145
4118,1780506955,-1.217773438,-0.037353516,-0.057128906,-23.58778626,-1.290076336,50.25954198,0.547119141,-0.991699219,0.006347656,9.244274809,-12.0610687,68.20610687
4119,1780506956,-1.172607422,-0.148193359,-0.104736328,-17.61068702,-2.679389313,44.25954198,0.567871094,-0.976806641,0.077148438,11.01526718,-11.15267176,62.29007634
4120,1780506956,-1.147949219,-0.06640625,-0.102050781,-17.99236641,-4.496183206,40.08396947,0.553222656,-0.967041016,0.017089844,11.55725191,-8.984732824,57.11450382
4121,1780506956,-1.076660156,-0.097167969,-0.122802734,-14.5648855,-5.687022901,34.11450382,0.510742188,-0.927490234,0.012207031,9.770992366,-5.099236641,53.69465649
4122,1780506956,-1.060791016,-0.062255859,-0.140380859,-11.94656489,-6.580152672,29.38167939,0.498535156,-0.919189453,0.037109375,12.3740458,-3,50.58015267
4123,1780506956,-1.028076172,0.006103516,-0.160888672,-10.73282443,-5.702290076,27.33587786,0.479736328,-0.963134766,0.033691406,12.6259542,-2.030534351,47.58778626
4124,1780506956,-1.071777344,0.037109375,-0.214111328,-10.66412214,-5.114503817,23.38167939,0.475341797,-1.025878906,0.034912109,12.35877863,-2.34351145,44.48091603
4125,1780506956,-1.111328125,0.080078125,-0.234130859,-11.23664122,-4.832061069,18.02290076,0.461914063,-1.058349609,0.053222656,11.48091603,-4.625954198,40.17557252
4126,1780506956,-1.116943359,0.118408203,-0.2421875,-13.29007634,-4.053435115,15.24427481,0.44921875,-1.045166016,0.060546875,9.946564885,-8.175572519,35.61832061
4127,1780506956,-1.082519531,0.103027344,-0.251220703,-15.38931298,-2.93129771,12.75572519,0.412841797,-1.009033203,0.076904297,8.534351145,-11.88549618,31.09923664
4128,1780506956,-1.025878906,0.093505859,-0.243164063,-16.38167939,-1.740458015,10.03816794,0.405761719,-0.955078125,0.062988281,7.114503817,-14.29770992,26.74045802
4129,1780506956,-0.966552734,0.097900391,-0.23828125,-17.33587786,0.27480916,7.335877863,0.384033203,-0.928466797,0.047363281,6.603053435,-16.11450382,23.48854962
4130,1780506956,-0.930419922,0.102294922,-0.240722656,-18.38167939,2.190839695,4.106870229,0.351806641,-0.935058594,0.049316406,6.900763359,-17.96946565,22.3129771
4131,1780506956,-0.875244141,0.136962891,-0.242919922,-19.85496183,5,0.061068702,0.333007813,-0.931396484,0.021972656,7.190839695,-19.92366412,22.53435115
4132,1780506956,-0.920898438,0.152099609,-0.254882813,-20.50381679,6.290076336,-4.740458015,0.337890625,-0.982910156,-0.001220703,7.06870229,-20.87022901,23.38931298
4133,1780506956,-0.944091797,0.16796875,-0.263183594,-20.67175573,6.786259542,-9.198473282,0.3359375,-1.028320313,-0.019042969,6.061068702,-21.04580153,23.00763359
4134,1780506956,-0.993896484,0.157958984,-0.260986328,-19.60305344,6.648854962,-13.03053435,0.333984375,-1.046386719,-0.018310547,5,-20.67938931,21.6870229
4135,1780506956,-0.994384766,0.177978516,-0.253662109,-18.1221374,5.694656489,-16.6259542,0.342041016,-1.004150391,-0.01953125,3.450381679,-20.35877863,19.9389313
4136,1780506956,-0.954589844,0.187988281,-0.262207031,-16.90839695,5.694656489,-18.83206107,0.321777344,-0.975097656,-0.010009766,2.381679389,-19.3129771,18.41984733
4137,1780506956,-0.91015625,0.198974609,-0.26171875,-15.90076336,6.541984733,-21.19083969,0.293212891,-0.9453125,-0.012207031,1.877862595,-18.76335878,17.60305344
4138,1780506956,-0.872314453,0.204833984,-0.26953125,-15.45801527,7.549618321,-23.90839695,0.274414063,-0.937011719,-0.008056641,1.251908397,-19.58778626,18.45038168
4139,1780506956,-0.853027344,0.208496094,-0.28515625,-13.74045802,8.977099237,-27.51908397,0.262939453,-0.929931641,0.010009766,0.671755725,-20.7480916,20.07633588
4140,1780506956,-0.839111328,0.217773438,-0.271484375,-16.96183206,9.702290076,-30.96183206,0.255615234,-0.915039063,0.008789063,-0.503816794,-21.36641221,22.24427481
4141,1780506956,-0.825683594,0.216308594,-0.264892578,-16.61832061,10.61068702,-34.63358779,0.236328125,-0.901367188,0.01171875,-1.763358779,-21.76335878,24.27480916
4142,1780506956,-0.820556641,0.202392578,-0.244140625,-16.4351145,11.08396947,-38.25954198,0.216308594,-0.887695313,-0.001953125,-2.557251908,-22.18320611,26.85496183
4143,1780506956,-0.792236328,0.247314453,-0.245361328,-17.41984733,11.96183206,-41.10687023,0.204589844,-0.901855469,0.016845703,-3.366412214,-23.58778626,28.96946565
4144,1780506956,-0.796875,0.431640625,-0.278808594,-15.36641221,15.21374046,-39.4351145,0.198242188,-0.895507813,0.043701172,-2.877862595,-26.19847328,30.57251908
4145,1780506956,-0.819335938,0.380859375,-0.236816406,-21.80916031,18.9389313,-39.49618321,0.185791016,-0.958740234,0.024169922,-2.221374046,-31.2519084,33
4146,1780506956,-0.8984375,0.325439453,-0.161132813,-24.25954198,17.33587786,-41.25954198,0.151611328,-1.010498047,0.001708984,-1.984732824,-37.44274809,35.08396947
4147,1780506956,-0.879882813,0.525634766,-0.152832031,-31.64122137,17.22900763,-39.46564885,0.141601563,-1.001953125,-0.006591797,-0.458015267,-42.4351145,37.05343511
4148,1780506956,-0.864257813,0.524658203,-0.151611328,-35.97709924,18.09923664,-36.70229008,0.133056641,-0.998779297,0.021972656,2.20610687,-43.7480916,38.50381679
4149,1780506956,-0.876464844,0.485839844,-0.139892578,-38.03816794,17.85496183,-34.48091603,0.133300781,-1.000488281,0.010498047,3.86259542,-41.95419847,39.77099237
4150,1780506956,-0.890380859,0.378662109,-0.123291016,-36.22137405,16.99236641,-33.9389313,0.159912109,-0.990722656,0.008789063,4.396946565,-37.6259542,41.6870229
4151,1780506956,-0.891601563,0.252441406,-0.156738281,-32.52671756,16.90839695,-36.45801527,0.185546875,-0.974121094,0.045410156,4.870229008,-33.6259542,45.2519084
4152,1780506956,-0.90625,0.192626953,-0.165283203,-29.55725191,16.87022901,-40.67938931,0.1796875,-0.986572266,0.041015625,5.236641221,-30.59541985,50.34351145
4153,1780506956,-0.907226563,0.185058594,-0.164550781,-27.63358779,16.95419847,-46.20610687,0.170410156,-1.013183594,0.049072266,5.435114504,-28.97709924,55.45801527
4154,1780506956,-0.943115234,0.182861328,-0.164306641,-26.60305344,16.23664122,-50.78625954,0.155761719,-1.030273438,0.059082031,5.381679389,-28.80916031,58.30534351
4155,1780506956,-1.010253906,0.232421875,-0.145019531,-25.99236641,15.07633588,-52.2519084,0.154785156,-1.057128906,0.064941406,4.572519084,-29.95419847,57.59541985
4156,1780506956,-1.060302734,0.251708984,-0.143066406,-25.45038168,13.88549618,-50.3740458,0.192382813,-1.099365234,0.079833984,3.129770992,-33.59541985,53.3129771
4157,1780506956,-1.122558594,0.205078125,-0.187744141,-30.98473282,13.83969466,-46.29770992,0.240966797,-1.157470703,0.088134766,1.870229008,-38.89312977,46.42748092
4158,1780506956,-1.207519531,0.114501953,-0.239013672,-36.61832061,14.27480916,-41.44274809,0.301513672,-1.235351563,0.078613281,1.06870229,-44.41221374,38.73282443
4159,1780506956,-1.263427734,0.022949219,-0.228271484,-41.64885496,14.5648855,-36.45038168,0.338623047,-1.229736328,0.043945313,0.511450382,-49.09923664,26.86259542
4160,1780506956,-1.216552734,0.020751953,-0.197265625,-44.58015267,13.16030534,-30.19083969,0.363525391,-1.132080078,-0.027099609,0.328244275,-49.59541985,18.86259542
4161,1780506956,-1.067626953,0.086425781,-0.161865234,-42.74045802,11.46564885,-23.52671756,0.375732422,-1.005126953,-0.082519531,0.442748092,-43.58015267,15.11450382
4162,1780506956,-0.944335938,0.124267578,-0.177246094,-38.27480916,10.54961832,-19.32824427,0.396240234,-0.914306641,-0.064697266,1.198473282,-33.45038168,14.25954198
4163,1780506956,-0.874023438,0.059082031,-0.192626953,-30.66412214,9.679389313,-13.18320611,0.395019531,-0.887207031,-0.090087891,1.832061069,-22.25954198,15.53435115
4164,1780506956,-0.876708984,0.008056641,-0.21875,-21.71755725,8.389312977,-10.41221374,0.374511719,-0.897705078,-0.091552734,1.763358779,-11.08396947,15.85496183
4165,1780506956,-0.904052734,-0.008056641,-0.247070313,-11.14503817,6.320610687,-8.41221374,0.330078125,-0.932861328,-0.097900391,0.900763359,-0.41221374,15.63358779
4166,1780506956,-0.94140625,0.104248047,-0.267089844,-0.824427481,4.72519084,-4.389312977,0.290771484,-0.987304688,-0.068115234,-0.236641221,5.938931298,12.98473282
4167,1780506956,-0.961669922,0.023925781,-0.271972656,10.08396947,3.122137405,-2.839694656,0.220947266,-0.997070313,-0.061523438,-1.900763359,15.09923664,10.98473282
4168,1780506956,-0.947021484,0.136230469,-0.287353516,13.67175573,1.503816794,0.290076336,0.177246094,-1.002685547,-0.049560547,-2.977099237,18.80916031,7.961832061
4169,1780506956,-0.924072266,0.128417969,-0.269042969,15.20610687,1.099236641,2.755725191,0.135253906,-1.001464844,-0.036865234,-3.740458015,19.2519084,5.297709924
4170,1780506956,-0.934814453,0.126220703,-0.241210938,18.22137405,0.664122137,3.450381679,0.105224609,-1,-0.030029297,-3.79389313,19.80152672,4.427480916
4171,1780506956,-0.927246094,0.186767578,-0.226318359,16.19083969,0.389312977,3.442748092,0.083496094,-1.001220703,-0.014160156,-3.129770992,19.19083969,4.625954198
4172,1780506956,-0.936767578,0.174072266,-0.200195313,14.9389313,0.213740458,3.450381679,0.083251953,-1.014648438,0.009033203,-2.27480916,17.6259542,4.984732824
4173,1780506956,-0.936035156,0.193115234,-0.189941406,13.78625954,0.183206107,3.244274809,0.080078125,-1.020507813,0.012695313,-1.297709924,16.95419847,5.27480916
4174,1780506956,-0.939697266,0.201904297,-0.19140625,11.90839695,0.213740458,2.534351145,0.061767578,-1.018066406,0.043212891,-0.610687023,16.06870229,7.419847328
4175,1780506956,-0.935546875,0.136962891,-0.181884766,12.77099237,0.114503817,-2.648854962,0.015380859,-0.996582031,0.043457031,-0.396946565,16.19083969,13.83969466
4176,1780506956,-0.915771484,0.303955078,-0.252929688,11.59541985,0.938931298,-5.664122137,0.079345703,-1.010253906,0.087890625,0.061068702,15.58015267,13.03053435
4177,1780506956,-0.912353516,0.252441406,-0.217773438,1.992366412,1.969465649,-0.748091603,0.041015625,-0.998291016,0.072021484,-1.114503817,8.557251908,11.25954198
4178,1780506956,-0.935058594,0.172119141,-0.216064453,8.595419847,2.045801527,-1.244274809,0.007080078,-1.007080078,0.057617188,-1.244274809,7.06870229,10.88549618
4179,1780506956,-0.908203125,0.259521484,-0.242431641,2.458015267,2.763358779,-2.816793893,-0.024658203,-1,0.072998047,-1.519083969,4.244274809,13.22137405
4180,1780506956,-0.918212891,0.175292969,-0.227294922,2.244274809,3.328244275,-6.038167939,-0.015625,-1.006347656,0.058837891,-1.427480916,0.488549618,14.39694656
4181,1780506956,-0.923828125,0.267089844,-0.224853516,-2.877862595,3.870229008,-6.358778626,-0.003662109,-1.006103516,0.037597656,-1.221374046,-2.58778626,14.51145038
4182,1780506956,-0.912353516,0.222167969,-0.225830078,-4.908396947,4.72519084,-6.702290076,0.003417969,-1,0.025878906,-0.664122137,-3.893129771,14.92366412
4183,1780506956,-0.917724609,0.209716797,-0.228515625,-6.038167939,5.244274809,-7.511450382,0.015380859,-1.004638672,0.041992188,-0.190839695,-4.908396947,15.76335878
4184,1780506956,-0.926513672,0.190185547,-0.222900391,-7.160305344,5.145038168,-9.114503817,0.018798828,-1.00390625,0.016113281,-0.099236641,-5.801526718,16.47328244
4185,1780506956,-0.927734375,0.190673828,-0.228759766,-6.480916031,5.251908397,-9.900763359,0.037109375,-1.015625,0.019287109,-0.259541985,-6.221374046,16.8778626
4186,1780506956,-0.946533203,0.185302734,-0.245361328,-6.839694656,5.022900763,-10.19847328,0.047607422,-1.020996094,0.020996094,-0.152671756,-5.022900763,17.41984733
4187,1780506956,-0.942382813,0.176513672,-0.236816406,-6.076335878,5.06870229,-10.95419847,0.057373047,-1.014160156,0.03125,-0.160305344,-3.519083969,18.01526718
4188,1780506956,-0.927490234,0.187255859,-0.226074219,-5.58778626,5.458015267,-10.60305344,0.068115234,-0.996826172,0.031005859,-0.061068702,-2.93129771,18.13740458
4189,1780506956,-0.917236328,0.144042969,-0.217285156,-4.396946565,5.213740458,-10.50381679,0.072021484,-1.010498047,0.023193359,0.160305344,-1.86259542,17.95419847
4190,1780506956,-0.947265625,0.184326172,-0.22265625,-4.442748092,4.755725191,-9.374045802,0.072021484,-0.992431641,0.021240234,0.312977099,-0.580152672,17.60305344
4191,1780506956,-0.969726563,0.127685547,-0.227539063,-1.41221374,4.748091603,-9.374045802,0.068115234,-1.005615234,0.023925781,-0.27480916,0.992366412,17.1221374
4192,1780506956,-0.956542969,0.140869141,-0.242675781,1.893129771,5.083969466,-8.427480916,0.068359375,-1.037597656,0.035400391,0.259541985,0.061068702,16.28244275
4193,1780506956,-0.952636719,0.105224609,-0.210693359,3.488549618,4.114503817,-8.358778626,0.065429688,-1.010253906,-0.002685547,0.221374046,3.320610687,15.25954198
4194,1780506956,-0.931396484,0.18359375,-0.224365234,0.114503817,4.564885496,-6.564885496,0.058105469,-1.001708984,-0.004394531,-0.389312977,3.786259542,14.40458015
4195,1780506956,-0.947265625,0.138183594,-0.243164063,1.045801527,4.34351145,-6.061068702,0.053466797,-1.009277344,0.008056641,-0.419847328,3.839694656,14.17557252
4196,1780506956,-0.922851563,0.150390625,-0.257324219,1.381679389,4.076335878,-5.549618321,0.050048828,-1.010253906,0.002197266,-0.977099237,3.511450382,13.15267176
4197,1780506956,-0.942138672,0.141601563,-0.265380859,1.145038168,4.061068702,-4.732824427,0.038818359,-1.0078125,0.0078125,-1.007633588,2.977099237,12.3129771
4198,1780506956,-0.936279297,0.155273438,-0.256347656,1.007633588,5.816793893,-3.969465649,0.040283203,-1.006103516,-0.004394531,-1.114503817,3.244274809,11.38167939
4199,1780506956,-0.935058594,0.156738281,-0.260253906,0.625954198,3.770992366,-3.114503817,0.037841797,-1.000244141,0.009765625,-1.427480916,3.641221374,10.18320611
4200,1780506956,-0.925537109,0.135253906,-0.239990234,0.595419847,3.86259542,-2.160305344,0.037841797,-0.992431641,0.007080078,-1.458015267,3.625954198,8.908396947
4201,1780506956,-0.929199219,0.134033203,-0.265380859,0.954198473,3.488549618,-0.79389313,0.041748047,-0.987548828,0.027832031,-1.740458015,3.809160305,7.183206107
4202,1780506956,-0.932373047,0.128417969,-0.257324219,1.389312977,3.610687023,0.366412214,0.043457031,-1.010009766,0.003662109,-1.885496183,4.251908397,5.549618321
4203,1780506957,-0.936035156,0.135742188,-0.238037109,1.702290076,3.328244275,1.740458015,0.043701172,-1.003417969,0.006591797,-2.13740458,4.27480916,4.442748092
4204,1780506957,-0.949462891,0.12890625,-0.25390625,2.694656489,3.030534351,0,0.033691406,-0.998535156,0.003662109,-2.13740458,4.633587786,4.664122137
4205,1780506957,-0.934082031,0.141845703,-0.257080078,3.900763359,3.152671756,2.419847328,0.030029297,-1.005859375,0.011230469,-2.503816794,4.496183206,4.641221374
4206,1780506957,-0.935791016,0.138427734,-0.263183594,3.900763359,3.038167939,2.190839695,0.022705078,-1.004394531,0.009277344,-2.664122137,4.702290076,4.740458015
4207,1780506957,-0.937988281,0.147949219,-0.256591797,2.190839695,2.854961832,2.198473282,0.030029297,-1.009765625,0.013183594,-2.641221374,5.557251908,4.870229008
4208,1780506957,-0.929443359,0.147705078,-0.256591797,2.557251908,2.671755725,2.190839695,0.012451172,-1.011962891,0.013427734,-2.595419847,6.091603053,4.603053435
4209,1780506957,-0.930908203,0.155761719,-0.263671875,3.175572519,2.763358779,2.427480916,0.012939453,-0.985351563,0.014892578,-2.580152672,6.045801527,4.572519084
4210,1780506957,-0.931152344,0.168701172,-0.258789063,2.801526718,2.832061069,2.427480916,-0.008544922,-1.005126953,0.017333984,-2.496183206,5.290076336,4.671755725
4211,1780506957,-0.932617188,0.180175781,-0.264404297,2.06870229,2.923664122,2.183206107,-0.024658203,-1.0078125,0.019042969,-2.625954198,4.175572519,4.809160305
4212,1780506957,-0.918701172,0.181396484,-0.269042969,0.79389313,3.198473282,2.213740458,-0.028564453,-1.005859375,0.041259766,-2.72519084,2.648854962,5.053435115
4213,1780506957,-0.932617188,0.180908203,-0.267089844,-0.427480916,3.351145038,2.335877863,-0.014648438,-1.006103516,0.027099609,-2.625954198,1.748091603,5.190839695
4214,1780506957,-0.928710938,0.181152344,-0.258056641,-1.320610687,3.435114504,2.160305344,-0.014648438,-1.006103516,0.01171875,-2.65648855,1.053435115,5.526717557
4215,1780506957,-0.926269531,0.173583984,-0.260498047,-1.984732824,3.755725191,2.015267176,-0.013427734,-1.002685547,0.013183594,-2.519083969,0.389312977,5.358778626
4216,1780506957,-0.927734375,0.163085938,-0.259765625,-2.34351145,3.740458015,1.870229008,-0.009521484,-1.015869141,0.0078125,-2.488549618,-0.648854962,5.404580153
4217,1780506957,-0.925292969,0.152587891,-0.241943359,-2.824427481,3.465648855,1.526717557,-0.004638672,-1.009521484,0.000732422,-2.305343511,-1.053435115,4.839694656
4218,1780506957,-0.923583984,0.171875,-0.2421875,-0.549618321,3.396946565,1.603053435,-0.015625,-1.005859375,0.010498047,-2.358778626,1,5.41221374
4219,1780506957,-0.931884766,0.216064453,-0.276123047,-3.122137405,3.847328244,2.213740458,0.015380859,-1.014892578,0.028808594,-1.938931298,1.083969466,5.916030534
4220,1780506957,-0.934814453,0.155029297,-0.265625,-3.229007634,4.022900763,2.167938931,-0.0078125,-1.010742188,0.004394531,-2.290076336,0.175572519,5.625954198
4221,1780506957,-0.930908203,0.144042969,-0.267578125,-1.885496183,3.549618321,1.816793893,-0.008056641,-1.003417969,-0.000244141,-2.854961832,0.79389313,5.328244275
4222,1780506957,-0.929199219,0.161132813,-0.272460938,-1.297709924,3.419847328,1.946564885,0.013183594,-1.004638672,0.001708984,-2.702290076,1.824427481,5.27480916
4223,1780506957,-0.923828125,0.165771484,-0.272216797,-0.633587786,3.259541985,1.908396947,-0.006347656,-0.985351563,0.002197266,-2.801526718,2.427480916,5.160305344
4224,1780506957,-0.928466797,0.164794922,-0.267089844,0.106870229,3.229007634,2.030534351,-0.008056641,-1.006591797,0.003173828,-2.694656489,2.572519084,4.755725191
4225,1780506957,-0.930175781,0.174804688,-0.265869141,0.053435115,3.374045802,2.091603053,-0.011230469,-1.017333984,0.003173828,-2.732824427,2.671755725,5.030534351
4226,1780506957,-0.931640625,0.176513672,-0.260498047,0.061068702,3.458015267,1.816793893,-0.026855469,-1.017333984,0.0078125,-2.458015267,2.251908397,4.900763359
4227,1780506957,-0.9375,0.1484375,-0.2421875,-1.603053435,3.282442748,1.572519084,-0.020996094,-1.007568359,0.013183594,-2.114503817,2.229007634,4.458015267
4228,1780506957,-0.915283203,0.199707031,-0.249755859,2.58778626,3.213740458,1.465648855,-0.00390625,-0.998291016,0.008544922,-2.083969466,4.770992366,5.038167939
4229,1780506957,-0.907958984,0.235595703,-0.265869141,-0.335877863,4.007633588,2.053435115,-0.02734375,-1.008544922,0.028564453,-1.732824427,4.480916031,6.465648855
4230,1780506957,-0.876953125,-0.054443359,-0.231933594,0.923664122,2.86259542,-6.885496183,-0.113525391,-0.961425781,0.018310547,-1.404580153,6.251908397,17.14503817
4231,1780506957,-0.979980469,0.375488281,-0.304443359,-3.496183206,4.946564885,-7.404580153,0.012695313,-1.045166016,0.046386719,-0.160305344,2.595419847,10.64122137
4232,1780506957,-0.916015625,0.156005859,-0.232666016,1.20610687,4.198473282,0.251908397,-0.018554688,-1.001464844,-0.032226563,-2.20610687,3.58778626,6.65648855
4233,1780506957,-0.938232422,0.154296875,-0.259277344,8.06870229,3.297709924,-0.603053435,-0.052001953,-0.993652344,0.008789063,-0.709923664,10.02290076,9.534351145
4234,1780506957,-0.927001953,0.126220703,-0.268554688,8.419847328,3.282442748,-5.374045802,-0.033691406,-0.977539063,0.028320313,-0.595419847,11.0610687,13.30534351
4235,1780506957,-0.923339844,0.217773438,-0.270996094,7.114503817,3.801526718,-4.801526718,-0.015869141,-1.012451172,0.01953125,-0.969465649,8.534351145,11.39694656
4236,1780506957,-0.926025391,0.214599609,-0.272460938,6.160305344,4.679389313,-2.923664122,-0.040283203,-1.008300781,-0.001953125,-0.381679389,9.427480916,9.351145038
4237,1780506957,-0.927734375,0.151611328,-0.271728516,9.763358779,4.465648855,-3.236641221,-0.05078125,-0.995361328,0.029541016,-0.435114504,10.20610687,9.41221374
4238,1780506957,-0.921142578,0.167236328,-0.25390625,7.267175573,4.664122137,-4.145038168,-0.048095703,-0.997802734,0.040771484,-0.13740458,8.335877863,9.41221374
4239,1780506957,-0.919677734,0.186523438,-0.265380859,5.015267176,5.335877863,-3.923664122,-0.046386719,-0.992675781,0.034912109,-0.320610687,6.229007634,8.038167939
4240,1780506957,-0.925537109,0.176269531,-0.286621094,3.312977099,6.099236641,-3.290076336,-0.05078125,-1.002197266,0.041015625,-0.061068702,4.664122137,7.160305344
4241,1780506957,-0.925537109,0.171875,-0.277099609,1.564885496,6.427480916,-3.427480916,-0.073730469,-1.004638672,0.023925781,0.221374046,3.221374046,6.297709924
4242,1780506957,-0.912841797,0.200195313,-0.282226563,-0.687022901,7.06870229,-3.519083969,-0.080566406,-0.994140625,0.023681641,-0.152671756,0.526717557,6.404580153
4243,1780506957,-0.922607422,0.194824219,-0.295898438,-3.687022901,7.34351145,-5.816793893,-0.08203125,-0.998046875,0.019042969,-0.480916031,-1.625954198,6.671755725
4244,1780506957,-0.918212891,0.187255859,-0.317871094,-5.625954198,7.244274809,-4.358778626,-0.077392578,-0.9921875,-0.002441406,-0.816793893,-3.450381679,6.458015267
4245,1780506957,-0.915771484,0.197753906,-0.315673828,-6.450381679,7.160305344,-4.015267176,-0.087158203,-1.010498047,-0.026611328,-1.580152672,-4.374045802,7.778625954
4246,1780506957,-0.919677734,0.187255859,-0.315673828,-7.030534351,6.770992366,-4.244274809,-0.090820313,-1.010498047,-0.022949219,-1.755725191,-4.473282443,5.480916031
4247,1780506957,-0.925537109,0.168945313,-0.305419922,-6.977099237,6.351145038,-4.870229008,-0.084960938,-1.011962891,-0.034667969,-1.503816794,-4.610687023,5.664122137
4248,1780506957,-0.927734375,0.179443359,-0.305419922,-7.610687023,5.770992366,-5.351145038,-0.076171875,-1.021972656,-0.036132813,-1.34351145,-4.839694656,5.198473282
4249,1780506957,-0.926513672,0.182617188,-0.307617188,-7.496183206,5.366412214,-5.175572519,-0.076660156,-1.023925781,-0.032714844,-0.969465649,-5.152671756,4.122137405
4250,1780506957,-0.933105469,0.176757813,-0.319335938,-7.076335878,4.65648855,-5.061068702,-0.077392578,-1.015869141,-0.042236328,-1.190839695,-5.221374046,3.687022901
4251,1780506957,-0.92578125,0.162353516,-0.332763672,-6.41221374,3.572519084,-6.076335878,-0.081542969,-1.006347656,-0.041992188,-1.618320611,-4.251908397,4.419847328
4252,1780506957,-0.921386719,0.167236328,-0.333496094,-5.916030534,3.251908397,-6.809160305,-0.069335938,-0.988037109,-0.041748047,-1.664122137,-3.740458015,4.839694656
4253,1780506957,-0.917724609,0.194091797,-0.322509766,-6.305343511,2.702290076,-6.58778626,-0.066162109,-1.012207031,-0.042236328,-1.709923664,-3.603053435,3.496183206
4254,1780506957,-0.906494141,0.187255859,-0.327636719,-6,2.259541985,-3.938931298,-0.073730469,-1.013427734,-0.036865234,-1.65648855,-3.755725191,2.488549618
4255,1780506957,-0.937011719,0.167724609,-0.306884766,-5.167938931,1.717557252,-6.030534351,-0.078125,-1.009033203,-0.016601563,-1.427480916,-3.541984733,2.251908397
4256,1780506957,-0.927490234,0.159912109,-0.305908203,-5.381679389,1.320610687,-6.465648855,-0.060058594,-1.01171875,-0.028808594,-1.244274809,-3.763358779,1.679389313
4257,1780506957,-0.930664063,0.180419922,-0.306640625,-5.702290076,1.221374046,-5.580152672,-0.048095703,-1.015869141,-0.020996094,-1.053435115,-3.854961832,0.198473282
4258,1780506957,-0.923095703,0.170654297,-0.318359375,-5.770992366,0.908396947,-4.305343511,-0.051025391,-1.009765625,-0.027099609,-1.213740458,-3.389312977,-0.86259542
4259,1780506957,-0.926025391,0.141845703,-0.316650391,-2.083969466,0.34351145,-4.526717557,-0.051513672,-1.005859375,-0.009033203,-1.34351145,-1.671755725,-1.114503817
4260,1780506957,-0.928710938,0.147949219,-0.321533203,-3.465648855,0.305343511,-4.603053435,-0.039306641,-1.014648438,-0.026855469,-1.183206107,-0.671755725,-1.419847328
4261,1780506957,-0.930664063,0.156005859,-0.311279297,-2.282442748,-0.236641221,-4.435114504,-0.045166016,-1.007324219,-0.016357422,-1.129770992,0.221374046,-1.610687023
4262,1780506957,-0.927246094,0.155029297,-0.312255859,-1.801526718,-0.091603053,-4.580152672,-0.052246094,-1.008789063,-0.013671875,-0.671755725,0.534351145,-1.877862595
4263,1780506957,-0.935546875,0.176757813,-0.293457031,-2.396946565,-0.312977099,-4.687022901,-0.069580078,-1.008544922,0.000244141,-0.213740458,-0.152671756,-1.641221374
4264,1780506957,-0.927490234,0.180175781,-0.301025391,-3,-0.541984733,-4.816793893,-0.067382813,-1.006835938,-0.011230469,0.145038168,-1.396946565,-1.702290076
4265,1780506957,-0.924072266,0.174804688,-0.30859375,-3.801526718,-0.65648855,-4.86259542,-0.075439453,-1.010253906,-0.017333984,0.236641221,-3.007633588,-1.450381679
4266,1780506957,-0.926513672,0.140625,-0.307128906,-5.72519084,-1.122137405,-5.458015267,-0.076171875,-1.013916016,-0.016845703,0.282442748,-3.099236641,-3.824427481
4267,1780506957,-0.916259766,0.182861328,-0.317626953,-2.977099237,-0.702290076,-5.27480916,-0.055419922,-1.003417969,-0.026855469,0.625954198,-2.152671756,-1.389312977
4268,1780506957,-0.919677734,0.178955078,-0.308105469,-3.755725191,-1.076335878,-4.938931298,-0.044677734,-0.997070313,-0.024414063,0.496183206,-2.404580153,0.79389313
4269,1780506957,-0.872314453,-0.190673828,-0.215820313,0.045801527,-2.442748092,-16.03816794,-0.115234375,-1.018798828,-0.031982422,0.488549618,1.671755725,11.59541985
4270,1780506957,-0.926757813,0.509033203,-0.349121094,-14.71755725,-0.877862595,-8.022900763,0.003662109,-1.057617188,0.036132813,1.450381679,-4.847328244,0.496183206
4271,1780506957,-0.951904297,0.025634766,-0.256347656,-4.488549618,-1.404580153,-4.809160305,-0.067382813,-1.005859375,-0.048339844,1.58778626,-2.786259542,-2.282442748
4272,1780506957,-0.909667969,0.198974609,-0.315673828,-4.687022901,-1.79389313,-5.145038168,-0.065917969,-0.995361328,-0.015869141,1.832061069,0.061068702,-1.870229008
4273,1780506957,-0.921630859,0.118164063,-0.298583984,-6.816793893,-1.427480916,-5.549618321,-0.054199219,-0.989257813,0.014892578,1.763358779,-3.13740458,-2.923664122
4274,1780506957,-0.931152344,0.158691406,-0.328613281,-2.099236641,-2.213740458,-5.755725191,-0.053222656,-1.0078125,-0.031494141,1.312977099,-3.946564885,-2.099236641
4275,1780506957,-0.923583984,0.197753906,-0.342285156,-8.557251908,-1.86259542,-5.549618321,-0.052246094,-1.009521484,-0.013183594,1.709923664,-4.877862595,-1.79389313
4276,1780506957,-0.930908203,0.136230469,-0.31640625,-5.877862595,-2.183206107,-5.679389313,-0.048339844,-1.0078125,-0.035400391,1.496183206,-6.160305344,-1.748091603
4277,1780506957,-0.927246094,0.1640625,-0.318359375,-7.86259542,-2.664122137,-5.557251908,-0.043945313,-1.006591797,-0.042480469,1.511450382,-5.755725191,-1.648854962
4278,1780506957,-0.909179688,0.171142578,-0.325195313,-9.221374046,-2.694656489,-5.526717557,-0.042480469,-1.00390625,-0.025146484,2.007633588,-6.221374046,-1.809160305
4279,1780506957,-0.926513672,0.138427734,-0.308837891,-8.748091603,-3.244274809,-5.664122137,-0.052490234,-1.016845703,-0.037841797,2.045801527,-7.297709924,-1.86259542
4280,1780506957,-0.931640625,0.141601563,-0.309814453,-9.152671756,-3.511450382,-5.816793893,-0.043701172,-1.005615234,-0.026611328,2.267175573,-7.717557252,-1.954198473
4281,1780506957,-0.923828125,0.145751953,-0.308349609,-10.32061069,-3.72519084,-5.549618321,-0.03125,-1.003173828,-0.027587891,2.297709924,-8.27480916,-1.86259542
4282,1780506957,-0.925048828,0.135742188,-0.310302734,-10.53435115,-5.847328244,-5.580152672,-0.038085938,-1.010742188,-0.019042969,2.541984733,-8.351145038,-1.938931298
4283,1780506957,-0.927490234,0.131347656,-0.297851563,-10.55725191,-4.419847328,-5.763358779,-0.045410156,-1.0078125,-0.021240234,2.442748092,-8.20610687,-2.06870229
4284,1780506957,-0.927246094,0.140380859,-0.283691406,-10.42748092,-4.519083969,-5.473282443,-0.026123047,-1.003662109,-0.018066406,2.946564885,-7.511450382,-2.20610687
4285,1780506957,-0.936279297,0.129882813,-0.288574219,-9.374045802,-5.022900763,-5.27480916,-0.043701172,-1.029541016,-0.001220703,2.908396947,-6.603053435,-2.183206107
4286,1780506958,-0.930664063,0.138427734,-0.286865234,-8.664122137,-5.297709924,-5.41221374,-0.034179688,-1.008789063,-0.018798828,3.198473282,-5.41221374,-2.290076336
4287,1780506958,-0.934814453,0.153320313,-0.290527344,-7.977099237,-5.534351145,-5.557251908,-0.040283203,-1.008056641,-0.013671875,3.488549618,-4.648854962,-2.580152672
4288,1780506958,-0.93359375,0.143554688,-0.291015625,-6.893129771,-5.801526718,-5.389312977,-0.039550781,-1.003173828,-0.018310547,3.763358779,-4.122137405,-2.526717557
4289,1780506958,-0.930664063,0.146240234,-0.312011719,-6.801526718,-6.06870229,-5.290076336,-0.040039063,-1.009277344,0,3.816793893,-3.893129771,-2.694656489
4290,1780506958,-0.932373047,0.145996094,-0.296142578,-7.022900763,-6.465648855,-5.488549618,-0.047607422,-1.013183594,-0.012939453,3.984732824,-4.106870229,-2.770992366
4291,1780506958,-0.931152344,0.149414063,-0.297363281,-7.259541985,-6.633587786,-5.503816794,-0.051269531,-1.005371094,-0.027587891,4.053435115,-4.854961832,-2.908396947
4292,1780506958,-0.932128906,0.151611328,-0.29296875,-8.045801527,-7.015267176,-5.717557252,-0.053466797,-1.013183594,-0.003662109,4.190839695,-5.526717557,-3.053435115
4293,1780506958,-0.935058594,0.150146484,-0.307861328,-8.748091603,-7.083969466,-5.839694656,-0.049072266,-1.003417969,-0.005859375,4.190839695,-6.610687023,-3.022900763
4294,1780506958,-0.931152344,0.150390625,-0.291992188,-9.290076336,-6.961832061,-5.900763359,-0.045166016,-1.006591797,-0.001220703,4.297709924,-6.832061069,-2.984732824
4295,1780506958,-0.930419922,0.144775391,-0.285644531,-9.778625954,-7.435114504,-6.13740458,-0.033935547,-1.012939453,-0.008789063,4.297709924,-7.061068702,-3.213740458
4296,1780506958,-0.939208984,0.124023438,-0.282470703,-10.25954198,-8.015267176,-5.870229008,-0.031982422,-1.016845703,-0.011230469,4.366412214,-6.847328244,-4.007633588
4297,1780506958,-0.934082031,0.158447266,-0.292236328,-10.02290076,-7.893129771,-5.236641221,-0.025634766,-1.013916016,-0.004150391,4.404580153,-7.221374046,-5.351145038
4298,1780506958,-0.942382813,0.177978516,-0.310302734,-11.88549618,-7.41221374,-2.885496183,-0.022705078,-1.003662109,0.012451172,4.496183206,-9.076335878,-7.083969466
4299,1780506958,-0.927246094,0.066894531,-0.265869141,-6.72519084,-7.839694656,-1.320610687,-0.033691406,-1.031982422,0.005859375,4.091603053,-10.81679389,-11.03816794
4300,1780506958,-0.924072266,0.078857422,-0.285888672,-10.76335878,-7.954198473,-1.114503817,-0.026367188,-0.991699219,-0.008544922,3.763358779,-10.54198473,-9.908396947
4301,1780506958,-0.928955078,0.082519531,-0.286376953,-11.09923664,-8.41221374,-2.984732824,0.000488281,-1.014892578,-0.000732422,3.435114504,-10.64885496,-9.450381679
4302,1780506958,-0.934570313,0.153320313,-0.295410156,-16.14503817,-8.030534351,-1.236641221,0.022460938,-1.008544922,0.002441406,2.969465649,-12.80916031,-12.11450382
4303,1780506958,-0.931884766,0.119140625,-0.270263672,-15.75572519,-8.618320611,1.755725191,0.030029297,-0.983886719,0.005126953,2.282442748,-13.39694656,-17.26717557
4304,1780506958,-0.956542969,0.154785156,-0.284179688,-20.80916031,-5.961832061,6.503816794,0.040771484,-1.018066406,-0.011962891,1.618320611,-13.65648855,-19.88549618
4305,1780506958,-0.928710938,0.037353516,-0.274658203,-15.96183206,-9.625954198,5.572519084,0.020751953,-1.013916016,0.005615234,1.152671756,-13.08396947,-20.52671756
4306,1780506958,-0.944091797,0.160644531,-0.279052734,-20.25954198,-9.809160305,5.969465649,0.048828125,-1.012695313,0.011962891,0.732824427,-15.44274809,-23.41984733
4307,1780506958,-0.920410156,0.109619141,-0.271972656,-21.88549618,-9.900763359,11.11450382,0.070068359,-1.007568359,-0.009765625,-0.763358779,-17.45801527,-27.85496183
4308,1780506958,-0.922119141,0.124511719,-0.274902344,-23.19847328,-11.42748092,15.19847328,0.100585938,-0.996826172,-0.026123047,-1.480916031,-17.73282443,-32.48854962
4309,1780506958,-0.97265625,0.112792969,-0.294677734,-24.61068702,-12.80152672,20.1221374,0.12890625,-0.99609375,-0.070800781,-4.923664122,-17.81679389,-38.2519084
4310,1780506958,-0.922119141,0.070800781,-0.268310547,-21.58778626,-13.78625954,24.38167939,0.183837891,-1.028808594,-0.008789063,-4.381679389,-16.51145038,-43.87022901
4311,1780506958,-0.97265625,0.046386719,-0.276611328,-20.47328244,-14.61832061,29.92366412,0.228515625,-0.991455078,-0.041992188,-5.641221374,-13.69465649,-50.70229008
4312,1780506958,-0.958251953,-0.0078125,-0.263916016,-16.10687023,-15.58778626,35.66412214,0.291992188,-0.985107422,-0.075683594,-7.099236641,-7.938931298,-58.4351145
4313,1780506958,-0.974121094,0.008544922,-0.262451172,-9.106870229,-16.00763359,43.48091603,0.339355469,-0.988037109,-0.08984375,-7.374045802,-1.648854962,-67.08396947
4314,1780506958,-0.995849609,0.01953125,-0.229003906,-1.435114504,-18.03816794,52.13740458,0.388427734,-0.981445313,-0.106689453,-7.34351145,11.01526718,-75.54961832
4315,1780506958,-1.037597656,0.033691406,-0.219970703,6.038167939,-19.45038168,60.97709924,0.392822266,-0.985595703,-0.079101563,-7.541984733,21.19083969,-83.61832061
4316,1780506958,-1.060058594,0.036132813,-0.217529297,18.33587786,-20.99236641,67.7480916,0.396240234,-0.975830078,-0.083740234,-7.404580153,31.40458015,-88.6259542
4317,1780506958,-1.032958984,0.078369141,-0.234375,28.42748092,-20.79389313,72.54961832,0.392822266,-0.974609375,-0.071044922,-5.389312977,45.10687023,-90.05343511
4318,1780506958,-1.040527344,0.153564453,-0.246337891,36.19083969,-20.60305344,75.69465649,0.374267578,-0.993896484,-0.043212891,-6.549618321,55.61832061,-87.64885496
4319,1780506958,-1.056396484,0.171142578,-0.260986328,41.5648855,-21.28244275,76.09160305,0.354003906,-1.021240234,-0.037109375,-9.557251908,60.34351145,-83.70992366
4320,1780506958,-1.075927734,0.198242188,-0.262451172,45.91603053,-22,73.89312977,0.294189453,-1.078369141,0.004638672,-7.832061069,63.53435115,-77.50381679
4321,1780506958,-1.050537109,0.170410156,-0.266845703,49.48091603,-23.6870229,67.9389313,0.205566406,-1.099853516,-0.025390625,-12.32824427,64.38167939,-70.40458015
4322,1780506958,-1.042480469,0.174072266,-0.259277344,54.53435115,-26.58778626,59.96946565,0.186035156,-1.104736328,-0.032226563,-16.7480916,65.29007634,-65.17557252
4323,1780506958,-1.008789063,0.268310547,-0.241210938,54.09160305,-25.97709924,53.99236641,0.140136719,-1.114013672,0.060791016,-17.58778626,64.58778626,-62.60305344
4324,1780506958,-0.990478516,0.353759766,-0.192382813,52.0610687,-24.75572519,49.44274809,0.086181641,-1.120117188,0.063232422,-13.00763359,61.22137405,-60.11450382
4325,1780506958,-0.923339844,0.417724609,-0.322998047,51.04580153,-21.4351145,44.14503817,0.035400391,-1.089355469,0.121582031,-11.53435115,55.13740458,-55.83206107
4326,1780506958,-0.844726563,0.249755859,-0.445068359,32.25954198,-8.335877863,32.83969466,-0.042724609,-1.131835938,0.204101563,-8.977099237,41.94656489,-49.80152672
4327,1780506958,-0.918457031,-0.310302734,-0.317626953,21.35877863,-3.290076336,4.442748092,-0.116455078,-1.141601563,0.176025391,-8.229007634,27.19847328,-44.48854962
4328,1780506958,-0.929199219,-0.698974609,-0.296630859,22.20610687,-4.786259542,-32.48854962,-0.100341797,-1.077636719,0.104980469,-10.16030534,11.80916031,-42.39694656
4329,1780506958,-0.857421875,-0.268310547,-0.314941406,26.87022901,-3.480916031,-52.00763359,0.092041016,-0.895263672,0.030761719,-12.01526718,7.595419847,-50.53435115
4330,1780506958,-0.825683594,-0.370605469,-0.466552734,19.33587786,8.366412214,-67.23664122,0.111328125,-0.884033203,0.036132813,-14.0610687,7.427480916,-45.19083969
4331,1780506958,-0.857910156,-0.429443359,-0.469238281,17.64885496,12.03816794,-90.81679389,0.207519531,-1.002929688,0.009765625,-13.94656489,4.122137405,-39.70229008
4332,1780506958,-1.014160156,-0.306396484,-0.434082031,11.45801527,15.28244275,-110.2671756,0.352294922,-0.985107422,-0.016845703,-17.98473282,-6.65648855,-39.28244275
4333,1780506958,-1.177246094,-0.233642578,-0.372558594,2.183206107,17.92366412,-121.6946565,0.385742188,-1.040771484,0.091552734,-17.79389313,-18.39694656,-42.40458015
4334,1780506958,-1.229003906,-0.162597656,-0.339111328,-4.465648855,21.78625954,-129.9694656,0.367431641,-1.019775391,0.091064453,-17.19847328,-26.46564885,-45
4335,1780506958,-1.238769531,-0.191650391,-0.297851563,-9.297709924,25.55725191,-134.8473282,0.381835938,-0.971679688,0.042724609,-17,-31.09923664,-54.07633588
4336,1780506958,-1.23828125,-0.191894531,-0.263427734,-11.28244275,27.74045802,-140.2442748,0.430908203,-0.92578125,0.020507813,-18.69465649,-35.33587786,-63.3740458
4337,1780506958,-1.252685547,-0.167480469,-0.263671875,-14.22137405,28.46564885,-141.1450382,0.454833984,-0.961181641,-0.004150391,-19.21374046,-38.01526718,-73.1221374
4338,1780506958,-1.301757813,-0.213623047,-0.224609375,-12.24427481,27.21374046,-142.6183206,0.526123047,-0.966064453,-0.065429688,-19.65648855,-38.0610687,-78.40458015
4339,1780506958,-1.317871094,-0.223876953,-0.220214844,-10.64885496,24.5648855,-143.9694656,0.616210938,-0.962158203,-0.125,-24.42748092,-36.66412214,-84.15267176
4340,1780506958,-1.309570313,-0.259277344,-0.230224609,-6.595419847,22.83206107,-146.3587786,0.689453125,-0.968994141,-0.179931641,-24.35877863,-26.92366412,-84.67175573
4341,1780506958,-1.328369141,-0.306152344,-0.256103516,1.015267176,20.54198473,-150.3053435,0.728759766,-0.990478516,-0.178710938,-23.77099237,-14.57251908,-84.03053435
4342,1780506958,-1.359375,-0.298828125,-0.246826172,9.175572519,18.18320611,-152.9160305,0.720703125,-0.98828125,-0.078857422,-23.91603053,-6.442748092,-85.6870229
4343,1780506958,-1.374511719,-0.302001953,-0.234130859,16.19083969,16.20610687,-154.5419847,0.672851563,-0.995361328,-0.0859375,-23.69465649,-0.526717557,-88.48091603
4344,1780506958,-1.370361328,-0.283691406,-0.242919922,24.0610687,14.16030534,-155.9312977,0.653076172,-1.012451172,-0.105712891,-23.46564885,7.083969466,-91.12977099
4345,1780506958,-1.369873047,-0.229003906,-0.240966797,28.42748092,11.72519084,-156.0687023,0.642822266,-0.962890625,-0.048828125,-25.36641221,11.44274809,-94.64122137
4346,1780506958,-1.335693359,-0.219726563,-0.252685547,31.59541985,9.847328244,-155.1908397,0.66015625,-0.967041016,-0.067626953,-23.64885496,13.66412214,-97.16793893
4347,1780506958,-1.356201172,-0.205078125,-0.273925781,33.30534351,7.870229008,-153.1832061,0.718505859,-1.001708984,-0.128173828,-23.61832061,15.6259542,-101.5114504
4348,1780506958,-1.403564453,-0.201416016,-0.268310547,33.53435115,5.938931298,-148.6564885,0.773925781,-1.013916016,-0.105712891,-22.29770992,19.3740458,-106.8854962
4349,1780506958,-1.380126953,-0.236572266,-0.272460938,35.80916031,4.312977099,-142.6793893,0.777832031,-0.965087891,-0.035888672,-21.65648855,19.16030534,-113.1603053
4350,1780506958,-1.345947266,-0.237060547,-0.267822266,35.23664122,3.526717557,-138.5572519,0.755126953,-0.960205078,-0.086181641,-21.82442748,18.40458015,-118.1679389
4351,1780506958,-1.290283203,-0.263916016,-0.25,36.19083969,2.06870229,-134.2442748,0.704101563,-0.925292969,-0.115478516,-19.40458015,22.96946565,-118.6641221
4352,1780506958,-1.230712891,-0.313964844,-0.226318359,39.6259542,-0.801526718,-135.8396947,0.657226563,-0.886230469,-0.102783203,-18.98473282,24.52671756,-115.8167939
4353,1780506958,-1.208007813,-0.291015625,-0.250244141,39.48091603,-2.618320611,-137.7633588,0.681152344,-0.895019531,-0.112792969,-19.08396947,25.92366412,-114.7175573
4354,1780506958,-1.229248047,-0.298339844,-0.279052734,40.3129771,-1.984732824,-137.9618321,0.701416016,-0.912353516,-0.073486328,-17.03816794,26.3740458,-115.2519084
4355,1780506958,-1.223876953,-0.285644531,-0.290527344,39.83969466,-4.20610687,-138.7251908,0.696777344,-0.874023438,-0.040527344,-14.42748092,23.58015267,-116.5496183
4356,1780506958,-1.184326172,-0.256103516,-0.308105469,35.93129771,-2.404580153,-134.1068702,0.702148438,-0.841308594,-0.037353516,-14.54198473,18.51145038,-118.8473282
4357,1780506958,-1.146972656,-0.228515625,-0.33984375,28.11450382,-0.847328244,-129.1755725,0.703369141,-0.806884766,-0.041992188,-15.17557252,13.30534351,-124.4045802
4358,1780506958,-1.124023438,-0.262451172,-0.350830078,16.60305344,1.183206107,-125.9160305,0.633300781,-0.755615234,-0.03125,-16.36641221,7.389312977,-124.2519084
4359,1780506958,-1.057128906,-0.294677734,-0.348632813,16.54961832,2.610687023,-125.9389313,0.634765625,-0.726074219,0.011962891,-14.80916031,4.022900763,-122.6412214
4360,1780506958,-1.013916016,-0.2109375,-0.310791016,12.80152672,5.129770992,-124.9160305,0.651367188,-0.716308594,-0.033447266,-15.19083969,1.877862595,-120.4503817
4361,1780506958,-1.006347656,-0.269042969,-0.281982422,7.854961832,6.717557252,-124.7633588,0.650390625,-0.708984375,-0.018798828,-16.08396947,-5.389312977,-116.3358779
4362,1780506958,-0.996826172,-0.424804688,-0.268066406,12,6.305343511,-129.3053435,0.640625,-0.717773438,-0.039306641,-16.83969466,-6.648854962,-111.4656489
4363,1780506958,-1.018798828,-0.179931641,-0.266113281,4.007633588,8.145038168,-124.5038168,0.750732422,-0.695800781,0,-17.35114504,-10.69465649,-114.6183206
4364,1780506958,-0.999023438,-0.372314453,-0.206298828,2.557251908,8.335877863,-119.5496183,0.730712891,-0.623779297,-0.074951172,-17.49618321,-6.648854962,-115.4885496
4365,1780506958,-0.916503906,-0.396728516,-0.205810547,14.91603053,6.076335878,-117.8320611,0.784912109,-0.576660156,-0.135986328,-19.73282443,4.633587786,-114.259542
4366,1780506958,-0.875976563,-0.327392578,-0.192138672,21.16030534,4.526717557,-114.1068702,0.811035156,-0.548828125,-0.079345703,-17.8778626,14.25954198,-111.610687
4367,1780506958,-0.833740234,-0.327148438,-0.209228516,28.18320611,2.946564885,-110.740458,0.764892578,-0.539794922,-0.085693359,-16.57251908,18.79389313,-108.129771
4368,1780506958,-0.798095703,-0.235351563,-0.194824219,31.26717557,2,-107.2290076,0.701904297,-0.556640625,-0.104736328,-15.49618321,21.41984733,-104.648855
4369,1780506958,-0.805908203,-0.162597656,-0.17578125,33.15267176,0.641221374,-104.2900763,0.607666016,-0.568115234,-0.043457031,-15.48091603,17.96946565,-100.9847328
4370,1780506959,-0.779785156,-0.096191406,-0.208007813,25.5648855,0.396946565,-101.2290076,0.550048828,-0.569335938,-0.047363281,-13.61832061,8.877862595,-96.27480916
4371,1780506959,-0.731689453,-0.021972656,-0.206787109,16.29770992,1.404580153,-99.61832061,0.463867188,-0.5234375,-0.024414063,-10.33587786,-2.984732824,-82.36641221
4372,1780506959,-0.647705078,0.016845703,-0.254638672,13.47328244,1.259541985,-102.4961832,0.518310547,-0.5390625,-0.014160156,-8.954198473,-11.81679389,-73.78625954
4373,1780506959,-0.668457031,0.042724609,-0.194824219,-10.90076336,3.58778626,-95.40458015,0.575439453,-0.481689453,-0.003173828,-10.19847328,-24.80916031,-69.95419847
4374,1780506959,-0.623535156,0.109130859,-0.234375,-11.01526718,6.351145038,-87.3740458,0.645996094,-0.464355469,0.018798828,-6.900763359,-28.87022901,-65.4351145
4375,1780506959,-0.523193359,0.216064453,-0.207763672,-22.77862595,9.297709924,-75.91603053,0.602783203,-0.384033203,-0.123046875,-6.694656489,-31.1221374,-51.61832061
4376,1780506959,-0.481689453,0.078125,-0.191162109,-24.01526718,9.473282443,-71.80916031,0.653076172,-0.407226563,-0.123291016,-5.145038168,-33.03816794,-40.40458015
4377,1780506959,-0.5078125,0.210449219,-0.166748047,-28.57251908,8.923664122,-60.10687023,0.734863281,-0.424072266,-0.128173828,-3.549618321,-33.98473282,-34.35114504
4378,1780506959,-0.522949219,0.172607422,-0.160400391,-28,8.015267176,-43.03816794,0.784179688,-0.460693359,-0.172119141,-1.809160305,-30.64885496,-27.61832061
4379,1780506959,-0.544433594,0.162109375,-0.119628906,-26.67175573,4.954198473,-31.05343511,0.800537109,-0.460693359,-0.201904297,-0.511450382,-22.39694656,-18.04580153
4380,1780506959,-0.546142578,0.094970703,-0.098876953,-20.94656489,0.519083969,-19.41984733,0.831787109,-0.446777344,-0.183105469,0.801526718,-12.59541985,-8.458015267
4381,1780506959,-0.502685547,0.060546875,-0.106201172,-9.427480916,-3.473282443,-6.038167939,0.842285156,-0.434326172,-0.157958984,2.755725191,-0.442748092,1.389312977
4382,1780506959,-0.477050781,0.092773438,-0.112548828,0.450381679,-6.374045802,4.358778626,0.836669922,-0.407958984,-0.149902344,5.213740458,10.66412214,12.59541985
4383,1780506959,-0.470947266,0.093505859,-0.12109375,7.519083969,-8.374045802,17.07633588,0.792236328,-0.396728516,-0.129638672,7.259541985,19.23664122,22.54961832
4384,1780506959,-0.461669922,0.074707031,-0.142578125,13.32061069,-10.3129771,25.58778626,0.761474609,-0.397216797,-0.133300781,8.20610687,24.49618321,32.19083969
4385,1780506959,-0.490966797,0.066162109,-0.18359375,16.63358779,-12.03053435,35.54198473,0.73828125,-0.435302734,-0.142333984,8.297709924,28.28244275,40.80916031
4386,1780506959,-0.536621094,0.057861328,-0.193115234,17.22900763,-13.02290076,46.86259542,0.722900391,-0.473876953,-0.120605469,9.061068702,28.77099237,49.3740458
4387,1780506959,-0.564697266,0.062744141,-0.232910156,17.54961832,-13.32061069,56.4351145,0.712890625,-0.495605469,-0.120117188,9.832061069,27.83206107,56.47328244
4388,1780506959,-0.632324219,0.198730469,-0.25,11.50381679,-12.39694656,70.23664122,0.752441406,-0.512451172,-0.080810547,10.15267176,24.07633588,56.88549618
4389,1780506959,-0.631347656,-0.0703125,-0.195068359,11.41984733,-12.7480916,78.3740458,0.696777344,-0.482666016,-0.079101563,11.46564885,22.85496183,62.88549618
4390,1780506959,-0.579101563,0.072509766,-0.185546875,0.374045802,-11.65648855,87.08396947,0.659912109,-0.440429688,-0.112304688,12.21374046,17.83206107,72.29007634
4391,1780506959,-0.630615234,-0.003417969,-0.236083984,-3.435114504,-10.20610687,94.75572519,0.717285156,-0.467041016,-0.080566406,13.1221374,14.5648855,78.57251908
4392,1780506959,-0.668457031,-0.140625,-0.201904297,-5.954198473,-10.20610687,100.7175573,0.708007813,-0.504150391,-0.081787109,13.67175573,12.39694656,84.34351145
4393,1780506959,-0.743408203,-0.210205078,-0.209716797,-4.091603053,-10.90839695,104.0992366,0.748535156,-0.532714844,-0.106445313,14.30534351,11.72519084,90.70229008
4394,1780506959,-0.806152344,-0.187988281,-0.208251953,-4.633587786,-11.36641221,107.8244275,0.788085938,-0.569091797,-0.115722656,14.91603053,16.83206107,96.16030534
4395,1780506959,-0.853027344,-0.239013672,-0.242919922,-1.27480916,-12.19847328,112.480916,0.821777344,-0.587402344,-0.099365234,13.70992366,19.20610687,98.32824427
4396,1780506959,-0.883056641,-0.231689453,-0.225830078,-1.473282443,-11.6259542,119.8396947,0.815429688,-0.556152344,-0.096435547,15.83969466,20.20610687,99.11450382
4397,1780506959,-0.865722656,-0.263671875,-0.256591797,1.763358779,-10.54961832,126.5725191,0.803710938,-0.559814453,-0.03515625,14.25954198,19.13740458,100.4122137
4398,1780506959,-0.900390625,-0.232666016,-0.220458984,-3.175572519,-10.3740458,132.3664122,0.776367188,-0.55859375,-0.049316406,12.98473282,17.26717557,102.2671756
4399,1780506959,-0.930175781,-0.272460938,-0.228515625,-5.190839695,-11.6259542,136.610687,0.771240234,-0.599853516,-0.083251953,12.03816794,17.78625954,103.6717557
4400,1780506959,-0.982666016,-0.308105469,-0.235351563,-4.259541985,-9.534351145,139.5648855,0.776367188,-0.628417969,-0.103027344,11.76335878,18.41984733,105.0687023
4401,1780506959,-1.017333984,-0.341308594,-0.251220703,-3.007633588,-9.557251908,141.4351145,0.7734375,-0.683837891,-0.078369141,11.60305344,17.83969466,106.4045802
4402,1780506959,-1.073242188,-0.325927734,-0.235107422,-4.732824427,-7.885496183,143.0152672,0.763183594,-0.69140625,-0.030761719,11.90839695,15.6870229,107.2519084
4403,1780506959,-1.096191406,-0.338378906,-0.238769531,-7.389312977,-8.648854962,143.8931298,0.728271484,-0.690917969,0.001708984,10.90839695,10.59541985,107.5496183
4404,1780506959,-1.085205078,-0.344238281,-0.245849609,-10.48854962,-7.603053435,143.8625954,0.692871094,-0.689941406,-0.008056641,10.10687023,6.030534351,107.8015267
4405,1780506959,-1.064208984,-0.350585938,-0.244873047,-11.45038168,-6.427480916,142.0152672,0.677978516,-0.697998047,-0.023681641,10.89312977,2.984732824,110.4885496
4406,1780506959,-1.076660156,-0.336425781,-0.295410156,-17.19083969,-4.267175573,138.3206107,0.673095703,-0.744873047,-0.054199219,11.58015267,1.832061069,114.5343511
4407,1780506959,-1.121337891,-0.338867188,-0.262207031,-20.87022901,-2.625954198,135.1068702,0.676757813,-0.787353516,-0.002197266,13.05343511,-1.381679389,115.4045802
4408,1780506959,-1.192871094,-0.315917969,-0.257080078,-23.83969466,-1.503816794,134.648855,0.709472656,-0.834960938,-0.027832031,13.32824427,-5.633587786,111.6717557
4409,1780506959,-1.267822266,-0.305664063,-0.263916016,-26.63358779,-1.503816794,137.1679389,0.750244141,-0.865722656,-0.039306641,12.19083969,-5.908396947,105.1603053
4410,1780506959,-1.302490234,-0.344482422,-0.245117188,-29.19083969,-2.374045802,139.8854962,0.753173828,-0.868164063,-0.010742188,11.19847328,-10.35877863,98.24427481
4411,1780506959,-1.293457031,-0.382568359,-0.222167969,-29.11450382,-3.580152672,140.5267176,0.721679688,-0.830566406,0.011230469,11.22137405,-12.54198473,94.32824427
4412,1780506959,-1.207519531,-0.395751953,-0.208496094,-27.93129771,-4.244274809,138.0305344,0.683837891,-0.794921875,-0.018066406,10.51145038,-12.47328244,93.78625954
4413,1780506959,-1.156494141,-0.391845703,-0.220703125,-25.6870229,-3.045801527,132.351145,0.656738281,-0.8203125,-0.020019531,10.99236641,-11.3740458,96.29770992
4414,1780506959,-1.158935547,-0.374023438,-0.260498047,-24.39694656,-3.885496183,125.3816794,0.655761719,-0.878662109,-0.055419922,12.3129771,-7.229007634,98.79389313
4415,1780506959,-1.227294922,-0.318603516,-0.237304688,-24.26717557,-0.969465649,119.870229,0.6796875,-0.945556641,-0.048583984,14.2519084,-4.809160305,98.6870229
4416,1780506959,-1.314697266,-0.27734375,-0.266357422,-25.98473282,-0.610687023,117.9389313,0.718994141,-0.993164063,-0.052978516,14.77099237,-4.27480916,93.58778626
4417,1780506959,-1.392089844,-0.277099609,-0.243896484,-27.07633588,-1.809160305,120.778626,0.743408203,-0.987792969,-0.016113281,14.3129771,-6.755725191,81.66412214
4418,1780506959,-1.40234375,-0.268798828,-0.235351563,-26.90076336,-2.954198473,126.0534351,0.743896484,-0.936523438,0.021728516,11.80152672,-10.38167939,69.96946565
4419,1780506959,-1.351806641,-0.276855469,-0.206787109,-26.57251908,-4.557251908,129.4580153,0.712646484,-0.887939453,0.063476563,7.572519084,-12.57251908,59.60305344
4420,1780506959,-1.235107422,-0.318115234,-0.178710938,-24.89312977,-6.351145038,128.4122137,0.664550781,-0.842529297,0.050537109,6.732824427,-12.45801527,57.15267176
4421,1780506959,-1.131103516,-0.303710938,-0.175048828,-20.02290076,-6.458015267,125.0534351,0.608154297,-0.797363281,-0.020751953,6.885496183,-9.511450382,58.65648855
4422,1780506959,-1.055419922,-0.258789063,-0.187988281,-19.54198473,-5.091603053,114.0687023,0.584960938,-0.886474609,-0.086425781,7.969465649,-1.977099237,67.2519084
4423,1780506959,-1.122314453,-0.261474609,-0.21875,-15.12977099,-4.801526718,102.8854962,0.596435547,-0.992919922,-0.034912109,10.12977099,2.374045802,73.16793893
4424,1780506959,-1.209960938,-0.220703125,-0.213378906,-13.90076336,-4.717557252,95.45038168,0.595214844,-1.049560547,0.019287109,12.48091603,4.145038168,74.41221374
4425,1780506959,-1.267333984,-0.165039063,-0.203369141,-13.40458015,-5.091603053,89.84732824,0.590576172,-1.013183594,0.02734375,12.3740458,3.854961832,72.24427481
4426,1780506959,-1.240234375,-0.146240234,-0.2109375,-12.61068702,-5.320610687,85.65648855,0.56640625,-0.964599609,0.041015625,10.34351145,2.923664122,63.95419847
4427,1780506959,-1.172607422,-0.155761719,-0.213134766,-10.70229008,-5.900763359,83.76335878,0.543701172,-0.90234375,0.041748047,8.007633588,2.251908397,58.12977099
4428,1780506959,-1.107666016,-0.135009766,-0.207519531,-8.603053435,-5.648854962,81.53435115,0.504394531,-0.878173828,0.048339844,6.625954198,2.114503817,54.21374046
4429,1780506959,-1.036132813,-0.049316406,-0.215576172,-8.083969466,-4.526717557,78.89312977,0.475341797,-0.877197266,0.053466797,5.58778626,0.86259542,52.98473282
4430,1780506959,-1,-0.004150391,-0.213623047,-8.648854962,-2.480916031,75.32061069,0.443847656,-0.926757813,0.041992188,5.595419847,-0.480916031,53.70992366
4431,1780506959,-1.029785156,0.058837891,-0.229248047,-10.4351145,-0.442748092,71.03053435,0.432373047,-0.972167969,0.012207031,6.717557252,-1.091603053,54.32824427
4432,1780506959,-1.060058594,0.075195313,-0.203369141,-13.54198473,0.801526718,67.4351145,0.429443359,-0.987304688,0.000732422,7.404580153,-2.923664122,52.97709924
4433,1780506959,-1.091064453,0.070800781,-0.208251953,-15.96946565,1.328244275,64.74045802,0.426269531,-0.9765625,0.029541016,8.328244275,-6.221374046,50.25954198
4434,1780506959,-1.049560547,0.075439453,-0.1875,-18.23664122,1.374045802,62.60305344,0.400390625,-0.951416016,0.030273438,8.618320611,-9.72519084,47.18320611
4435,1780506959,-0.989746094,0.087646484,-0.175537109,-20.21374046,1.549618321,62.35877863,0.380859375,-0.913574219,0.034912109,8.687022901,-12.27480916,45.06870229
4436,1780506959,-0.948974609,0.091308594,-0.177490234,-20.58778626,1.458015267,57.91603053,0.371337891,-0.892822266,0.02734375,8.015267176,-13.58778626,44.01526718
4437,1780506959,-0.940185547,0.077148438,-0.190673828,-20.50381679,0.824427481,54.13740458,0.362548828,-0.910400391,0.011962891,6.938931298,-13.24427481,43.38931298
4438,1780506959,-0.931396484,0.051513672,-0.178466797,-18.24427481,0.083969466,49.21374046,0.350341797,-0.943359375,0.001953125,6.20610687,-12.75572519,43.87022901
4439,1780506959,-0.968261719,0.067138672,-0.226806641,-13.26717557,-0.717557252,43.11450382,0.346435547,-0.989257813,-0.012451172,5.335877863,-10.25954198,44.33587786
4440,1780506959,-1.007324219,0.177734375,-0.252685547,-14.06870229,-0.030534351,39.95419847,0.384277344,-1.046142578,-0.005126953,5.374045802,-8.290076336,42.1221374
4441,1780506959,-1.052734375,0.171142578,-0.273681641,-14.11450382,1.145038168,37.41221374,0.374755859,-1.062255859,-0.000732422,5.190839695,-7.961832061,39.16793893
4442,1780506959,-1.034912109,0.136474609,-0.272949219,-12.73282443,2.152671756,34.01526718,0.324462891,-1.024902344,0.015136719,4.977099237,-8.511450382,36.16793893
4443,1780506959,-0.983642578,0.166748047,-0.281005859,-14.54961832,4.091603053,30.70229008,0.291748047,-0.987548828,0.043945313,4.503816794,-10.8778626,33.78625954
4444,1780506959,-0.933349609,0.181396484,-0.278564453,-17.25954198,6.465648855,27.85496183,0.274902344,-0.959228516,0.060058594,4.610687023,-14.90076336,31.66412214
4445,1780506959,-0.897705078,0.180664063,-0.263671875,-20.16793893,8.946564885,24.91603053,0.260986328,-0.9296875,0.062011719,4.549618321,-19.06870229,29.82442748
4446,1780506959,-0.887451172,0.190917969,-0.256591797,-24.6259542,10.91603053,21.76335878,0.240722656,-0.908203125,0.03515625,3.641221374,-23.9389313,28.1221374
4447,1780506959,-0.868896484,0.165527344,-0.255859375,-23.54198473,11.71755725,18.09923664,0.244873047,-0.964111328,0.020751953,2.580152672,-27.35877863,29.36641221
4448,1780506959,-0.807861328,0.067626953,-0.231689453,-16.54198473,12.23664122,8.27480916,0.25390625,-0.984863281,0.042724609,3.190839695,-26.93129771,34.34351145
4449,1780506959,-0.828125,0.196289063,-0.264404297,-32.99236641,14.66412214,6.106870229,0.253417969,-0.927490234,-0.025390625,1.778625954,-30.21374046,37.47328244
4450,1780506959,-0.869628906,0.1328125,-0.273193359,-26.8778626,15.12977099,0.732824427,0.294921875,-0.979248047,0.003662109,2.091603053,-31.38931298,37.16793893
4451,1780506959,-0.892089844,0.272216797,-0.260253906,-27.54961832,15.57251908,-1.282442748,0.258789063,-0.957763672,-0.018554688,1.557251908,-31.22137405,37.01526718
4452,1780506959,-0.863037109,0.199707031,-0.289550781,-27.39694656,18.19847328,-5.473282443,0.218994141,-0.969482422,0.0234375,2.389312977,-31.51145038,37.78625954
4453,1780506960,-0.866210938,0.092529297,-0.266113281,-29.64122137,20.65648855,-13.42748092,0.179199219,-0.985107422,0.033935547,3.351145038,-35.04580153,39.00763359
4454,1780506960,-0.884277344,-0.004882813,-0.260009766,-29.32824427,22.7480916,-21.87022901,0.151123047,-0.996337891,0.040771484,4.045801527,-39.73282443,39.40458015
4455,1780506960,-0.896728516,-0.034179688,-0.257568359,-36.92366412,24.77099237,-35.92366412,0.126953125,-1.008300781,0.035400391,3.809160305,-45.67175573,39.82442748
4456,1780506960,-0.937011719,-0.057617188,-0.202148438,-39.39694656,25.47328244,-47.81679389,0.130126953,-1.0078125,0.061767578,4.984732824,-51.7480916,38.74045802
4457,1780506960,-0.936035156,0.201171875,-0.210205078,-43.94656489,26.38167939,-51.90076336,0.160888672,-0.989746094,0.035888672,4.778625954,-54.88549618,35.22137405
4458,1780506960,-0.943603516,0.363037109,-0.219726563,-50.1221374,28.09923664,-49.26717557,0.213867188,-0.995361328,0.014648438,4.198473282,-60.41984733,30.80916031
4459,1780506960,-0.956542969,0.397949219,-0.206054688,-52.59541985,28.45801527,-44.0610687,0.251220703,-1.007324219,0.010986328,3.526717557,-62.80916031,25.73282443
4460,1780506960,-0.986083984,0.474121094,-0.175537109,-55.20610687,26.84732824,-35.6870229,0.280761719,-1.030029297,-0.012207031,3.786259542,-63.96946565,20.77862595
4461,1780506960,-1.002197266,0.521972656,-0.145019531,-56.46564885,24.35877863,-25.84732824,0.312744141,-1.05859375,-0.039306641,0.86259542,-62.18320611,15.46564885
4462,1780506960,-1.045898438,0.478759766,-0.090332031,-55.08396947,20.64885496,-16.24427481,0.350341797,-1.093994141,-0.064697266,0.694656489,-56.79389313,11.30534351
4463,1780506960,-1.081054688,0.308837891,-0.080078125,-48.96183206,16.7480916,-11.00763359,0.374511719,-1.09375,-0.051269531,1.450381679,-50.39694656,9.06870229
4464,1780506960,-1.083496094,0.124755859,-0.098632813,-42.53435115,13.41221374,-11.50381679,0.393798828,-1.085205078,-0.060546875,2.755725191,-40.5648855,9.038167939
4465,1780506960,-1.090576172,0.022949219,-0.076904297,-34.64885496,9.335877863,-14.50381679,0.404541016,-1.080810547,-0.059814453,3.511450382,-31.57251908,8.86259542
4466,1780506960,-1.082519531,0.0078125,-0.104003906,-26.30534351,5.534351145,-16.91603053,0.412597656,-1.057373047,-0.055908203,4.198473282,-22.59541985,6.900763359
4467,1780506960,-1.072021484,0.108398438,-0.149658203,-18.55725191,3.251908397,-14.87022901,0.432128906,-1.045654297,-0.041503906,4.328244275,-14.20610687,2
4468,1780506960,-1.059082031,0.235351563,-0.188232422,-12.48854962,2.06870229,-9.65648855,0.424560547,-1.01953125,-0.020751953,3.13740458,-6.687022901,-3.351145038
4469,1780506960,-0.966796875,0.120849609,-0.202636719,-4.030534351,1.908396947,-5.129770992,0.359619141,-1.013671875,-0.006591797,1.389312977,-0.251908397,-2.106870229
4470,1780506960,-0.949462891,0.238769531,-0.221435547,-0.282442748,-1.511450382,-3.389312977,0.337646484,-0.969970703,-0.046386719,-0.244274809,6.824427481,-0.809160305
4471,1780506960,-0.928710938,0.235839844,-0.234375,0.083969466,-1.358778626,-1.610687023,0.318603516,-0.95703125,-0.037597656,-1.320610687,12.51908397,0.152671756
4472,1780506960,-0.908203125,0.234375,-0.231933594,9.519083969,-2.190839695,0.061068702,0.296142578,-0.956542969,-0.047607422,-1.748091603,18.61832061,0.664122137
4473,1780506960,-0.892333984,0.302490234,-0.241210938,11.09160305,-2.259541985,1.572519084,0.255371094,-0.962890625,-0.047851563,-2.778625954,21.03816794,1.335877863
4474,1780506960,-0.898681641,0.351318359,-0.218505859,17.67175573,-4.13740458,6.41221374,0.207519531,-0.973632813,-0.040283203,-3.748091603,21.33587786,-5.175572519
4475,1780506960,-0.921386719,0.174072266,-0.1953125,19.80916031,-5.564885496,7.541984733,0.154296875,-0.971679688,-0.036621094,-5.152671756,22.41984733,-5.687022901
4476,1780506960,-0.846679688,0.290283203,-0.210449219,26.99236641,-6.832061069,5.755725191,0.134033203,-0.989990234,0.014648438,-3.320610687,22.64885496,-4.908396947
4477,1780506960,-0.895751953,0.418212891,-0.219970703,11.65648855,-4.801526718,7.893129771,0.115478516,-0.976318359,-0.02734375,-4.664122137,16.86259542,-4.748091603
4478,1780506960,-0.867431641,0.181152344,-0.249755859,16.22900763,-4.786259542,4.27480916,0.111816406,-0.993896484,0.014404297,-3.580152672,13.23664122,-5.091603053
4479,1780506960,-0.889404297,0.401611328,-0.245361328,9.717557252,-4.091603053,4.709923664,0.115234375,-0.986083984,-0.021240234,-3.832061069,11.21374046,-4.763358779
4480,1780506960,-0.854736328,0.278564453,-0.248779297,7.992366412,-2.946564885,2.633587786,0.136962891,-0.993896484,0.029296875,-2.877862595,9.679389313,-3.816793893
4481,1780506960,-0.881103516,0.374511719,-0.249023438,6.038167939,-2.27480916,2.893129771,0.161376953,-0.98828125,0.014404297,-2.580152672,7.885496183,-3.496183206
4482,1780506960,-0.888916016,0.343261719,-0.223876953,3.877862595,-1.358778626,2.984732824,0.1640625,-0.994873047,0.021484375,-3.20610687,6.893129771,-2.755725191
4483,1780506960,-0.895019531,0.352783203,-0.210205078,4.061068702,-1.198473282,3.435114504,0.178955078,-1.003662109,0.016113281,-2.732824427,6.549618321,-2.740458015
4484,1780506960,-0.901611328,0.337402344,-0.217285156,4.114503817,-1.152671756,4.045801527,0.204589844,-1.005371094,-0.010742188,-2.900763359,8.06870229,-2.801526718
4485,1780506960,-0.920654297,0.303955078,-0.201904297,5.13740458,-1.488549618,4.366412214,0.215087891,-1.010253906,-0.01171875,-2.847328244,8.709923664,-4.198473282
4486,1780506960,-0.942138672,0.290039063,-0.197998047,5.381679389,-2.824427481,6,0.213378906,-1.002441406,-0.010986328,-3.900763359,8.65648855,-6.351145038
4487,1780506960,-0.939208984,0.268798828,-0.198486328,7.503816794,-3.580152672,6.404580153,0.237792969,-0.995117188,-0.004394531,-4.213740458,10.69465649,-8.305343511
4488,1780506960,-0.938232422,0.271972656,-0.209472656,9.465648855,-4.13740458,7.839694656,0.273681641,-0.996826172,-0.052978516,-4.671755725,13.09923664,-10.16030534
4489,1780506960,-0.956542969,0.270263672,-0.173339844,11.51908397,-5.824427481,10.3129771,0.313232422,-1.008056641,-0.067382813,-5.625954198,16.83969466,-13.90076336
4490,1780506960,-1.007324219,0.263671875,-0.187011719,16.79389313,-8.969465649,14.87022901,0.364501953,-0.998046875,-0.098632813,-6.847328244,22.54198473,-18.64122137
4491,1780506960,-1.014648438,0.248779297,-0.173828125,24.59541985,-12.45801527,20.03053435,0.406982422,-0.995117188,-0.132080078,-8.526717557,32.14503817,-22.78625954
4492,1780506960,-1.023193359,0.240478516,-0.20703125,32.84732824,-13.77862595,24.84732824,0.416992188,-1.004394531,-0.119140625,-10.22900763,41.30534351,-23.48854962
4493,1780506960,-1.006835938,0.157470703,-0.235107422,40.15267176,-17.29007634,25.73282443,0.388427734,-1.003417969,-0.037109375,-10.41984733,50.41221374,-25.79389313
4494,1780506960,-0.997070313,0.117431641,-0.248046875,44.45038168,-18.2519084,22.93129771,0.307617188,-1.046630859,0.008300781,-7.839694656,54.0610687,-25.63358779
4495,1780506960,-0.965820313,0.09375,-0.252441406,46.86259542,-17.05343511,17.15267176,0.240478516,-1.027832031,0.017089844,-9.885496183,52.30534351,-25.07633588
4496,1780506960,-0.965332031,-0.078857422,-0.169189453,41.75572519,-17.58778626,6.984732824,0.189697266,-1.03515625,0.009521484,-11.1221374,46.10687023,-25.51908397
4497,1780506960,-0.969726563,-0.154785156,-0.275634766,49.28244275,-19.45038168,-4.908396947,0.197998047,-0.991210938,-0.034179688,-9.824427481,45.60305344,-26.03816794
4498,1780506960,-0.891357422,-0.036132813,-0.365966797,47.0610687,-15.7480916,-13.85496183,0.204345703,-0.992675781,-0.031494141,-12.69465649,44.83969466,-23.94656489
4499,1780506960,-0.908935547,-0.026611328,-0.338867188,45.12977099,-14.12977099,-24.53435115,0.261474609,-1.016113281,0.013183594,-11.33587786,41.90839695,-27.33587786
4500,1780506960,-0.986572266,-0.000244141,-0.30859375,36.79389313,-11.08396947,-30.22900763,0.225097656,-1.030029297,0.010498047,-11.07633588,34.80152672,-31.95419847
4501,1780506960,-1.006591797,0.010742188,-0.328125,28.33587786,-7.572519084,-36.7480916,0.207763672,-1.044433594,0.046142578,-10.36641221,23.44274809,-37
4502,1780506960,-0.94921875,-0.123046875,-0.274658203,20.00763359,-4.259541985,-49.44274809,0.208251953,-1.075195313,0.092041016,-9.366412214,11.80152672,-32.60305344
4503,1780506960,-1.022216797,0.041015625,-0.268554688,12.98473282,-1.748091603,-54.90076336,0.442871094,-0.982910156,0.045654297,-7.603053435,4.190839695,-36.33587786
4504,1780506960,-1.098388672,-0.069335938,-0.232910156,7.114503817,1.381679389,-61.57251908,0.374511719,-1.020751953,0.051025391,-7.86259542,-0.541984733,-40.27480916
4505,1780506960,-1.099853516,-0.068847656,-0.264160156,5.190839695,2.748091603,-65.54961832,0.414794922,-0.974853516,0.013427734,-7.427480916,-1.557251908,-44.95419847
4506,1780506960,-1.071777344,-0.153320313,-0.264892578,5.503816794,4.671755725,-71.59541985,0.407226563,-0.975585938,-0.004882813,-8.595419847,-1.305343511,-47.85496183
4507,1780506960,-1.087646484,-0.150146484,-0.276855469,6.145038168,5.34351145,-77.23664122,0.424804688,-0.994140625,-0.031005859,-9.290076336,-0.129770992,-52.21374046
4508,1780506960,-1.134033203,-0.140625,-0.276855469,6.221374046,6.229007634,-82,0.439208984,-1.000244141,-0.020751953,-10.26717557,-0.770992366,-57.01526718
4509,1780506960,-1.150878906,-0.125732422,-0.277099609,5.65648855,6.969465649,-86.53435115,0.435791016,-1.004150391,-0.013427734,-10.28244275,-3.106870229,-61.23664122
4510,1780506960,-1.15234375,-0.128173828,-0.279785156,4.312977099,8.114503817,-92.48091603,0.434326172,-1.002441406,-0.032714844,-10.2519084,-5.984732824,-64.61832061
4511,1780506960,-1.162109375,-0.144287109,-0.271484375,3.870229008,8.839694656,-96.52671756,0.456054688,-1.009033203,-0.05859375,-10.13740458,-8.419847328,-68.58015267
4512,1780506960,-1.202636719,-0.164306641,-0.2734375,0.251908397,8.786259542,-100.4503817,0.497314453,-1.009277344,-0.062011719,-10.38931298,-10.09160305,-73.45801527
4513,1780506960,-1.241210938,-0.171142578,-0.268554688,-0.480916031,8.755725191,-103.1450382,0.530761719,-1.027832031,-0.033691406,-10.80916031,-9.786259542,-79.32824427
4514,1780506960,-1.247558594,-0.174072266,-0.271728516,-1.633587786,9.885496183,-106,0.538330078,-0.99609375,-0.015625,-11.09160305,-13.04580153,-84.60305344
4515,1780506960,-1.242675781,-0.214111328,-0.295654297,-2.671755725,10.65648855,-109.3206107,0.530029297,-0.979003906,-0.026123047,-12.57251908,-14.74045802,-88.19083969
4516,1780506960,-1.224365234,-0.254882813,-0.294433594,-3.496183206,11.32061069,-115.0610687,0.519042969,-0.961181641,-0.03515625,-12.92366412,-14.91603053,-90.78625954
4517,1780506960,-1.206787109,-0.325683594,-0.293945313,-1.351145038,11.59541985,-122.5038168,0.505371094,-0.94140625,-0.061523438,-13.54961832,-14.32824427,-92.26717557
4518,1780506960,-1.211914063,-0.299316406,-0.326904297,-0.267175573,13.09923664,-130.2900763,0.52734375,-0.926025391,-0.028076172,-14.2519084,-15.6259542,-93.04580153
4519,1780506960,-1.209960938,-0.314697266,-0.334960938,-2.335877863,13.73282443,-135.0305344,0.545654297,-0.895996094,0.000244141,-14.55725191,-18.54198473,-94.48091603
4520,1780506960,-1.207763672,-0.301025391,-0.351074219,-5.022900763,18.47328244,-140.8778626,0.552246094,-0.864990234,-0.017333984,-15.84732824,-22.15267176,-95.59541985
4521,1780506960,-1.202392578,-0.306884766,-0.327880859,-7.633587786,20.66412214,-147.9770992,0.565673828,-0.853759766,-0.063964844,-15.89312977,-21.63358779,-97.86259542
4522,1780506960,-1.215820313,-0.336669922,-0.335449219,-5.870229008,22.12977099,-151.0687023,0.632080078,-0.856689453,-0.13671875,-18.0610687,-19.25954198,-102.259542
4523,1780506960,-1.287353516,-0.299316406,-0.357177734,-5.091603053,23.38167939,-150.5496183,0.709716797,-0.896240234,-0.108154297,-19.55725191,-16.83206107,-109.0763359
4524,1780506960,-1.336669922,-0.287597656,-0.357666016,-5.297709924,24.61068702,-148.7099237,0.739746094,-0.896484375,-0.075683594,-18.04580153,-14.7480916,-113.3358779
4525,1780506960,-1.306396484,-0.345458984,-0.347900391,-2.992366412,24.79389313,-149.4427481,0.717041016,-0.862548828,-0.060302734,-21,-14.98473282,-114.5496183
4526,1780506960,-1.271484375,-0.363525391,-0.301513672,-0.717557252,23.77862595,-151.4656489,0.671630859,-0.825683594,-0.050537109,-24.00763359,-15.72519084,-116.9770992
4527,1780506960,-1.245849609,-0.367919922,-0.295654297,3.694656489,22.47328244,-153.1908397,0.664550781,-0.823242188,-0.125244141,-26.32824427,-20.13740458,-118.5038168
4528,1780506960,-1.257324219,-0.320556641,-0.293945313,5.534351145,20.77862595,-155.3053435,0.694091797,-0.846191406,-0.190429688,-26.25954198,-18.41221374,-116.9465649
4529,1780506960,-1.262939453,-0.293945313,-0.285888672,6.290076336,19.48091603,-157.5877863,0.729736328,-0.873046875,-0.193359375,-25.03053435,-13.69465649,-113.7022901
4530,1780506960,-1.262451172,-0.298583984,-0.283691406,7.961832061,18.18320611,-158.5114504,0.773193359,-0.820800781,-0.135742188,-25.07633588,-12.00763359,-113.8396947
4531,1780506960,-1.259521484,-0.289794922,-0.327880859,9.221374046,16.63358779,-154.7709924,0.809082031,-0.809814453,-0.135253906,-26.38167939,-10.58015267,-118.610687
4532,1780506960,-1.260498047,-0.320068359,-0.330810547,12.51908397,15.88549618,-149.129771,0.822509766,-0.782714844,-0.125976563,-27.84732824,-8.251908397,-124.0229008
4533,1780506960,-1.235107422,-0.299560547,-0.331542969,15.57251908,15.82442748,-143.7099237,0.812744141,-0.782958984,-0.115478516,-27.58778626,-4.335877863,-125.870229
4534,1780506960,-1.173828125,-0.311523438,-0.314697266,17.90076336,16.48091603,-141.7862595,0.795898438,-0.775390625,-0.127197266,-25.94656489,-0.572519084,-123.9541985
4535,1780506960,-1.150390625,-0.2890625,-0.314941406,17.22900763,16.0610687,-141.2824427,0.765625,-0.764160156,-0.161621094,-25.30534351,0.290076336,-121.7099237
4536,1780506960,-1.141601563,-0.282226563,-0.293945313,16.10687023,15.02290076,-139.7099237,0.761962891,-0.746337891,-0.137451172,-24.19847328,-0.488549618,-121.7633588
4537,1780506961,-1.115966797,-0.33203125,-0.280273438,18.7480916,12.73282443,-137.2748092,0.756835938,-0.717041016,-0.172851563,-23.85496183,-2.839694656,-121.5725191
4538,1780506961,-1.094482422,-0.268798828,-0.306640625,16.61832061,12.14503817,-134.8778626,0.758544922,-0.754394531,-0.190185547,-23.51145038,-3.977099237,-119.778626
4539,1780506961,-1.114501953,-0.216552734,-0.338867188,12.84732824,11.04580153,-132.1603053,0.779296875,-0.777587891,-0.145751953,-21.66412214,-10.67938931,-117.6870229
4540,1780506961,-1.113525391,-0.183105469,-0.365234375,6.58778626,11.52671756,-127.1068702,0.786376953,-0.778808594,-0.146240234,-22.64885496,-15.26717557,-117.8625954
4541,1780506961,-1.080078125,-0.183837891,-0.346191406,1.778625954,13.20610687,-122.0916031,0.752441406,-0.701660156,-0.089111328,-22.20610687,-18.48091603,-114.8320611
4542,1780506961,-0.959716797,-0.191162109,-0.357910156,0.664122137,14.35114504,-118.6641221,0.778076172,-0.599853516,-0.154296875,-21.45801527,-16.23664122,-110.4427481
4543,1780506961,-0.873779297,-0.231445313,-0.314453125,0.389312977,15.42748092,-115.3358779,0.784667969,-0.539550781,-0.140869141,-21.76335878,-13.54198473,-103.740458
4544,1780506961,-0.822509766,-0.202148438,-0.298095703,4.022900763,14.77099237,-111.5572519,0.812744141,-0.556152344,-0.129882813,-20.7480916,-13.58778626,-100.6335878
4545,1780506961,-0.860839844,-0.212158203,-0.251708984,1.984732824,13.71755725,-104.2290076,0.814697266,-0.570068359,-0.191650391,-21.94656489,-13.23664122,-98.69465649
4546,1780506961,-0.854492188,-0.225830078,-0.216308594,5.610687023,11.47328244,-98.32061069,0.822509766,-0.569335938,-0.181884766,-19.25954198,-9.396946565,-93.41221374
4547,1780506961,-0.785644531,-0.124511719,-0.201171875,6.236641221,11.70992366,-93.98473282,0.818359375,-0.515136719,-0.171875,-17.42748092,-6.13740458,-86.86259542
4548,1780506961,-0.719238281,-0.115722656,-0.192871094,7.358778626,7.129770992,-87.90076336,0.81640625,-0.465820313,-0.184570313,-16.77099237,-2.175572519,-81.05343511
4549,1780506961,-0.670166016,-0.139648438,-0.177734375,11.20610687,5.015267176,-78.74045802,0.787841797,-0.431396484,-0.160888672,-15.23664122,0.664122137,-73.73282443
4550,1780506961,-0.608886719,-0.056152344,-0.228027344,13.70992366,3.41221374,-71.51908397,0.770019531,-0.429931641,-0.151611328,-14.2519084,3.679389313,-65.77862595
4551,1780506961,-0.59375,-0.011474609,-0.232910156,12.97709924,2.671755725,-63.70229008,0.776367188,-0.430419922,-0.159912109,-12.64122137,6.236641221,-57.30534351
4552,1780506961,-0.550292969,0.007080078,-0.207763672,14.13740458,1.167938931,-55.27480916,0.729980469,-0.421630859,-0.161865234,-11.3740458,9.381679389,-49.40458015
4553,1780506961,-0.504150391,0.031494141,-0.203613281,16.69465649,-0.641221374,-46.33587786,0.736328125,-0.381835938,-0.162109375,-10.58778626,13.55725191,-41.3129771
4554,1780506961,-0.482910156,0.057128906,-0.201416016,18.25954198,-1.641221374,-39.00763359,0.746582031,-0.377441406,-0.142578125,-8.832061069,15.9389313,-34.38931298
4555,1780506961,-0.462158203,0.126708984,-0.171630859,17.51908397,-2.671755725,-24.89312977,0.732910156,-0.346191406,-0.169189453,-6.816793893,17.23664122,-28.80916031
4556,1780506961,-0.441162109,0.059570313,-0.172119141,20.45038168,-4.86259542,-15.76335878,0.728271484,-0.366455078,-0.195800781,-6.015267176,20.85496183,-16.13740458
4557,1780506961,-0.443847656,0.107177734,-0.163818359,20.50381679,-7.320610687,-6.824427481,0.737060547,-0.376220703,-0.151855469,-3.954198473,26.60305344,-9.480916031
4558,1780506961,-0.468505859,0.081787109,-0.170166016,21.80916031,-8.847328244,3.801526718,0.721923828,-0.371826172,-0.122802734,-2.251908397,28.10687023,-1.763358779
4559,1780506961,-0.438476563,0.048828125,-0.161621094,29.69465649,-10.29770992,13.38167939,0.714355469,-0.389404297,-0.117675781,-0.34351145,29.35114504,7.213740458
4560,1780506961,-0.433105469,0.169677734,-0.185058594,18.58778626,-9.41221374,23.21374046,0.639404297,-0.358398438,-0.116210938,0.396946565,26.63358779,16.07633588
4561,1780506961,-0.42578125,-0.009033203,-0.184326172,20.93129771,-10.16793893,29.18320611,0.623046875,-0.354492188,-0.096435547,2.679389313,25.40458015,24.61068702
4562,1780506961,-0.426025391,0.128417969,-0.194091797,11.97709924,-9.58778626,36.70229008,0.629394531,-0.342041016,-0.154052734,4.419847328,22.71755725,34.51908397
4563,1780506961,-0.440673828,-0.006347656,-0.207763672,12.26717557,-7.885496183,41.78625954,0.654052734,-0.384521484,-0.127685547,5.809160305,20.83969466,43.65648855
4564,1780506961,-0.518310547,0.059570313,-0.224121094,7.091603053,-9.938931298,50.6870229,0.719238281,-0.4453125,-0.083251953,7.160305344,16.40458015,45.11450382
4565,1780506961,-0.616210938,0.050537109,-0.21875,-1.809160305,-9.335877863,64.8778626,0.743896484,-0.431152344,-0.080566406,6.671755725,13.22900763,45.70229008
4566,1780506961,-0.673583984,0.007324219,-0.282958984,1.358778626,-8.244274809,74.73282443,0.773193359,-0.482421875,-0.089355469,6.824427481,12.40458015,48.09923664
4567,1780506961,-0.656738281,-0.200195313,-0.219970703,-3.374045802,-8.152671756,80.84732824,0.689208984,-0.454833984,-0.115478516,6.511450382,12.75572519,56.2519084
4568,1780506961,-0.623046875,-0.286865234,-0.238037109,2.053435115,-7.839694656,79.38931298,0.712158203,-0.429443359,-0.079589844,8.236641221,14.84732824,64.92366412
4569,1780506961,-0.594238281,-0.254394531,-0.199707031,-1.694656489,-7.305343511,77.90839695,0.666259766,-0.381103516,-0.109375,9.732824427,16.3740458,76.82442748
4570,1780506961,-0.551025391,-0.33203125,-0.195800781,3.511450382,-7.526717557,74.3129771,0.721191406,-0.378662109,-0.092773438,12.71755725,16.08396947,80
4571,1780506961,-0.613769531,-0.330322266,-0.169677734,2.671755725,-7.267175573,78.70229008,0.712402344,-0.397460938,-0.121582031,12.61068702,10.88549618,84.29007634
4572,1780506961,-0.666992188,-0.34375,-0.238525391,0.099236641,-7.41221374,80.11450382,0.756591797,-0.520751953,-0.155517578,11.22900763,7.541984733,89.95419847
4573,1780506961,-0.883544922,-0.193603516,-0.347412109,-10.54961832,-7.503816794,86.61068702,0.950927734,-0.694091797,-0.1015625,7.229007634,0,88.14503817
4574,1780506961,-1.017089844,-0.495117188,-0.272216797,-6.229007634,-7.297709924,90.70992366,0.957275391,-0.748535156,-0.047607422,10.04580153,-0.030534351,84.88549618
4575,1780506961,-1.053466797,-0.209716797,-0.309082031,-14.63358779,-4.877862595,102.4351145,1.033935547,-0.614257813,-0.098388672,12.16793893,5.534351145,82.76335878
4576,1780506961,-0.873291016,-0.320068359,-0.279052734,-16.34351145,-2.480916031,110.5648855,1.000244141,-0.430908203,-0.109619141,13.79389313,12.01526718,85.22900763
4577,1780506961,-0.727539063,-0.472167969,-0.204833984,-15.51908397,-3.511450382,114.2900763,0.87890625,-0.311523438,-0.119384766,12.73282443,14.09923664,88.07633588
4578,1780506961,-0.712402344,-0.514648438,-0.133544922,-7.732824427,-4.045801527,115.6870229,0.833251953,-0.353271484,-0.124755859,10.95419847,14.6870229,90.3129771
4579,1780506961,-0.750732422,-0.387695313,-0.106445313,-3.015267176,-8.473282443,117.2290076,0.798828125,-0.452636719,-0.119384766,11.08396947,18.19083969,97.03053435
4580,1780506961,-0.82421875,-0.399902344,-0.095703125,0.870229008,-9.832061069,113.4351145,0.733398438,-0.516357422,-0.07421875,13.28244275,21.03053435,106.9007634
4581,1780506961,-0.833007813,-0.351074219,-0.155517578,5.648854962,-14.20610687,109.1908397,0.740478516,-0.611083984,-0.107421875,12.45801527,21.90076336,110.480916
4582,1780506961,-0.971191406,-0.290039063,-0.209472656,0.305343511,-14.8778626,109.5114504,0.736083984,-0.688232422,-0.068603516,10.27480916,19.30534351,111.1145038
4583,1780506961,-1.061767578,-0.256103516,-0.227294922,2.358778626,-14.9389313,111.5801527,0.741455078,-0.751464844,-0.038818359,12.14503817,17.84732824,107.0229008
4584,1780506961,-1.177490234,0.000488281,-0.314208984,-7.053435115,-11.51908397,126.2061069,0.840576172,-0.777099609,-0.0546875,11.6870229,12.19083969,100.0381679
4585,1780506961,-1.197998047,-0.30859375,-0.288818359,4.076335878,-11.47328244,133.480916,0.8671875,-0.778320313,-0.036621094,12.5648855,18.2519084,94.2519084
4586,1780506961,-1.149658203,0.071533203,-0.281982422,-11.54961832,-6.557251908,145.7099237,0.838134766,-0.688720703,-0.032226563,12.32061069,17.61832061,91.38167939
4587,1780506961,-1.078857422,-0.207519531,-0.253662109,-10.18320611,-5.786259542,151.5496183,0.750488281,-0.604736328,-0.010742188,9.351145038,15.26717557,90.24427481
4588,1780506961,-1.027099609,-0.184814453,-0.189697266,-8.763358779,-5.977099237,155.3053435,0.691894531,-0.608398438,-0.017333984,9.335877863,13.7480916,93.15267176
4589,1780506961,-1.002929688,-0.172119141,-0.185546875,-5.488549618,-6.79389313,152.7938931,0.641601563,-0.692871094,-0.126464844,8.641221374,17.91603053,103.129771
4590,1780506961,-1.088623047,-0.205810547,-0.238525391,-4.190839695,-8.20610687,145.6335878,0.671630859,-0.84765625,-0.130371094,7.740458015,20.26717557,112.0458015
4591,1780506961,-1.253173828,-0.196289063,-0.219726563,-4.13740458,-9.419847328,140.221374,0.663085938,-0.951660156,-0.058837891,9.595419847,18.10687023,113.5419847
4592,1780506961,-1.345947266,-0.15625,-0.228759766,-5.41221374,-9.511450382,138.9389313,0.644042969,-0.960449219,0.001220703,11.66412214,11.89312977,110.5114504
4593,1780506961,-1.324707031,-0.084228516,-0.234863281,-11.54198473,-8.442748092,139.5496183,0.606201172,-0.885253906,-0.010253906,12.51145038,5.549618321,106.8931298
4594,1780506961,-1.233154297,-0.069580078,-0.256835938,-17.48091603,-6.458015267,141.2900763,0.594238281,-0.790771484,0.025146484,13.14503817,1.923664122,103.3587786
4595,1780506961,-1.155029297,-0.068359375,-0.2421875,-23.10687023,-4.167938931,142.5267176,0.575195313,-0.756103516,0.047363281,13.69465649,-5.595419847,101.0687023
4596,1780506961,-1.115234375,-0.064453125,-0.234375,-23.45801527,-3.122137405,143.4045802,0.598876953,-0.779052734,-0.027099609,13.1221374,-5.114503817,101.1603053
4597,1780506961,-1.166259766,-0.030029297,-0.259765625,-23.93129771,-2.625954198,144.6030534,0.662841797,-0.885009766,-0.077636719,12.32061069,-1.763358779,103.5877863
4598,1780506961,-1.297119141,-0.055664063,-0.270507813,-21.15267176,-3.534351145,140.8625954,0.688964844,-1.026855469,-0.037353516,11.26717557,4.114503817,104.7175573
4599,1780506961,-1.440185547,-0.042236328,-0.280517578,-18.66412214,-3.86259542,139.9618321,0.720458984,-1.081787109,0.01171875,11.30534351,5.41221374,101.0305344
4600,1780506961,-1.493652344,-0.0234375,-0.284423828,-18.9389313,-4.06870229,141.7175573,0.684570313,-1.048828125,0.022460938,10.02290076,4.633587786,93.41984733
4601,1780506961,-1.4453125,-0.081298828,-0.245605469,-18.61832061,-5.106870229,142.870229,0.615478516,-0.962646484,0.026367188,8.381679389,4.038167939,86.55725191
4602,1780506961,-1.312255859,-0.120849609,-0.222900391,-17.5648855,-5.236641221,141.0839695,0.561279297,-0.889404297,0.022705078,7.114503817,4.473282443,82.46564885
4603,1780506961,-1.211669922,-0.090576172,-0.196777344,-14.0610687,-4.961832061,137.8473282,0.543701172,-0.873535156,0.022460938,7.030534351,4.534351145,80.58015267
4604,1780506961,-1.160400391,-0.048339844,-0.178955078,-13.48091603,-4.236641221,134.4656489,0.567871094,-0.879882813,-0.019042969,7.427480916,4.389312977,80.32824427
4605,1780506961,-1.226074219,-0.026367188,-0.198974609,-12.74045802,-5.34351145,131.1679389,0.614257813,-0.940185547,-0.062011719,5.519083969,6.534351145,78.17557252
4606,1780506961,-1.273193359,-0.048828125,-0.188232422,-11.45038168,-7.007633588,128.9160305,0.613525391,-0.990722656,0.021484375,4.015267176,7.122137405,79.74045802
4607,1780506961,-1.294921875,-0.084228516,-0.197509766,-9.534351145,-8.86259542,122.9465649,0.570800781,-1.03515625,0.026611328,2.969465649,10.23664122,80.08396947
4608,1780506961,-1.281738281,-0.129394531,-0.178955078,-5.404580153,-10.32824427,113.3664122,0.516601563,-1.009277344,0.051269531,1.541984733,12.15267176,74.83206107
4609,1780506961,-1.216308594,-0.157958984,-0.181396484,-2.175572519,-10.36641221,105.1755725,0.448730469,-0.978759766,0.064697266,2.13740458,14.08396947,72.29007634
4610,1780506961,-1.152587891,-0.174560547,-0.158447266,0.167938931,-9.450381679,95.35114504,0.397216797,-0.962890625,0.038818359,2.954198473,13.88549618,66.58015267
4611,1780506961,-1.103027344,-0.134765625,-0.156738281,1.786259542,-8.58778626,84.98473282,0.381591797,-0.970214844,0.040039063,3.740458015,10.41221374,64.50381679
4612,1780506961,-1.052490234,-0.108398438,-0.163330078,-1.923664122,-7.534351145,74.35114504,0.383056641,-0.977050781,0.043457031,5.351145038,6.572519084,64.10687023
4613,1780506961,-1.035644531,-0.050292969,-0.170898438,-3.297709924,-7.122137405,66.30534351,0.391113281,-0.978027344,0.020751953,7.022900763,5.511450382,66.29770992
4614,1780506961,-1.073730469,0.092529297,-0.213867188,-3.099236641,-6.374045802,59.48091603,0.465087891,-0.969238281,0.01171875,8.030534351,7.007633588,60.24427481
4615,1780506961,-1.08984375,-0.013916016,-0.200927734,-3.854961832,-6.27480916,54.16793893,0.432373047,-0.977050781,0.042236328,5.580152672,7.732824427,55.65648855
4616,1780506961,-1.067138672,-0.049560547,-0.197021484,-2.282442748,-6.396946565,47.98473282,0.34765625,-1.000244141,0.116455078,4.832061069,0.58778626,53.6870229
4617,1780506961,-0.9765625,-0.06640625,-0.227783203,0.236641221,-4.458015267,36.51145038,0.3046875,-1.012695313,0.087890625,6.824427481,-0.496183206,52.57251908
4618,1780506961,-0.981201172,0.103027344,-0.236572266,-10.9389313,-1.473282443,30.54961832,0.266113281,-0.987060547,0.041503906,7.213740458,-6.503816794,52.02290076
4619,1780506961,-0.936523438,-0.045898438,-0.238769531,-9.809160305,1.923664122,17.64122137,0.231201172,-0.995361328,0.108154297,7.923664122,-13.65648855,50.36641221
4620,1780506962,-0.916503906,0.075439453,-0.228759766,-19.51908397,4.526717557,9.229007634,0.25390625,-0.961425781,0.035644531,10.80916031,-19.9389313,49.92366412
4621,1780506962,-0.861816406,0.067871094,-0.255371094,-24.99236641,5.961832061,0.419847328,0.234130859,-0.946777344,0.057617188,11.90076336,-25.93129771,50.02290076
4622,1780506962,-0.853027344,0.093994141,-0.239013672,-27.39694656,10.06870229,-7.229007634,0.230224609,-0.932861328,0.045654297,13.03053435,-31.91603053,49.8778626
4623,1780506962,-0.848632813,0.114990234,-0.254394531,-32.84732824,12.16793893,-13.9389313,0.220947266,-0.928710938,0.024658203,13.30534351,-35.86259542,49.27480916
4624,1780506962,-0.861328125,0.127685547,-0.251220703,-35.65648855,11.81679389,-17.91603053,0.223632813,-0.948730469,0.030273438,12.42748092,-40.73282443,48.13740458
4625,1780506962,-0.892822266,0.149658203,-0.248535156,-38.14503817,13.53435115,-25.03816794,0.223632813,-0.967285156,0.014404297,10.95419847,-43.17557252,46.16030534
4626,1780506962,-0.908935547,0.184814453,-0.267578125,-39.90839695,14.38167939,-28.54961832,0.218994141,-0.990966797,-0.009521484,10.06870229,-47.04580153,43.60305344
4627,1780506962,-0.952880859,0.17578125,-0.283935547,-41.3129771,15.40458015,-31.91603053,0.243408203,-1.005371094,-0.040771484,8.832061069,-47.78625954,41.07633588
4628,1780506962,-0.956298828,0.150878906,-0.287841797,-40.69465649,15.87022901,-35.4351145,0.23828125,-1.026123047,-0.040283203,7.748091603,-48.2519084,38.47328244
4629,1780506962,-0.950927734,0.142333984,-0.307128906,-40.48854962,16.86259542,-39.57251908,0.233642578,-1.010742188,-0.039306641,7.671755725,-47.75572519,36.4351145
4630,1780506962,-0.937744141,0.105957031,-0.314697266,-40.83969466,18.70992366,-44.89312977,0.1875,-1.003662109,-0.019775391,7.786259542,-48.96183206,36.04580153
4631,1780506962,-0.938476563,0.135009766,-0.304199219,-41.95419847,19.90076336,-49.70992366,0.204345703,-1.000976563,-0.027587891,7.465648855,-50.47328244,35.45038168
4632,1780506962,-0.940673828,0.226806641,-0.289550781,-44.6870229,20.95419847,-51.39694656,0.229736328,-0.969970703,-0.017333984,5.732824427,-53.81679389,33.83969466
4633,1780506962,-0.926025391,0.297607422,-0.285888672,-47.77862595,22.3129771,-48.97709924,0.251708984,-0.963134766,-0.007080078,4.65648855,-57.05343511,33.1221374
4634,1780506962,-0.92578125,0.366455078,-0.269287109,-50.70992366,23.49618321,-44.58778626,0.248779297,-0.974121094,0.002441406,2.832061069,-60.52671756,28.19083969
4635,1780506962,-0.958007813,0.403076172,-0.244140625,-54.33587786,23.82442748,-38.77099237,0.262695313,-1.030761719,-0.018310547,1.702290076,-63.12977099,25.16793893
4636,1780506962,-0.980224609,0.392333984,-0.194335938,-56.33587786,23.63358779,-35.03053435,0.257324219,-1.040527344,-0.033935547,1.709923664,-63.66412214,22.86259542
4637,1780506962,-0.997802734,0.380126953,-0.200927734,-57.07633588,22.73282443,-28.45801527,0.265136719,-1.057128906,-0.028320313,1.870229008,-62.15267176,22.00763359
4638,1780506962,-0.994628906,0.321533203,-0.172607422,-55.83969466,21.39694656,-25.81679389,0.265380859,-1.047607422,-0.041015625,2.671755725,-60.52671756,21.65648855
4639,1780506962,-0.988525391,0.239257813,-0.141357422,-54.35877863,19.90839695,-24.6870229,0.271240234,-1.041259766,-0.014892578,3.167938931,-55.64122137,21.60305344
4640,1780506962,-0.992675781,0.141357422,-0.106201172,-54.55725191,16.84732824,-23.54198473,0.26953125,-1.034423828,-0.016357422,3.229007634,-52.0610687,20.19847328
4641,1780506962,-1.019042969,0.090332031,-0.0546875,-47.65648855,12,-26.44274809,0.288818359,-1.033203125,-0.026367188,3.160305344,-50.75572519,17.1221374
4642,1780506962,-1.061523438,0.090332031,-0.009765625,-42.32824427,7.572519084,-25.41221374,0.327148438,-1.056640625,-0.022705078,3.312977099,-43.33587786,11.80916031
4643,1780506962,-1.103271484,0.109619141,-0.029541016,-37.03816794,3.473282443,-21.61832061,0.374267578,-1.094970703,-0.020263672,4.328244275,-35.51145038,5.549618321
4644,1780506962,-1.117431641,0.165039063,-0.066894531,-27.95419847,0.93129771,-15.8778626,0.432617188,-1.097412109,-0.002197266,5.335877863,-25.89312977,-1.564885496
4645,1780506962,-1.127929688,0.204345703,-0.153808594,-22.0610687,-1.923664122,-8.114503817,0.448242188,-1.064453125,-0.010498047,5.496183206,-16.1221374,-4.381679389
4646,1780506962,-1.057617188,0.110595703,-0.215332031,-12.39694656,-0.473282443,-7.854961832,0.396728516,-1.052734375,-0.010009766,5.488549618,-7.06870229,-4.13740458
4647,1780506962,-1.007080078,0.110107422,-0.221191406,-6.923664122,-1.79389313,-6.732824427,0.365966797,-0.986816406,-0.030517578,3.755725191,0.801526718,-3.694656489
4648,1780506962,-0.968017578,0.137451172,-0.225585938,-1.740458015,-2.72519084,-5.251908397,0.334472656,-0.96484375,-0.042724609,2.129770992,8.503816794,-3
4649,1780506962,-0.915771484,0.222167969,-0.223388672,6.572519084,-3.748091603,-3.091603053,0.305175781,-0.964355469,-0.028564453,0.572519084,13.83206107,-1.267175573
4650,1780506962,-0.921875,0.254638672,-0.221191406,11.34351145,-4.732824427,-0.877862595,0.260498047,-0.967041016,-0.041015625,-1.022900763,21.16030534,0.122137405
4651,1780506962,-0.895263672,0.259521484,-0.206054688,15.95419847,-5.885496183,0.694656489,0.206054688,-0.992431641,-0.020263672,-1.625954198,24.25954198,1.038167939
4652,1780506962,-0.913085938,0.268066406,-0.213867188,19.3740458,-6.595419847,1.030534351,0.156005859,-0.984619141,-0.009033203,-1.885496183,25.19083969,1.022900763
4653,1780506962,-0.908935547,0.288818359,-0.203125,20.02290076,-7.267175573,1.083969466,0.108886719,-1.013183594,0.005615234,-1.732824427,24.20610687,0.923664122
4654,1780506962,-0.892089844,0.316162109,-0.214111328,18.06870229,-7.297709924,0.603053435,0.058105469,-0.996826172,0.028320313,-0.870229008,20.75572519,0.900763359
4655,1780506962,-0.877929688,0.338378906,-0.208496094,14.69465649,-6.328244275,0.015267176,0.040039063,-0.991699219,0.037841797,-0.320610687,16.0610687,0.854961832
4656,1780506962,-0.864990234,0.358398438,-0.207275391,9.503816794,-5.06870229,-0.732824427,0.047119141,-0.989257813,0.047119141,0.519083969,10.71755725,1.045801527
4657,1780506962,-0.866943359,0.326416016,-0.207275391,4.06870229,-3.908396947,-1.160305344,0.071777344,-0.985839844,0.061767578,0.893129771,5.396946565,1.007633588
4658,1780506962,-0.877929688,0.307617188,-0.21875,-0.236641221,-2.541984733,-1.740458015,0.100341797,-0.987304688,0.067626953,0.748091603,1.618320611,1
4659,1780506962,-0.890869141,0.284667969,-0.173339844,-2.709923664,-1.847328244,-1.961832061,0.126220703,-0.989746094,0.068603516,0.213740458,-0.213740458,0.679389313
4660,1780506962,-0.892089844,0.250732422,-0.184814453,-3.251908397,-1.496183206,-2.404580153,0.145263672,-0.996337891,0.069091797,-0.251908397,-0.854961832,0.526717557
4661,1780506962,-0.921630859,0.260742188,-0.165283203,-3.458015267,-1.450381679,-2.229007634,0.168212891,-0.990722656,0.058105469,-0.687022901,-0.709923664,0.396946565
4662,1780506962,-0.928222656,0.244140625,-0.159667969,-2.595419847,-1.93129771,-2.419847328,0.164306641,-1.00390625,0.036376953,-0.832061069,0.175572519,0.145038168
4663,1780506962,-0.931152344,0.256835938,-0.154541016,-1.755725191,-2.183206107,-2.198473282,0.163818359,-1.012451172,0.030273438,-0.328244275,0.908396947,-0.038167939
4664,1780506962,-0.9296875,0.271484375,-0.157470703,-1.259541985,-2.381679389,-2.076335878,0.155517578,-1.004150391,0.043457031,0.358778626,1.770992366,0.030534351
4665,1780506962,-0.917724609,0.280761719,-0.156738281,-1.549618321,-2.541984733,-2.259541985,0.147216797,-1.007080078,0.041748047,0.86259542,1.72519084,0.190839695
4666,1780506962,-0.921386719,0.280029297,-0.168457031,-2.045801527,-2.221374046,-2.167938931,0.141601563,-0.998779297,0.043457031,0.969465649,1.083969466,0.198473282
4667,1780506962,-0.909912109,0.267822266,-0.171142578,-2.312977099,-2.167938931,-2.213740458,0.145507813,-1.006835938,0.03125,1.320610687,0.679389313,-0.229007634
4668,1780506962,-0.915039063,0.283203125,-0.177246094,-0.671755725,-3.022900763,1,0.197509766,-0.979248047,0.054931641,1.305343511,-0.030534351,-6.328244275
4669,1780506962,-0.945800781,0.247314453,-0.155517578,-1.076335878,-2.778625954,3.671755725,0.145507813,-1.007080078,0.014160156,-0.320610687,0.908396947,-5.221374046
4670,1780506962,-0.878662109,0.141601563,-0.193603516,2.282442748,-3.435114504,-3.152671756,0.154052734,-1.010253906,0.056152344,1.320610687,4.93129771,-0.167938931
4671,1780506962,-0.896240234,0.400390625,-0.204345703,-9.458015267,-1.442748092,-1.786259542,0.159667969,-0.989501953,0.026123047,0.366412214,3.022900763,0.740458015
4672,1780506962,-0.920166016,0.218505859,-0.192871094,-3.259541985,-0.679389313,-1.809160305,0.178710938,-0.993652344,0.045166016,0.053435115,1.824427481,0.519083969
4673,1780506962,-0.913085938,0.298095703,-0.191894531,-0.229007634,-1.595419847,-1.229007634,0.185058594,-0.999511719,0.027832031,0.13740458,4.480916031,1.221374046
4674,1780506962,-0.918212891,0.298828125,-0.179199219,-0.610687023,-1.717557252,-0.160305344,0.201416016,-0.998291016,0.031982422,-0.557251908,5.801526718,0.885496183
4675,1780506962,-0.939208984,0.269287109,-0.163085938,5.427480916,-2.671755725,4.786259542,0.222412109,-0.98046875,0.063476563,-0.450381679,4.770992366,-7.740458015
4676,1780506962,-0.970947266,0.138916016,-0.136474609,6.854961832,-2.885496183,9.648854962,0.218261719,-0.998779297,0.010742188,-2.213740458,8.297709924,-6.72519084
4677,1780506962,-0.930908203,0.261474609,-0.189208984,16.5648855,-3.198473282,7.290076336,0.293701172,-1.025878906,0.065673828,-0.984732824,13.04580153,-6.93129771
4678,1780506962,-0.9609375,0.288085938,-0.142089844,-3.282442748,-0.450381679,11.61832061,0.2265625,-0.991455078,0.033935547,-4.297709924,9.312977099,-5.465648855
4679,1780506962,-0.967773438,-0.034423828,-0.16015625,10.48091603,-2.977099237,5.358778626,0.222167969,-1.005859375,0.076660156,-3.839694656,7.908396947,-7.961832061
4680,1780506962,-0.970458984,0.216552734,-0.13671875,12.77862595,-5.251908397,7.236641221,0.234375,-0.984863281,-0.005859375,-5.595419847,17.08396947,-12.60305344
4681,1780506962,-0.956787109,0.165283203,-0.175048828,19.78625954,-6.770992366,10.04580153,0.279541016,-0.978515625,-0.03515625,-4.480916031,26.36641221,-17.9389313
4682,1780506962,-0.943847656,0.271972656,-0.183837891,25.63358779,-6.351145038,14.74045802,0.302978516,-0.957763672,-0.030273438,-4.923664122,29.97709924,-20.53435115
4683,1780506962,-0.929931641,0.252929688,-0.206787109,26.3740458,-6.854961832,17.38931298,0.246337891,-0.971435547,0.038330078,-6.099236641,33.06870229,-20.19847328
4684,1780506962,-0.896484375,0.155517578,-0.245849609,29.00763359,-6.427480916,13.89312977,0.163330078,-0.98828125,0.044189453,-6.984732824,36.07633588,-17.00763359
4685,1780506962,-0.883789063,0.150390625,-0.272216797,31.24427481,-4.610687023,6.671755725,0.0859375,-1.01953125,0.056640625,-8.526717557,33.65648855,-13.20610687
4686,1780506962,-0.897705078,0.222900391,-0.240478516,26.61832061,-3.114503817,1.908396947,0.076904297,-1.064208984,0.063232422,-8.984732824,26.28244275,-10.41984733
4687,1780506962,-0.957519531,0.200683594,-0.25,19.54198473,-1.335877863,-7.190839695,0.074707031,-1.09375,0.042236328,-8.603053435,19.92366412,-8.389312977
4688,1780506962,-1.033691406,0.000488281,-0.264892578,17.15267176,-0.320610687,-16.03816794,0.128662109,-1.064697266,0.042236328,-7.79389313,12.76335878,-16.3129771
4689,1780506962,-1.031005859,-0.303955078,-0.256835938,17.19083969,-0.839694656,-30.54961832,0.117919922,-1.026855469,-0.058837891,-9.870229008,10.75572519,-15.00763359
4690,1780506962,-0.967041016,0.047119141,-0.324707031,26.34351145,-1.389312977,-39.39694656,0.248779297,-1.114746094,-0.076416016,-10.02290076,14.41984733,-18.07633588
4691,1780506962,-0.991699219,0.171142578,-0.26171875,13.40458015,-0.122137405,-35.26717557,0.334960938,-1.011474609,-0.055664063,-13.09923664,15.1221374,-20.47328244
4692,1780506962,-1.079101563,-0.02734375,-0.303710938,21.67938931,-0.389312977,-38.34351145,0.421142578,-1.046386719,0.015136719,-10.54961832,19.07633588,-25.14503817
4693,1780506962,-1.077880859,0.0703125,-0.240234375,15.88549618,0.809160305,-38.54198473,0.354980469,-1.010009766,-0.003662109,-11.71755725,22.00763359,-27.33587786
4694,1780506962,-0.986328125,-0.121826172,-0.227294922,23.19847328,1.938931298,-43.23664122,0.309082031,-0.997314453,0.080810547,-10.80916031,22.98473282,-25.17557252
4695,1780506962,-0.998535156,-0.033203125,-0.219482422,22.76335878,3.34351145,-50.58778626,0.287353516,-0.997314453,0.049560547,-11.21374046,21.36641221,-26.93129771
4696,1780506962,-1.006103516,-0.126464844,-0.21875,24.22137405,4.091603053,-55.91603053,0.284179688,-1.002685547,0.026123047,-12.3129771,20.18320611,-31.73282443
4697,1780506962,-1.065673828,-0.107421875,-0.220458984,24.05343511,3.038167939,-59.82442748,0.298583984,-1.026123047,-0.033691406,-12.85496183,19.35114504,-38.00763359
4698,1780506962,-1.087402344,-0.130615234,-0.230224609,23.80916031,2.297709924,-62.86259542,0.320556641,-1.032470703,-0.053222656,-13.44274809,17.96183206,-44.87022901
4699,1780506962,-1.115722656,-0.124023438,-0.241699219,22.58015267,1.72519084,-65,0.345214844,-1.036621094,-0.046386719,-12.89312977,14.80916031,-52.17557252
4700,1780506962,-1.121337891,-0.106689453,-0.243896484,20.16793893,2.030534351,-66.58015267,0.372558594,-1.044921875,-0.016845703,-12.3740458,11.72519084,-58.96183206
4701,1780506962,-1.135498047,-0.088134766,-0.263671875,16.74045802,2.297709924,-67.80152672,0.374023438,-1.045410156,-0.013671875,-11.84732824,9.702290076,-64.7480916
4702,1780506962,-1.133544922,-0.09765625,-0.258544922,12.30534351,3.152671756,-69.87022901,0.343994141,-1.039550781,0.030761719,-12.40458015,2.877862595,-68.05343511
4703,1780506962,-1.124755859,-0.112792969,-0.261474609,9.541984733,4.297709924,-73.54961832,0.37109375,-1.027832031,0.029052734,-12.78625954,-0.244274809,-70.98473282
4704,1780506963,-1.127441406,-0.116699219,-0.238037109,5.885496183,5.824427481,-77.1221374,0.383300781,-1.010009766,0.040527344,-13.51908397,-3.717557252,-73.76335878
4705,1780506963,-1.125,-0.185058594,-0.239746094,3.129770992,6.679389313,-83.36641221,0.356445313,-0.993408203,0.000244141,-14.5648855,-6.442748092,-71.8778626
4706,1780506963,-1.108154297,-0.204101563,-0.257568359,7.511450382,7.20610687,-91.57251908,0.415527344,-1.00390625,-0.006347656,-13.00763359,-4.496183206,-73.18320611
4707,1780506963,-1.152587891,-0.142578125,-0.26953125,-1.633587786,9.160305344,-95.65648855,0.427246094,-0.9921875,-0.044677734,-13.33587786,-7.290076336,-76.38931298
4708,1780506963,-1.155517578,-0.452392578,-0.194824219,4.442748092,8.106870229,-102.9465649,0.369628906,-0.989013672,-0.040771484,-14.16793893,-6.473282443,-76.2519084
4709,1780506963,-1.167236328,-0.244140625,-0.240722656,6.129770992,7.20610687,-110.4427481,0.425537109,-0.973876953,-0.018554688,-14.93129771,-4.824427481,-78.93129771
4710,1780506963,-1.170410156,-0.314453125,-0.219726563,6.854961832,6.687022901,-119.0610687,0.415283203,-0.981933594,-0.027832031,-15.29770992,-2.984732824,-78.6870229
4711,1780506963,-1.178466797,-0.389404297,-0.241699219,11.27480916,5.992366412,-128.7251908,0.436523438,-0.970947266,-0.078613281,-14.83206107,-1.801526718,-78.32824427
4712,1780506963,-1.202148438,-0.373046875,-0.280517578,14.61832061,6.389312977,-137.610687,0.480712891,-0.953369141,-0.061767578,-14.3740458,2.702290076,-77.35114504
4713,1780506963,-1.228515625,-0.340820313,-0.321289063,16.38167939,8.076335878,-144.5648855,0.525634766,-0.973144531,-0.002441406,-13.93129771,3.099236641,-78.66412214
4714,1780506963,-1.256103516,-0.311035156,-0.315429688,13.07633588,9.503816794,-147.7251908,0.559326172,-0.948974609,-0.000244141,-14.82442748,1.229007634,-81.90839695
4715,1780506963,-1.256347656,-0.363769531,-0.282470703,12.22900763,10.08396947,-150.1145038,0.560546875,-0.939697266,-0.075927734,-15.41984733,1.526717557,-84.18320611
4716,1780506963,-1.250244141,-0.393310547,-0.239501953,13.40458015,8.687022901,-151.9312977,0.580566406,-0.897949219,-0.031982422,-15.7480916,2.06870229,-90.19847328
4717,1780506963,-1.225097656,-0.411621094,-0.218017578,17.16793893,7.282442748,-152.8015267,0.622558594,-0.900146484,-0.061035156,-16.36641221,0.015267176,-95.6870229
4718,1780506963,-1.257568359,-0.361328125,-0.188964844,17.98473282,6.076335878,-151.5648855,0.655761719,-0.924072266,-0.098144531,-14.3129771,3.992366412,-101.4122137
4719,1780506963,-1.254882813,-0.390625,-0.210449219,20.07633588,5.786259542,-150.5267176,0.680908203,-0.898681641,-0.077636719,-14.01526718,3.938931298,-102.9541985
4720,1780506963,-1.235595703,-0.361816406,-0.269775391,20.26717557,2.473282443,-148.351145,0.694824219,-0.917724609,-0.053955078,-15.90076336,1.465648855,-105.6030534
4721,1780506963,-1.26953125,-0.364990234,-0.301513672,18.87022901,2.076335878,-144.6183206,0.693115234,-0.964355469,-0.064208984,-15.45801527,1.694656489,-112.9465649
4722,1780506963,-1.277099609,-0.331298828,-0.343994141,18.22137405,3.374045802,-140.8931298,0.672119141,-0.967285156,-0.09375,-15.7480916,0.969465649,-116.3358779
4723,1780506963,-1.237792969,-0.313964844,-0.396728516,12.82442748,5.969465649,-137.8015267,0.673828125,-0.91796875,-0.006835938,-16.10687023,-2.938931298,-119.0152672
4724,1780506963,-1.189453125,-0.33203125,-0.361572266,7.335877863,8.580152672,-135.0763359,0.668212891,-0.880371094,-0.042724609,-15.64885496,-7.511450382,-122.9541985
4725,1780506963,-1.163818359,-0.309814453,-0.364257813,-1.595419847,11.32824427,-132.0305344,0.646728516,-0.862060547,-0.090576172,-18.58015267,-13.57251908,-123.8320611
4726,1780506963,-1.15234375,-0.450439453,-0.326171875,-0.923664122,12.13740458,-133.7862595,0.660644531,-0.869628906,-0.101318359,-18.66412214,-16.54961832,-122.4045802
4727,1780506963,-1.187988281,-0.349853516,-0.285400391,-5.404580153,13.03053435,-133.2137405,0.753662109,-0.894042969,-0.110839844,-18.0610687,-20.07633588,-122.1068702
4728,1780506963,-1.204833984,-0.384765625,-0.276611328,-10.80916031,13.06870229,-130.0152672,0.792724609,-0.896728516,-0.130615234,-18.22137405,-21.36641221,-123.480916
4729,1780506963,-1.192382813,-0.524169922,-0.241455078,-8.358778626,11.3129771,-128.7251908,0.797607422,-0.871337891,-0.128173828,-19.29770992,-21.03053435,-123.6259542
4730,1780506963,-1.182861328,-0.494384766,-0.238769531,-4.427480916,9.160305344,-127.1755725,0.854492188,-0.832275391,-0.1484375,-20.63358779,-16.10687023,-123.2519084
4731,1780506963,-1.147460938,-0.513427734,-0.237792969,-1.816793893,8.083969466,-126.9541985,0.889648438,-0.8046875,-0.124023438,-21.07633588,-8.748091603,-126.2671756
4732,1780506963,-1.119384766,-0.550048828,-0.238525391,7.755725191,6.709923664,-120.0687023,0.869628906,-0.700927734,-0.089599609,-20.09160305,-3.580152672,-129.6259542
4733,1780506963,-0.989257813,-0.508789063,-0.318847656,16.82442748,8.335877863,-116.0229008,0.874511719,-0.669189453,-0.093017578,-21.42748092,3.702290076,-130.5496183
4734,1780506963,-0.955322266,-0.498779297,-0.333984375,14.67175573,9.778625954,-114.2748092,0.812744141,-0.666748047,-0.115478516,-23.06870229,4.129770992,-127.5725191
4735,1780506963,-1.015869141,-0.343994141,-0.397460938,26.53435115,9.458015267,-107.7633588,0.922851563,-0.743896484,-0.032958984,-22.24427481,6.267175573,-132.5267176
4736,1780506963,-1.029052734,-0.349609375,-0.346435547,10.72519084,12.22900763,-99.01526718,0.818847656,-0.675292969,-0.109375,-24.27480916,1.366412214,-131.1068702
4737,1780506963,-0.966552734,-0.418701172,-0.330078125,16.61068702,12.20610687,-98.47328244,0.826171875,-0.680175781,-0.117431641,-25.11450382,-0.404580153,-128.5725191
4738,1780506963,-0.926025391,-0.245605469,-0.283691406,7.748091603,13.53435115,-92.44274809,0.813720703,-0.631591797,-0.080566406,-24.78625954,-1.900763359,-124.7633588
4739,1780506963,-0.858398438,-0.373291016,-0.250732422,8.954198473,12.85496183,-90.10687023,0.776367188,-0.552001953,-0.097900391,-24.8778626,-1.641221374,-120.5343511
4740,1780506963,-0.806640625,-0.385986328,-0.295410156,11.52671756,11.90839695,-87.96183206,0.756347656,-0.487304688,-0.131591797,-28.02290076,-1.282442748,-117.0381679
4741,1780506963,-0.740722656,-0.40234375,-0.308837891,16.51145038,11.73282443,-86.67938931,0.729492188,-0.481201172,-0.080078125,-28.6259542,0.41221374,-112.2977099
4742,1780506963,-0.700683594,-0.307617188,-0.366699219,18.75572519,14.41221374,-86.38167939,0.733154297,-0.466308594,-0.060791016,-28.33587786,0.977099237,-102.3129771
4743,1780506963,-0.643798828,-0.189941406,-0.396484375,13.86259542,18.73282443,-86.75572519,0.688720703,-0.440185547,-0.066162109,-27.90076336,1.717557252,-91.96946565
4744,1780506963,-0.631347656,-0.125244141,-0.428710938,8.053435115,23.24427481,-83.71755725,0.678222656,-0.445800781,-0.034179688,-28.87022901,-5.129770992,-87.19847328
4745,1780506963,-0.623779297,-0.045166016,-0.398925781,-0.916030534,27.26717557,-74.90076336,0.668457031,-0.407714844,-0.037353516,-30.20610687,-19.3740458,-84.18320611
4746,1780506963,-0.551757813,0.030029297,-0.329101563,-10.84732824,31.25954198,-66.21374046,0.653808594,-0.369628906,-0.088867188,-30.90076336,-31.8778626,-75.20610687
4747,1780506963,-0.472167969,0.041748047,-0.250976563,-21.95419847,32.32061069,-60.44274809,0.681884766,-0.325439453,-0.185302734,-31.17557252,-36.27480916,-60.67938931
4748,1780506963,-0.452148438,-0.041748047,-0.195068359,-24.04580153,30.96183206,-55.82442748,0.797851563,-0.30078125,-0.204345703,-30.61832061,-33.77099237,-48.41984733
4749,1780506963,-0.460693359,-0.150634766,-0.113037109,-20.73282443,27.88549618,-47.21374046,0.924316406,-0.292724609,-0.221191406,-28.45801527,-22.58778626,-42.21374046
4750,1780506963,-0.470214844,-0.214355469,-0.073486328,-9.664122137,23.09923664,-36.71755725,1.009033203,-0.231445313,-0.200927734,-26.64122137,-8.618320611,-37.67175573
4751,1780506963,-0.416015625,-0.284912109,-0.069091797,9.442748092,19.1221374,-23.77862595,1.049316406,-0.204833984,-0.226074219,-24.55725191,11.60305344,-32.02290076
4752,1780506963,-0.411376953,-0.094726563,-0.094482422,15.3129771,15.36641221,-11.46564885,1.007080078,-0.224609375,-0.187011719,-23.32061069,24.80152672,-27.92366412
4753,1780506963,-0.416503906,-0.362548828,-0.068115234,31.92366412,9.969465649,-0.503816794,0.900146484,-0.23046875,-0.142089844,-22.55725191,34.28244275,-23.15267176
4754,1780506963,-0.396728516,-0.220947266,-0.061767578,38.67175573,7.358778626,6.114503817,0.868652344,-0.262695313,-0.119384766,-21.49618321,39.28244275,-17.00763359
4755,1780506963,-0.40625,-0.176757813,-0.093994141,37.30534351,5.870229008,14.21374046,0.779541016,-0.274658203,-0.111328125,-18.11450382,39.18320611,-9.198473282
4756,1780506963,-0.423339844,-0.262451172,-0.093017578,34.57251908,2.908396947,18.60305344,0.754638672,-0.301757813,-0.080566406,-16.35877863,37.10687023,-4.297709924
4757,1780506963,-0.467773438,-0.293457031,-0.088378906,33.03816794,1.221374046,22.6259542,0.737792969,-0.303222656,-0.122802734,-14.79389313,33.90076336,0.251908397
4758,1780506963,-0.428710938,-0.373779297,-0.055664063,31.08396947,-0.519083969,23.71755725,0.714355469,-0.263427734,-0.058105469,-11.83969466,34.69465649,6.633587786
4759,1780506963,-0.389648438,-0.395996094,-0.072021484,29.76335878,-1.618320611,22.67938931,0.684814453,-0.207519531,-0.053466797,-9.938931298,33.6259542,13.39694656
4760,1780506963,-0.354736328,-0.48046875,-0.1015625,30.11450382,-2.114503817,20.47328244,0.686767578,-0.215087891,-0.035888672,-9.06870229,27.88549618,19.35877863
4761,1780506963,-0.425292969,-0.435302734,-0.173828125,23.95419847,-0.86259542,20.67175573,0.752441406,-0.308349609,-0.044677734,-7.458015267,21.50381679,20.05343511
4762,1780506963,-0.548828125,-0.310302734,-0.143066406,12.32824427,1.27480916,26.38931298,0.768310547,-0.377929688,0.008300781,-5.267175573,11.7480916,17.90839695
4763,1780506963,-0.615966797,-0.569335938,-0.129882813,13.6870229,0.709923664,29.67175573,0.854248047,-0.418457031,-0.071533203,-2.610687023,8.687022901,15.75572519
4764,1780506963,-0.66015625,-0.362060547,-0.152099609,-8.580152672,2.687022901,35.50381679,0.848144531,-0.382324219,-0.115478516,-2.633587786,3.832061069,14.19847328
4765,1780506963,-0.619628906,-0.780273438,-0.084716797,-3.290076336,-0.183206107,33.77099237,0.863037109,-0.314208984,-0.078857422,-1.709923664,-0.801526718,15.05343511
4766,1780506963,-0.576904297,-0.663818359,-0.070068359,-4.099236641,-2.305343511,31.70229008,0.88671875,-0.280761719,-0.124023438,-1.488549618,0.450381679,20.15267176
4767,1780506963,-0.487304688,-0.808105469,-0.019287109,-0.335877863,-5.519083969,24.77099237,0.892822266,-0.210205078,-0.138183594,1.824427481,11.5648855,26.11450382
4768,1780506963,-0.489013672,-0.647949219,-0.150390625,5.358778626,-7.633587786,24.58778626,0.991943359,-0.209716797,-0.120361328,3.496183206,15.75572519,26.60305344
4769,1780506963,-0.536621094,-0.750732422,-0.169433594,8.404580153,-7.633587786,25.19847328,0.971679688,-0.279785156,-0.073486328,3.916030534,17.09923664,26.45038168
4770,1780506963,-0.638427734,-0.737548828,-0.211181641,9.854961832,-5.053435115,25.32824427,0.968505859,-0.395507813,-0.032226563,3.732824427,11.87022901,26.23664122
4771,1780506963,-0.712402344,-0.642822266,-0.204101563,0.564885496,-3.664122137,25.58778626,0.9296875,-0.452148438,-0.032958984,4.916030534,3.534351145,24.38167939
4772,1780506963,-0.758544922,-0.474121094,-0.211914063,-14.70229008,-0.93129771,32.89312977,1.016601563,-0.414794922,-0.055419922,5.984732824,-3.511450382,16.78625954
4773,1780506963,-0.733886719,-0.701904297,-0.174316406,-17.05343511,-1.198473282,37.0610687,0.959960938,-0.314208984,-0.013427734,6.007633588,-7.251908397,14.19847328
4774,1780506963,-0.609375,-0.884521484,-0.087646484,-19.45038168,-3.305343511,32.66412214,0.872314453,-0.234619141,-0.08203125,6.496183206,-7.557251908,19.22900763
4775,1780506963,-0.486572266,-0.958007813,-0.028808594,-8.633587786,-5.969465649,23.07633588,0.865478516,-0.188720703,-0.131591797,9.687022901,-2.099236641,27.27480916
4776,1780506963,-0.542236328,-0.579345703,-0.111816406,-10.3740458,-6.244274809,22.40458015,1.015380859,-0.269042969,-0.171142578,11.40458015,1.824427481,29.19083969
4777,1780506963,-0.611816406,-0.914550781,-0.180908203,-5.122137405,-9.625954198,17.18320611,1.007568359,-0.384277344,-0.168212891,7.961832061,5.061068702,32.05343511
4778,1780506963,-0.834716797,-0.726074219,-0.25390625,-1.076335878,-10.79389313,22.12977099,1.216308594,-0.545654297,-0.025878906,7.389312977,4.381679389,22.75572519
4779,1780506963,-0.922607422,-0.849609375,-0.248535156,3.595419847,-9.984732824,24.91603053,1.098144531,-0.594970703,-0.035644531,8.801526718,8.946564885,19.67175573
4780,1780506963,-0.903320313,-0.454589844,-0.260742188,-7.374045802,-8.27480916,34.73282443,1.061523438,-0.415039063,-0.066894531,8.213740458,8.083969466,13.26717557
4781,1780506963,-0.693603516,-0.85546875,-0.221923828,1.908396947,-6.511450382,35.61832061,0.962646484,-0.297119141,-0.028076172,7.854961832,6.641221374,11.71755725
4782,1780506963,-0.552001953,-0.698730469,-0.164550781,-11.25954198,-6.061068702,31.90076336,0.781005859,-0.22265625,-0.097167969,8.183206107,-0.610687023,19.53435115
4783,1780506963,-0.437988281,-0.970458984,-0.111816406,-5.091603053,-8.473282443,17.6870229,0.80859375,-0.287109375,-0.133056641,8.664122137,-2.755725191,22.90076336
4784,1780506963,-0.641601563,-0.651367188,-0.205566406,-12.25954198,-7.79389313,19.09160305,0.977294922,-0.423095703,-0.103271484,7.366412214,-5.389312977,23.41221374
4785,1780506963,-0.803955078,-0.788085938,-0.247802734,-12.47328244,-7.893129771,15.22137405,1.014160156,-0.549316406,-0.068603516,8.145038168,-2.816793893,25.0610687
4786,1780506963,-0.896484375,-0.808105469,-0.307128906,-3.381679389,-8.557251908,11.89312977,1.111083984,-0.552001953,-0.076660156,7.511450382,2.755725191,19.28244275
4787,1780506964,-0.840332031,-0.778320313,-0.256347656,-10.69465649,-5.534351145,16.47328244,1.016113281,-0.443847656,-0.0625,6.946564885,4.396946565,17.79389313
4788,1780506964,-0.705078125,-0.709472656,-0.284912109,-11.0610687,-3.381679389,16.88549618,0.949951172,-0.347412109,-0.042480469,6.13740458,0.954198473,16.82442748
4789,1780506964,-0.618164063,-0.709716797,-0.232910156,-13.09923664,-1.213740458,17.21374046,0.908935547,-0.308105469,-0.018310547,6.72519084,-5.045801527,13.05343511
4790,1780506964,-0.599121094,-0.747802734,-0.145751953,-18.94656489,-0.65648855,16.05343511,0.799560547,-0.305908203,-0.087890625,6.702290076,-12.03053435,16.35877863
4791,1780506964,-0.566650391,-0.725097656,-0.150634766,-12.00763359,-2.541984733,11.05343511,0.861328125,-0.373535156,-0.085205078,8.099236641,-16.07633588,15.77099237
4792,1780506964,-0.673095703,-0.721679688,-0.168457031,-17.70992366,-2.847328244,9.473282443,0.930419922,-0.425537109,-0.125488281,7.633587786,-18.82442748,15.96946565
4793,1780506964,-0.791015625,-0.783203125,-0.233398438,-18.06870229,-3.664122137,7.381679389,1.015625,-0.517822266,-0.147705078,6.664122137,-15.87022901,15.77862595
4794,1780506964,-0.876220703,-0.653076172,-0.296142578,-16.14503817,-3.740458015,10.32824427,1.127685547,-0.552978516,-0.094970703,5.389312977,-8.580152672,12.83206107
4795,1780506964,-0.859375,-0.787597656,-0.269042969,-7.183206107,-3.427480916,10.36641221,1.07421875,-0.478759766,-0.052001953,5.358778626,-0.923664122,12.1221374
4796,1780506964,-0.729003906,-0.705078125,-0.245117188,-3.251908397,-2.65648855,9.778625954,1.027099609,-0.364990234,-0.075195313,5.213740458,4.641221374,11.96946565
4797,1780506964,-0.600585938,-0.690673828,-0.173339844,-2.923664122,-1.358778626,12.1221374,0.900146484,-0.280517578,-0.076904297,5.526717557,5.190839695,12.22900763
4798,1780506964,-0.547607422,-0.718994141,-0.149169922,-3.183206107,-1.572519084,10.32061069,0.823486328,-0.279296875,-0.093017578,5.992366412,0.534351145,13.41221374
4799,1780506964,-0.568847656,-0.592529297,-0.165527344,-8.763358779,-0.106870229,10.09923664,0.833496094,-0.356201172,-0.125,6.290076336,-6.687022901,14.14503817
4800,1780506964,-0.670166016,-0.5546875,-0.181640625,-13.67175573,-3.083969466,10.65648855,0.887695313,-0.474121094,-0.121337891,5.671755725,-11.44274809,14.63358779
4801,1780506964,-0.776367188,-0.566650391,-0.207763672,-15.22137405,-4.305343511,11.2519084,0.952880859,-0.557373047,-0.068115234,5.534351145,-12.16793893,15.01526718
4802,1780506964,-0.818603516,-0.556640625,-0.235351563,-14.29007634,-4.755725191,12.6870229,0.972167969,-0.522216797,-0.075195313,5.816793893,-8.183206107,16.09160305
4803,1780506964,-0.752441406,-0.534423828,-0.248046875,-11.34351145,-3.954198473,14.66412214,0.967285156,-0.440185547,-0.077880859,6.213740458,-2.618320611,17.73282443
4804,1780506964,-0.665283203,-0.534912109,-0.243896484,-8.259541985,-2.809160305,16.53435115,0.911621094,-0.368164063,-0.074462891,6.083969466,0.503816794,19.87022901
4805,1780506964,-0.596435547,-0.505859375,-0.223632813,-6.34351145,-2.099236641,18.70229008,0.852294922,-0.332519531,-0.065673828,5.305343511,0.79389313,21.36641221
4806,1780506964,-0.571777344,-0.497314453,-0.204833984,-6.366412214,-2.152671756,19.78625954,0.781982422,-0.337890625,-0.090576172,4.916030534,-1.351145038,21.55725191
4807,1780506964,-0.552978516,-0.416259766,-0.224609375,-6.854961832,-1.908396947,21.4351145,0.767578125,-0.402832031,-0.109619141,5.236641221,-5.198473282,26.04580153
4808,1780506964,-0.646484375,-0.354736328,-0.264404297,-9.900763359,-1.129770992,24.14503817,0.822265625,-0.500976563,-0.164306641,5.488549618,-6.870229008,28.96183206
4809,1780506964,-0.765625,-0.338623047,-0.251953125,-15.36641221,-1.282442748,26.57251908,0.850585938,-0.591796875,-0.112792969,6.152671756,-8.282442748,31.38167939
4810,1780506964,-0.807128906,-0.328857422,-0.251708984,-16.32824427,-1.992366412,29.51145038,0.864990234,-0.572753906,-0.104003906,6.404580153,-8.404580153,34.11450382
4811,1780506964,-0.76171875,-0.312744141,-0.245605469,-16.12977099,-2.404580153,33.80916031,0.884521484,-0.500976563,-0.09765625,6.305343511,-6.045801527,34.5648855
4812,1780506964,-0.736816406,-0.175537109,-0.25390625,-21.01526718,-1.992366412,43.11450382,0.823730469,-0.383300781,-0.102050781,4.748091603,-6.259541985,32.3129771
4813,1780506964,-0.602050781,-0.504882813,-0.185546875,-6.603053435,-3.618320611,44.40458015,0.799804688,-0.366455078,-0.104736328,6.083969466,1.458015267,40.40458015
4814,1780506964,-0.546142578,-0.051025391,-0.259033203,-9.419847328,-2.282442748,49.45038168,0.809326172,-0.373046875,-0.099365234,9.740458015,3.152671756,48.27480916
4815,1780506964,-0.578857422,-0.2578125,-0.245849609,-10.53435115,-1.167938931,51.80152672,0.739501953,-0.455566406,-0.133544922,4.992366412,2.34351145,55.17557252
4816,1780506964,-0.743652344,-0.240478516,-0.285644531,-2.328244275,-1.34351145,54.45801527,0.81640625,-0.606933594,-0.103515625,5.603053435,4.641221374,57.6259542
4817,1780506964,-0.875244141,-0.059082031,-0.289550781,-4.213740458,-1.374045802,60.83969466,0.867675781,-0.66796875,-0.123535156,6.20610687,6.595419847,55.10687023
4818,1780506964,-0.924560547,-0.204589844,-0.255126953,0.404580153,-2.27480916,73.77099237,0.877685547,-0.615234375,-0.097900391,6.374045802,9.404580153,52.45038168
4819,1780506964,-0.8671875,-0.1015625,-0.245605469,-9.801526718,-0.961832061,83.38167939,0.815429688,-0.537109375,-0.106445313,4.366412214,6.114503817,52.72519084
4820,1780506964,-0.793457031,-0.236328125,-0.217285156,-5.870229008,-2.709923664,89.27480916,0.776123047,-0.486572266,-0.081542969,3.580152672,3.687022901,53.88549618
4821,1780506964,-0.752685547,-0.142578125,-0.167724609,-8.335877863,-3.633587786,94.7480916,0.761962891,-0.477050781,-0.102294922,4.435114504,4.740458015,56.80916031
4822,1780506964,-0.726074219,-0.175537109,-0.141113281,-5.442748092,-5.396946565,96.64122137,0.746337891,-0.503417969,-0.148681641,4.671755725,9.86259542,67.63358779
4823,1780506964,-0.777832031,-0.246582031,-0.192138672,-0.641221374,-7.259541985,95.05343511,0.779296875,-0.580078125,-0.139404297,3.961832061,18.40458015,75.99236641
4824,1780506964,-0.884033203,-0.254394531,-0.222167969,6.603053435,-7.633587786,94.73282443,0.812011719,-0.664550781,-0.0703125,4.129770992,24.5648855,79.83206107
4825,1780506964,-1.010009766,-0.203369141,-0.279541016,10.51145038,-7.244274809,95.85496183,0.831054688,-0.718017578,-0.063232422,3.389312977,28.77862595,80.48091603
4826,1780506964,-1.044921875,-0.203369141,-0.256835938,12.13740458,-6.954198473,101.221374,0.792724609,-0.699707031,-0.048583984,2.603053435,30.26717557,79.86259542
4827,1780506964,-1.005859375,-0.203369141,-0.262695313,13.19847328,-6.465648855,104.2442748,0.744628906,-0.653564453,-0.059326172,1.709923664,30.66412214,78.94656489
4828,1780506964,-0.945556641,-0.180664063,-0.21875,12.54198473,-5.65648855,107.3206107,0.691650391,-0.597900391,-0.045410156,1.038167939,28.3129771,79.35877863
4829,1780506964,-0.914550781,-0.171142578,-0.161621094,11.45038168,-5.778625954,109.1221374,0.660400391,-0.621582031,-0.003173828,0.404580153,24.96183206,81.97709924
4830,1780506964,-0.911621094,-0.161621094,-0.161132813,9.465648855,-6.335877863,108.4503817,0.671142578,-0.684326172,-0.043945313,-0.86259542,23.45038168,84.22137405
4831,1780506964,-0.997314453,-0.170654297,-0.174316406,10.35114504,-6.93129771,106.5877863,0.674804688,-0.767333984,0.011230469,-0.816793893,22.78625954,90.61832061
4832,1780506964,-1.079101563,-0.158447266,-0.185302734,10.96946565,-5.923664122,104.4198473,0.696777344,-0.83984375,-0.000488281,-0.526717557,21.86259542,93.41221374
4833,1780506964,-1.149902344,-0.123535156,-0.218505859,9.893129771,-4.763358779,104.2900763,0.714355469,-0.870117188,-0.026123047,-0.755725191,20.77099237,92.71755725
4834,1780506964,-1.184082031,-0.112060547,-0.214111328,8.007633588,-5.755725191,106.5877863,0.704589844,-0.831542969,0.013916016,0.099236641,19.39694656,89.03816794
4835,1780506964,-1.154296875,-0.093505859,-0.217041016,4.419847328,-1.480916031,109.4732824,0.709472656,-0.764648438,0.039550781,0.236641221,12.72519084,84.6259542
4836,1780506964,-1.098388672,-0.045898438,-0.202392578,0.167938931,0.473282443,115.4274809,0.684570313,-0.722167969,0.016845703,0.221374046,8.740458015,80.7480916
4837,1780506964,-1.059082031,-0.006591797,-0.150146484,-3.213740458,1.374045802,122.9236641,0.665039063,-0.717285156,0.024658203,0.603053435,6.099236641,79.78625954
4838,1780506964,-1.057861328,0.019775391,-0.135742188,-5.503816794,1.755725191,125.8167939,0.659667969,-0.764892578,-0.040527344,2.198473282,8.709923664,82.41221374
4839,1780506964,-1.067626953,0.006591797,-0.149169922,-5.503816794,1.183206107,125.9465649,0.687011719,-0.842773438,-0.054199219,2.72519084,12.82442748,86.58015267
4840,1780506964,-1.182861328,-0.039550781,-0.149658203,-4.007633588,-1.091603053,124.6717557,0.706542969,-0.922851563,0,2.198473282,14.80916031,88.93129771
4841,1780506964,-1.279541016,-0.047607422,-0.137207031,-1.58778626,-2.72519084,124.2748092,0.734130859,-0.950439453,0.010253906,1.648854962,17.00763359,88.16793893
4842,1780506964,-1.296630859,-0.049804688,-0.142822266,0.58778626,-4.282442748,124.7175573,0.700683594,-0.907958984,0.036621094,0.847328244,17.51908397,86
4843,1780506964,-1.223876953,-0.067871094,-0.146972656,2.419847328,-4.847328244,124.0458015,0.61328125,-0.856933594,0.0546875,0.351145038,19.23664122,84.30534351
4844,1780506964,-1.143554688,-0.103515625,-0.147705078,3.992366412,-4.954198473,121.6183206,0.571777344,-0.821289063,0.052246094,0.06870229,19.57251908,83.6259542
4845,1780506964,-1.086669922,-0.093017578,-0.126708984,4.717557252,-4.549618321,117.4580153,0.516357422,-0.823486328,0.07421875,0.267175573,17.67175573,84.16793893
4846,1780506964,-1.056396484,-0.056640625,-0.140380859,3.603053435,-3.79389313,112.5496183,0.482421875,-0.852539063,0.055175781,0.748091603,15.07633588,86.38167939
4847,1780506964,-1.034179688,-0.006347656,-0.153320313,2.847328244,-3.190839695,107.2824427,0.486083984,-0.889892578,0.032958984,0.786259542,13.91603053,88.83206107
4848,1780506964,-1.079345703,0.038818359,-0.184082031,0.79389313,-1.503816794,102.6259542,0.522949219,-0.955566406,0.007568359,0.854961832,15.16793893,89.41221374
4849,1780506964,-1.181396484,0.03125,-0.172607422,-1.404580153,-0.702290076,98.61068702,0.538330078,-1.000244141,0.031005859,1.877862595,14.72519084,88.82442748
4850,1780506964,-1.206542969,0.0078125,-0.188720703,-3.167938931,-0.435114504,94.10687023,0.520996094,-0.989013672,0.095703125,1.389312977,8.045801527,87.22900763
4851,1780506964,-1.166748047,0.006835938,-0.197265625,-7.610687023,0.480916031,89.38931298,0.449707031,-0.939941406,0.158447266,1.053435115,-1.106870229,84.67175573
4852,1780506964,-1.083007813,-0.038818359,-0.187255859,-11.45038168,2.129770992,83.57251908,0.379882813,-0.924072266,0.118652344,1.351145038,-6.709923664,83.09160305
4853,1780506964,-1.030517578,-0.048095703,-0.175048828,-10.19847328,3.778625954,76.8778626,0.384277344,-0.942626953,0.102539063,2.969465649,-9.473282443,79.65648855
4854,1780506964,-1.051025391,0.029541016,-0.159423828,-16.98473282,6.694656489,71.53435115,0.352783203,-0.958984375,0.083251953,4.526717557,-13.96183206,77.84732824
4855,1780506964,-1.024902344,0.010986328,-0.167724609,-24.16793893,8.801526718,61.3740458,0.323242188,-0.985839844,0.051757813,6.122137405,-17.73282443,82.47328244
4856,1780506964,-0.989013672,0.068603516,-0.209472656,-22.52671756,10.09160305,50.85496183,0.342285156,-1.03125,0.050048828,8.679389313,-22.38167939,86.14503817
4857,1780506964,-1.041259766,0.065673828,-0.194824219,-27.28244275,10.38167939,43.72519084,0.359130859,-1.071289063,0.040527344,8.603053435,-25.85496183,84.88549618
4858,1780506964,-1.113769531,0.037109375,-0.192626953,-30.51908397,10.17557252,38.34351145,0.396240234,-1.062255859,0.044189453,8.625954198,-28.48854962,81.16030534
4859,1780506964,-1.137939453,0.049316406,-0.207519531,-34.39694656,10.06870229,34.5648855,0.409179688,-1.031982422,0.044189453,9,-29.61068702,76.33587786
4860,1780506964,-1.103271484,-0.033203125,-0.202636719,-34.58778626,10.1221374,29.70992366,0.371826172,-0.998779297,0.043701172,8.679389313,-31.86259542,71.1221374
4861,1780506964,-1.071533203,-0.021728516,-0.211425781,-34.34351145,10.61068702,25.07633588,0.345703125,-0.987792969,0.074462891,8.381679389,-34.66412214,66.85496183
4862,1780506964,-1.030761719,-0.026855469,-0.210449219,-35.53435115,11.6259542,21.23664122,0.326171875,-1.012207031,0.045654297,8.885496183,-36.39694656,65
4863,1780506964,-1.000244141,0.009033203,-0.226074219,-37.41221374,12.52671756,12.28244275,0.316894531,-1.002197266,0.031005859,9.175572519,-37.95419847,64.99236641
4864,1780506964,-0.983642578,0.028320313,-0.21484375,-40.06870229,13.38167939,7.702290076,0.317871094,-0.995605469,0.033203125,9.175572519,-39.19083969,65.32061069
4865,1780506964,-0.981689453,0.057861328,-0.216064453,-41.51908397,14.17557252,1.877862595,0.305664063,-0.996826172,0.031005859,9.526717557,-44.94656489,64.95419847
4866,1780506964,-0.9921875,0.08984375,-0.235107422,-43.54961832,15.15267176,-4.190839695,0.309326172,-1.012451172,0.001953125,10.04580153,-46.8778626,62.99236641
4867,1780506964,-0.994140625,0.112304688,-0.236328125,-45.30534351,15.41221374,-7.015267176,0.30078125,-1.006591797,-0.028808594,9.839694656,-47.97709924,60.7480916
4868,1780506964,-0.997802734,0.122070313,-0.258300781,-47.61832061,13.6870229,-8.541984733,0.302490234,-1.010986328,-0.017578125,9.534351145,-49.50381679,57.52671756
4869,1780506964,-1.026855469,0.137207031,-0.244140625,-49.09923664,15.52671756,-9.496183206,0.289306641,-1.009765625,-0.033935547,9.335877863,-50.54961832,53.90076336
4870,1780506964,-0.997558594,0.081298828,-0.277099609,-50.36641221,15.65648855,-12.55725191,0.260742188,-1.020507813,-0.016845703,10.08396947,-50.47328244,52.25954198
4871,1780506965,-1.010009766,-0.143066406,-0.245849609,-52.21374046,18.81679389,-22.64122137,0.226806641,-1.049804688,0.000732422,10.77099237,-52.74045802,52.41984733
4872,1780506965,-1.028320313,-0.259765625,-0.273681641,-49.17557252,17.93129771,-36.09160305,0.217041016,-1.024169922,-0.045654297,10.24427481,-54.22900763,52.48854962
4873,1780506965,-1.005371094,-0.328613281,-0.310791016,-49.3129771,19.96946565,-50.16793893,0.225830078,-1.005371094,-0.019042969,10.1221374,-54.91603053,52.66412214
4874,1780506965,-1.014404297,-0.402832031,-0.324707031,-48.14503817,21.27480916,-62.82442748,0.220214844,-0.998291016,-0.027587891,9.259541985,-55.95419847,51.67175573
4875,1780506965,-1.025634766,-0.114257813,-0.313964844,-48.10687023,20.3740458,-70.59541985,0.275390625,-0.979980469,-0.063232422,6.083969466,-58.10687023,46.29770992
4876,1780506965,-1.014404297,0.224121094,-0.341552734,-52.05343511,21.83969466,-63.50381679,0.322998047,-0.979248047,-0.037109375,3.13740458,-60.58015267,37.58015267
4877,1780506965,-1.023681641,0.219970703,-0.340576172,-54.22137405,23.19083969,-56.6259542,0.327636719,-1.028564453,-0.037109375,1.076335878,-62.05343511,30.25954198
4878,1780506965,-1.037353516,0.284912109,-0.302490234,-55.53435115,23.01526718,-46.88549618,0.323730469,-1.034912109,-0.054931641,-1.86259542,-63.19847328,23.5648855
4879,1780506965,-1.017333984,0.294921875,-0.302734375,-56.83206107,22.94656489,-34.41984733,0.341796875,-1.029785156,-0.071289063,-4.312977099,-63.3740458,17.76335878
4880,1780506965,-1.002685547,0.252197266,-0.28515625,-55.18320611,22.12977099,-25.06870229,0.351318359,-1.009765625,-0.101318359,-5.564885496,-59.89312977,13.69465649
4881,1780506965,-0.995849609,0.192138672,-0.250488281,-52.09923664,20.78625954,-18.51145038,0.357666016,-1.010253906,-0.099609375,-6.427480916,-54.92366412,12.6870229
4882,1780506965,-1.000732422,0.083251953,-0.215087891,-49.1221374,18.92366412,-16.24427481,0.353271484,-1.025146484,-0.087402344,-5.923664122,-50.33587786,14.23664122
4883,1780506965,-1.024658203,0.024902344,-0.179931641,-46.6259542,17.11450382,-16.58778626,0.340087891,-1.035400391,-0.083007813,-4.389312977,-44.98473282,16.19847328
4884,1780506965,-1.044189453,-0.060058594,-0.113769531,-40.45801527,13.41221374,-19.00763359,0.325195313,-1.053466797,-0.067382813,-2.885496183,-38.38167939,16.55725191
4885,1780506965,-1.050048828,-0.025634766,-0.068603516,-34.77862595,11.67938931,-19.94656489,0.315917969,-1.062255859,-0.050292969,-1.129770992,-31.54198473,14.25954198
4886,1780506965,-1.052246094,0.010009766,-0.039550781,-26.2519084,6.320610687,-18.33587786,0.323486328,-1.055419922,-0.019042969,0.702290076,-25.26717557,10.7480916
4887,1780506965,-1.029541016,0.086669922,-0.057861328,-18.29770992,3.541984733,-14.61068702,0.324707031,-1.044677734,-0.000244141,2.083969466,-14.76335878,6.770992366
4888,1780506965,-1.00390625,0.145751953,-0.092041016,-11.11450382,1.389312977,-9.083969466,0.317382813,-1.016113281,0.009277344,3.320610687,-7.625954198,3.450381679
4889,1780506965,-0.981689453,0.148681641,-0.154785156,-4.748091603,0.610687023,-5.72519084,0.311523438,-1.015869141,0.024658203,3.58778626,1.267175573,0.877862595
4890,1780506965,-0.964355469,0.106445313,-0.163818359,1.175572519,-0.328244275,-1.335877863,0.268310547,-0.994140625,0.030517578,3.145038168,6.885496183,1.801526718
4891,1780506965,-0.96875,0.094970703,-0.211425781,3.946564885,-0.877862595,-0.328244275,0.250732422,-0.984130859,0.005126953,2.473282443,12.38167939,2.541984733
4892,1780506965,-0.930419922,0.096191406,-0.23046875,10.21374046,-1.381679389,-0.282442748,0.226074219,-0.9765625,-0.006835938,1.160305344,16.32824427,4.06870229
4893,1780506965,-0.919433594,0.080810547,-0.255126953,14.74045802,-1.755725191,-2.465648855,0.186523438,-0.976318359,-0.010742188,0.732824427,18.25954198,7.129770992
4894,1780506965,-0.920654297,0.220703125,-0.268554688,15.61832061,-1.20610687,-1.145038168,0.177246094,-0.990234375,-0.022460938,0.687022901,17.25954198,6.877862595
4895,1780506965,-0.931640625,0.204101563,-0.267822266,12.00763359,-0.625954198,1.061068702,0.131103516,-1.018066406,-0.0390625,-0.213740458,14.91603053,5.580152672
4896,1780506965,-0.946289063,0.209960938,-0.285400391,12.66412214,-0.27480916,2.328244275,0.089599609,-1.029052734,-0.026123047,-0.480916031,12.45801527,4.557251908
4897,1780506965,-0.930419922,0.236816406,-0.292724609,9.114503817,0.145038168,2.427480916,0.048583984,-1.016357422,-0.014892578,-0.847328244,9.549618321,4.786259542
4898,1780506965,-0.914794922,0.232421875,-0.286376953,5.297709924,0.961832061,1.938931298,0.031982422,-1,-0.000244141,-1.458015267,4.93129771,5.20610687
4899,1780506965,-0.896484375,0.225097656,-0.279052734,1.335877863,1.755725191,0.58778626,0.033691406,-0.987060547,0.0078125,-1.916030534,0.770992366,6.229007634
4900,1780506965,-0.892089844,0.224609375,-0.267822266,-2.541984733,2.648854962,-0.618320611,0.057617188,-0.994140625,0.02734375,-2.145038168,-2.534351145,6.740458015
4901,1780506965,-0.908203125,0.221923828,-0.257568359,-5.694656489,3.358778626,-0.618320611,0.098388672,-0.997802734,0.027099609,-2.709923664,-5.114503817,3.93129771
4902,1780506965,-0.932373047,0.176025391,-0.216064453,-6.106870229,3.496183206,0.198473282,0.127929688,-1.020263672,0.041992188,-3.305343511,-6.351145038,4.679389313
4903,1780506965,-0.957763672,0.19921875,-0.202636719,-4.13740458,3.488549618,1.129770992,0.146240234,-1.026855469,0.040039063,-3.358778626,-5.20610687,4.938931298
4904,1780506965,-0.96484375,0.176269531,-0.166259766,-5.641221374,2.969465649,1.091603053,0.147705078,-1.026855469,0.043945313,-2.72519084,-3.312977099,4.755725191
4905,1780506965,-0.953369141,0.138183594,-0.177246094,-2.511450382,2.236641221,1.190839695,0.169433594,-1.021240234,0.017578125,-2.702290076,-0.72519084,4.152671756
4906,1780506965,-0.962402344,0.150878906,-0.177978516,-0.030534351,1.572519084,1.41221374,0.158935547,-1.010498047,0.029296875,-2.496183206,2.267175573,3.946564885
4907,1780506965,-0.946289063,0.159667969,-0.193603516,1.763358779,1.152671756,1.549618321,0.151611328,-0.984375,0.019775391,-2.954198473,3.839694656,4.061068702
4908,1780506965,-0.932128906,0.158447266,-0.213134766,3.748091603,0.625954198,1.664122137,0.132324219,-0.989257813,0.017089844,-4.022900763,5.122137405,3.984732824
4909,1780506965,-0.935302734,0.158935547,-0.217773438,5.847328244,0.297709924,2.045801527,0.117919922,-1.008056641,0.002441406,-5.167938931,6.450381679,3.580152672
4910,1780506965,-0.930419922,0.192626953,-0.229248047,7.221374046,0.061068702,1.801526718,0.108398438,-1.008789063,-0.008544922,-6.022900763,7.351145038,3.916030534
4911,1780506965,-0.927246094,0.224365234,-0.246582031,8.946564885,-0.648854962,1.748091603,0.069091797,-0.99609375,-0.029296875,-5.473282443,10.1221374,3.610687023
4912,1780506965,-0.900634766,0.237304688,-0.260009766,9.916030534,-0.175572519,0.015267176,0.060546875,-0.971435547,-0.026611328,-5.732824427,10.53435115,3.954198473
4913,1780506965,-0.901367188,0.239990234,-0.280517578,9.526717557,0.427480916,1.885496183,0.036132813,-0.986328125,-0.012695313,-5.328244275,9.664122137,3.992366412
4914,1780506965,-0.921875,0.26171875,-0.236816406,7.816793893,1.190839695,1.442748092,0.025146484,-1.001464844,0.022705078,-4.618320611,7.198473282,4.396946565
4915,1780506965,-0.919677734,0.274902344,-0.239990234,4.519083969,0.007633588,1.366412214,0.022949219,-1.031982422,0.034423828,-4.557251908,3.06870229,4.900763359
4916,1780506965,-0.931152344,0.277099609,-0.246582031,-2.328244275,3.473282443,-0.427480916,-0.004394531,-1.031494141,0.060791016,-4.328244275,-3.580152672,7.374045802
4917,1780506965,-0.944091797,0.040039063,-0.193603516,3.633587786,2.916030534,-10.4351145,-0.018798828,-1.012939453,0.004638672,-4.122137405,-0.946564885,18.45801527
4918,1780506965,-0.896728516,0.456054688,-0.244140625,-5.557251908,3.694656489,-12.64885496,0.079101563,-1.009033203,0.083007813,-2.702290076,-3.770992366,17.73282443
4919,1780506965,-0.937988281,0.233886719,-0.196533203,-15.61068702,5.541984733,-7.618320611,0.088867188,-0.993408203,0.049560547,-3.106870229,-9.740458015,13.19083969
4920,1780506965,-0.942382813,0.170654297,-0.198242188,-3.595419847,4.679389313,-6.244274809,0.064208984,-1.024658203,0.001220703,-2.404580153,-7.86259542,10.54961832
4921,1780506965,-0.930419922,0.252685547,-0.225585938,-7.679389313,4.86259542,-6.267175573,0.047851563,-0.995117188,0.010253906,-2.694656489,-5.824427481,11.74045802
4922,1780506965,-0.914306641,0.140625,-0.236816406,-6.251908397,5.251908397,-9.923664122,0.068603516,-1.010498047,0.034423828,-1.511450382,-7.549618321,15.1221374
4923,1780506965,-0.930908203,0.245117188,-0.265380859,-11.87022901,6.328244275,-9.114503817,0.0859375,-1.0078125,-0.012451172,-2.396946565,-9.473282443,13.5648855
4924,1780506965,-0.941894531,0.145507813,-0.247070313,-10.48091603,5.709923664,-5.946564885,0.087890625,-1.015869141,-0.021728516,-2.801526718,-9.053435115,10.6259542
4925,1780506965,-0.937011719,0.192138672,-0.243408203,-9.015267176,5.58778626,-5.961832061,0.108398438,-1.007324219,-0.012695313,-2.564885496,-7.625954198,8.854961832
4926,1780506965,-0.925292969,0.158203125,-0.245361328,-7.488549618,5.328244275,-5.809160305,0.097167969,-0.997558594,-0.021728516,-3.091603053,-6.541984733,9.045801527
4927,1780506965,-0.925048828,0.171875,-0.259521484,-7.244274809,5.259541985,-5.320610687,0.118164063,-1.005615234,-0.025146484,-3.450381679,-4.893129771,8.183206107
4928,1780506965,-0.922851563,0.168945313,-0.239013672,-7.381679389,4.900763359,-3.755725191,0.129394531,-1.001953125,-0.019775391,-3.610687023,-3.564885496,5.389312977
4929,1780506965,-0.943359375,0.150878906,-0.262939453,-5.183206107,4.694656489,-1.183206107,0.118896484,-1.006103516,-0.017578125,-3.809160305,-2.839694656,2.687022901
4930,1780506965,-0.935546875,0.115722656,-0.228027344,-3.824427481,3.923664122,-1.145038168,0.090576172,-1.001953125,-0.016601563,-4.13740458,-1.541984733,2.366412214
4931,1780506965,-0.929199219,0.167724609,-0.240966797,-1.419847328,3.984732824,-1.053435115,0.091552734,-0.98828125,-0.025146484,-3.526717557,-0.72519084,2.419847328
4932,1780506965,-0.918701172,0.181884766,-0.238037109,-2.603053435,4.320610687,-0.732824427,0.079345703,-1.01171875,-0.027832031,-3.625954198,-0.847328244,2.954198473
4933,1780506965,-0.927246094,0.181396484,-0.249755859,-3.305343511,4.244274809,-0.709923664,0.077636719,-1.001953125,-0.025390625,-3.801526718,-0.740458015,2.870229008
4934,1780506965,-0.927490234,0.175537109,-0.256103516,-2.946564885,4.427480916,-0.809160305,0.060302734,-1.006591797,-0.025390625,-3.702290076,-0.961832061,2.465648855
4935,1780506965,-0.925537109,0.188964844,-0.258544922,-2.969465649,4.190839695,-1.015267176,0.05859375,-1.006103516,-0.025146484,-3.79389313,-1.694656489,2.549618321
4936,1780506965,-0.928466797,0.197265625,-0.261230469,-3.396946565,4.396946565,-0.969465649,0.061035156,-1.006103516,-0.022705078,-4.015267176,-2.396946565,2.923664122
4937,1780506965,-0.922851563,0.209472656,-0.264404297,-4.267175573,4.427480916,-1.053435115,0.060546875,-1.013427734,-0.021240234,-3.541984733,-2.93129771,2.839694656
4938,1780506965,-0.906982422,0.217041016,-0.265380859,-4.732824427,4.41221374,-0.625954198,0.060791016,-1.010009766,-0.036621094,-3.809160305,-2.93129771,2.946564885
4939,1780506965,-0.928222656,0.198974609,-0.252197266,-5.045801527,4.435114504,-0.938931298,0.068603516,-1.002197266,-0.020019531,-3.839694656,-2.938931298,2.664122137
4940,1780506965,-0.920898438,0.159667969,-0.252929688,-4.389312977,4.015267176,-1.236641221,0.069091797,-0.999511719,-0.01953125,-4.358778626,-2.435114504,2.290076336
4941,1780506965,-0.925048828,0.168945313,-0.258544922,-2.961832061,3.977099237,-1.244274809,0.077148438,-1.009521484,-0.026123047,-4.305343511,-0.969465649,2.160305344
4942,1780506965,-0.928466797,0.181640625,-0.26171875,-1.65648855,3.755725191,-1.038167939,0.081787109,-1.003417969,-0.035644531,-4.122137405,0.732824427,2.419847328
4943,1780506965,-0.926269531,0.190185547,-0.253173828,-0.427480916,3.702290076,-0.72519084,0.082763672,-1.007324219,-0.043457031,-3.877862595,0.015267176,2.290076336
4944,1780506965,-0.935058594,0.192138672,-0.251708984,0.007633588,3.664122137,-0.603053435,0.0703125,-1.013427734,-0.028320313,-3.511450382,2.526717557,2.267175573
4945,1780506965,-0.935546875,0.202880859,-0.265625,0.13740458,3.534351145,-0.809160305,0.066650391,-1.008789063,-0.019287109,-3.755725191,2.442748092,2.213740458
4946,1780506965,-0.933349609,0.171142578,-0.251708984,0,3.465648855,-0.877862595,0.063476563,-0.999511719,-0.020751953,-4.106870229,2.557251908,1.923664122
4947,1780506965,-0.926757813,0.168945313,-0.265380859,1.061068702,3.34351145,-1.27480916,0.065429688,-1.001464844,-0.017822266,-4.404580153,2.839694656,1.396946565
4948,1780506965,-0.927001953,0.173339844,-0.258056641,1.549618321,3.427480916,-1.312977099,0.061035156,-1.012451172,-0.029296875,-4.458015267,2.839694656,1.488549618
4949,1780506965,-0.924560547,0.211425781,-0.269287109,0.778625954,3.633587786,-1.167938931,0.060302734,-1.020019531,-0.020996094,-4.167938931,2.221374046,1.870229008
4950,1780506965,-0.927978516,0.218994141,-0.266113281,-0.572519084,4.083969466,-1.389312977,0.038330078,-1.010009766,-0.017333984,-4.450381679,0.824427481,1.854961832
4951,1780506965,-0.924804688,0.197998047,-0.250488281,-2.091603053,4.122137405,-1.854961832,0.027099609,-1.010498047,-0.009765625,-4.755725191,-0.099236641,1.335877863
4952,1780506965,-0.923339844,0.182617188,-0.28125,-1.595419847,4.389312977,-2.290076336,0.036376953,-1.003173828,-0.004150391,-4.755725191,-1.045801527,1.152671756
4953,1780506965,-0.913330078,0.209472656,-0.280029297,-2,4.786259542,-2.20610687,0.048583984,-1.009033203,-0.010986328,-4.786259542,-1.580152672,1.541984733
4954,1780506966,-0.923095703,0.249267578,-0.274902344,-3.282442748,4.916030534,-1.961832061,0.050537109,-1.006347656,-0.027832031,-4.709923664,-1.534351145,1.664122137
4955,1780506966,-0.934814453,0.204833984,-0.268310547,-4.022900763,5.557251908,-2.038167939,0.051513672,-1.013427734,-0.025146484,-4.778625954,-2.06870229,1.694656489
4956,1780506966,-0.943115234,0.188232422,-0.248046875,-4.160305344,5.358778626,-2.58778626,0.046875,-1.033203125,-0.023681641,-4.839694656,-2.312977099,1.320610687
4957,1780506966,-0.941894531,0.193359375,-0.241943359,-4.34351145,5.488549618,-2.648854962,0.037841797,-1.019775391,-0.022705078,-4.328244275,-2.122137405,1.122137405
4958,1780506966,-0.928222656,0.207519531,-0.256591797,-3.717557252,5.366412214,-2.893129771,0.041992188,-1.002197266,-0.012207031,-3.916030534,-1.465648855,1.015267176
4959,1780506966,-0.916992188,0.208007813,-0.264160156,-3.167938931,5.755725191,-2.847328244,0.062255859,-0.986572266,-0.005371094,-3.770992366,-0.870229008,1.160305344
4960,1780506966,-0.912597656,0.208251953,-0.274169922,-3.015267176,6.045801527,-2.893129771,0.044921875,-1.000244141,-0.028564453,-1.961832061,-0.65648855,1.145038168
4961,1780506966,-0.918701172,0.199951172,-0.286376953,-3.290076336,6.450381679,-3.076335878,0.051025391,-1,-0.023925781,-4.458015267,-1.488549618,1.038167939
4962,1780506966,-0.918945313,0.177001953,-0.281005859,-4.183206107,6.557251908,-3.312977099,0.048828125,-0.985351563,-0.025390625,-5.557251908,-2.946564885,0.816793893
4963,1780506966,-0.933105469,0.16015625,-0.272460938,-4.297709924,6.511450382,-4.305343511,0.03125,-1.022216797,-0.032470703,-5.801526718,-3.664122137,1.41221374
4964,1780506966,-0.9296875,0.174804688,-0.259521484,-3.65648855,6.404580153,-6.679389313,0.018066406,-1.028564453,-0.043701172,-4.503816794,-3.122137405,4.633587786
4965,1780506966,-0.934814453,0.240966797,-0.293212891,-6.816793893,6.961832061,-10.15267176,0.000976563,-0.997802734,-0.05078125,-2.641221374,-3.015267176,10.51908397
4966,1780506966,-0.903076172,0.349853516,-0.296875,-9.366412214,7.687022901,-9.786259542,0.011474609,-0.996582031,-0.022460938,-1.381679389,-7.366412214,10.24427481
4967,1780506966,-0.903320313,0.025878906,-0.211181641,-4.419847328,6.190839695,-12.5648855,-0.013916016,-0.990234375,-0.05078125,-2.312977099,-6.946564885,10.19847328
4968,1780506966,-0.898925781,0.291748047,-0.313720703,-4.564885496,6.778625954,-13.44274809,0.077880859,-1.007080078,-0.061279297,-2.282442748,-4.648854962,9.27480916
4969,1780506966,-0.904785156,0.216796875,-0.297363281,-8.984732824,7.877862595,-11.00763359,0.050048828,-0.997558594,-0.0546875,-2.664122137,-4.961832061,11.34351145
4970,1780506966,-0.943847656,0.147460938,-0.30859375,-6.267175573,7.022900763,-12.23664122,0.0625,-1.015869141,-0.0546875,-2.221374046,-5.198473282,10.99236641
4971,1780506966,-0.94140625,0.183105469,-0.298828125,-9.709923664,7.694656489,-11.51145038,0.06640625,-1.023193359,-0.057373047,-2.473282443,-5.916030534,9.503816794
4972,1780506966,-0.931152344,0.164306641,-0.278564453,-6.213740458,6.961832061,-10.5648855,0.073730469,-1.002929688,-0.076660156,-1.854961832,-5.709923664,8.114503817
4973,1780506966,-0.930908203,0.193359375,-0.282958984,-7.801526718,6.687022901,-9.320610687,0.048828125,-1.009033203,-0.059814453,-1.65648855,-6.236641221,5.86259542
4974,1780506966,-0.930175781,0.1640625,-0.288085938,-8.175572519,6.458015267,-9.06870229,0.061523438,-1.002685547,-0.052490234,-1.732824427,-7.557251908,7.633587786
4975,1780506966,-0.919677734,0.141113281,-0.306152344,-9.213740458,6.358778626,-8.282442748,0.070068359,-0.997802734,-0.071044922,-2.106870229,-7.969465649,6.832061069
4976,1780506966,-0.923095703,0.153320313,-0.326660156,-8.938931298,6.427480916,-7.549618321,0.071777344,-1,-0.082519531,-2.778625954,-7.984732824,5.183206107
4977,1780506966,-0.923583984,0.125244141,-0.314697266,-8.320610687,5.633587786,-5.740458015,0.08984375,-1.007324219,-0.094970703,-3.763358779,-6.824427481,2.740458015
4978,1780506966,-0.926269531,0.152099609,-0.330810547,-7.34351145,5.328244275,-3.27480916,0.082275391,-1.006835938,-0.109130859,-4.229007634,-5.496183206,0.664122137
4979,1780506966,-0.935058594,0.122314453,-0.326171875,-4.450381679,4.503816794,-3.41221374,0.061279297,-1.022705078,-0.092773438,-3.679389313,-5.86259542,0.381679389
4980,1780506966,-0.9375,0.168945313,-0.293212891,-5.916030534,4.236641221,-3.297709924,0.062011719,-1.018798828,-0.076660156,-2.854961832,-3.954198473,0.648854962
4981,1780506966,-0.926025391,0.166992188,-0.278564453,-6.557251908,4.381679389,-3.351145038,0.047607422,-0.999511719,-0.057373047,-2.076335878,-4.389312977,0.885496183
4982,1780506966,-0.914794922,0.167480469,-0.308349609,-6.870229008,4.13740458,-3.045801527,0.047851563,-0.996337891,-0.054443359,-2.335877863,-4.984732824,0.93129771
4983,1780506966,-0.923095703,0.162353516,-0.316162109,-6.801526718,5.832061069,-3.175572519,0.060791016,-1.005371094,-0.050292969,-2.442748092,-4.824427481,1.190839695
4984,1780506966,-0.925292969,0.166015625,-0.326904297,-5.679389313,3.778625954,-2.541984733,0.073486328,-1.014160156,-0.065429688,-3.13740458,-3.297709924,1.34351145
4985,1780506966,-0.9296875,0.158935547,-0.326416016,-4.854961832,3.480916031,-2.366412214,0.087890625,-1.006591797,-0.071533203,-3.58778626,-1.801526718,1.41221374
4986,1780506966,-0.924560547,0.126708984,-0.299316406,-3.053435115,3.297709924,-2.267175573,0.061279297,-1.015136719,-0.051513672,-3.083969466,-0.854961832,1.603053435
4987,1780506966,-0.935058594,0.15625,-0.285400391,-2.496183206,3.13740458,-3.908396947,0.053222656,-1.022949219,-0.072753906,-2.633587786,-0.702290076,1.595419847
4988,1780506966,-0.932861328,0.192382813,-0.296386719,-3.27480916,2.86259542,-1.740458015,0.036621094,-1.010742188,-0.071044922,-1.854961832,-1.160305344,0.06870229
4989,1780506966,-0.930175781,0.189453125,-0.301513672,-4.160305344,2.603053435,-1.732824427,0.03125,-1.009033203,-0.065917969,-1.20610687,-1.435114504,1.893129771
4990,1780506966,-0.922607422,0.170898438,-0.311035156,-4.740458015,2.519083969,-1.832061069,0.030517578,-1.016113281,-0.059326172,-1.030534351,-1.893129771,3.900763359
4991,1780506966,-0.925292969,0.149414063,-0.309082031,-4.58778626,2.328244275,-2.374045802,0.024414063,-0.993652344,-0.062011719,-1.053435115,-2.572519084,2.511450382
4992,1780506966,-0.923339844,0.126220703,-0.314453125,-1.320610687,2,-5.20610687,0.037597656,-0.993408203,-0.074707031,-1.320610687,-0.34351145,5.282442748
4993,1780506966,-0.902099609,0.217285156,-0.350341797,-6.79389313,2.648854962,-5.625954198,0.050048828,-0.988037109,-0.075927734,-1.809160305,0.152671756,7.282442748
4994,1780506966,-0.924316406,0.193115234,-0.321044922,-5.503816794,2.648854962,-4.312977099,0.062744141,-1.023681641,-0.059326172,-1.839694656,-0.534351145,4.290076336
4995,1780506966,-0.926757813,0.160644531,-0.283203125,-2.076335878,2.183206107,-3.809160305,0.045166016,-1.021240234,-0.062988281,-1.893129771,-0.038167939,1.72519084
4996,1780506966,-0.928222656,0.1484375,-0.270507813,0.916030534,1.41221374,-1.908396947,0.030029297,-1.012451172,-0.064941406,-1.167938931,1.442748092,1.770992366
4997,1780506966,-0.916992188,0.170410156,-0.287841797,-0.755725191,1.58778626,-2.572519084,0.011474609,-1.005126953,-0.051513672,-0.374045802,1.038167939,2.65648855
4998,1780506966,-0.911376953,0.09375,-0.310546875,-2.351145038,1.328244275,-6.580152672,0.008056641,-0.994140625,-0.053710938,-0.038167939,0.717557252,8.015267176
4999,1780506966,-0.911376953,0.308105469,-0.344482422,-6.992366412,2.198473282,-6.526717557,0.011962891,-1.027099609,-0.015869141,0.900763359,-2.58778626,6.045801527
5000,1780506966,-0.903320313,0.165527344,-0.306884766,-5.946564885,2.519083969,-4.519083969,-0.006835938,-0.978271484,-0.062255859,-0.480916031,-4.152671756,4.847328244
5001,1780506966,-0.895019531,0.180908203,-0.315917969,-2.923664122,2.229007634,-5.34351145,-0.004638672,-0.9921875,-0.061767578,-0.557251908,-3.015267176,6.351145038
5002,1780506966,-0.908447266,0.169189453,-0.34375,-5.671755725,2.488549618,-7.20610687,0.009765625,-1.006835938,-0.047607422,-0.488549618,-4.145038168,8.259541985
5003,1780506966,-0.922119141,0.177978516,-0.321777344,-5.816793893,2.648854962,-7.740458015,0.029785156,-1.007324219,-0.061279297,-0.175572519,-5.526717557,8.419847328
5004,1780506966,-0.926025391,0.1953125,-0.315673828,-7.404580153,2.86259542,-6.702290076,0.029541016,-1.010986328,-0.07421875,-0.030534351,-5.786259542,8.198473282
5005,1780506966,-0.924316406,0.155029297,-0.309326172,-7.083969466,2.557251908,-6.641221374,0.040283203,-1.015380859,-0.069580078,0.221374046,-5.038167939,8.633587786
5006,1780506966,-0.934570313,0.149169922,-0.31640625,-7.34351145,2.396946565,-6.564885496,0.050537109,-1.018310547,-0.060791016,0.557251908,-4.618320611,7.916030534
5007,1780506966,-0.951416016,0.140625,-0.303466797,-7.030534351,2.236641221,-5.977099237,0.051025391,-1.021972656,-0.061767578,0.916030534,-4.435114504,7.061068702
5008,1780506966,-0.937011719,0.15234375,-0.298095703,-6.65648855,1.824427481,-5.083969466,0.052001953,-1.012207031,-0.057617188,0.969465649,-4.236641221,6.473282443
5009,1780506966,-0.927978516,0.151611328,-0.325927734,-6.664122137,1.648854962,-4.465648855,0.060791016,-1.000244141,-0.063476563,0.809160305,-4.251908397,6.114503817
5010,1780506966,-0.927978516,0.140625,-0.338134766,-6.045801527,1.427480916,-5.740458015,0.054931641,-1.000732422,-0.0703125,0.122137405,-1.992366412,5.213740458
5011,1780506966,-0.926513672,0.142578125,-0.341796875,-6.160305344,1.328244275,-2.79389313,0.052734375,-1.002441406,-0.08203125,-0.099236641,-3.480916031,4.083969466
5012,1780506966,-0.919677734,0.147949219,-0.335205078,-6.236641221,1.427480916,-0.954198473,0.057128906,-0.999755859,-0.074951172,-0.183206107,-3.305343511,2.923664122
5013,1780506966,-0.916259766,0.119873047,-0.321777344,-4.86259542,0.763358779,-0.496183206,0.047851563,-1.003417969,-0.082275391,-0.305343511,-2.671755725,2.870229008
5014,1780506966,-0.925292969,0.149902344,-0.325195313,-7.816793893,0.702290076,-0.526717557,0.046386719,-1.019287109,-0.087402344,-0.27480916,-2.480916031,2.839694656
5015,1780506966,-0.950683594,0.132568359,-0.297851563,-4.870229008,0.099236641,-0.396946565,0.038330078,-1.020996094,-0.072021484,0.091603053,-1.633587786,2.595419847
5016,1780506966,-0.936279297,0.161865234,-0.324462891,-4.045801527,-0.27480916,-0.030534351,0.030517578,-1.010986328,-0.084960938,0.442748092,-0.129770992,2.984732824
5017,1780506966,-0.919921875,0.162109375,-0.299072266,-3.351145038,-0.564885496,0.076335878,0.036376953,-0.998046875,-0.082763672,0.65648855,0.648854962,3.251908397
5018,1780506966,-0.917236328,0.158691406,-0.325195313,-2.389312977,-0.603053435,0.511450382,0.038574219,-1.001220703,-0.060302734,0.58778626,1.580152672,3.297709924
5019,1780506966,-0.917480469,0.158203125,-0.324951172,-1.893129771,-0.72519084,0.534351145,0.024902344,-0.984619141,-0.064208984,0.625954198,2.038167939,3.335877863
5020,1780506966,-0.919677734,0.162841797,-0.330810547,-1.267175573,-1.038167939,0.946564885,0.019042969,-1.007324219,-0.067626953,0.435114504,2.167938931,3.167938931
5021,1780506966,-0.923828125,0.153564453,-0.324707031,-0.648854962,-0.946564885,0.969465649,0.029785156,-1.008544922,-0.062988281,0.305343511,2.290076336,3.20610687
5022,1780506966,-0.922607422,0.166259766,-0.322509766,-1.106870229,-1,0.839694656,0.015380859,-1.003417969,-0.067626953,0.633587786,1.969465649,3.41221374
5023,1780506966,-0.916992188,0.170166016,-0.314453125,-1.72519084,-1.114503817,0.824427481,0.009521484,-1.002441406,-0.059082031,0.854961832,1.27480916,3.335877863
5024,1780506966,-0.921142578,0.161376953,-0.310058594,-2.030534351,-1.221374046,0.580152672,0.012451172,-1.006835938,-0.070556641,0.748091603,1.015267176,3.358778626
5025,1780506966,-0.924560547,0.161376953,-0.316650391,-2.129770992,-1.381679389,0.992366412,0.019287109,-1.012695313,-0.065429688,0.992366412,1.34351145,3.20610687
5026,1780506966,-0.926757813,0.171875,-0.315917969,-2.290076336,-1.259541985,0.694656489,0.023193359,-1.008544922,-0.072265625,1.13740458,1.625954198,3.328244275
5027,1780506966,-0.926269531,0.158935547,-0.32421875,-1.671755725,-1.549618321,1.007633588,0.023681641,-1.014892578,-0.061279297,1.13740458,2.320610687,3.297709924
5028,1780506966,-0.922363281,0.163330078,-0.311279297,-0.885496183,-1.671755725,0.969465649,0.020996094,-1.001708984,-0.050537109,0.877862595,3.20610687,3.435114504
5029,1780506966,-0.907958984,0.141113281,-0.297363281,-0.122137405,-1.648854962,1.20610687,0.014648438,-1.010009766,-0.051513672,0.763358779,4,2.961832061
5030,1780506966,-0.922119141,0.168945313,-0.302001953,0.65648855,-0.007633588,0.984732824,0.008300781,-1.007324219,-0.053466797,0.603053435,4.106870229,2.885496183
5031,1780506966,-0.927734375,0.171875,-0.311035156,1.091603053,-2.061068702,1,0.000244141,-1.010986328,-0.048339844,0.58778626,4.34351145,2.93129771
5032,1780506966,-0.928222656,0.174072266,-0.309814453,1.229007634,-2.099236641,0.961832061,-0.008300781,-1.014404297,-0.032470703,0.709923664,4.305343511,2.908396947
5033,1780506966,-0.930175781,0.186523438,-0.307128906,0.778625954,-1.79389313,0.702290076,-0.01171875,-1.006591797,-0.045166016,0.961832061,3.938931298,3.083969466
5034,1780506966,-0.917480469,0.199462891,-0.284667969,1.938931298,-1.79389313,0.801526718,-0.027832031,-0.987060547,-0.045166016,1.167938931,3.519083969,2.954198473
5035,1780506966,-0.912597656,0.190429688,-0.302246094,-0.374045802,-1.679389313,0.79389313,-0.024902344,-0.999511719,-0.056640625,1.106870229,2.41221374,3
5036,1780506966,-0.919189453,0.188232422,-0.315185547,-1.083969466,-1.282442748,0.473282443,-0.013427734,-1.003662109,-0.045898438,1.022900763,1.923664122,2.969465649
5037,1780506967,-0.914306641,0.178222656,-0.321044922,-1.320610687,-1.419847328,0.320610687,-0.009765625,-1.004638672,-0.050537109,1.129770992,1.351145038,2.847328244
5038,1780506967,-0.917724609,0.182373047,-0.312011719,-1.603053435,-1.34351145,-1.893129771,-0.014404297,-1.008056641,-0.052734375,0.816793893,1.045801527,2.778625954
5039,1780506967,-0.916259766,0.191894531,-0.3125,-1.938931298,-0.938931298,-1.877862595,-0.018310547,-0.985839844,-0.038085938,1.015267176,0.908396947,2.877862595
5040,1780506967,-0.911621094,0.182861328,-0.308105469,-2.549618321,-0.946564885,-0.06870229,-0.022460938,-1.005615234,-0.046630859,0.885496183,0.503816794,2.778625954
5041,1780506967,-0.915527344,0.181640625,-0.297851563,-2.885496183,-0.671755725,-0.267175573,-0.000244141,-1.011474609,-0.059814453,0.900763359,-0.145038168,2.603053435
5042,1780506967,-0.929199219,0.182373047,-0.320800781,-3.480916031,-0.824427481,-0.305343511,-0.030273438,-1.012207031,-0.0390625,0.839694656,-0.763358779,2.435114504
5043,1780506967,-0.936523438,0.184082031,-0.324462891,-4.198473282,-0.572519084,-0.618320611,-0.017822266,-1.002929688,-0.045898438,0.664122137,-1.564885496,2.282442748
5044,1780506967,-0.909912109,0.179443359,-0.322509766,-4.648854962,-0.458015267,-0.969465649,-0.012695313,-1.004150391,-0.031494141,0.450381679,-2.503816794,2.198473282
5045,1780506967,-0.912353516,0.179443359,-0.315917969,-4.961832061,-0.58778626,-0.86259542,-0.013427734,-1.002685547,-0.05859375,0.381679389,-2.687022901,2.145038168
5046,1780506967,-0.914550781,0.201660156,-0.30078125,-5.312977099,-0.297709924,-1.007633588,-0.006103516,-1.000488281,-0.051513672,0.251908397,-2.687022901,2.061068702
5047,1780506967,-0.916503906,0.177734375,-0.311767578,-5.427480916,-0.290076336,-1.259541985,-0.001220703,-1.005859375,-0.046142578,0.312977099,-2.541984733,1.977099237
5048,1780506967,-0.920654297,0.180175781,-0.306640625,-4.870229008,-0.328244275,-1.549618321,-0.010498047,-1.006835938,-0.044677734,0.320610687,-2.389312977,2.007633588
5049,1780506967,-0.924072266,0.179931641,-0.307373047,-4.877862595,-0.519083969,-1.167938931,-0.001708984,-1.009277344,-0.033691406,0.381679389,-2.038167939,1.839694656
5050,1780506967,-0.925048828,0.174316406,-0.316894531,-4.648854962,-0.259541985,-1.65648855,-0.005371094,-1.015625,-0.031982422,0.175572519,-1.816793893,1.732824427
5051,1780506967,-0.919189453,0.178710938,-0.308837891,-4.435114504,-0.335877863,-1.709923664,-0.005126953,-1.006591797,-0.039306641,0.183206107,-0.061068702,1.572519084
5052,1780506967,-0.922119141,0.18359375,-0.305175781,-4.564885496,-0.389312977,-1.572519084,-0.000732422,-1.008789063,-0.052246094,1.938931298,-1.79389313,1.519083969
5053,1780506967,-0.920166016,0.185058594,-0.312988281,-4.427480916,-0.282442748,-1.65648855,0,-1.002685547,-0.046142578,-0.267175573,-0.007633588,1.633587786
5054,1780506967,-0.925537109,0.178955078,-0.309570313,-4.458015267,-0.27480916,-1.580152672,0.002441406,-1.006103516,-0.049072266,-0.114503817,-1.702290076,1.72519084
5055,1780506967,-0.918457031,0.181396484,-0.301513672,-3.977099237,-0.335877863,-1.648854962,-0.006591797,-1.015380859,-0.05859375,-0.122137405,-1.251908397,1.458015267
5056,1780506967,-0.920166016,0.178222656,-0.310791016,-5.809160305,-0.34351145,-1.618320611,-0.008789063,-0.997802734,-0.044921875,0.061068702,-1.106870229,1.106870229
5057,1780506967,-0.908691406,0.179443359,-0.302490234,-3.480916031,-0.312977099,-1.847328244,-0.009765625,-0.999511719,-0.048583984,-0.030534351,-1.183206107,1.221374046
5058,1780506967,-0.917724609,0.190673828,-0.304199219,-3.687022901,-0.259541985,-1.824427481,-0.012451172,-0.998046875,-0.046142578,-0.106870229,-1.381679389,1.167938931
5059,1780506967,-0.917724609,0.187744141,-0.310058594,-3.984732824,0.213740458,-2.022900763,-0.006835938,-1.000732422,-0.045166016,-0.435114504,-2.007633588,1.083969466
5060,1780506967,-0.912353516,0.183349609,-0.298339844,-4.709923664,0.259541985,-2.305343511,-0.007568359,-0.999267578,-0.037597656,-0.328244275,-2.259541985,1.183206107
5061,1780506967,-0.924072266,0.182861328,-0.297363281,-4.809160305,0.778625954,-2.099236641,-0.005371094,-1.007080078,-0.040527344,-0.458015267,-2.190839695,1.122137405
5062,1780506967,-0.907714844,0.180175781,-0.311035156,-4.496183206,0.335877863,-2.236641221,-0.003662109,-1.010498047,-0.045654297,-0.13740458,-1.854961832,1.030534351
5063,1780506967,-0.922119141,0.179931641,-0.301757813,-4.267175573,0.480916031,-2.122137405,-0.006591797,-1.009033203,-0.044433594,-0.259541985,-1.816793893,0.923664122
5064,1780506967,-0.921386719,0.181640625,-0.3046875,-4.160305344,0.488549618,-2.259541985,-0.008300781,-0.998046875,-0.044189453,-0.045801527,-1.702290076,0.977099237
5065,1780506967,-0.913818359,0.180175781,-0.319091797,-4.297709924,0.580152672,-2.282442748,0.013916016,-0.998535156,-0.036376953,-0.213740458,-1.770992366,1.022900763
5066,1780506967,-0.912109375,0.185791016,-0.322753906,-4.251908397,0.603053435,-2.603053435,-0.001220703,-0.986328125,-0.059326172,-0.404580153,-2.06870229,0.916030534
5067,1780506967,-0.907226563,0.182617188,-0.328125,-4.366412214,0.870229008,-2.541984733,0.009521484,-1.009033203,-0.059326172,-0.633587786,-2.007633588,0.954198473
5068,1780506967,-0.930664063,0.189697266,-0.323242188,-4.458015267,0.740458015,-2.435114504,-0.001220703,-1.012695313,-0.043457031,-0.473282443,-1.679389313,0.801526718
5069,1780506967,-0.915039063,0.174560547,-0.314453125,-4.229007634,0.541984733,-2.511450382,0.000976563,-1.008789063,-0.041992188,-0.625954198,-1.20610687,0.755725191
5070,1780506967,-0.922607422,0.170898438,-0.317626953,-3.809160305,0.572519084,-2.450381679,0.008789063,-1.006103516,-0.041259766,-0.664122137,-1.511450382,0.816793893
5071,1780506967,-0.921630859,0.164794922,-0.310791016,-3.687022901,0.633587786,-2.480916031,0.010009766,-1.006591797,-0.060302734,-0.603053435,-0.893129771,0.648854962
5072,1780506967,-0.922363281,0.165771484,-0.320800781,-2.992366412,0.442748092,-2.557251908,0.004638672,-1.014404297,-0.049560547,-0.923664122,-0.480916031,0.381679389
5073,1780506967,-0.907958984,0.171142578,-0.312011719,-2.809160305,0.488549618,-2.259541985,0.006835938,-1.009033203,-0.048583984,-0.847328244,-0.099236641,0.679389313
